match_id,event_index,event_id,period,minute,competition_stage,knockout,attacking_team,defending_team,pre_shot_score_diff_defending,is_regular_penalty,shot_outcome,goal,goal_probability_v3,leverage_v4,p_psxg_v5,prevention_v5,late_or_extra_time_v5,clutch_multiplier_v5,late_game_prevention_residual_v5,match_winning_save_residual_v5,clutch_prevention_residual_v5,state_leverage_prevention_residual_v5,v5_channel_membership,channel,kick_number,kicking_team,scored,goalkeeper_player_id,goalkeeper_player_name,goalkeeper_event_type,goalkeeper_credited_save,pre_kick_win_probability_defending,post_kick_win_probability_defending,defending_wpa,goalkeeper_wpa,attribution_rule
3857254,856,4e6ade78-7d2d-4628-95b5-d380667d7426,1,22.15,Group Stage,False,Denmark,Tunisia,0,False,Saved,0,0.2309542567,0.2452962297,0.2309542567,0.2309542567,False,1,0,0,0,0.006802411223,psxg_plus_nonclutch_state_residual,ordinary_or_regular_penalty,,,,,,,,,,,,
3857254,1301,0562fc11-c951-4599-9d1f-36763b0b87e3,1,32.96666667,Group Stage,False,Denmark,Tunisia,0,False,Saved,0,0.1343739807,0.259027006,0.1343739807,0.1343739807,False,1,0,0,0,0.011701085,psxg_plus_nonclutch_state_residual,ordinary_or_regular_penalty,,,,,,,,,,,,
3857254,1672,403eb53c-527a-462c-8081-5b111b758ae1,1,42,Group Stage,False,Tunisia,Denmark,0,False,Saved,0,0.4904977501,0.2716938104,0.4904977501,0.4904977501,False,1,0,0,0,0.06878654693,psxg_plus_nonclutch_state_residual,ordinary_or_regular_penalty,,,,,,,,,,,,
3857254,2838,7ce22041-277e-47f1-8a76-cdd4afc35782,2,68.43333333,Group Stage,False,Denmark,Tunisia,0,False,Saved,0,0.2528698578,0.3123764202,0.2528698578,0.2528698578,False,1,0,0,0,0.0786359715,psxg_plus_nonclutch_state_residual,ordinary_or_regular_penalty,,,,,,,,,,,,
3857254,3570,2c44ca3f-6e81-4f0c-a80c-96b9653da2e1,2,91.15,Group Stage,False,Denmark,Tunisia,0,False,Saved,0,0.4308851655,0.3333333333,0.4308851655,0.4308851655,True,1.9375,0.3231638741,0.08079096852,0.4039548426,0,psxg_plus_clutch_residual,ordinary_or_regular_penalty,,,,,,,,,,,,
3857254,3667,c58e2f4e-aec8-490c-a773-c32f43fd00ed,2,96.3,Group Stage,False,Denmark,Tunisia,0,False,Saved,0,0.2539711339,0.3333333333,0.2539711339,0.2539711339,True,1.9375,0.1904783504,0.04761958761,0.238097938,0,psxg_plus_clutch_residual,ordinary_or_regular_penalty,,,,,,,,,,,,
3857255,467,9c33b0de-c433-49e8-980d-cd5eff16f5d0,1,8.866666667,Group Stage,False,Spain,Japan,0,False,Saved,0,0.274489012,0.2304235888,0.274489012,0.274489012,False,1,0,0,0,0,psxg_plus_nonclutch_state_residual,ordinary_or_regular_penalty,,,,,,,,,,,,
3857255,598,9b897300-f3b0-4bdf-bbb4-a3a31cbe616d,1,11,Group Stage,False,Spain,Japan,0,False,Goal,1,0.6698115652,0.2326130776,0.6698115652,-0.3301884348,False,1,0,0,0,-0,psxg_plus_nonclutch_state_residual,ordinary_or_regular_penalty,,,,,,,,,,,,
3857255,1209,91c0f01d-e57d-456a-ad9d-eaa9974a9728,1,22.56666667,Group Stage,False,Spain,Japan,-1,False,Saved,0,0.2394824827,0.1341150961,0.2394824827,0.2394824827,False,1,0,0,0,0,psxg_plus_nonclutch_state_residual,ordinary_or_regular_penalty,,,,,,,,,,,,
3857255,2476,bc946af5-84cd-4f04-a439-78394d428a5a,2,47.8,Group Stage,False,Japan,Spain,1,False,Goal,1,0.2137209117,0.3441383997,0.2137209117,-0.7862790883,False,1,0,0,0,-0.3493217955,psxg_plus_nonclutch_state_residual,ordinary_or_regular_penalty,,,,,,,,,,,,
3857255,2510,62233fb1-7200-49ca-aa10-948d071008f0,2,50.23333333,Group Stage,False,Japan,Spain,0,False,Goal,1,0.9550127807,0.2840495279,0.9550127807,-0.04498721932,False,1,0,0,0,-0.008641704682,psxg_plus_nonclutch_state_residual,ordinary_or_regular_penalty,,,,,,,,,,,,
3857255,3788,526ba5d5-9a4a-4eb6-8703-2e38c0b4e3a5,2,82.35,Group Stage,False,Japan,Spain,-1,False,Saved,0,0.1426520188,0.03391350515,0.1426520188,0.1426520188,True,1.300870258,0.04291974967,0,0.04291974967,0,psxg_plus_clutch_residual,ordinary_or_regular_penalty,,,,,,,,,,,,
3857255,4148,3f03f538-4d45-4190-8de2-2ad65dd0663a,2,88.81666667,Group Stage,False,Spain,Japan,1,False,Saved,0,0.1607081764,0.6490906876,0.1607081764,0.1607081764,True,2.529545039,0.1966483152,0.04916207881,0.2458103941,0,psxg_plus_clutch_residual,ordinary_or_regular_penalty,,,,,,,,,,,,
3857255,4168,1280d6dd-09c8-485c-9fbd-371ac8726d57,2,89.13333333,Group Stage,False,Spain,Japan,1,False,Saved,0,0.2700853913,0.6538889816,0.2700853913,0.2700853913,True,2.538541841,0.3324301401,0.08310753501,0.4155376751,0,psxg_plus_clutch_residual,ordinary_or_regular_penalty,,,,,,,,,,,,
3857256,25,849bc0a6-ca9b-4e58-834e-6aabce567589,1,0.3666666667,Group Stage,False,Switzerland,Serbia,0,False,Saved,0,0.6649420094,0.2219533804,0.6649420094,0.6649420094,False,1,0,0,0,0,psxg_plus_nonclutch_state_residual,ordinary_or_regular_penalty,,,,,,,,,,,,
3857256,28,7efd8f74-7ea6-468a-a3a9-e82070494959,1,0.3833333333,Group Stage,False,Switzerland,Serbia,0,False,Saved,0,0.1718810485,0.2219533804,0.1718810485,0.1718810485,False,1,0,0,0,0,psxg_plus_nonclutch_state_residual,ordinary_or_regular_penalty,,,,,,,,,,,,
3857256,361,76686ee8-2674-4762-a7d0-1b9dc6fb4d10,1,10.11666667,Group Stage,False,Serbia,Switzerland,0,False,Saved,0,0.6933314739,0.2316888635,0.6933314739,0.6933314739,False,1,0,0,0,0,psxg_plus_nonclutch_state_residual,ordinary_or_regular_penalty,,,,,,,,,,,,
3857256,682,546c1d65-f1b5-4c42-8983-b743be29f3f8,1,19.18333333,Group Stage,False,Switzerland,Serbia,0,False,Goal,1,0.2166325861,0.2418046756,0.2166325861,-0.7833674139,False,1,0,0,0,-0.01159401563,psxg_plus_nonclutch_state_residual,ordinary_or_regular_penalty,,,,,,,,,,,,
3857256,721,dd7a567d-a8c3-49a4-8343-0596106ffd60,1,21.18333333,Group Stage,False,Switzerland,Serbia,-1,False,Saved,0,0.1948610691,0.1346604794,0.1948610691,0.1948610691,False,1,0,0,0,0,psxg_plus_nonclutch_state_residual,ordinary_or_regular_penalty,,,,,,,,,,,,
3857256,763,a74e75d9-6758-403a-8d8e-01e0d502185e,1,22.25,Group Stage,False,Serbia,Switzerland,1,False,Saved,0,0.189955674,0.2758349685,0.189955674,0.189955674,False,1,0,0,0,0.02994038922,psxg_plus_nonclutch_state_residual,ordinary_or_regular_penalty,,,,,,,,,,,,
3857256,925,92e8f2c9-a5de-4e1b-9b4b-b3b6bf96aec9,1,25.93333333,Group Stage,False,Serbia,Switzerland,1,False,Goal,1,0.2708574566,0.2833648333,0.2708574566,-0.7291425434,False,1,0,0,0,-0.137967571,psxg_plus_nonclutch_state_residual,ordinary_or_regular_penalty,,,,,,,,,,,,
3857256,1175,ddb6f298-8ac3-4d35-bfb7-f03f76b54c1e,1,34.46666667,Group Stage,False,Serbia,Switzerland,0,False,Goal,1,0.3312006452,0.2611121157,0.3312006452,-0.6687993548,False,1,0,0,0,-0.06409053509,psxg_plus_nonclutch_state_residual,ordinary_or_regular_penalty,,,,,,,,,,,,
3857256,1440,70fe857d-6f28-4b38-8ad7-a655328ec176,1,43.68333333,Group Stage,False,Switzerland,Serbia,1,False,Goal,1,0.9451409698,0.32993287,0.9451409698,-0.05485903017,False,1,0,0,0,-0.0211017772,psxg_plus_nonclutch_state_residual,ordinary_or_regular_penalty,,,,,,,,,,,,
3857256,1620,f18182b3-c83e-4ca4-82c4-810effcfdef7,2,47.63333333,Group Stage,False,Switzerland,Serbia,0,False,Goal,1,0.3238013808,0.2800596991,0.3238013808,-0.6761986192,False,1,0,0,0,-0.1185700878,psxg_plus_nonclutch_state_residual,ordinary_or_regular_penalty,,,,,,,,,,,,
3857256,2944,c15dc8c4-2d91-435a-a390-11fd17a2bf2f,2,88.8,Group Stage,False,Switzerland,Serbia,-1,False,Saved,0,0.4806832776,0.005892971846,0.4806832776,0.4806832776,True,1.258839458,0.1244197989,0,0.1244197989,0,psxg_plus_clutch_residual,ordinary_or_regular_penalty,,,,,,,,,,,,
3857257,408,c25f3865-4473-42f0-b560-850327da9bb4,1,10.86666667,Group Stage,False,Denmark,Australia,0,False,Saved,0,0.1043882103,0.2325416722,0.1043882103,0.1043882103,False,1,0,0,0,0,psxg_plus_nonclutch_state_residual,ordinary_or_regular_penalty,,,,,,,,,,,,
3857257,768,00b789c7-1a36-4662-a2f1-b472ccdf2ede,1,21.73333333,Group Stage,False,Australia,Denmark,0,False,Saved,0,0.1677071139,0.2448136203,0.1677071139,0.1677071139,False,1,0,0,0,0.004599886885,psxg_plus_nonclutch_state_residual,ordinary_or_regular_penalty,,,,,,,,,,,,
3857257,890,eb7fd912-361c-4595-88e5-9bef43366a49,1,24.11666667,Group Stage,False,Denmark,Australia,0,False,Saved,0,0.2493771378,0.2476580069,0.2493771378,0.2493771378,False,1,0,0,0,0.009816818765,psxg_plus_nonclutch_state_residual,ordinary_or_regular_penalty,,,,,,,,,,,,
3857257,1209,2674ed36-ccdb-41a5-bb67-9af548cd9fcc,1,31.55,Group Stage,False,Australia,Denmark,0,False,Saved,0,0.2583467189,0.2571500988,0.2583467189,0.2583467189,False,1,0,0,0,0.02046145843,psxg_plus_nonclutch_state_residual,ordinary_or_regular_penalty,,,,,,,,,,,,
3857257,1622,1a45230e-3810-4d1d-ac49-c700f4de76ef,1,40.95,Group Stage,False,Australia,Denmark,0,False,Saved,0,0.1247273167,0.2702367725,0.1247273167,0.1247273167,False,1,0,0,0,0.01672885041,psxg_plus_nonclutch_state_residual,ordinary_or_regular_penalty,,,,,,,,,,,,
3857257,2410,6c01e572-4150-44b0-9d2d-b98541158edf,2,59.93333333,Group Stage,False,Australia,Denmark,0,False,Goal,1,0.2429958957,0.299237406,0.2429958957,-0.7570041043,False,1,0,0,0,-0.1936663069,psxg_plus_nonclutch_state_residual,ordinary_or_regular_penalty,,,,,,,,,,,,
3857257,2913,570e3c6c-0f7f-4e71-8648-5fccf82c2dfd,2,76.41666667,Group Stage,False,Denmark,Australia,1,False,Saved,0,0.2433019705,0.5087239324,0.2433019705,0.2433019705,True,2.266357373,0.2464857954,0.06162144886,0.3081072443,0,psxg_plus_clutch_residual,ordinary_or_regular_penalty,,,,,,,,,,,,
3857257,3563,3a1509ee-760a-4695-8f34-4fc753ad490c,2,94.18333333,Group Stage,False,Denmark,Australia,1,False,Saved,0,0.2450257171,0.6666666667,0.2450257171,0.2450257171,True,2.5625,0.3062821464,0.07657053659,0.382852683,0,psxg_plus_clutch_residual,ordinary_or_regular_penalty,,,,,,,,,,,,
3857258,535,e51adb42-5138-49bc-a974-06f3acd44e75,1,12.88333333,Group Stage,False,Brazil,Serbia,0,False,Saved,0,0.08634200832,0.234706679,0.08634200832,0.08634200832,False,1,0,0,0,0,psxg_plus_nonclutch_state_residual,ordinary_or_regular_penalty,,,,,,,,,,,,
3857258,900,7546be82-8c03-46fd-ad21-e78f97a07c29,1,20.85,Group Stage,False,Brazil,Serbia,0,False,Saved,0,0.1259027706,0.2437750209,0.1259027706,0.1259027706,False,1,0,0,0,0.002904492107,psxg_plus_nonclutch_state_residual,ordinary_or_regular_penalty,,,,,,,,,,,,
3857258,1429,ca5a4b92-e0fa-4c47-acc1-94fbe0c3ebb0,1,34.11666667,Group Stage,False,Brazil,Serbia,0,False,Saved,0,0.2444110699,0.2606562225,0.2444110699,0.2444110699,False,1,0,0,0,0.02295410028,psxg_plus_nonclutch_state_residual,ordinary_or_regular_penalty,,,,,,,,,,,,
3857258,1950,28548766-29be-4f89-a4d2-58bf9870a804,2,45.58333333,Group Stage,False,Brazil,Serbia,0,False,Saved,0,0.6588976139,0.2770336527,0.6588976139,0.6588976139,False,1,0,0,0,0.1071686278,psxg_plus_nonclutch_state_residual,ordinary_or_regular_penalty,,,,,,,,,,,,
3857258,2512,2fc45c11-a73c-4817-af40-463aab7436f6,2,61.95,Group Stage,False,Brazil,Serbia,0,False,Saved,0,0.2202322626,0.3023932354,0.2202322626,0.2202322626,False,1,0,0,0,0.05925941076,psxg_plus_nonclutch_state_residual,ordinary_or_regular_penalty,,,,,,,,,,,,
3857258,2515,68934afc-100d-4812-b7fe-c67fda03630e,2,61.96666667,Group Stage,False,Brazil,Serbia,0,False,Goal,1,0.8500330434,0.3023932354,0.8500330434,-0.1499669566,False,1,0,0,0,-0.04035264122,psxg_plus_nonclutch_state_residual,ordinary_or_regular_penalty,,,,,,,,,,,,
3857258,2790,f32f451c-8cf3-466b-ae81-a17f6111ab98,2,72.9,Group Stage,False,Brazil,Serbia,-1,False,Goal,1,0.2124959374,0.06601987486,0.2124959374,-0.7875040626,False,1,0,0,0,-0,psxg_plus_nonclutch_state_residual,ordinary_or_regular_penalty,,,,,,,,,,,,
3857258,3063,4780ef6a-c5b0-4ed1-912e-829dd87523ad,2,81.53333333,Group Stage,False,Brazil,Serbia,-2,False,Saved,0,0.1826011081,0.002240934943,0.1826011081,0.1826011081,True,1.253361402,0.04626407283,0,0.04626407283,0,psxg_plus_clutch_residual,ordinary_or_regular_penalty,,,,,,,,,,,,
3857258,3115,e3a44182-23f4-4163-b36c-372a82466969,2,82.53333333,Group Stage,False,Brazil,Serbia,-2,False,Saved,0,0.2166438146,0.001773526458,0.2166438146,0.2166438146,True,1.25266029,0.05473728895,0,0.05473728895,0,psxg_plus_clutch_residual,ordinary_or_regular_penalty,,,,,,,,,,,,
3857259,616,637fd724-c030-440d-9392-7c718149938b,1,18.61666667,Group Stage,False,Cameroon,Serbia,0,False,Saved,0,0.0699642599,0.2411039732,0.0699642599,0.0699642599,False,1,0,0,0,0.0008297436336,psxg_plus_nonclutch_state_residual,ordinary_or_regular_penalty,,,,,,,,,,,,
3857259,811,1b7461e8-f3c3-4c70-94f5-aae1384db51b,1,28.11666667,Group Stage,False,Cameroon,Serbia,0,False,Goal,1,0.987129694,0.2526993607,0.987129694,-0.01287030596,False,1,0,0,0,-0.0007789467956,psxg_plus_nonclutch_state_residual,ordinary_or_regular_penalty,,,,,,,,,,,,
3857259,1338,1dab17e3-7088-4ae6-a1a4-dc0ff0dc2e15,1,42.73333333,Group Stage,False,Cameroon,Serbia,-1,False,Saved,0,0.1709048556,0.120509595,0.1709048556,0.1709048556,False,1,0,0,0,0,psxg_plus_nonclutch_state_residual,ordinary_or_regular_penalty,,,,,,,,,,,,
3857259,1434,3ba0655f-e4cf-4088-a3e8-0cdbfa517be9,1,45.36666667,Group Stage,False,Serbia,Cameroon,1,False,Goal,1,0.2886490688,0.3356992709,0.2886490688,-0.7113509312,False,1,0,0,0,-0.2908392972,psxg_plus_nonclutch_state_residual,ordinary_or_regular_penalty,,,,,,,,,,,,
3857259,1493,52b8141b-59ae-4ae1-8509-7ac620e4c9e1,1,47.86666667,Group Stage,False,Serbia,Cameroon,0,False,Goal,1,0.2041838863,0.2804661252,0.2041838863,-0.7958161137,False,1,0,0,0,-0.1409021859,psxg_plus_nonclutch_state_residual,ordinary_or_regular_penalty,,,,,,,,,,,,
3857259,1854,be17203f-f93a-4a28-9704-0d0783b29be2,2,52.43333333,Group Stage,False,Serbia,Cameroon,-1,False,Goal,1,0.9788877242,0.1088787954,0.9788877242,-0.02111227584,False,1,0,0,0,-0,psxg_plus_nonclutch_state_residual,ordinary_or_regular_penalty,,,,,,,,,,,,
3857259,2132,da5af003-a708-4d60-9153-f78c6651c5bc,2,61.88333333,Group Stage,False,Cameroon,Serbia,2,False,Saved,0,0.1249661046,0.145313814,0.1249661046,0.1249661046,False,1,0,0,0,0,psxg_plus_nonclutch_state_residual,ordinary_or_regular_penalty,,,,,,,,,,,,
3857259,2158,4768edb7-18f4-45fc-8281-4bb29e43dcfd,2,62.86666667,Group Stage,False,Cameroon,Serbia,2,False,Goal,1,0.4611263366,0.1430753504,0.4611263366,-0.5388736634,False,1,0,0,0,-0,psxg_plus_nonclutch_state_residual,ordinary_or_regular_penalty,,,,,,,,,,,,
3857259,2228,72d6e126-e852-4621-b7b3-9861affc8b94,2,65.41666667,Group Stage,False,Cameroon,Serbia,1,False,Goal,1,0.8193704659,0.4273247434,0.8193704659,-0.1806295341,False,1,0,0,0,-0.1433090383,psxg_plus_nonclutch_state_residual,ordinary_or_regular_penalty,,,,,,,,,,,,
3857259,2569,a63f273c-9a0d-4cfe-89ae-7cbd3d8d0bc1,2,75.86666667,Group Stage,False,Serbia,Cameroon,0,False,Saved,0,0.2139584528,0.3227266949,0.2139584528,0.2139584528,True,1.917612553,0.1570647697,0.03926619242,0.1963309621,0,psxg_plus_clutch_residual,ordinary_or_regular_penalty,,,,,,,,,,,,
3857259,2934,c2960b9b-c6ba-4bb9-b6ae-11b4c1c01ce1,2,86.11666667,Group Stage,False,Cameroon,Serbia,0,False,Saved,0,0.1535874178,0.3323140893,0.1535874178,0.1535874178,True,1.935588917,0.1149557487,0.02873893718,0.1436946859,0,psxg_plus_clutch_residual,ordinary_or_regular_penalty,,,,,,,,,,,,
3857259,3205,1a3dd69a-682b-43be-aa29-ed4cc4f717e5,2,94.13333333,Group Stage,False,Cameroon,Serbia,0,False,Saved,0,0.103962299,0.3333333333,0.103962299,0.103962299,True,1.9375,0.07797172426,0.01949293107,0.09746465533,0,psxg_plus_clutch_residual,ordinary_or_regular_penalty,,,,,,,,,,,,
3857259,3223,ff453b86-63e4-4e15-a1f3-2513f1f9f4f3,2,94.7,Group Stage,False,Serbia,Cameroon,0,False,Saved,0,0.1688009794,0.3333333333,0.1688009794,0.1688009794,True,1.9375,0.1266007346,0.03165018364,0.1582509182,0,psxg_plus_clutch_residual,ordinary_or_regular_penalty,,,,,,,,,,,,
3857260,105,9dd15d0d-0ff7-4b3a-a352-dbfc2bd33ced,1,2.133333333,Group Stage,False,Saudi Arabia,Mexico,0,False,Saved,0,0.2727272727,0.2236242802,0.2727272727,0.2727272727,False,1,0,0,0,0,psxg_plus_nonclutch_state_residual,ordinary_or_regular_penalty,,,,,,,,,,,,
3857260,123,51808f65-639f-4dbd-bd51-3b8dde23358a,1,2.616666667,Group Stage,False,Mexico,Saudi Arabia,0,False,Saved,0,0.4363636364,0.2240795528,0.4363636364,0.4363636364,False,1,0,0,0,0,psxg_plus_nonclutch_state_residual,ordinary_or_regular_penalty,,,,,,,,,,,,
3857260,674,095adc8d-612d-445a-9a9a-33100ece166c,1,22.35,Group Stage,False,Mexico,Saudi Arabia,0,False,Saved,0,0.2727272727,0.2455383077,0.2727272727,0.2727272727,False,1,0,0,0,0.008309849341,psxg_plus_nonclutch_state_residual,ordinary_or_regular_penalty,,,,,,,,,,,,
3857260,775,22eb252a-6f77-44e7-bfc6-c588e4d70047,1,24.45,Group Stage,False,Mexico,Saudi Arabia,0,False,Saved,0,0.1020408163,0.2480701172,0.1020408163,0.1020408163,False,1,0,0,0,0.004193355792,psxg_plus_nonclutch_state_residual,ordinary_or_regular_penalty,,,,,,,,,,,,
3857260,1618,20a35c76-24ef-4b8c-ac38-e769dff6c717,2,46.2,Group Stage,False,Mexico,Saudi Arabia,0,False,Saved,0,0.1333333333,0.2779372503,0.1333333333,0.1333333333,False,1,0,0,0,0.02219207661,psxg_plus_nonclutch_state_residual,ordinary_or_regular_penalty,,,,,,,,,,,,
3857260,1629,22c0ff6e-ca12-495e-a6d9-cf1bb00e53a9,2,46.86666667,Group Stage,False,Mexico,Saudi Arabia,0,False,Goal,1,0.4363636364,0.2789455346,0.4363636364,-0.5636363636,False,1,0,0,0,-0.0961970123,psxg_plus_nonclutch_state_residual,ordinary_or_regular_penalty,,,,,,,,,,,,
3857260,1717,2243dac2-e1c3-47a3-87b7-5b398c68cf07,2,51.93333333,Group Stage,False,Mexico,Saudi Arabia,-1,False,Goal,1,0.22,0.1095420274,0.22,-0.78,False,1,0,0,0,-0,psxg_plus_nonclutch_state_residual,ordinary_or_regular_penalty,,,,,,,,,,,,
3857260,2124,869d6aa5-aea8-41cd-9ea1-df338f224d12,2,66.01666667,Group Stage,False,Mexico,Saudi Arabia,-2,False,Saved,0,0.1020408163,0.01346450678,0.1020408163,0.1020408163,False,1,0,0,0,0,psxg_plus_nonclutch_state_residual,ordinary_or_regular_penalty,,,,,,,,,,,,
3857260,2230,0cfe0a06-b98d-41fb-bef1-59897be64d13,2,72.05,Group Stage,False,Mexico,Saudi Arabia,-2,False,Saved,0,0.22,0.008447023435,0.22,0.22,False,1,0,0,0,0,psxg_plus_nonclutch_state_residual,ordinary_or_regular_penalty,,,,,,,,,,,,
3857260,2390,1a46cbf8-c9bc-4843-b51c-0ee17fd7550d,2,77.76666667,Group Stage,False,Mexico,Saudi Arabia,-2,False,Saved,0,0.1333333333,0.004390379573,0.1333333333,0.1333333333,True,1.256585569,0.03421140925,0,0.03421140925,0,psxg_plus_clutch_residual,ordinary_or_regular_penalty,,,,,,,,,,,,
3857260,2735,ad9940c8-30cc-47f4-b706-e2d09b1d78eb,2,91.41666667,Group Stage,False,Mexico,Saudi Arabia,-2,False,Saved,0,0.1020408163,0,0.1020408163,0.1020408163,True,1.25,0.02551020408,0,0.02551020408,0,psxg_plus_clutch_residual,ordinary_or_regular_penalty,,,,,,,,,,,,
3857260,2833,1d0a8857-a8ba-461f-9e98-de32270f52c7,2,94.66666667,Group Stage,False,Saudi Arabia,Mexico,2,False,Goal,1,0.4363636364,0,0.4363636364,-0.5636363636,True,1.25,0,0,0,-0,psxg_plus_nonclutch_state_residual,ordinary_or_regular_penalty,,,,,,,,,,,,
3857261,438,5f957f67-cdbc-4a3e-b3bc-89492062f995,1,9.183333333,Group Stage,False,England,Wales,0,False,Saved,0,0.5182151699,0.2307033245,0.5182151699,0.5182151699,False,1,0,0,0,0,psxg_plus_nonclutch_state_residual,ordinary_or_regular_penalty,,,,,,,,,,,,
3857261,1708,559a4918-19c5-4542-a25c-9f97b0f50846,1,47.91666667,Group Stage,False,England,Wales,0,False,Saved,0,0.250743095,0.280567836,0.250743095,0.250743095,False,1,0,0,0,0.04450202379,psxg_plus_nonclutch_state_residual,ordinary_or_regular_penalty,,,,,,,,,,,,
3857261,1900,6020ebb9-e009-4fa5-b2b4-5ef501777c88,2,49.28333333,Group Stage,False,England,Wales,0,False,Goal,1,0.1524474682,0.282610524,0.1524474682,-0.8475525318,False,1,0,0,0,-0.1576899125,psxg_plus_nonclutch_state_residual,ordinary_or_regular_penalty,,,,,,,,,,,,
3857261,1929,e19e6d23-1ae7-41f7-8523-ca44e192c002,2,50.88333333,Group Stage,False,England,Wales,-1,False,Goal,1,0.764218512,0.1110158811,0.764218512,-0.235781488,False,1,0,0,0,-0,psxg_plus_nonclutch_state_residual,ordinary_or_regular_penalty,,,,,,,,,,,,
3857261,2063,df171e76-7f4c-4369-86e8-f29b80bca70e,2,55.11666667,Group Stage,False,Wales,England,2,False,Saved,0,0.1396203648,0.1573717011,0.1396203648,0.1396203648,False,1,0,0,0,0,psxg_plus_nonclutch_state_residual,ordinary_or_regular_penalty,,,,,,,,,,,,
3857261,2373,f1368c72-842d-4757-9932-408fd168e995,2,67.66666667,Group Stage,False,England,Wales,-2,False,Goal,1,0.2293439799,0.01201790075,0.2293439799,-0.7706560201,False,1,0,0,0,-0,psxg_plus_nonclutch_state_residual,ordinary_or_regular_penalty,,,,,,,,,,,,
3857261,2518,7d9ece14-5e53-4fa5-a35b-ff1a399e9221,2,71.35,Group Stage,False,England,Wales,-3,False,Saved,0,0.2563031517,0.0007944913899,0.2563031517,0.2563031517,False,1,0,0,0,0,psxg_plus_nonclutch_state_residual,ordinary_or_regular_penalty,,,,,,,,,,,,
3857261,2699,e0b68076-fbac-4918-b206-97d14b9d2e42,2,76.63333333,Group Stage,False,England,Wales,-3,False,Saved,0,0.4464670742,0.000330942298,0.4464670742,0.4464670742,True,1.250496413,0.1118384008,0,0.1118384008,0,psxg_plus_clutch_residual,ordinary_or_regular_penalty,,,,,,,,,,,,
3857262,247,18f01ec7-ab9e-40d4-9629-a6507d1843e5,1,4.883333333,Group Stage,False,Portugal,South Korea,0,False,Goal,1,0.5044890776,0.2263241617,0.5044890776,-0.4955109224,False,1,0,0,0,-0,psxg_plus_nonclutch_state_residual,ordinary_or_regular_penalty,,,,,,,,,,,,
3857262,609,c6dfbf3c-fee3-4529-bf1c-88c912c73ca2,1,14.06666667,Group Stage,False,Portugal,South Korea,-1,False,Saved,0,0.1268680982,0.1370277785,0.1268680982,0.1268680982,False,1,0,0,0,0,psxg_plus_nonclutch_state_residual,ordinary_or_regular_penalty,,,,,,,,,,,,
3857262,666,959fabc4-2b98-4a57-a9c1-1999400662dd,1,16.15,Group Stage,False,South Korea,Portugal,1,False,Saved,0,0.2495149219,0.2645568809,0.2495149219,0.2495149219,False,1,0,0,0,0.02751804064,psxg_plus_nonclutch_state_residual,ordinary_or_regular_penalty,,,,,,,,,,,,
3857262,1020,e696a77e-52b1-4f33-a5f3-476bbfcf4b57,1,26.71666667,Group Stage,False,South Korea,Portugal,1,False,Goal,1,0.887524541,0.2850874764,0.887524541,-0.112475459,False,1,0,0,0,-0.02209563263,psxg_plus_nonclutch_state_residual,ordinary_or_regular_penalty,,,,,,,,,,,,
3857262,1282,803986f1-d638-4db9-9f0b-53d248a35855,1,33.95,Group Stage,False,Portugal,South Korea,0,False,Saved,0,0.1682722128,0.2603833809,0.1682722128,0.1682722128,False,1,0,0,0,0.01561076545,psxg_plus_nonclutch_state_residual,ordinary_or_regular_penalty,,,,,,,,,,,,
3857262,1287,9751faee-145f-490c-8ab7-beb789c269b9,1,34.55,Group Stage,False,Portugal,South Korea,0,False,Saved,0,0.1727549305,0.2612034677,0.1727549305,0.1727549305,False,1,0,0,0,0.01662120547,psxg_plus_nonclutch_state_residual,ordinary_or_regular_penalty,,,,,,,,,,,,
3857262,1485,a121c896-21e3-4dff-97f9-95d7eaa71e53,1,39.91666667,Group Stage,False,South Korea,Portugal,0,False,Saved,0,0.1565798289,0.268695781,0.1565798289,0.1565798289,False,1,0,0,0,0.01998838468,psxg_plus_nonclutch_state_residual,ordinary_or_regular_penalty,,,,,,,,,,,,
3857262,1563,99afe7c0-0758-48dd-abec-27ff13f6fa09,1,41.61666667,Group Stage,False,Portugal,South Korea,0,False,Saved,0,0.1403570766,0.2712068186,0.1403570766,0.1403570766,False,1,0,0,0,0.01939656983,psxg_plus_nonclutch_state_residual,ordinary_or_regular_penalty,,,,,,,,,,,,
3857262,1648,9b6dd32d-4993-4f70-8aa8-8c57f1c0742b,1,43.66666667,Group Stage,False,Portugal,South Korea,0,False,Saved,0,0.2470233325,0.2741480323,0.2470233325,0.2470233325,False,1,0,0,0,0.03718641647,psxg_plus_nonclutch_state_residual,ordinary_or_regular_penalty,,,,,,,,,,,,
3857262,2454,ae0ccb3a-9cd2-4a1f-a8df-04956bbeefc2,2,65.58333333,Group Stage,False,South Korea,Portugal,0,False,Saved,0,0.1843743599,0.3080117094,0.1843743599,0.1843743599,False,1,0,0,0,0.05395832976,psxg_plus_nonclutch_state_residual,ordinary_or_regular_penalty,,,,,,,,,,,,
3857262,2507,4c77dbd8-b88d-4091-b74e-a2ee33802cf9,2,66.5,Group Stage,False,South Korea,Portugal,0,False,Saved,0,0.2400379414,0.3094464699,0.2400379414,0.2400379414,False,1,0,0,0,0.07169398824,psxg_plus_nonclutch_state_residual,ordinary_or_regular_penalty,,,,,,,,,,,,
3857262,3244,9ec02244-15d4-4d47-9f4a-efabc72118a2,2,90.46666667,Group Stage,False,South Korea,Portugal,0,False,Goal,1,0.6625796674,0.3333333333,0.6625796674,-0.3374203326,True,1.9375,0,0,0,-0.1346055968,psxg_plus_nonclutch_state_residual,ordinary_or_regular_penalty,,,,,,,,,,,,
3857263,1836,26d7107b-7657-4f16-bb7c-530047ec4536,1,44.58333333,Group Stage,False,Germany,Spain,0,False,Saved,0,0.120963115,0.2755360419,0.120963115,0.120963115,False,1,0,0,0,0.01891418446,psxg_plus_nonclutch_state_residual,ordinary_or_regular_penalty,,,,,,,,,,,,
3857263,2335,39497546-4a78-43e1-98dc-71bf9514b702,2,55.88333333,Group Stage,False,Germany,Spain,0,False,Saved,0,0.2020668167,0.2929127968,0.2020668167,0.2020668167,False,1,0,0,0,0.04633181941,psxg_plus_nonclutch_state_residual,ordinary_or_regular_penalty,,,,,,,,,,,,
3857263,2365,2036573c-cac2-4454-b43b-c33364286c4a,2,58,Group Stage,False,Spain,Germany,0,False,Saved,0,0.1231447684,0.2961790839,0.1231447684,0.1231447684,False,1,0,0,0,0.02992386802,psxg_plus_nonclutch_state_residual,ordinary_or_regular_penalty,,,,,,,,,,,,
3857263,2478,72e972ee-22e9-4eef-aaa9-04ebd7e55f92,2,61.55,Group Stage,False,Spain,Germany,0,False,Goal,1,0.5353656857,0.3017632899,0.5353656857,-0.4646343143,False,1,0,0,0,-0.1237939804,psxg_plus_nonclutch_state_residual,ordinary_or_regular_penalty,,,,,,,,,,,,
3857263,2865,db268ae9-4dfd-43fc-901e-71cd25f5cff6,2,72.71666667,Group Stage,False,Germany,Spain,1,False,Saved,0,0.4803327733,0.4779290828,0.4803327733,0.4803327733,False,1,0,0,0,0.4831002761,psxg_plus_nonclutch_state_residual,ordinary_or_regular_penalty,,,,,,,,,,,,
3857263,3242,38d1ccce-102b-41a6-9661-a4f872c615e3,2,82.41666667,Group Stage,False,Germany,Spain,1,False,Goal,1,0.175591186,0.5688641125,0.175591186,-0.824408814,True,2.379120211,0,0,0,-1.143781202,psxg_plus_nonclutch_state_residual,ordinary_or_regular_penalty,,,,,,,,,,,,
3857264,264,e84b2adc-a5c5-467d-9e62-bfb5ab86943d,1,6.5,Group Stage,False,Argentina,Poland,0,False,Saved,0,0.1533756304,0.2279424156,0.1533756304,0.1533756304,False,1,0,0,0,0,psxg_plus_nonclutch_state_residual,ordinary_or_regular_penalty,,,,,,,,,,,,
3857264,393,732e9df5-bb7b-4708-bf2e-0d1e2cbd521f,1,9.883333333,Group Stage,False,Argentina,Poland,0,False,Saved,0,0.2013559149,0.231476827,0.2013559149,0.2013559149,False,1,0,0,0,0,psxg_plus_nonclutch_state_residual,ordinary_or_regular_penalty,,,,,,,,,,,,
3857264,1298,530b01f6-fd0d-4c7d-96c6-2d4443005a6d,1,32.28333333,Group Stage,False,Argentina,Poland,0,False,Saved,0,0.08992128608,0.2581300303,0.08992128608,0.08992128608,False,1,0,0,0,0.007491710599,psxg_plus_nonclutch_state_residual,ordinary_or_regular_penalty,,,,,,,,,,,,
3857264,1409,ce3c5309-f67c-45f6-9ff3-354a958dc5f7,1,35.16666667,Group Stage,False,Argentina,Poland,0,False,Saved,0,0.2319315962,0.2620282303,0.2319315962,0.2319315962,False,1,0,0,0,0.02311754305,psxg_plus_nonclutch_state_residual,ordinary_or_regular_penalty,,,,,,,,,,,,
3857264,1416,bbf37035-eac8-4277-8e3a-39c6acf669e1,1,38.4,Group Stage,False,Argentina,Poland,0,True,Saved,0,,0.2665996397,,,False,1,0,0,0,0,regular_penalty,ordinary_or_regular_penalty,,,,,,,,,,,,
3857264,1579,8b91032f-be4a-447e-82c2-11e12d18aeaa,1,42.15,Group Stage,False,Argentina,Poland,0,False,Saved,0,0.1506142193,0.2719866296,0.1506142193,0.1506142193,False,1,0,0,0,0.02130696415,psxg_plus_nonclutch_state_residual,ordinary_or_regular_penalty,,,,,,,,,,,,
3857264,1583,79ac9bb8-7580-4f2f-86e4-03ddd04bc6a1,1,42.16666667,Group Stage,False,Argentina,Poland,0,False,Saved,0,0.5375649623,0.2719866296,0.5375649623,0.5375649623,False,1,0,0,0,0.07604778242,psxg_plus_nonclutch_state_residual,ordinary_or_regular_penalty,,,,,,,,,,,,
3857264,1614,35801dfe-a2f0-4877-aaba-a022e4a8d356,1,43.26666667,Group Stage,False,Argentina,Poland,0,False,Saved,0,0.1556695157,0.2735561325,0.1556695157,0.1556695157,False,1,0,0,0,0.02304749474,psxg_plus_nonclutch_state_residual,ordinary_or_regular_penalty,,,,,,,,,,,,
3857264,1865,7a106f3b-d45b-4e5a-b272-eab6712a7aa9,2,45.88333333,Group Stage,False,Argentina,Poland,0,False,Goal,1,0.2023107572,0.2774347937,0.2023107572,-0.7976892428,False,1,0,0,0,-0.1310857703,psxg_plus_nonclutch_state_residual,ordinary_or_regular_penalty,,,,,,,,,,,,
3857264,2481,7c0f9533-8699-4dff-b7e1-afcdc7dbe87e,2,60.63333333,Group Stage,False,Argentina,Poland,-1,False,Saved,0,0.2985257922,0.09519786935,0.2985257922,0.2985257922,False,1,0,0,0,0,psxg_plus_nonclutch_state_residual,ordinary_or_regular_penalty,,,,,,,,,,,,
3857264,2777,9cd13a7d-13be-4553-a2e1-b4bab349e413,2,66.95,Group Stage,False,Argentina,Poland,-1,False,Goal,1,0.211532879,0.08172500625,0.211532879,-0.788467121,False,1,0,0,0,-0,psxg_plus_nonclutch_state_residual,ordinary_or_regular_penalty,,,,,,,,,,,,
3857264,2940,f75ddc65-a309-4ace-8d33-b1d6e87f86a0,2,70.6,Group Stage,False,Argentina,Poland,-2,False,Saved,0,0.3044817626,0.009619669952,0.3044817626,0.3044817626,False,1,0,0,0,0,psxg_plus_nonclutch_state_residual,ordinary_or_regular_penalty,,,,,,,,,,,,
3857264,3894,4a3d578a-c71a-4102-8e73-00bbcfce4ca0,2,91.96666667,Group Stage,False,Argentina,Poland,-2,False,Saved,0,0.5067605431,0,0.5067605431,0.5067605431,True,1.25,0.1266901358,0,0.1266901358,0,psxg_plus_clutch_residual,ordinary_or_regular_penalty,,,,,,,,,,,,
3857265,1564,90104e5a-ef6b-4e9e-ba6e-79b8bed653e8,1,44.3,Group Stage,False,Mexico,Poland,0,False,Saved,0,0.2045145993,0.2751384918,0.2045145993,0.2045145993,False,1,0,0,0,0.03163734716,psxg_plus_nonclutch_state_residual,ordinary_or_regular_penalty,,,,,,,,,,,,
3857265,1914,cefd85c4-3b07-4392-a40e-2101198ffd66,2,51.75,Group Stage,False,Mexico,Poland,0,False,Saved,0,0.1709958284,0.2864283857,0.1709958284,0.1709958284,False,1,0,0,0,0.03455414859,psxg_plus_nonclutch_state_residual,ordinary_or_regular_penalty,,,,,,,,,,,,
3857265,1977,5ee0aff8-6137-437a-84a3-320adf30aed6,2,57.38333333,Group Stage,False,Poland,Mexico,0,True,Saved,0,,0.2952300279,,,False,1,0,0,0,0,regular_penalty,ordinary_or_regular_penalty,,,,,,,,,,,,
3857265,2159,33ef2ae2-9ad0-48cc-acd4-c210fac8592c,2,63.4,Group Stage,False,Mexico,Poland,0,False,Saved,0,0.1827788119,0.3046951519,0.1827788119,0.1827788119,False,1,0,0,0,0.05094731138,psxg_plus_nonclutch_state_residual,ordinary_or_regular_penalty,,,,,,,,,,,,
3857265,3044,9be1b301-9784-4f2b-b709-d2d4dec0d578,2,93.86666667,Group Stage,False,Poland,Mexico,0,False,Saved,0,0.2703662716,0.3333333333,0.2703662716,0.2703662716,True,1.9375,0.2027747037,0.05069367592,0.2534683796,0,psxg_plus_clutch_residual,ordinary_or_regular_penalty,,,,,,,,,,,,
3857265,3126,cf2f4b27-0de7-4e85-a26c-8383ed129cc0,2,95.88333333,Group Stage,False,Mexico,Poland,0,False,Saved,0,0.1656919709,0.3333333333,0.1656919709,0.1656919709,True,1.9375,0.1242689782,0.03106724454,0.1553362227,0,psxg_plus_clutch_residual,ordinary_or_regular_penalty,,,,,,,,,,,,
3857266,997,8d13ea77-6e18-493c-8e54-258f942c255b,1,20.3,Group Stage,False,France,Denmark,0,False,Saved,0,0.4363636364,0.2430616231,0.4363636364,0.4363636364,False,1,0,0,0,0.008760155104,psxg_plus_nonclutch_state_residual,ordinary_or_regular_penalty,,,,,,,,,,,,
3857266,1455,4e7ba032-7c93-44f9-9a5f-6eb2de5d473a,1,32.8,Group Stage,False,France,Denmark,0,False,Saved,0,0,0.2588471446,0,0,False,1,0,0,0,0,psxg_plus_nonclutch_state_residual,ordinary_or_regular_penalty,,,,,,,,,,,,
3857266,2398,f63e4a17-97db-4c92-8ef0-c58a7d62bf2f,2,55.98333333,Group Stage,False,France,Denmark,0,False,Saved,0,0.2727272727,0.2930180069,0.2727272727,0.2727272727,False,1,0,0,0,0.06265394794,psxg_plus_nonclutch_state_residual,ordinary_or_regular_penalty,,,,,,,,,,,,
3857266,2585,8ad26aa2-291c-4d4c-a9d8-354224932a31,2,60.41666667,Group Stage,False,France,Denmark,0,False,Goal,1,0.22,0.2999749156,0.22,-0.78,False,1,0,0,0,-0.2019636332,psxg_plus_nonclutch_state_residual,ordinary_or_regular_penalty,,,,,,,,,,,,
3857266,2816,ec53e52f-fb8b-4085-bf36-323830fd4c0f,2,67.25,Group Stage,False,Denmark,France,1,False,Goal,1,0.4363636364,0.4387307245,0.4363636364,-0.5636363636,False,1,0,0,0,-0.4741618414,psxg_plus_nonclutch_state_residual,ordinary_or_regular_penalty,,,,,,,,,,,,
3857266,2997,6bd41f74-6e8e-4714-bc4d-fdb8e0f1528f,2,72.35,Group Stage,False,Denmark,France,0,False,Saved,0,0.4363636364,0.3179983192,0.4363636364,0.4363636364,False,1,0,0,0,0.1459932808,psxg_plus_nonclutch_state_residual,ordinary_or_regular_penalty,,,,,,,,,,,,
3857266,3353,e5bd1434-dbe8-4da2-b05f-509364c40015,2,85.15,Group Stage,False,France,Denmark,0,False,Goal,1,0.4363636364,0.331797879,0.4363636364,-0.5636363636,True,1.934621023,0,0,0,-0.2212169051,psxg_plus_nonclutch_state_residual,ordinary_or_regular_penalty,,,,,,,,,,,,
3857266,3557,d5249a01-7b86-4dad-ab4f-a1aa32e1ec51,2,90.3,Group Stage,False,France,Denmark,-1,False,Saved,0,0.1020408163,0,0.1020408163,0.1020408163,True,1.25,0.02551020408,0,0.02551020408,0,psxg_plus_clutch_residual,ordinary_or_regular_penalty,,,,,,,,,,,,
3857267,1278,e800e0bb-7fe2-4b0b-a284-d79772a9e828,1,43.68333333,Group Stage,False,Senegal,Ecuador,0,True,Goal,1,,0.2741480323,,,False,1,0,0,0,0,regular_penalty,ordinary_or_regular_penalty,,,,,,,,,,,,
3857267,1522,f357068e-101e-47d5-9cab-b46abeab6fd2,2,48.43333333,Group Stage,False,Ecuador,Senegal,1,False,Saved,0,0.1342446772,0.3463357664,0.1342446772,0.1342446772,False,1,0,0,0,0.0608791386,psxg_plus_nonclutch_state_residual,ordinary_or_regular_penalty,,,,,,,,,,,,
3857267,2112,fe08733c-664e-444f-9053-4753f4d98076,2,66.96666667,Group Stage,False,Ecuador,Senegal,1,False,Goal,1,0.8721908456,0.4369978036,0.8721908456,-0.1278091544,False,1,0,0,0,-0.1065905595,psxg_plus_nonclutch_state_residual,ordinary_or_regular_penalty,,,,,,,,,,,,
3857267,2136,7f414cf8-690c-4ce8-bdb4-7de35ddbd88b,2,69.5,Group Stage,False,Senegal,Ecuador,0,False,Goal,1,0.4961025625,0.3139632919,0.4961025625,-0.5038974375,False,1,0,0,0,-0.1600548713,psxg_plus_nonclutch_state_residual,ordinary_or_regular_penalty,,,,,,,,,,,,
3857267,2232,4791bb90-e837-4f48-90e2-efede0479473,2,75.8,Group Stage,False,Ecuador,Senegal,1,False,Saved,0,0.1782273227,0.5034053018,0.1782273227,0.1782273227,True,2.256384941,0.1791376994,0.04478442486,0.2239221243,0,psxg_plus_clutch_residual,ordinary_or_regular_penalty,,,,,,,,,,,,
3857267,2612,5bfc0320-add5-41f5-8498-58bdb69b0879,2,87.76666667,Group Stage,False,Senegal,Ecuador,-1,False,Saved,0,0.1499653201,0.01064298635,0.1499653201,0.1499653201,True,1.26596448,0.0398854483,0,0.0398854483,0,psxg_plus_clutch_residual,ordinary_or_regular_penalty,,,,,,,,,,,,
3857267,2673,2e8b83d3-8d70-4882-b24e-efe516fa2d28,2,88.98333333,Group Stage,False,Ecuador,Senegal,1,False,Saved,0,0.2875427834,0.6519620376,0.2875427834,0.2875427834,True,2.534928821,0.3530861643,0.08827154107,0.4413577054,0,psxg_plus_clutch_residual,ordinary_or_regular_penalty,,,,,,,,,,,,
3857268,50,30a8b555-579d-4b38-8d7d-7f4ed35dcd53,1,0.85,Group Stage,False,Belgium,Canada,0,False,Saved,0,0.132687672,0.2224001429,0.132687672,0.132687672,False,1,0,0,0,0,psxg_plus_nonclutch_state_residual,ordinary_or_regular_penalty,,,,,,,,,,,,
3857268,271,a0849b15-1abc-4429-ac77-9fd4d65c0c4a,1,10,Group Stage,False,Canada,Belgium,0,True,Saved,0,,0.231618133,,,False,1,0,0,0,0,regular_penalty,ordinary_or_regular_penalty,,,,,,,,,,,,
3857268,1028,52480768-03ce-4fcc-a5de-c2857e22776e,1,29.26666667,Group Stage,False,Canada,Belgium,0,False,Saved,0,0.1439693865,0.2541660009,0.1439693865,0.1439693865,False,1,0,0,0,0.009599583442,psxg_plus_nonclutch_state_residual,ordinary_or_regular_penalty,,,,,,,,,,,,
3857268,1571,6c69021e-9182-4454-930c-7ebfb880441d,1,43.53333333,Group Stage,False,Belgium,Canada,0,False,Goal,1,0.4908312368,0.2739505328,0.4908312368,-0.5091687632,False,1,0,0,0,-0.07622725404,psxg_plus_nonclutch_state_residual,ordinary_or_regular_penalty,,,,,,,,,,,,
3857268,3050,3762fdb2-12ce-48f5-a25c-f5f8818ae45f,2,79.48333333,Group Stage,False,Canada,Belgium,1,False,Saved,0,0.2961964158,0.5377948452,0.2961964158,0.2961964158,True,2.320865335,0.3129884623,0.07824711559,0.3912355779,0,psxg_plus_clutch_residual,ordinary_or_regular_penalty,,,,,,,,,,,,
3857268,3342,e32243e7-a6a0-490f-be8e-b75fe1b0647b,2,90.85,Group Stage,False,Belgium,Canada,-1,False,Saved,0,0.1166137628,0,0.1166137628,0.1166137628,True,1.25,0.02915344069,0,0.02915344069,0,psxg_plus_clutch_residual,ordinary_or_regular_penalty,,,,,,,,,,,,
3857269,1205,ccdb8f0e-10fe-45f4-8c54-f0a74c222730,1,26.68333333,Group Stage,False,Brazil,Switzerland,0,False,Saved,0,0.4363636364,0.2509109959,0.4363636364,0.4363636364,False,1,0,0,0,0.0231348742,psxg_plus_nonclutch_state_residual,ordinary_or_regular_penalty,,,,,,,,,,,,
3857269,1342,f227c1e8-8585-4d1a-9c58-d39830356a78,1,30.31666667,Group Stage,False,Brazil,Switzerland,0,False,Saved,0,0.22,0.2555618444,0.22,0.22,False,1,0,0,0,0.01595791844,psxg_plus_nonclutch_state_residual,ordinary_or_regular_penalty,,,,,,,,,,,,
3857269,3314,b1c4fc15-d031-4f58-b3c7-9fd6708c7cf9,2,80.96666667,Group Stage,False,Brazil,Switzerland,0,False,Saved,0,0.22,0.3284506601,0.22,0.22,True,1.928344988,0.1633887178,0.04084717946,0.2042358973,0,psxg_plus_clutch_residual,ordinary_or_regular_penalty,,,,,,,,,,,,
3857269,3370,90380b1f-260f-42c9-95fb-ae1ca4941ee2,2,82.25,Group Stage,False,Brazil,Switzerland,0,False,Goal,1,0.22,0.3296186465,0.22,-0.78,True,1.930534962,0,0,0,-0.299001966,psxg_plus_nonclutch_state_residual,ordinary_or_regular_penalty,,,,,,,,,,,,
3857269,3442,8f488d1b-d990-4d87-9ae3-a0f9a81e544a,2,86.41666667,Group Stage,False,Brazil,Switzerland,-1,False,Saved,0,0.22,0.01675511327,0.22,0.22,True,1.27513267,0.06052918738,0,0.06052918738,0,psxg_plus_clutch_residual,ordinary_or_regular_penalty,,,,,,,,,,,,
3857270,1205,8fcf0dcd-e70c-4c64-9252-3a1e37ef27a9,1,31.95,Group Stage,False,Uruguay,Portugal,0,False,Saved,0,0.5742835626,0.2576837304,0.5742835626,0.5742835626,False,1,0,0,0,0.04677027032,psxg_plus_nonclutch_state_residual,ordinary_or_regular_penalty,,,,,,,,,,,,
3857270,1946,c581c62f-6666-485f-af07-90b4f81274ac,2,53.66666667,Group Stage,False,Portugal,Uruguay,0,False,Goal,1,0.1279213959,0.2894504347,0.1279213959,-0.8720786041,False,1,0,0,0,-0.1872865883,psxg_plus_nonclutch_state_residual,ordinary_or_regular_penalty,,,,,,,,,,,,
3857270,2114,fc35d3ba-9f4e-473f-91e8-7c2fc357149c,2,59.16666667,Group Stage,False,Uruguay,Portugal,1,False,Saved,0,0.1307242247,0.3927452435,0.1307242247,0.1307242247,False,1,0,0,0,0.08474381994,psxg_plus_nonclutch_state_residual,ordinary_or_regular_penalty,,,,,,,,,,,,
3857270,2815,02866454-5edb-4c28-88c2-61ccdc0d2343,2,78.15,Group Stage,False,Uruguay,Portugal,1,False,Saved,0,0.4558780642,0.5247539174,0.4558780642,0.4558780642,True,2.296413595,0.4728052161,0.118201304,0.5910065201,0,psxg_plus_clutch_residual,ordinary_or_regular_penalty,,,,,,,,,,,,
3857270,3214,09a6971a-da8c-48d3-a477-04deeca2fa0b,2,92.31666667,Group Stage,False,Portugal,Uruguay,-1,True,Goal,1,,0,,,True,1.25,0,0,0,0,regular_penalty,ordinary_or_regular_penalty,,,,,,,,,,,,
3857270,3375,8b462570-c65a-43b6-bcc0-6a66482197aa,2,97.31666667,Group Stage,False,Portugal,Uruguay,-2,False,Saved,0,0.2365816299,0,0.2365816299,0.2365816299,True,1.25,0.05914540748,0,0.05914540748,0,psxg_plus_clutch_residual,ordinary_or_regular_penalty,,,,,,,,,,,,
3857271,573,743254c2-073c-4f7b-a0af-c0a6304c36d5,1,26.96666667,Group Stage,False,England,Iran,0,False,Saved,0,0.1770545319,0.251249648,0.1770545319,0.1770545319,False,1,0,0,0,0.009638612785,psxg_plus_nonclutch_state_residual,ordinary_or_regular_penalty,,,,,,,,,,,,
3857271,841,09a3d7a3-983e-4c01-a8c1-2b1db7169647,1,34.15,Group Stage,False,England,Iran,0,False,Goal,1,0.3067987824,0.2606562225,0.3067987824,-0.6932012176,False,1,0,0,0,-0.06510265787,psxg_plus_nonclutch_state_residual,ordinary_or_regular_penalty,,,,,,,,,,,,
3857271,1119,c9bdb7ab-5b37-4fea-a46b-5969a3563175,1,42.76666667,Group Stage,False,England,Iran,-1,False,Goal,1,0.2229988751,0.1204431628,0.2229988751,-0.7770011249,False,1,0,0,0,-0,psxg_plus_nonclutch_state_residual,ordinary_or_regular_penalty,,,,,,,,,,,,
3857271,1183,d47018bb-61d6-425b-ab3c-fa5982a27e05,1,45.28333333,Group Stage,False,England,Iran,-2,False,Goal,1,0.4526267646,0.03234973106,0.4526267646,-0.5473732354,False,1,0,0,0,-0,psxg_plus_nonclutch_state_residual,ordinary_or_regular_penalty,,,,,,,,,,,,
3857271,2355,828aa0c6-95dc-422f-aaa5-fd201e3a5ad9,2,61.43333333,Group Stage,False,England,Iran,-3,False,Goal,1,0.2307960368,0.002334444159,0.2307960368,-0.7692039632,False,1,0,0,0,-0,psxg_plus_nonclutch_state_residual,ordinary_or_regular_penalty,,,,,,,,,,,,
3857271,2457,4e3dddd6-1001-4bca-a950-fe89f59cea25,2,64.55,Group Stage,False,Iran,England,4,False,Goal,1,0.1799985469,0.003095136927,0.1799985469,-0.8200014531,False,1,0,0,0,-0,psxg_plus_nonclutch_state_residual,ordinary_or_regular_penalty,,,,,,,,,,,,
3857271,2549,eb01f465-08f6-4adf-a1b8-865127b41a97,2,70.85,Group Stage,False,England,Iran,-3,False,Goal,1,0.7369652515,0.0008552585434,0.7369652515,-0.2630347485,False,1,0,0,0,-0,psxg_plus_nonclutch_state_residual,ordinary_or_regular_penalty,,,,,,,,,,,,
3857271,3246,0ae88f68-f153-4cfc-8fdc-68ae1c5c17b8,2,89.01666667,Group Stage,False,England,Iran,-4,False,Goal,1,0.895088822,6.864694425e-10,0.895088822,-0.104911178,True,1.250000001,0,0,0,-0,psxg_plus_nonclutch_state_residual,ordinary_or_regular_penalty,,,,,,,,,,,,
3857271,3645,39236484-ea4c-4c5b-9025-d7aeb7396aae,2,102.5,Group Stage,False,Iran,England,5,True,Goal,1,,0,,,True,1.25,0,0,0,0,regular_penalty,ordinary_or_regular_penalty,,,,,,,,,,,,
3857272,1161,cd7df5a3-11c8-41d0-9ca5-ef6feea55964,1,28.1,Group Stage,False,United States,England,0,False,Saved,0,0.1333333333,0.2526993607,0.1333333333,0.1333333333,False,1,0,0,0,0.00806970503,psxg_plus_nonclutch_state_residual,ordinary_or_regular_penalty,,,,,,,,,,,,
3857272,1758,e88f5744-6bea-4a45-8192-3ab30fba9225,1,45.43333333,Group Stage,False,England,United States,0,False,Saved,0,0.1333333333,0.2768333598,0.1333333333,0.1333333333,False,1,0,0,0,0.02157437236,psxg_plus_nonclutch_state_residual,ordinary_or_regular_penalty,,,,,,,,,,,,
3857272,3289,3e1d3da1-96d0-4420-ba9c-dd49658072d5,2,86.71666667,Group Stage,False,England,United States,0,False,Saved,0,0.1020408163,0.3325951255,0.1020408163,0.1020408163,True,1.93611586,0.07641762124,0.01910440531,0.09552202655,0,psxg_plus_clutch_residual,ordinary_or_regular_penalty,,,,,,,,,,,,
3857272,3458,ab3fd1ea-a8c3-487b-a32a-07d0b7603ff2,2,90.83333333,Group Stage,False,England,United States,0,False,Saved,0,0.4363636364,0.3333333333,0.4363636364,0.4363636364,True,1.9375,0.3272727273,0.08181818182,0.4090909091,0,psxg_plus_clutch_residual,ordinary_or_regular_penalty,,,,,,,,,,,,
3857273,291,7884c3bd-f0a1-4579-871c-aaf8aaa99707,1,6.616666667,Group Stage,False,Iran,Wales,0,False,Saved,0,0.140500614,0.2280785538,0.140500614,0.140500614,False,1,0,0,0,0,psxg_plus_nonclutch_state_residual,ordinary_or_regular_penalty,,,,,,,,,,,,
3857273,466,6cfde0ac-0cc5-4ca1-809c-e801da828e67,1,11.36666667,Group Stage,False,Wales,Iran,0,False,Saved,0,0.4426084959,0.2330426072,0.4426084959,0.4426084959,False,1,0,0,0,0,psxg_plus_nonclutch_state_residual,ordinary_or_regular_penalty,,,,,,,,,,,,
3857273,944,b37c4059-f00c-411b-93d6-e3c13355a153,1,28.8,Group Stage,False,Wales,Iran,0,False,Saved,0,0.2876608236,0.2535600388,0.2876608236,0.2876608236,False,1,0,0,0,0.01844908708,psxg_plus_nonclutch_state_residual,ordinary_or_regular_penalty,,,,,,,,,,,,
3857273,1593,4ca88dcd-a77a-4f18-9260-5e4c78aed749,1,49.05,Group Stage,False,Iran,Wales,0,False,Saved,0,0.1326648641,0.2823031178,0.1326648641,0.1326648641,False,1,0,0,0,0.0245115776,psxg_plus_nonclutch_state_residual,ordinary_or_regular_penalty,,,,,,,,,,,,
3857273,1835,9a788179-9c98-49e9-a51e-80a48d401785,2,51.15,Group Stage,False,Iran,Wales,0,False,Saved,0,0.2918473817,0.2854954595,0.2918473817,0.2918473817,False,1,0,0,0,0.05783267879,psxg_plus_nonclutch_state_residual,ordinary_or_regular_penalty,,,,,,,,,,,,
3857273,2459,64de55f7-5283-4082-9666-c662724d0b45,2,72.45,Group Stage,False,Iran,Wales,0,False,Saved,0,0.148962789,0.3181849157,0.148962789,0.148962789,False,1,0,0,0,0.04995482605,psxg_plus_nonclutch_state_residual,ordinary_or_regular_penalty,,,,,,,,,,,,
3857273,2735,9607f394-ff9c-46f0-889b-d57f13accf5b,2,82.98333333,Group Stage,False,Wales,Iran,0,False,Saved,0,0.2672101071,0.3302361231,0.2672101071,0.2672101071,True,1.931692731,0.1991661715,0.04979154287,0.2489577144,0,psxg_plus_clutch_residual,ordinary_or_regular_penalty,,,,,,,,,,,,
3857273,3099,217cf729-0d66-4202-9024-bfbe3850488c,2,97.93333333,Group Stage,False,Iran,Wales,0,False,Goal,1,0.1332016914,0.3333333333,0.1332016914,-0.8667983086,True,1.9375,0,0,0,-0.345788005,psxg_plus_nonclutch_state_residual,ordinary_or_regular_penalty,,,,,,,,,,,,
3857273,3129,1e12ac10-74b9-4408-b799-8cb279172624,2,100.6166667,Group Stage,False,Iran,Wales,-1,False,Goal,1,0.2935824307,0,0.2935824307,-0.7064175693,True,1.25,0,0,0,-0,psxg_plus_nonclutch_state_residual,ordinary_or_regular_penalty,,,,,,,,,,,,
3857274,219,6480e222-737c-4aed-b197-531c094e9437,1,5.05,Group Stage,False,Netherlands,Ecuador,0,False,Goal,1,0.2135868024,0.2265248976,0.2135868024,-0.7864131976,False,1,0,0,0,-0,psxg_plus_nonclutch_state_residual,ordinary_or_regular_penalty,,,,,,,,,,,,
3857274,1351,6e57cb5e-fe39-4d22-ab15-155340299c5e,1,31.88333333,Group Stage,False,Ecuador,Netherlands,1,False,Saved,0,0.1361582564,0.2968966333,0.1361582564,0.1361582564,False,1,0,0,0,0.03349613899,psxg_plus_nonclutch_state_residual,ordinary_or_regular_penalty,,,,,,,,,,,,
3857274,2077,ce31638e-77ff-4769-9fd0-6493ea1e5fbe,2,48.71666667,Group Stage,False,Ecuador,Netherlands,1,False,Saved,0,0.2352728727,0.3475723131,0.2352728727,0.2352728727,False,1,0,0,0,0.1079157572,psxg_plus_nonclutch_state_residual,ordinary_or_regular_penalty,,,,,,,,,,,,
3857274,2080,d53ccaf1-0307-4067-946b-d514978dfae2,2,48.73333333,Group Stage,False,Ecuador,Netherlands,1,False,Goal,1,0.9635287293,0.3475723131,0.9635287293,-0.03647127066,False,1,0,0,0,-0.01672876582,psxg_plus_nonclutch_state_residual,ordinary_or_regular_penalty,,,,,,,,,,,,
3857274,3433,f4222a25-6e19-4f82-a028-9b485e226ccd,2,91.9,Group Stage,False,Ecuador,Netherlands,0,False,Saved,0,0.2383886174,0.3333333333,0.2383886174,0.2383886174,True,1.9375,0.178791463,0.04469786576,0.2234893288,0,psxg_plus_clutch_residual,ordinary_or_regular_penalty,,,,,,,,,,,,
3857275,1029,a0692c73-c43b-4898-99d8-05ae9028217a,1,29.18333333,Group Stage,False,Tunisia,France,0,False,Saved,0,0.4363636364,0.254079259,0.4363636364,0.4363636364,False,1,0,0,0,0.02893698015,psxg_plus_nonclutch_state_residual,ordinary_or_regular_penalty,,,,,,,,,,,,
3857275,1193,85b1b157-a84c-4b0b-ab24-bd908daf2989,1,34.56666667,Group Stage,False,Tunisia,France,0,False,Saved,0,0.22,0.2612034677,0.22,0.22,False,1,0,0,0,0.02116677766,psxg_plus_nonclutch_state_residual,ordinary_or_regular_penalty,,,,,,,,,,,,
3857275,2188,eea8329f-d9bf-47fe-8ef2-8f41c0a7d829,2,57.33333333,Group Stage,False,Tunisia,France,0,False,Goal,1,0.4363636364,0.2951246043,0.4363636364,-0.5636363636,False,1,0,0,0,-0.1344678891,psxg_plus_nonclutch_state_residual,ordinary_or_regular_penalty,,,,,,,,,,,,
3857275,2966,1fceb46b-a327-481b-af47-d9bebd469254,2,81.23333333,Group Stage,False,France,Tunisia,1,False,Saved,0,0.1020408163,0.5557400395,0.1020408163,0.1020408163,True,2.354512574,0.110572455,0.02764311376,0.1382155688,0,psxg_plus_clutch_residual,ordinary_or_regular_penalty,,,,,,,,,,,,
3857275,3226,0c9c3ca0-d9f0-41d9-a2b6-6c4b2b6d9be5,2,88.31666667,Group Stage,False,France,Tunisia,1,False,Saved,0,0.1020408163,0.6424787465,0.1020408163,0.1020408163,True,2.51714765,0.1238487877,0.03096219693,0.1548109847,0,psxg_plus_clutch_residual,ordinary_or_regular_penalty,,,,,,,,,,,,
3857275,3330,62fb7c39-248e-4bf9-8386-762a65c8c4d6,2,92.61666667,Group Stage,False,France,Tunisia,1,False,Saved,0,0.1020408163,0.6666666667,0.1020408163,0.1020408163,True,2.5625,0.1275510204,0.0318877551,0.1594387755,0,psxg_plus_clutch_residual,ordinary_or_regular_penalty,,,,,,,,,,,,
3857276,203,13b63722-8099-4cdf-818a-d2df3036a633,1,3.483333333,Group Stage,False,Morocco,Canada,0,False,Goal,1,0.1878471946,0.2249312316,0.1878471946,-0.8121528054,False,1,0,0,0,-0,psxg_plus_nonclutch_state_residual,ordinary_or_regular_penalty,,,,,,,,,,,,
3857276,845,fa3e211a-da39-4edb-af18-f1c34dd09874,1,22.6,Group Stage,False,Morocco,Canada,-1,False,Goal,1,0.09799550039,0.1340868947,0.09799550039,-0.9020044996,False,1,0,0,0,-0,psxg_plus_nonclutch_state_residual,ordinary_or_regular_penalty,,,,,,,,,,,,
3857277,1895,a0ba5f98-89ba-4320-92bd-1fec8459cf57,1,45.18333333,Group Stage,False,Croatia,Morocco,0,False,Saved,0,0.7179387887,0.276433334,0.7179387887,0.7179387887,False,1,0,0,0,0.1149628015,psxg_plus_nonclutch_state_residual,ordinary_or_regular_penalty,,,,,,,,,,,,
3857277,2204,2e7a7ec5-3b5b-4eb5-93da-d2e4bfa3203c,2,50.48333333,Group Stage,False,Morocco,Croatia,0,False,Saved,0,0.1299006824,0.284461968,0.1299006824,0.1299006824,False,1,0,0,0,0.02517778647,psxg_plus_nonclutch_state_residual,ordinary_or_regular_penalty,,,,,,,,,,,,
3857277,2525,ac96c1c1-7a1a-4797-b198-fd1e872f2328,2,64.1,Group Stage,False,Morocco,Croatia,0,False,Saved,0,0.1340527971,0.3057362905,0.1340527971,0.1340527971,False,1,0,0,0,0.03795127701,psxg_plus_nonclutch_state_residual,ordinary_or_regular_penalty,,,,,,,,,,,,
3857278,419,519a5012-c032-4962-bc66-7b72b7533891,1,10.53333333,Group Stage,False,United States,Iran,0,False,Saved,0,0.3063347788,0.2321854264,0.3063347788,0.3063347788,False,1,0,0,0,0,psxg_plus_nonclutch_state_residual,ordinary_or_regular_penalty,,,,,,,,,,,,
3857278,1197,bec32e0c-42b3-4387-8ef5-3f5fb13ee5cb,1,27.16666667,Group Stage,False,United States,Iran,0,False,Saved,0,0.3724152571,0.2515042509,0.3724152571,0.3724152571,False,1,0,0,0,0.02067172031,psxg_plus_nonclutch_state_residual,ordinary_or_regular_penalty,,,,,,,,,,,,
3857278,1506,7b3d45a1-1640-4268-b448-10d784498599,1,37.81666667,Group Stage,False,United States,Iran,0,False,Goal,1,0.819206495,0.2657498395,0.819206495,-0.180793505,False,1,0,0,0,-0.02084417728,psxg_plus_nonclutch_state_residual,ordinary_or_regular_penalty,,,,,,,,,,,,
3857278,1966,402f4792-19bd-479a-840a-3d7f6a802da7,2,46.75,Group Stage,False,United States,Iran,-1,False,Saved,0,0.1997691317,0.116205249,0.1997691317,0.1997691317,False,1,0,0,0,0,psxg_plus_nonclutch_state_residual,ordinary_or_regular_penalty,,,,,,,,,,,,
3857278,3548,75c5c6de-a765-4e21-ad34-f85fbe75a705,2,97.88333333,Group Stage,False,Iran,United States,1,False,Saved,0,0.7211946752,0.6666666667,0.7211946752,0.7211946752,True,2.5625,0.901493344,0.225373336,1.12686668,0,psxg_plus_clutch_residual,ordinary_or_regular_penalty,,,,,,,,,,,,
3857278,3577,5994da52-68c1-4f92-9588-c2085766ca21,2,99.43333333,Group Stage,False,United States,Iran,-1,False,Saved,0,0.1954044829,0,0.1954044829,0.1954044829,True,1.25,0.04885112072,0,0.04885112072,0,psxg_plus_clutch_residual,ordinary_or_regular_penalty,,,,,,,,,,,,
3857279,393,b97a3211-2394-47a1-a8e7-6c27e85778b4,1,8.4,Group Stage,False,Australia,France,0,False,Goal,1,0.4353112466,0.2299360144,0.4353112466,-0.5646887534,False,1,0,0,0,-0,psxg_plus_nonclutch_state_residual,ordinary_or_regular_penalty,,,,,,,,,,,,
3857279,1008,bbb77650-9a8f-4ee9-9916-5552003bac24,1,26.03333333,Group Stage,False,France,Australia,1,False,Goal,1,0.4046474672,0.2836498741,0.4046474672,-0.5953525328,False,1,0,0,0,-0.1133641603,psxg_plus_nonclutch_state_residual,ordinary_or_regular_penalty,,,,,,,,,,,,
3857279,1164,4b8db9ec-fbb1-485b-b348-d8bb3aecbf07,1,31.3,Group Stage,False,France,Australia,0,False,Goal,1,0.9356356283,0.2568840725,0.9356356283,-0.06436437172,False,1,0,0,0,-0.005025897675,psxg_plus_nonclutch_state_residual,ordinary_or_regular_penalty,,,,,,,,,,,,
3857279,2875,ce3204fc-51c4-437e-81e3-ae644e0302b1,2,67.05,Group Stage,False,France,Australia,-1,False,Goal,1,0.3804685984,0.0815654653,0.3804685984,-0.6195314016,False,1,0,0,0,-0,psxg_plus_nonclutch_state_residual,ordinary_or_regular_penalty,,,,,,,,,,,,
3857279,2971,c9d3d537-8f05-4767-bf73-9a1f1a8a37cf,2,70.83333333,Group Stage,False,France,Australia,-2,False,Goal,1,0.4052406763,0.009403434335,0.4052406763,-0.5947593237,False,1,0,0,0,-0,psxg_plus_nonclutch_state_residual,ordinary_or_regular_penalty,,,,,,,,,,,,
3857279,3617,c47df350-ed33-48d3-8c0f-8ec0d6a2945c,2,89.03333333,Group Stage,False,France,Australia,-3,False,Saved,0,0.3038492145,1.492801551e-07,0.3038492145,0.3038492145,True,1.250000224,0.07596237167,0,0.07596237167,0,psxg_plus_clutch_residual,ordinary_or_regular_penalty,,,,,,,,,,,,
3857279,3684,8203b821-9b31-43b1-9de7-0795dfa6c46a,2,90.41666667,Group Stage,False,France,Australia,-3,False,Saved,0,0.2561889111,0,0.2561889111,0.2561889111,True,1.25,0.06404722778,0,0.06404722778,0,psxg_plus_clutch_residual,ordinary_or_regular_penalty,,,,,,,,,,,,
3857280,598,287dd539-6bb4-4efe-91ff-7c332bed0e1f,1,13.56666667,Group Stage,False,Brazil,Cameroon,0,False,Saved,0,0.2735653533,0.235438944,0.2735653533,0.2735653533,False,1,0,0,0,0,psxg_plus_nonclutch_state_residual,ordinary_or_regular_penalty,,,,,,,,,,,,
3857280,1344,50563a15-c15e-4803-a330-dc9fcb5bc2a5,1,37.1,Group Stage,False,Brazil,Cameroon,0,False,Saved,0,0.1787622333,0.2647173548,0.1787622333,0.1787622333,False,1,0,0,0,0.01983539044,psxg_plus_nonclutch_state_residual,ordinary_or_regular_penalty,,,,,,,,,,,,
3857280,1621,12b92f66-7bc0-4d4b-930a-a87d5948536f,1,45.91666667,Group Stage,False,Brazil,Cameroon,0,False,Saved,0,0.2174683247,0.2775351939,0.2174683247,0.2174683247,False,1,0,0,0,0.03582860973,psxg_plus_nonclutch_state_residual,ordinary_or_regular_penalty,,,,,,,,,,,,
3857280,1652,2c4a4dd9-2cbb-409b-a28f-ca391e32ba45,1,47.45,Group Stage,False,Cameroon,Brazil,0,False,Saved,0,0.3813390901,0.2798567383,0.3813390901,0.3813390901,False,1,0,0,0,0.06654223637,psxg_plus_nonclutch_state_residual,ordinary_or_regular_penalty,,,,,,,,,,,,
3857280,1880,21326275-2339-4daa-a88a-88218f3e9e05,2,52.41666667,Group Stage,False,Brazil,Cameroon,0,False,Saved,0,0.487850297,0.2874678625,0.487850297,0.487850297,False,1,0,0,0,0.1007110474,psxg_plus_nonclutch_state_residual,ordinary_or_regular_penalty,,,,,,,,,,,,
3857280,2008,0453837c-6713-4b31-9aa3-2737ce9492bd,2,55.48333333,Group Stage,False,Brazil,Cameroon,0,False,Saved,0,0.204735613,0.2922818373,0.204735613,0.204735613,False,1,0,0,0,0.04640160755,psxg_plus_nonclutch_state_residual,ordinary_or_regular_penalty,,,,,,,,,,,,
3857280,2018,a638d5f3-6820-4295-80f9-51ce1021ac4e,2,56.25,Group Stage,False,Brazil,Cameroon,0,False,Saved,0,0.1986461625,0.2934389789,0.1986461625,0.1986461625,False,1,0,0,0,0.04598616315,psxg_plus_nonclutch_state_residual,ordinary_or_regular_penalty,,,,,,,,,,,,
3857280,2041,620c38af-7953-47a7-8b22-948783027911,2,57.25,Group Stage,False,Brazil,Cameroon,0,False,Saved,0,0.1967917677,0.2950191874,0.1967917677,0.1967917677,False,1,0,0,0,0.04686195481,psxg_plus_nonclutch_state_residual,ordinary_or_regular_penalty,,,,,,,,,,,,
3857280,2757,a6fdb4af-303e-4e8f-9a34-0bd2a5d80d5f,2,77.68333333,Group Stage,False,Cameroon,Brazil,0,False,Saved,0,0.136706987,0.3249278823,0.136706987,0.136706987,True,1.921739779,0.1008066144,0.02520165361,0.126008268,0,psxg_plus_clutch_residual,ordinary_or_regular_penalty,,,,,,,,,,,,
3857280,3132,2633fa3b-4b17-4b48-a9b4-498388b73b59,2,91.8,Group Stage,False,Cameroon,Brazil,0,False,Goal,1,0.2448230222,0.3333333333,0.2448230222,-0.7551769778,True,1.9375,0,0,0,-0.3012594025,psxg_plus_nonclutch_state_residual,ordinary_or_regular_penalty,,,,,,,,,,,,
3857280,3220,03407139-17ee-4388-8f34-b96cb31838a8,2,96.26666667,Group Stage,False,Brazil,Cameroon,1,False,Saved,0,0.4852358388,0.6666666667,0.4852358388,0.4852358388,True,2.5625,0.6065447985,0.1516361996,0.7581809981,0,psxg_plus_clutch_residual,ordinary_or_regular_penalty,,,,,,,,,,,,
3857281,64,0cca8b6c-e7eb-4dd9-99a7-8a557686cb90,1,1.133333333,Group Stage,False,Canada,Croatia,0,False,Goal,1,0.1847646831,0.2226564554,0.1847646831,-0.8152353169,False,1,0,0,0,-0,psxg_plus_nonclutch_state_residual,ordinary_or_regular_penalty,,,,,,,,,,,,
3857281,923,e823ad07-c3bc-4381-ba75-91912727a627,1,21.53333333,Group Stage,False,Croatia,Canada,1,False,Saved,0,0.7184906975,0.2745269313,0.7184906975,0.7184906975,False,1,0,0,0,0.1093027163,psxg_plus_nonclutch_state_residual,ordinary_or_regular_penalty,,,,,,,,,,,,
3857281,1465,4c5921b6-75fd-440a-b14f-13345739ef56,1,34.86666667,Group Stage,False,Croatia,Canada,1,False,Saved,0,0.2388689222,0.3044675155,0.2388689222,0.2388689222,False,1,0,0,0,0.06635352835,psxg_plus_nonclutch_state_residual,ordinary_or_regular_penalty,,,,,,,,,,,,
3857281,1494,a542a434-0c60-49bd-b185-58fe80506670,1,35.88333333,Group Stage,False,Croatia,Canada,1,False,Goal,1,0.3357562459,0.3071128013,0.3357562459,-0.6642437541,False,1,0,0,0,-0.1918892913,psxg_plus_nonclutch_state_residual,ordinary_or_regular_penalty,,,,,,,,,,,,
3857281,1702,edaf6854-5d65-4194-89b9-a5bb23273915,1,43.53333333,Group Stage,False,Croatia,Canada,0,False,Goal,1,0.2362542371,0.2739505328,0.2362542371,-0.7637457629,False,1,0,0,0,-0.1143397759,psxg_plus_nonclutch_state_residual,ordinary_or_regular_penalty,,,,,,,,,,,,
3857281,2338,39f5f94d-887f-4684-b128-00ad3bc29d58,2,53.73333333,Group Stage,False,Croatia,Canada,-1,False,Saved,0,0.4937007817,0.1069201922,0.4937007817,0.4937007817,False,1,0,0,0,0,psxg_plus_nonclutch_state_residual,ordinary_or_regular_penalty,,,,,,,,,,,,
3857281,2384,abb0663d-e9fc-4795-99c3-a2d32663e9e4,2,55.28333333,Group Stage,False,Canada,Croatia,1,False,Saved,0,0.2764286748,0.374319771,0.2764286748,0.2764286748,False,1,0,0,0,0.1578232177,psxg_plus_nonclutch_state_residual,ordinary_or_regular_penalty,,,,,,,,,,,,
3857281,2925,34382857-95ed-4b41-8b3b-0b372664bf39,2,69.6,Group Stage,False,Croatia,Canada,-1,False,Goal,1,0.2368323239,0.07522715846,0.2368323239,-0.7631676761,False,1,0,0,0,-0,psxg_plus_nonclutch_state_residual,ordinary_or_regular_penalty,,,,,,,,,,,,
3857281,3154,4d807f3d-c4b5-46f5-b084-dfe743faa70a,2,77.83333333,Group Stage,False,Croatia,Canada,-2,False,Saved,0,0.08239072751,0.004348129735,0.08239072751,0.08239072751,True,1.256522195,0.02113505024,0,0.02113505024,0,psxg_plus_clutch_residual,ordinary_or_regular_penalty,,,,,,,,,,,,
3857281,3160,2c4ef280-deb7-4c7b-8e0d-35898a49cd3e,2,77.88333333,Group Stage,False,Croatia,Canada,-2,False,Saved,0,0.6356277928,0.004306027592,0.6356277928,0.6356277928,True,1.256459041,0.1630124944,0,0.1630124944,0,psxg_plus_clutch_residual,ordinary_or_regular_penalty,,,,,,,,,,,,
3857281,3517,9e3c349a-de05-4c11-bf45-5242316b2454,2,89.36666667,Group Stage,False,Croatia,Canada,-2,False,Saved,0,0.1907887236,1.333908859e-05,0.1907887236,0.1907887236,True,1.250020009,0.04770099833,0,0.04770099833,0,psxg_plus_clutch_residual,ordinary_or_regular_penalty,,,,,,,,,,,,
3857281,3670,9ce41f6d-4a9a-45d2-891d-d3f49b2da451,2,93.43333333,Group Stage,False,Croatia,Canada,-2,False,Goal,1,0.9565076459,0,0.9565076459,-0.04349235411,True,1.25,0,0,0,-0,psxg_plus_nonclutch_state_residual,ordinary_or_regular_penalty,,,,,,,,,,,,
3857282,1416,0592b60f-7f9f-446d-ae00-42abec2f64f1,1,35.2,Group Stage,False,United States,Wales,0,False,Goal,1,0.3556890628,0.2621201584,0.3556890628,-0.6443109372,False,1,0,0,0,-0.06446960554,psxg_plus_nonclutch_state_residual,ordinary_or_regular_penalty,,,,,,,,,,,,
3857282,2656,3ed6ac35-deeb-496e-8196-1f46217c3171,2,63.9,Group Stage,False,Wales,United States,1,False,Saved,0,0.3577525875,0.4181251923,0.3577525875,0.3577525875,False,1,0,0,0,0.2700238049,psxg_plus_nonclutch_state_residual,ordinary_or_regular_penalty,,,,,,,,,,,,
3857282,3119,a11b0dd8-d028-437a-90ce-0287f697ac55,2,81.55,Group Stage,False,Wales,United States,1,True,Goal,1,,0.5593263209,,,True,2.361236852,0,0,0,0,regular_penalty,ordinary_or_regular_penalty,,,,,,,,,,,,
3857282,3297,fcde792c-c2cb-43b8-9240-7815f5e252f9,2,88.6,Group Stage,False,Wales,United States,0,False,Saved,0,0.1602808677,0.3331913668,0.1602808677,0.1602808677,True,1.937233813,0.120176519,0.03004412974,0.1502206487,0,psxg_plus_clutch_residual,ordinary_or_regular_penalty,,,,,,,,,,,,
3857283,227,16191680-1251-4322-8d08-a3c82c9c1d9d,1,4.8,Group Stage,False,Belgium,Morocco,0,False,Saved,0,0.2823383825,0.2262573473,0.2823383825,0.2823383825,False,1,0,0,0,0,psxg_plus_nonclutch_state_residual,ordinary_or_regular_penalty,,,,,,,,,,,,
3857283,680,82501a0a-1d39-42bd-8b8a-847d7e85dcb4,1,18.43333333,Group Stage,False,Belgium,Morocco,0,False,Saved,0,0.151089563,0.2408714139,0.151089563,0.151089563,False,1,0,0,0,0.001644388772,psxg_plus_nonclutch_state_residual,ordinary_or_regular_penalty,,,,,,,,,,,,
3857283,1998,597841d0-0851-44f4-bfb0-a2b48076b026,2,49.75,Group Stage,False,Morocco,Belgium,0,False,Saved,0,0.1847225772,0.2833291267,0.1847225772,0.1847225772,False,1,0,0,0,0.034925327,psxg_plus_nonclutch_state_residual,ordinary_or_regular_penalty,,,,,,,,,,,,
3857283,2075,899e757d-7040-4cbc-9999-0f94ee7d48e3,2,51.13333333,Group Stage,False,Belgium,Morocco,0,False,Saved,0,0.1186380454,0.2854954595,0.1186380454,0.1186380454,False,1,0,0,0,0.02350939705,psxg_plus_nonclutch_state_residual,ordinary_or_regular_penalty,,,,,,,,,,,,
3857283,2715,dfce2641-34c0-414d-867e-cb1f003962a1,2,64.66666667,Group Stage,False,Belgium,Morocco,0,False,Saved,0,0.1756819202,0.3066698766,0.1756819202,0.1756819202,False,1,0,0,0,0.0504251016,psxg_plus_nonclutch_state_residual,ordinary_or_regular_penalty,,,,,,,,,,,,
3857283,2933,b6a989d8-2507-4df8-aaf0-1ff4c094590a,2,72.61666667,Group Stage,False,Morocco,Belgium,0,False,Goal,1,0.7516345087,0.3183709455,0.7516345087,-0.2483654913,False,1,0,0,0,-0.08348353081,psxg_plus_nonclutch_state_residual,ordinary_or_regular_penalty,,,,,,,,,,,,
3857283,3526,7dc143c8-2c30-4d5e-b227-682e509874b1,2,90,Group Stage,False,Morocco,Belgium,-1,False,Saved,0,0.1732121351,0,0.1732121351,0.1732121351,True,1.25,0.04330303378,0,0.04330303378,0,psxg_plus_clutch_residual,ordinary_or_regular_penalty,,,,,,,,,,,,
3857283,3565,517c2f9b-2447-4745-8735-2e502ced8c9a,2,91.85,Group Stage,False,Morocco,Belgium,-1,False,Goal,1,0.3183528901,0,0.3183528901,-0.6816471099,True,1.25,0,0,0,-0,psxg_plus_nonclutch_state_residual,ordinary_or_regular_penalty,,,,,,,,,,,,
3857284,827,56cf94b2-8ef0-4d98-a051-353ba06a7ecc,1,19.81666667,Group Stage,False,Germany,Japan,0,False,Saved,0,0.2222252155,0.2425099309,0.2222252155,0.2222252155,False,1,0,0,0,0.003946725633,psxg_plus_nonclutch_state_residual,ordinary_or_regular_penalty,,,,,,,,,,,,
3857284,1118,127912cf-2ecc-43fa-a2f7-5ab3199f5c4d,1,27.51666667,Group Stage,False,Germany,Japan,0,False,Saved,0,0.1843287705,0.2519297589,0.1843287705,0.1843287705,False,1,0,0,0,0.01056073733,psxg_plus_nonclutch_state_residual,ordinary_or_regular_penalty,,,,,,,,,,,,
3857284,1260,c18ab9c8-d37e-4194-a90a-f06274614fce,1,32.58333333,Group Stage,False,Germany,Japan,0,True,Goal,1,,0.2585777894,,,False,1,0,0,0,0,regular_penalty,ordinary_or_regular_penalty,,,,,,,,,,,,
3857284,1600,d96f5947-c4e7-4d0f-95d7-cb4c0dfa6dfe,1,40.61666667,Group Stage,False,Germany,Japan,-1,False,Saved,0,0.1380800649,0.1224853579,0.1380800649,0.1380800649,False,1,0,0,0,0,psxg_plus_nonclutch_state_residual,ordinary_or_regular_penalty,,,,,,,,,,,,
3857284,1946,b5d15296-4743-46da-b0b2-690196350004,1,48.55,Group Stage,False,Germany,Japan,-1,False,Saved,0,0.2144939348,0.1140437389,0.2144939348,0.2144939348,False,1,0,0,0,0,psxg_plus_nonclutch_state_residual,ordinary_or_regular_penalty,,,,,,,,,,,,
3857284,2922,522174e3-990f-4878-849d-24499f66c499,2,69.76666667,Group Stage,False,Germany,Japan,-1,False,Saved,0,0.5419298422,0.07470324838,0.5419298422,0.5419298422,False,1,0,0,0,0,psxg_plus_nonclutch_state_residual,ordinary_or_regular_penalty,,,,,,,,,,,,
3857284,2933,deecac76-83d8-4183-bc1a-f3a1f8754f98,2,69.85,Group Stage,False,Germany,Japan,-1,False,Saved,0,0.1722867316,0.07452782603,0.1722867316,0.1722867316,False,1,0,0,0,0,psxg_plus_nonclutch_state_residual,ordinary_or_regular_penalty,,,,,,,,,,,,
3857284,2942,f9a875b9-469c-4fd6-aa1d-5daf58f2fb5d,2,70.03333333,Group Stage,False,Germany,Japan,-1,False,Saved,0,0.3296380103,0.07399919138,0.3296380103,0.3296380103,False,1,0,0,0,0,psxg_plus_nonclutch_state_residual,ordinary_or_regular_penalty,,,,,,,,,,,,
3857284,2945,60937c94-36e7-4cc1-9041-1be1cc64f688,2,70.06666667,Group Stage,False,Germany,Japan,-1,False,Saved,0,0.1756806444,0.07399919138,0.1756806444,0.1756806444,False,1,0,0,0,0,psxg_plus_nonclutch_state_residual,ordinary_or_regular_penalty,,,,,,,,,,,,
3857284,3034,e8de340d-68cc-4d20-b80e-48a15c1757f6,2,72.65,Group Stage,False,Japan,Germany,1,False,Saved,0,0.1904637361,0.4774052844,0.1904637361,0.1904637361,False,1,0,0,0,0.1911424291,psxg_plus_nonclutch_state_residual,ordinary_or_regular_penalty,,,,,,,,,,,,
3857284,3116,2bf95ac5-c51d-4fb6-824b-6929b46425cb,2,74.75,Group Stage,False,Japan,Germany,1,False,Saved,0,0.1761038981,0.4942279047,0.1761038981,0.1761038981,False,1,0,0,0,0.1891644945,psxg_plus_nonclutch_state_residual,ordinary_or_regular_penalty,,,,,,,,,,,,
3857284,3119,d1212057-3deb-4def-adea-6624f38f7950,2,74.76666667,Group Stage,False,Japan,Germany,1,False,Goal,1,0.8273109477,0.4947913127,0.8273109477,-0.1726890523,False,1,0,0,0,-0.1859047124,psxg_plus_nonclutch_state_residual,ordinary_or_regular_penalty,,,,,,,,,,,,
3857284,3343,d71bc1d5-1501-4fe6-9ae8-a490371ee93e,2,82.7,Group Stage,False,Japan,Germany,0,False,Goal,1,0.08322017923,0.3300168156,0.08322017923,-0.9167798208,True,1.931281529,0,0,0,-0.3529665392,psxg_plus_nonclutch_state_residual,ordinary_or_regular_penalty,,,,,,,,,,,,
3857285,1111,c4b8f106-bc44-42a1-9c06-b1d8a4364777,1,32.85,Group Stage,False,Senegal,Netherlands,0,False,Saved,0,0.1244455187,0.2589370462,0.1244455187,0.1244455187,False,1,0,0,0,0.01078954606,psxg_plus_nonclutch_state_residual,ordinary_or_regular_penalty,,,,,,,,,,,,
3857285,2229,b18d6cd5-7dbd-4c02-abb4-ffd8b825b39c,2,64.66666667,Group Stage,False,Senegal,Netherlands,0,False,Saved,0,0.1702708751,0.3066698766,0.1702708751,0.1702708751,False,1,0,0,0,0.04887199642,psxg_plus_nonclutch_state_residual,ordinary_or_regular_penalty,,,,,,,,,,,,
3857285,2383,ba96f3ec-0c47-44fe-a71d-e9bdbd6dfc70,2,72.56666667,Group Stage,False,Senegal,Netherlands,0,False,Saved,0,0.2012007322,0.3183709455,0.2012007322,0.2012007322,False,1,0,0,0,0.06762995711,psxg_plus_nonclutch_state_residual,ordinary_or_regular_penalty,,,,,,,,,,,,
3857285,2720,597f7130-1c91-48bd-9723-52b0b2913977,2,83.83333333,Group Stage,False,Netherlands,Senegal,0,False,Goal,1,0.4257940429,0.3309057144,0.4257940429,-0.5742059571,True,1.932948214,0,0,0,-0.2232153253,psxg_plus_nonclutch_state_residual,ordinary_or_regular_penalty,,,,,,,,,,,,
3857285,2766,d67ed7c2-cb3d-4eb9-907a-6c36d33952e0,2,85.85,Group Stage,False,Senegal,Netherlands,1,False,Saved,0,0.1420339362,0.6094775067,0.1420339362,0.1420339362,True,2.455270325,0.165358218,0.04133955451,0.2066977725,0,psxg_plus_clutch_residual,ordinary_or_regular_penalty,,,,,,,,,,,,
3857285,3096,37e3001d-d9fe-4fd9-9327-532a11e41521,2,98.26666667,Group Stage,False,Netherlands,Senegal,-1,False,Saved,0,0.2382621598,0,0.2382621598,0.2382621598,True,1.25,0.05956553995,0,0.05956553995,0,psxg_plus_clutch_residual,ordinary_or_regular_penalty,,,,,,,,,,,,
3857285,3099,24ed1e2b-5f30-476f-a7d7-9b21b03164bb,2,98.3,Group Stage,False,Netherlands,Senegal,-1,False,Goal,1,0.697717368,0,0.697717368,-0.302282632,True,1.25,0,0,0,-0,psxg_plus_nonclutch_state_residual,ordinary_or_regular_penalty,,,,,,,,,,,,
3857286,431,01154885-90ea-4577-9c0d-9bf97721a323,1,15.81666667,Group Stage,False,Ecuador,Qatar,0,True,Goal,1,,0.2378936083,,,False,1,0,0,0,0,regular_penalty,ordinary_or_regular_penalty,,,,,,,,,,,,
3857286,922,c3624e59-7177-4509-a421-e1eb8ce13f88,1,30.73333333,Group Stage,False,Ecuador,Qatar,-1,False,Goal,1,0.2900545712,0.1299467454,0.2900545712,-0.7099454288,False,1,0,0,0,-0,psxg_plus_nonclutch_state_residual,ordinary_or_regular_penalty,,,,,,,,,,,,
3857286,1970,72561b5a-31fa-4104-b454-0e964f411b64,2,54.76666667,Group Stage,False,Ecuador,Qatar,-2,False,Saved,0,0.2289998509,0.02369071121,0.2289998509,0.2289998509,False,1,0,0,0,0,psxg_plus_nonclutch_state_residual,ordinary_or_regular_penalty,,,,,,,,,,,,
3857287,389,5628fb42-180e-4756-8655-b0bffc7ba8f0,1,12.63333333,Group Stage,False,Uruguay,South Korea,0,False,Saved,0,0.2641614665,0.2344152651,0.2641614665,0.2641614665,False,1,0,0,0,0,psxg_plus_nonclutch_state_residual,ordinary_or_regular_penalty,,,,,,,,,,,,
3857288,856,9acf82e6-81b3-4f91-968f-024463cca298,1,22.83333333,Group Stage,False,Australia,Tunisia,0,False,Goal,1,0.2557931948,0.2461051656,0.2557931948,-0.7442068052,False,1,0,0,0,-0.02444602022,psxg_plus_nonclutch_state_residual,ordinary_or_regular_penalty,,,,,,,,,,,,
3857288,1333,49130d77-3496-41b2-b5c0-855d3f197d7d,1,43.06666667,Group Stage,False,Australia,Tunisia,-1,False,Saved,0,0.2481548952,0.1201757043,0.2481548952,0.2481548952,False,1,0,0,0,0,psxg_plus_nonclutch_state_residual,ordinary_or_regular_penalty,,,,,,,,,,,,
3857288,2622,ad2caade-93ae-4fc8-bc21-a1142c2107d7,2,71.36666667,Group Stage,False,Tunisia,Australia,1,False,Saved,0,0.231320794,0.4676807271,0.231320794,0.231320794,False,1,0,0,0,0.222704459,psxg_plus_nonclutch_state_residual,ordinary_or_regular_penalty,,,,,,,,,,,,
3857288,2645,d730c8b5-b5cc-4c4e-abc5-01e19adf9c13,2,71.83333333,Group Stage,False,Tunisia,Australia,1,False,Saved,0,0.1514348112,0.4712137751,0.1514348112,0.1514348112,False,1,0,0,0,0.1480394898,psxg_plus_nonclutch_state_residual,ordinary_or_regular_penalty,,,,,,,,,,,,
3857288,2918,61cf7eac-d6b7-4e16-a12b-bb40a6b3d717,2,83.21666667,Group Stage,False,Tunisia,Australia,1,False,Saved,0,0.2064687502,0.5779503398,0.2064687502,0.2064687502,True,2.396156887,0.230610214,0.0576525535,0.2882627675,0,psxg_plus_clutch_residual,ordinary_or_regular_penalty,,,,,,,,,,,,
3857288,3074,d7978250-dde0-4c0e-8d55-da044c7b4620,2,87.8,Group Stage,False,Tunisia,Australia,1,False,Saved,0,0.2976280056,0.6350701064,0.2976280056,0.2976280056,True,2.50325645,0.3579289752,0.08948224379,0.447411219,0,psxg_plus_clutch_residual,ordinary_or_regular_penalty,,,,,,,,,,,,
3857289,1370,386194e2-f332-4e3d-8962-7fddd86558c6,1,44.28333333,Group Stage,False,Mexico,Argentina,0,False,Saved,0,0.1713844418,0.2750392255,0.1713844418,0.1713844418,False,1,0,0,0,0.02644088521,psxg_plus_nonclutch_state_residual,ordinary_or_regular_penalty,,,,,,,,,,,,
3857289,2378,70e7f361-0036-4d20-a401-2e4afbd31e5a,2,63.53333333,Group Stage,False,Argentina,Mexico,0,False,Goal,1,0.1775814916,0.3049036747,0.1775814916,-0.8224185084,False,1,0,0,0,-0.2299586073,psxg_plus_nonclutch_state_residual,ordinary_or_regular_penalty,,,,,,,,,,,,
3857289,3073,459d3411-945a-436f-b6eb-f7701b89cff7,2,86.65,Group Stage,False,Argentina,Mexico,-1,False,Goal,1,0.1467616884,0.01585414201,0.1467616884,-0.8532383116,True,1.273781213,0,0,0,-0,psxg_plus_nonclutch_state_residual,ordinary_or_regular_penalty,,,,,,,,,,,,
3857290,429,273f2a3e-333d-45b6-98ea-40c887724938,1,9.6,Group Stage,False,Cameroon,Switzerland,0,False,Saved,0,0.2204251031,0.2311948337,0.2204251031,0.2204251031,False,1,0,0,0,0,psxg_plus_nonclutch_state_residual,ordinary_or_regular_penalty,,,,,,,,,,,,
3857290,1267,c16ca4fa-a630-423d-9594-9b5000b69427,1,29.11666667,Group Stage,False,Cameroon,Switzerland,0,False,Saved,0,0.1030754678,0.2539925757,0.1030754678,0.1030754678,False,1,0,0,0,0.006797839733,psxg_plus_nonclutch_state_residual,ordinary_or_regular_penalty,,,,,,,,,,,,
3857290,2016,ae517076-6842-4ef1-aafd-5315f6e5010c,2,47.55,Group Stage,False,Switzerland,Cameroon,0,False,Goal,1,0.8667920868,0.2799581975,0.8667920868,-0.1332079132,False,1,0,0,0,-0.02330099979,psxg_plus_nonclutch_state_residual,ordinary_or_regular_penalty,,,,,,,,,,,,
3857290,2047,f7c0ca0c-a7dd-48d2-ad85-a14d9d51a2ae,2,49.61666667,Group Stage,False,Cameroon,Switzerland,1,False,Saved,0,0.5787043984,0.3508413376,0.5787043984,0.5787043984,False,1,0,0,0,0.2733815487,psxg_plus_nonclutch_state_residual,ordinary_or_regular_penalty,,,,,,,,,,,,
3857290,2339,f0860137-a2b5-4c86-ba0f-9b717e4120a5,2,56.51666667,Group Stage,False,Cameroon,Switzerland,1,False,Saved,0,0.1237230899,0.3798098768,0.1237230899,0.1237230899,False,1,0,0,0,0.07348869944,psxg_plus_nonclutch_state_residual,ordinary_or_regular_penalty,,,,,,,,,,,,
3857290,2606,61248d26-7118-4d2c-b82d-442f3c5aa13a,2,65.43333333,Group Stage,False,Cameroon,Switzerland,1,False,Saved,0,0.2804832146,0.4273247434,0.2804832146,0.2804832146,False,1,0,0,0,0.2225316028,psxg_plus_nonclutch_state_residual,ordinary_or_regular_penalty,,,,,,,,,,,,
3857290,2614,eb094614-1ff9-4459-a420-23deadac917e,2,65.83333333,Group Stage,False,Switzerland,Cameroon,-1,False,Saved,0,0.41572635,0.08438231234,0.41572635,0.41572635,False,1,0,0,0,0,psxg_plus_nonclutch_state_residual,ordinary_or_regular_penalty,,,,,,,,,,,,
3857290,3268,98534730-90fb-429b-89c3-520ae8e5fbdd,2,88.03333333,Group Stage,False,Switzerland,Cameroon,-1,False,Saved,0,0.1779221023,0.009390396511,0.1779221023,0.1779221023,True,1.264085595,0.04698666421,0,0.04698666421,0,psxg_plus_clutch_residual,ordinary_or_regular_penalty,,,,,,,,,,,,
3857291,541,893c1dbd-46e9-4020-ab1a-a7d8deb3052d,1,10.86666667,Group Stage,False,Spain,Costa Rica,0,False,Goal,1,0.4363636364,0.2325416722,0.4363636364,-0.5636363636,False,1,0,0,0,-0,psxg_plus_nonclutch_state_residual,ordinary_or_regular_penalty,,,,,,,,,,,,
3857291,925,4b230dcf-b3cd-42eb-aa82-b73c0f958617,1,20.53333333,Group Stage,False,Spain,Costa Rica,-1,False,Goal,1,0.2727272727,0.1349201505,0.2727272727,-0.7272727273,False,1,0,0,0,-0,psxg_plus_nonclutch_state_residual,ordinary_or_regular_penalty,,,,,,,,,,,,
3857291,1315,9d452713-0955-4550-8b33-24a3f61a156a,1,30.15,Group Stage,False,Spain,Costa Rica,-2,True,Goal,1,,0.04500453004,,,False,1,0,0,0,0,regular_penalty,ordinary_or_regular_penalty,,,,,,,,,,,,
3857291,2690,50be89b1-5ffc-4c3e-bd91-aad991a0e275,2,53.68333333,Group Stage,False,Spain,Costa Rica,-3,False,Goal,1,0.2727272727,0.004077842754,0.2727272727,-0.7272727273,False,1,0,0,0,-0,psxg_plus_nonclutch_state_residual,ordinary_or_regular_penalty,,,,,,,,,,,,
3857291,3197,a46a4299-7032-438f-8a9b-1c741d1f1dce,2,69.05,Group Stage,False,Spain,Costa Rica,-4,False,Saved,0,0.2727272727,8.176075826e-05,0.2727272727,0.2727272727,False,1,0,0,0,0,psxg_plus_nonclutch_state_residual,ordinary_or_regular_penalty,,,,,,,,,,,,
3857291,3426,82066543-74f5-45b6-a293-877eaa14038d,2,73.98333333,Group Stage,False,Spain,Costa Rica,-4,False,Goal,1,0.2222222222,3.113172579e-05,0.2222222222,-0.7777777778,False,1,0,0,0,-0,psxg_plus_nonclutch_state_residual,ordinary_or_regular_penalty,,,,,,,,,,,,
3857291,4028,ca82e8dd-4c1e-48c7-af8a-69d3a005a3f4,2,89.18333333,Group Stage,False,Spain,Costa Rica,-5,False,Goal,1,0.4363636364,6.775241684e-13,0.4363636364,-0.5636363636,True,1.25,0,0,0,-0,psxg_plus_nonclutch_state_residual,ordinary_or_regular_penalty,,,,,,,,,,,,
3857291,4138,4257ad0a-57eb-4e8e-9069-23e8bae6a1e9,2,91.95,Group Stage,False,Spain,Costa Rica,-6,False,Goal,1,0.4363636364,0,0.4363636364,-0.5636363636,True,1.25,0,0,0,-0,psxg_plus_nonclutch_state_residual,ordinary_or_regular_penalty,,,,,,,,,,,,
3857292,66,1ae78527-44c9-462c-b6c2-f2c404de276b,1,1.816666667,Group Stage,False,Germany,Costa Rica,0,False,Saved,0,0.1687893288,0.2233005002,0.1687893288,0.1687893288,False,1,0,0,0,0,psxg_plus_nonclutch_state_residual,ordinary_or_regular_penalty,,,,,,,,,,,,
3857292,335,dfa2c073-d0a6-4210-a1c2-ee150cb031c3,1,9.516666667,Group Stage,False,Germany,Costa Rica,0,False,Goal,1,0.3022433694,0.2310541459,0.3022433694,-0.6977566306,False,1,0,0,0,-0,psxg_plus_nonclutch_state_residual,ordinary_or_regular_penalty,,,,,,,,,,,,
3857292,536,49104ff9-caab-401d-a095-663dbefd8ed0,1,13.93333333,Group Stage,False,Germany,Costa Rica,-1,False,Saved,0,0.2946817613,0.1370639913,0.2946817613,0.2946817613,False,1,0,0,0,0,psxg_plus_nonclutch_state_residual,ordinary_or_regular_penalty,,,,,,,,,,,,
3857292,1420,805ceac3-7f82-4f65-a472-a77dc0af4c1f,1,34.05,Group Stage,False,Germany,Costa Rica,-1,False,Saved,0,0.1244346643,0.1277580835,0.1244346643,0.1244346643,False,1,0,0,0,0,psxg_plus_nonclutch_state_residual,ordinary_or_regular_penalty,,,,,,,,,,,,
3857292,1793,fd2700f8-654b-46a8-b02f-4f2fef7c2311,1,41.93333333,Group Stage,False,Costa Rica,Germany,1,False,Saved,0,0.143174947,0.3244225632,0.143174947,0.143174947,False,1,0,0,0,0.05176190293,psxg_plus_nonclutch_state_residual,ordinary_or_regular_penalty,,,,,,,,,,,,
3857292,2295,dabd4c5d-16d4-4a5f-9bb0-729dc6b66984,2,51.48333333,Group Stage,False,Costa Rica,Germany,1,False,Saved,0,0.144640604,0.3581579484,0.144640604,0.144640604,False,1,0,0,0,0.07276997964,psxg_plus_nonclutch_state_residual,ordinary_or_regular_penalty,,,,,,,,,,,,
3857292,2533,055a53fb-b5e1-4c23-b2dd-42f1399d5e3a,2,57.63333333,Group Stage,False,Costa Rica,Germany,1,False,Saved,0,0.2578706114,0.385179602,0.2578706114,0.2578706114,False,1,0,0,0,0.1589805267,psxg_plus_nonclutch_state_residual,ordinary_or_regular_penalty,,,,,,,,,,,,
3857292,2536,0f50a039-09dc-452b-aca2-543393201e24,2,57.65,Group Stage,False,Costa Rica,Germany,1,False,Goal,1,0.7601546489,0.385179602,0.7601546489,-0.2398453511,False,1,0,0,0,-0.1478677234,psxg_plus_nonclutch_state_residual,ordinary_or_regular_penalty,,,,,,,,,,,,
3857292,2829,f34140d6-7990-45d4-8b8a-8a12624f8616,2,69.1,Group Stage,False,Costa Rica,Germany,0,False,Saved,0,0.5389229053,0.3133710008,0.5389229053,0.5389229053,False,1,0,0,0,0.1698405367,psxg_plus_nonclutch_state_residual,ordinary_or_regular_penalty,,,,,,,,,,,,
3857292,2895,d03c0663-2128-47f5-b6ac-e2b29c6b6e2a,2,72.06666667,Group Stage,False,Germany,Costa Rica,1,False,Goal,1,0.7570249165,0.472745528,0.7570249165,-0.2429750835,False,1,0,0,0,-0.2390892837,psxg_plus_nonclutch_state_residual,ordinary_or_regular_penalty,,,,,,,,,,,,
3857292,2986,7b40a901-b95b-4b1b-b118-41a9f08a8f2c,2,75.3,Group Stage,False,Germany,Costa Rica,0,False,Saved,0,0.5884730981,0.3220448614,0.5884730981,0.5884730981,True,1.916334115,0.4313903805,0.1078475951,0.5392379756,0,psxg_plus_clutch_residual,ordinary_or_regular_penalty,,,,,,,,,,,,
3857292,3274,02c29470-d751-4a39-b438-d7f2d1de3f23,2,84.03333333,Group Stage,False,Germany,Costa Rica,0,False,Goal,1,0.5810457684,0.3310505111,0.5810457684,-0.4189542316,True,1.933219708,0,0,0,-0.1631177645,psxg_plus_nonclutch_state_residual,ordinary_or_regular_penalty,,,,,,,,,,,,
3857292,3302,9ad23384-ef5e-4fa5-95c8-08682dcae51c,2,85.35,Group Stage,False,Germany,Costa Rica,-1,False,Saved,0,0.1704787163,0.02146763058,0.1704787163,0.1704787163,True,1.282201446,0.04810934024,0,0.04810934024,0,psxg_plus_clutch_residual,ordinary_or_regular_penalty,,,,,,,,,,,,
3857292,3305,1ded8989-6b70-46d5-9da4-808a6fc26f1b,2,85.38333333,Group Stage,False,Germany,Costa Rica,-1,False,Saved,0,0.2966643654,0.02146763058,0.2966643654,0.2966643654,True,1.282201446,0.08371911286,0,0.08371911286,0,psxg_plus_clutch_residual,ordinary_or_regular_penalty,,,,,,,,,,,,
3857292,3445,6c6e16bb-f504-4982-a836-0ad9fc0104a6,2,88.21666667,Group Stage,False,Germany,Costa Rica,-1,False,Goal,1,0.8387603195,0.008760279339,0.8387603195,-0.1612396805,True,1.263140419,0,0,0,-0,psxg_plus_nonclutch_state_residual,ordinary_or_regular_penalty,,,,,,,,,,,,
3857292,3857,72216d72-5229-41b2-9198-4e5a343eb78a,2,99.43333333,Group Stage,False,Germany,Costa Rica,-2,False,Saved,0,0.2546487994,0,0.2546487994,0.2546487994,True,1.25,0.06366219985,0,0.06366219985,0,psxg_plus_clutch_residual,ordinary_or_regular_penalty,,,,,,,,,,,,
3857293,624,fd9914e2-818e-4ec3-a50f-eed48b555d6c,1,15,Group Stage,False,Ghana,Uruguay,0,False,Saved,0,0.1788392383,0.2369941768,0.1788392383,0.1788392383,False,1,0,0,0,0,psxg_plus_nonclutch_state_residual,ordinary_or_regular_penalty,,,,,,,,,,,,
3857293,632,df394e83-9c10-4bf0-a601-ae219d001867,1,20.2,Group Stage,False,Ghana,Uruguay,0,True,Saved,0,,0.2429826403,,,False,1,0,0,0,0,regular_penalty,ordinary_or_regular_penalty,,,,,,,,,,,,
3857293,802,33bcc988-17fa-40f3-beee-de011786a584,1,25.46666667,Group Stage,False,Uruguay,Ghana,0,False,Saved,0,0.4219631955,0.2493151512,0.4219631955,0.4219631955,False,1,0,0,0,0.01954534217,psxg_plus_nonclutch_state_residual,ordinary_or_regular_penalty,,,,,,,,,,,,
3857293,805,19a225eb-4436-4a53-a354-3b40dfa6ca31,1,25.5,Group Stage,False,Uruguay,Ghana,0,False,Goal,1,0.9182611168,0.2493986185,0.9182611168,-0.08173888317,False,1,0,0,0,-0.003814779021,psxg_plus_nonclutch_state_residual,ordinary_or_regular_penalty,,,,,,,,,,,,
3857293,950,183d8cd9-160e-4670-b300-0bddca8c9624,1,31.03333333,Group Stage,False,Uruguay,Ghana,-1,False,Goal,1,0.357455183,0.1297416142,0.357455183,-0.642544817,False,1,0,0,0,-0,psxg_plus_nonclutch_state_residual,ordinary_or_regular_penalty,,,,,,,,,,,,
3857293,2551,fc2eb5bf-dd9e-4bef-bf41-8da98599fcfb,2,69.5,Group Stage,False,Uruguay,Ghana,-2,False,Saved,0,0.1657534587,0.01049699851,0.1657534587,0.1657534587,False,1,0,0,0,0,psxg_plus_nonclutch_state_residual,ordinary_or_regular_penalty,,,,,,,,,,,,
3857293,2975,d7ad833f-d36c-496c-a01a-9ca4deca763f,2,80.83333333,Group Stage,False,Ghana,Uruguay,2,False,Saved,0,0.211866728,0.07249075948,0.211866728,0.211866728,True,1.358736139,0.07600425203,0,0.07600425203,0,psxg_plus_clutch_residual,ordinary_or_regular_penalty,,,,,,,,,,,,
3857293,3371,3c8dc524-b91f-4e16-984d-e2e52ab801aa,2,94.3,Group Stage,False,Uruguay,Ghana,-2,False,Saved,0,0.1452865881,0,0.1452865881,0.1452865881,True,1.25,0.03632164703,0,0.03632164703,0,psxg_plus_clutch_residual,ordinary_or_regular_penalty,,,,,,,,,,,,
3857293,3393,e55dceaf-a963-4dfa-b39b-9f0b5cf29a0c,2,95.3,Group Stage,False,Ghana,Uruguay,2,False,Saved,0,0.2091610944,0,0.2091610944,0.2091610944,True,1.25,0.0522902736,0,0.0522902736,0,psxg_plus_clutch_residual,ordinary_or_regular_penalty,,,,,,,,,,,,
3857293,3490,7c01881a-3661-43f9-8958-467bc8901bef,2,99.5,Group Stage,False,Uruguay,Ghana,-2,False,Saved,0,0.1649957159,0,0.1649957159,0.1649957159,True,1.25,0.04124892898,0,0.04124892898,0,psxg_plus_clutch_residual,ordinary_or_regular_penalty,,,,,,,,,,,,
3857294,155,2c714385-0957-490d-9897-f4b2c1118251,1,2.733333333,Group Stage,False,Qatar,Netherlands,0,False,Saved,0,0.156316635,0.2242100567,0.156316635,0.156316635,False,1,0,0,0,0,psxg_plus_nonclutch_state_residual,ordinary_or_regular_penalty,,,,,,,,,,,,
3857294,197,da59dcb2-78b9-4345-a2d1-0600308afc18,1,3.333333333,Group Stage,False,Netherlands,Qatar,0,False,Saved,0,0.244607537,0.2247996793,0.244607537,0.244607537,False,1,0,0,0,0,psxg_plus_nonclutch_state_residual,ordinary_or_regular_penalty,,,,,,,,,,,,
3857294,1044,076bfa17-336a-42b8-a6ac-731a4de8dee6,1,25.91666667,Group Stage,False,Netherlands,Qatar,0,False,Goal,1,0.2351350626,0.2499006452,0.2351350626,-0.7648649374,False,1,0,0,0,-0.03730797282,psxg_plus_nonclutch_state_residual,ordinary_or_regular_penalty,,,,,,,,,,,,
3857294,1115,a1e65121-9acb-47ff-95ae-6f38119b8886,1,28.51666667,Group Stage,False,Qatar,Netherlands,1,False,Saved,0,0.1506241251,0.2890752179,0.1506241251,0.1506241251,False,1,0,0,0,0.03211067419,psxg_plus_nonclutch_state_residual,ordinary_or_regular_penalty,,,,,,,,,,,,
3857294,2247,a6342f55-2f69-448e-ab69-4bd9c006fda0,2,48.88333333,Group Stage,False,Netherlands,Qatar,-1,False,Saved,0,0.3371199315,0.1136271528,0.3371199315,0.3371199315,False,1,0,0,0,0,psxg_plus_nonclutch_state_residual,ordinary_or_regular_penalty,,,,,,,,,,,,
3857294,2250,2c822162-de00-4f8e-bf2a-a3487dcd8e72,2,48.91666667,Group Stage,False,Netherlands,Qatar,-1,False,Goal,1,0.9366576325,0.1135432099,0.9366576325,-0.06334236753,False,1,0,0,0,-0,psxg_plus_nonclutch_state_residual,ordinary_or_regular_penalty,,,,,,,,,,,,
3857294,3332,89e414f2-6daa-4ae2-aa51-b4a7e24bfcae,2,76.2,Group Stage,False,Qatar,Netherlands,2,False,Saved,0,0.1366577754,0.09765388502,0.1366577754,0.1366577754,True,1.396480828,0.05418218788,0,0.05418218788,0,psxg_plus_clutch_residual,ordinary_or_regular_penalty,,,,,,,,,,,,
3857295,2112,94534163-21ab-4b88-ae9e-4338f4a44dc6,2,45.41666667,Group Stage,False,Japan,Costa Rica,0,False,Saved,0,0.199332739,0.2767332831,0.199332739,0.199332739,False,1,0,0,0,0.03216987089,psxg_plus_nonclutch_state_residual,ordinary_or_regular_penalty,,,,,,,,,,,,
3857295,2184,79a770c1-3ec1-4ea5-b834-9a58ed3b3843,2,47.21666667,Group Stage,False,Japan,Costa Rica,0,False,Saved,0,0.3090979928,0.2794513277,0.3090979928,0.3090979928,False,1,0,0,0,0.05341053189,psxg_plus_nonclutch_state_residual,ordinary_or_regular_penalty,,,,,,,,,,,,
3857295,3316,52d08b93-5f43-4a98-9710-a1441d063e98,2,80.13333333,Group Stage,False,Costa Rica,Japan,0,False,Goal,1,0.2708285871,0.3276518666,0.2708285871,-0.7291714129,True,1.92684725,0,0,0,-0.2734988661,psxg_plus_nonclutch_state_residual,ordinary_or_regular_penalty,,,,,,,,,,,,
3857295,3612,085c9b03-1324-4a89-9bfd-8a93f24bb907,2,87.8,Group Stage,False,Japan,Costa Rica,1,False,Saved,0,0.238592472,0.6350701064,0.238592472,0.238592472,True,2.50325645,0.2869325379,0.07173313447,0.3586656723,0,psxg_plus_clutch_residual,ordinary_or_regular_penalty,,,,,,,,,,,,
3857296,2286,d3eea860-3d7b-4234-aa28-b83d35f1f927,2,48.03333333,Group Stage,False,Belgium,Croatia,0,False,Saved,0,0.3500529113,0.2806695882,0.3500529113,0.3500529113,False,1,0,0,0,0.06227706865,psxg_plus_nonclutch_state_residual,ordinary_or_regular_penalty,,,,,,,,,,,,
3857296,2343,7f4067cb-9208-4cae-81ec-961e8ffea634,2,49.25,Group Stage,False,Croatia,Belgium,0,False,Saved,0,0.1922448874,0.282610524,0.1922448874,0.1922448874,False,1,0,0,0,0.03576778823,psxg_plus_nonclutch_state_residual,ordinary_or_regular_penalty,,,,,,,,,,,,
3857296,2508,51790588-987a-4e63-b965-b90098c5ebb9,2,53.13333333,Group Stage,False,Croatia,Belgium,0,False,Saved,0,0.2621966932,0.2886145346,0.2621966932,0.2621966932,False,1,0,0,0,0.05538924878,psxg_plus_nonclutch_state_residual,ordinary_or_regular_penalty,,,,,,,,,,,,
3857296,2543,41a28fd2-7a6d-4d11-ab36-662edf29c124,2,53.7,Group Stage,False,Croatia,Belgium,0,False,Saved,0,0.2257364361,0.2894504347,0.2257364361,0.2257364361,False,1,0,0,0,0.04847889487,psxg_plus_nonclutch_state_residual,ordinary_or_regular_penalty,,,,,,,,,,,,
3857296,3104,e9af7197-0724-4ef3-b17e-07da8e6cac98,2,67.15,Group Stage,False,Croatia,Belgium,0,False,Saved,0,0.1732749611,0.3104637581,0.1732749611,0.1732749611,False,1,0,0,0,0.05249314082,psxg_plus_nonclutch_state_residual,ordinary_or_regular_penalty,,,,,,,,,,,,
3857296,3145,e96a5916-d1e2-4b7d-9a7f-b103be833574,2,68.18333333,Group Stage,False,Belgium,Croatia,0,False,Saved,0,0.1217387866,0.311976143,0.1217387866,0.1217387866,False,1,0,0,0,0.03765310137,psxg_plus_nonclutch_state_residual,ordinary_or_regular_penalty,,,,,,,,,,,,
3857296,3959,5078e0df-5e43-4742-956a-45fd5c985eaf,2,89.68333333,Group Stage,False,Belgium,Croatia,0,False,Saved,0,0.8614100661,0.3333250691,0.8614100661,0.8614100661,True,1.937484505,0.6460468712,0.1615117178,0.8075585891,0,psxg_plus_clutch_residual,ordinary_or_regular_penalty,,,,,,,,,,,,
3857297,425,2be63b79-06c8-46a1-8688-d5257673d4d9,1,12.28333333,Group Stage,False,Saudi Arabia,Poland,0,False,Saved,0,0.2119095668,0.2340521916,0.2119095668,0.2119095668,False,1,0,0,0,0,psxg_plus_nonclutch_state_residual,ordinary_or_regular_penalty,,,,,,,,,,,,
3857297,1237,dedac82e-b225-46ac-bbb5-e189d1cfb20e,1,38.95,Group Stage,False,Poland,Saudi Arabia,0,False,Goal,1,0.4339590403,0.2673587944,0.4339590403,-0.5660409597,False,1,0,0,0,-0.06908255807,psxg_plus_nonclutch_state_residual,ordinary_or_regular_penalty,,,,,,,,,,,,
3857297,1313,db50083a-907b-4263-beef-a07ac5b82161,1,45.58333333,Group Stage,False,Saudi Arabia,Poland,1,True,Saved,0,,0.3363818672,,,False,1,0,0,0,0,regular_penalty,ordinary_or_regular_penalty,,,,,,,,,,,,
3857297,1316,c024762d-1211-4eda-8380-7d09e7a96151,1,45.61666667,Group Stage,False,Saudi Arabia,Poland,1,False,Saved,0,0.606928399,0.3363818672,0.606928399,0.606928399,False,1,0,0,0,0.249884306,psxg_plus_nonclutch_state_residual,ordinary_or_regular_penalty,,,,,,,,,,,,
3857297,1876,9d027449-9a71-41d7-91a4-e9701df87106,2,54.56666667,Group Stage,False,Saudi Arabia,Poland,1,False,Saved,0,0.3004071362,0.3710597134,0.3004071362,0.3004071362,False,1,0,0,0,0.1674033059,psxg_plus_nonclutch_state_residual,ordinary_or_regular_penalty,,,,,,,,,,,,
3857297,2316,39f1b4e4-757e-4c37-b42d-b52826448257,2,68.48333333,Group Stage,False,Saudi Arabia,Poland,1,False,Saved,0,0.1409309582,0.4471761382,0.1409309582,0.1409309582,False,1,0,0,0,0.1235539449,psxg_plus_nonclutch_state_residual,ordinary_or_regular_penalty,,,,,,,,,,,,
3857297,2709,4b0734e0-f6e7-4ebf-9fa4-aff5230d417f,2,81.46666667,Group Stage,False,Poland,Saudi Arabia,-1,False,Goal,1,0.6040619244,0.03729599572,0.6040619244,-0.3959380756,True,1.305943994,0,0,0,-0,psxg_plus_nonclutch_state_residual,ordinary_or_regular_penalty,,,,,,,,,,,,
3857297,2958,0a75a101-5aa9-40ee-98a9-f25efa6b7757,2,89.46666667,Group Stage,False,Poland,Saudi Arabia,-2,False,Saved,0,0.5637708203,1.055356883e-05,0.5637708203,0.5637708203,True,1.25001583,0.1409516298,0,0.1409516298,0,psxg_plus_clutch_residual,ordinary_or_regular_penalty,,,,,,,,,,,,
3857298,441,53fc6356-37e6-43e8-a40f-190667081d88,1,9.45,Group Stage,False,Portugal,Ghana,0,False,Saved,0,0.5265692803,0.230983879,0.5265692803,0.5265692803,False,1,0,0,0,0,psxg_plus_nonclutch_state_residual,ordinary_or_regular_penalty,,,,,,,,,,,,
3857298,1589,4f2f7ef3-bb3a-4db0-b81f-daa03053d4ea,1,35.61666667,Group Stage,False,Portugal,Ghana,0,False,Saved,0,0.1485846034,0.2626729326,0.1485846034,0.1485846034,False,1,0,0,0,0.01521203848,psxg_plus_nonclutch_state_residual,ordinary_or_regular_penalty,,,,,,,,,,,,
3857298,2579,f539cd95-0c8f-4704-952b-e0a35bf7993e,2,64.33333333,Group Stage,False,Portugal,Ghana,0,True,Goal,1,,0.3061516476,,,False,1,0,0,0,0,regular_penalty,ordinary_or_regular_penalty,,,,,,,,,,,,
3857298,2837,023e13c1-0fce-4feb-8cfd-a61c9457390c,2,71.63333333,Group Stage,False,Ghana,Portugal,1,False,Saved,0,0.2000925389,0.4696926167,0.2000925389,0.2000925389,False,1,0,0,0,0.1943288789,psxg_plus_nonclutch_state_residual,ordinary_or_regular_penalty,,,,,,,,,,,,
3857298,2861,d16df27e-55c4-4cf9-9290-54e48d7f346a,2,72.18333333,Group Stage,False,Ghana,Portugal,1,False,Goal,1,0.80275938,0.4737726281,0.80275938,-0.19724062,False,1,0,0,0,-0.1949364402,psxg_plus_nonclutch_state_residual,ordinary_or_regular_penalty,,,,,,,,,,,,
3857298,3027,9e626aa5-58e5-48c8-afd9-6d8eb3596264,2,77.1,Group Stage,False,Portugal,Ghana,0,False,Goal,1,0.1923906811,0.3242122782,0.1923906811,-0.8076093189,True,1.920398022,0,0,0,-0.2912615012,psxg_plus_nonclutch_state_residual,ordinary_or_regular_penalty,,,,,,,,,,,,
3857298,3070,7ddc71ea-7fbb-426b-bc81-ad287bb99a3f,2,79.35,Group Stage,False,Portugal,Ghana,-1,False,Goal,1,0.2930030294,0.04523580343,0.2930030294,-0.7069969706,True,1.317853705,0,0,0,-0,psxg_plus_nonclutch_state_residual,ordinary_or_regular_penalty,,,,,,,,,,,,
3857298,3409,fc86a7b5-c283-400a-85c9-c61834a7f38a,2,88.46666667,Group Stage,False,Ghana,Portugal,2,False,Goal,1,0.4010266332,0.01473206814,0.4010266332,-0.5989733668,True,1.272098102,0,0,0,-0,psxg_plus_nonclutch_state_residual,ordinary_or_regular_penalty,,,,,,,,,,,,
3857299,783,5c00500d-0493-404e-93dc-b05b6beb88d6,1,23.71666667,Group Stage,False,Ghana,South Korea,0,False,Goal,1,0.7142857143,0.2471653845,0.7142857143,-0.2857142857,False,1,0,0,0,-0.01065655012,psxg_plus_nonclutch_state_residual,ordinary_or_regular_penalty,,,,,,,,,,,,
3857299,1147,0fcd16e1-49bb-45f6-9cd6-90db37fc3cdc,1,33.81666667,Group Stage,False,Ghana,South Korea,-1,False,Goal,1,0.4363636364,0.1279447448,0.4363636364,-0.5636363636,False,1,0,0,0,-0,psxg_plus_nonclutch_state_residual,ordinary_or_regular_penalty,,,,,,,,,,,,
3857299,2051,2ae2708d-eacc-4b5c-88b6-6af78a8fb7c5,2,52.05,Group Stage,False,South Korea,Ghana,2,False,Saved,0,0.4363636364,0.1614075432,0.4363636364,0.4363636364,False,1,0,0,0,0,psxg_plus_nonclutch_state_residual,ordinary_or_regular_penalty,,,,,,,,,,,,
3857299,2205,96265fa7-2689-4ba5-bfe3-781c93b4ee60,2,57.31666667,Group Stage,False,South Korea,Ghana,2,False,Goal,1,0.4363636364,0.1539578977,0.4363636364,-0.5636363636,False,1,0,0,0,-0,psxg_plus_nonclutch_state_residual,ordinary_or_regular_penalty,,,,,,,,,,,,
3857299,2277,2345dd7d-8990-4f6a-abaf-f93463247f7e,2,60.11666667,Group Stage,False,South Korea,Ghana,1,False,Goal,1,0.4363636364,0.3975281834,0.4363636364,-0.5636363636,False,1,0,0,0,-0.3766990452,psxg_plus_nonclutch_state_residual,ordinary_or_regular_penalty,,,,,,,,,,,,
3857299,2469,483f71ea-2bd4-4de1-8e0e-026bff459fb8,2,67.86666667,Group Stage,False,Ghana,South Korea,0,False,Goal,1,0.4363636364,0.3115745461,0.4363636364,-0.5636363636,False,1,0,0,0,-0.1733795019,psxg_plus_nonclutch_state_residual,ordinary_or_regular_penalty,,,,,,,,,,,,
3857299,2617,c9c496ca-6f87-41f1-8bfa-bffaf64a3b8e,2,74.56666667,Group Stage,False,South Korea,Ghana,1,False,Saved,0,0.1020408163,0.4931050889,0.1020408163,0.1020408163,False,1,0,0,0,0.1091277495,psxg_plus_nonclutch_state_residual,ordinary_or_regular_penalty,,,,,,,,,,,,
3857299,3055,471a0a82-25bc-4c8a-92f3-ac88f73ce9cf,2,90.88333333,Group Stage,False,South Korea,Ghana,1,False,Saved,0,0.4363636364,0.6666666667,0.4363636364,0.4363636364,True,2.5625,0.5454545455,0.1363636364,0.6818181818,0,psxg_plus_clutch_residual,ordinary_or_regular_penalty,,,,,,,,,,,,
3857299,3152,046008c5-c6f8-47b9-960d-3f434171d7c4,2,93.93333333,Group Stage,False,South Korea,Ghana,1,False,Saved,0,0.22,0.6666666667,0.22,0.22,True,2.5625,0.275,0.06875,0.34375,0,psxg_plus_clutch_residual,ordinary_or_regular_penalty,,,,,,,,,,,,
3857300,95,529aa3ea-3b3d-460c-8e1e-11620dd054e2,1,1.566666667,Group Stage,False,Argentina,Saudi Arabia,0,False,Saved,0,0.4363636364,0.2231067957,0.4363636364,0.4363636364,False,1,0,0,0,0,psxg_plus_nonclutch_state_residual,ordinary_or_regular_penalty,,,,,,,,,,,,
3857300,212,87e2e8be-e11d-43d6-b9fd-fab92bf1bfb1,1,9.25,Group Stage,False,Argentina,Saudi Arabia,0,True,Goal,1,,0.2307733863,,,False,1,0,0,0,0,regular_penalty,ordinary_or_regular_penalty,,,,,,,,,,,,
3857300,1803,0751ad88-9cbe-4424-8322-cbad542842b4,2,47.66666667,Group Stage,False,Saudi Arabia,Argentina,1,False,Goal,1,0.22,0.3436549908,0.22,-0.78,False,1,0,0,0,-0.3449497402,psxg_plus_nonclutch_state_residual,ordinary_or_regular_penalty,,,,,,,,,,,,
3857300,1958,07c658a2-5845-4b8b-b6e7-60206fdcac0d,2,52.73333333,Group Stage,False,Saudi Arabia,Argentina,0,False,Goal,1,0.22,0.2879886733,0.22,-0.78,False,1,0,0,0,-0.1627268391,psxg_plus_nonclutch_state_residual,ordinary_or_regular_penalty,,,,,,,,,,,,
3857300,2290,eb0b5b02-374c-4bae-8a81-c2bcdc7841e0,2,62.78333333,Group Stage,False,Argentina,Saudi Arabia,1,False,Saved,0,0.4363636364,0.4119890362,0.4363636364,0.4363636364,False,1,0,0,0,0.3181204301,psxg_plus_nonclutch_state_residual,ordinary_or_regular_penalty,,,,,,,,,,,,
3857300,2569,c9eff299-b8d3-4929-b625-8d918de42284,2,71.9,Group Stage,False,Argentina,Saudi Arabia,1,False,Saved,0,0,0.4717231777,0,0,False,1,0,0,0,0,psxg_plus_nonclutch_state_residual,ordinary_or_regular_penalty,,,,,,,,,,,,
3857300,2843,6cc65765-9ac9-4604-8875-6547b2ad14d4,2,83.51666667,Group Stage,False,Argentina,Saudi Arabia,1,False,Saved,0,0.4363636364,0.5810410573,0.4363636364,0.4363636364,True,2.401951982,0.489408692,0.122352173,0.611760865,0,psxg_plus_clutch_residual,ordinary_or_regular_penalty,,,,,,,,,,,,
3857300,3198,7c0424dd-72c7-4393-af7d-6ff52e56c608,2,100.05,Group Stage,False,Argentina,Saudi Arabia,1,False,Saved,0,0.4363636364,0.6666666667,0.4363636364,0.4363636364,True,2.5625,0.5454545455,0.1363636364,0.6818181818,0,psxg_plus_clutch_residual,ordinary_or_regular_penalty,,,,,,,,,,,,
3857301,670,ea827ccf-d981-4450-acf8-9536b9f2c1b7,1,15.36666667,Group Stage,False,Senegal,Qatar,0,False,Saved,0,0.1860189919,0.237442912,0.1860189919,0.1860189919,False,1,0,0,0,0,psxg_plus_nonclutch_state_residual,ordinary_or_regular_penalty,,,,,,,,,,,,
3857301,1406,727ba17a-7278-4fd0-b379-5978948143dc,1,40.33333333,Group Stage,False,Senegal,Qatar,0,False,Goal,1,0.3723384305,0.2692720401,0.3723384305,-0.6276615695,False,1,0,0,0,-0.08164284169,psxg_plus_nonclutch_state_residual,ordinary_or_regular_penalty,,,,,,,,,,,,
3857301,1921,9ab4eee5-bbfb-48f7-8d2a-5e72bc956222,2,47.85,Group Stage,False,Senegal,Qatar,-1,False,Goal,1,0.2449873054,0.1148614419,0.2449873054,-0.7550126946,False,1,0,0,0,-0,psxg_plus_nonclutch_state_residual,ordinary_or_regular_penalty,,,,,,,,,,,,
3857301,2487,abff7ac7-6180-4fa7-94b9-0c644380e9a9,2,62.2,Group Stage,False,Qatar,Senegal,2,False,Saved,0,0.4234478031,0.1445820813,0.4234478031,0.4234478031,False,1,0,0,0,0,psxg_plus_nonclutch_state_residual,ordinary_or_regular_penalty,,,,,,,,,,,,
3857301,2648,b4b5816e-90ab-4a35-9540-3934754b714c,2,66.35,Group Stage,False,Qatar,Senegal,2,False,Saved,0,0.3827849076,0.1342373855,0.3827849076,0.3827849076,False,1,0,0,0,0,psxg_plus_nonclutch_state_residual,ordinary_or_regular_penalty,,,,,,,,,,,,
3857301,2952,73de072f-23cd-4f38-89be-fd209c58b659,2,77.65,Group Stage,False,Qatar,Senegal,2,False,Goal,1,0.2822640476,0.09029466941,0.2822640476,-0.7177359524,True,1.385442004,0,0,0,-0,psxg_plus_nonclutch_state_residual,ordinary_or_regular_penalty,,,,,,,,,,,,
3857301,3084,a84dc163-7627-4553-900a-7720ce6b6099,2,83.1,Group Stage,False,Senegal,Qatar,-1,False,Goal,1,0.2255713149,0.03097825687,0.2255713149,-0.7744286851,True,1.296467385,0,0,0,-0,psxg_plus_nonclutch_state_residual,ordinary_or_regular_penalty,,,,,,,,,,,,
3869117,114,7320c2cf-86b3-40f2-a3a7-ff0a4b95a712,1,2.166666667,Round of 16,True,United States,Netherlands,0,False,Saved,0,0.4363636364,0.2334218328,0.4363636364,0.4363636364,False,1,0,0,0,0,psxg_plus_nonclutch_state_residual,ordinary_or_regular_penalty,,,,,,,,,,,,
3869117,371,05907c05-0a6c-4aa7-a62a-1f1a70bebba7,1,9.516666667,Round of 16,True,Netherlands,United States,0,False,Goal,1,0.2727272727,0.2423781477,0.2727272727,-0.7272727273,False,1,0,0,0,-0.01251415398,psxg_plus_nonclutch_state_residual,ordinary_or_regular_penalty,,,,,,,,,,,,
3869117,1571,f23c54d4-ea5f-427b-8c32-704a95e25dac,1,42.11666667,Round of 16,True,United States,Netherlands,1,False,Saved,0,0.1020408163,0.2984673941,0.1020408163,0.1020408163,False,1,0,0,0,0.02577561265,psxg_plus_nonclutch_state_residual,ordinary_or_regular_penalty,,,,,,,,,,,,
3869117,1726,5566d71a-983c-4f30-9ddb-85d7b8815ba1,1,45.6,Round of 16,True,Netherlands,United States,-1,False,Goal,1,0.4363636364,0.1425407628,0.4363636364,-0.5636363636,False,1,0,0,0,-0,psxg_plus_nonclutch_state_residual,ordinary_or_regular_penalty,,,,,,,,,,,,
3869117,1899,f66c01cb-afab-4614-9ab0-849827654257,2,48.76666667,Round of 16,True,United States,Netherlands,2,False,Saved,0,0.4363636364,0.1393485039,0.4363636364,0.4363636364,False,1,0,0,0,0,psxg_plus_nonclutch_state_residual,ordinary_or_regular_penalty,,,,,,,,,,,,
3869117,2035,d9a576ef-06ad-4b8e-b19b-579c5da93422,2,52,Round of 16,True,United States,Netherlands,2,False,Saved,0,0.1020408163,0.1354277589,0.1020408163,0.1020408163,False,1,0,0,0,0,psxg_plus_nonclutch_state_residual,ordinary_or_regular_penalty,,,,,,,,,,,,
3869117,2353,a1545633-330a-4c29-bdc4-e7a8d2720acc,2,60.7,Round of 16,True,Netherlands,United States,-2,False,Saved,0,0.22,0.0242638228,0.22,0.22,False,1,0,0,0,0,psxg_plus_nonclutch_state_residual,ordinary_or_regular_penalty,,,,,,,,,,,,
3869117,2682,44a6397c-cfd0-4cf2-9c47-95f359b3f407,2,70.86666667,Round of 16,True,Netherlands,United States,-2,False,Saved,0,0.1333333333,0.01298219426,0.1333333333,0.1333333333,False,1,0,0,0,0,psxg_plus_nonclutch_state_residual,ordinary_or_regular_penalty,,,,,,,,,,,,
3869117,2685,c6711069-7423-4428-a2b8-beff1ad14b24,2,70.9,Round of 16,True,Netherlands,United States,-2,False,Saved,0,0.4363636364,0.01291108159,0.4363636364,0.4363636364,False,1,0,0,0,0,psxg_plus_nonclutch_state_residual,ordinary_or_regular_penalty,,,,,,,,,,,,
3869117,2859,ca879c6e-6742-4d2b-8b98-5e9b726ee77e,2,75.33333333,Round of 16,True,United States,Netherlands,2,False,Goal,1,0.4363636364,0.08023337375,0.4363636364,-0.5636363636,True,1.407385067,0,0,0,-0,psxg_plus_nonclutch_state_residual,ordinary_or_regular_penalty,,,,,,,,,,,,
3869117,2953,e534d589-ffb5-42c2-a449-541547acec89,2,78.11666667,Round of 16,True,United States,Netherlands,1,False,Saved,0,0.1333333333,0.4251124598,0.1333333333,0.1333333333,True,2.198352731,0.1301914078,0.02958895632,0.1597803642,0,psxg_plus_clutch_residual,ordinary_or_regular_penalty,,,,,,,,,,,,
3869117,3031,4a9d3012-73c3-4a0f-a16c-831cb874e455,2,80.46666667,Round of 16,True,Netherlands,United States,-1,False,Goal,1,0.4363636364,0.05780735908,0.4363636364,-0.5636363636,True,1.370382142,0,0,0,-0,psxg_plus_nonclutch_state_residual,ordinary_or_regular_penalty,,,,,,,,,,,,
3869118,1281,21b0a72e-9edd-405b-a6aa-edf3c20ff8e3,1,31.01666667,Round of 16,True,Senegal,England,0,False,Saved,0,0.2378828405,0.2756238626,0.2378828405,0.2378828405,False,1,0,0,0,0.03728380656,psxg_plus_nonclutch_state_residual,ordinary_or_regular_penalty,,,,,,,,,,,,
3869118,1516,8dd1ce3c-8097-412a-9951-4939e15903f3,1,38,Round of 16,True,England,Senegal,0,False,Goal,1,0.3278735135,0.2895035067,0.3278735135,-0.6721264865,False,1,0,0,0,-0.1444948073,psxg_plus_nonclutch_state_residual,ordinary_or_regular_penalty,,,,,,,,,,,,
3869118,1739,4d429090-9143-4daa-ac16-ed3c8963ad7b,1,47.28333333,Round of 16,True,England,Senegal,-1,False,Goal,1,0.2909560689,0.1409075106,0.2909560689,-0.7090439311,False,1,0,0,0,-0,psxg_plus_nonclutch_state_residual,ordinary_or_regular_penalty,,,,,,,,,,,,
3869118,2219,60b34d82-7a7b-4b3a-ba28-7ec704a0941a,2,55.75,Round of 16,True,England,Senegal,-2,False,Saved,0,0.1247256018,0.02987515987,0.1247256018,0.1247256018,False,1,0,0,0,0,psxg_plus_nonclutch_state_residual,ordinary_or_regular_penalty,,,,,,,,,,,,
3869118,2286,541395bf-9398-4670-887e-e79c1a8ba223,2,56.71666667,Round of 16,True,England,Senegal,-2,False,Goal,1,0.4410600865,0.02882070806,0.4410600865,-0.5589399135,False,1,0,0,0,-0,psxg_plus_nonclutch_state_residual,ordinary_or_regular_penalty,,,,,,,,,,,,
3869151,1646,53d825ac-a98d-41ca-b81f-1015dee17376,1,34.58333333,Round of 16,True,Argentina,Australia,0,False,Goal,1,0.1949423241,0.2825337915,0.1949423241,-0.8050576759,False,1,0,0,0,-0.1495243538,psxg_plus_nonclutch_state_residual,ordinary_or_regular_penalty,,,,,,,,,,,,
3869151,2431,9fa41c60-ab9c-4fcb-8d5c-39a781e7a9c0,2,49.98333333,Round of 16,True,Argentina,Australia,-1,False,Saved,0,0.1904315024,0.1379045287,0.1904315024,0.1904315024,False,1,0,0,0,0,psxg_plus_nonclutch_state_residual,ordinary_or_regular_penalty,,,,,,,,,,,,
3869151,2752,a7ce988c-2d9b-4d78-8b34-95e4d2774ae0,2,56.68333333,Round of 16,True,Argentina,Australia,-1,False,Goal,1,0.4226182051,0.1285989245,0.4226182051,-0.5773817949,False,1,0,0,0,-0,psxg_plus_nonclutch_state_residual,ordinary_or_regular_penalty,,,,,,,,,,,,
3869151,3936,8779a120-92be-4bef-b143-a0e91aa68bfb,2,92.16666667,Round of 16,True,Argentina,Australia,-1,False,Saved,0,0.6212732881,0,0.6212732881,0.6212732881,True,1.275,0.1708501542,0,0.1708501542,0,psxg_plus_clutch_residual,ordinary_or_regular_penalty,,,,,,,,,,,,
3869151,4035,6c7be4e1-edc2-4255-951e-1b21ee426a72,2,93.98333333,Round of 16,True,Argentina,Australia,-1,False,Saved,0,0.2004200514,0,0.2004200514,0.2004200514,True,1.275,0.05511551412,0,0.05511551412,0,psxg_plus_clutch_residual,ordinary_or_regular_penalty,,,,,,,,,,,,
3869151,4140,e0cbd7b9-8daf-45c3-8d36-967f5ff74080,2,96.6,Round of 16,True,Australia,Argentina,1,False,Saved,0,0.3679337756,0.5,0.3679337756,0.3679337756,True,2.35,0.4047271531,0.09198344389,0.496710597,0,psxg_plus_clutch_residual,ordinary_or_regular_penalty,,,,,,,,,,,,
3869152,476,69bb74b1-68af-4b20-a197-0c46604b417b,1,12.08333333,Round of 16,True,France,Poland,0,False,Saved,0,0.1274382649,0.2458272053,0.1274382649,0.1274382649,False,1,0,0,0,0.004037484618,psxg_plus_nonclutch_state_residual,ordinary_or_regular_penalty,,,,,,,,,,,,
3869152,659,bffd8808-bde3-4471-b4ec-a2f2d980107b,1,16.08333333,Round of 16,True,France,Poland,0,False,Saved,0,0.2005677354,0.2513177431,0.2005677354,0.2005677354,False,1,0,0,0,0.0109759585,psxg_plus_nonclutch_state_residual,ordinary_or_regular_penalty,,,,,,,,,,,,
3869152,890,aaa15453-3b82-4a91-9257-54793d844cb1,1,21.36666667,Round of 16,True,France,Poland,0,False,Saved,0,0.1306557607,0.2592355388,0.1306557607,0.1306557607,False,1,0,0,0,0.01149165334,psxg_plus_nonclutch_state_residual,ordinary_or_regular_penalty,,,,,,,,,,,,
3869152,1411,982df7d3-5406-4586-bedd-ce5132be5608,1,34.86666667,Round of 16,True,France,Poland,0,False,Saved,0,0.1955892273,0.2830643043,0.1955892273,0.1955892273,False,1,0,0,0,0.03676249649,psxg_plus_nonclutch_state_residual,ordinary_or_regular_penalty,,,,,,,,,,,,
3869152,1481,cd7ccad2-865a-456d-b56b-e0150001b529,1,37.13333333,Round of 16,True,Poland,France,0,False,Saved,0,0.2931579858,0.2876836234,0.2931579858,0.2931579858,False,1,0,0,0,0.06078452772,psxg_plus_nonclutch_state_residual,ordinary_or_regular_penalty,,,,,,,,,,,,
3869152,1709,3dfb5a79-95c5-4e66-88fb-ddf16a823d7b,1,43.46666667,Round of 16,True,France,Poland,0,False,Goal,1,0.4601398831,0.3015680824,0.4601398831,-0.5398601169,False,1,0,0,0,-0.1433943512,psxg_plus_nonclutch_state_residual,ordinary_or_regular_penalty,,,,,,,,,,,,
3869152,1876,527eca36-6d4e-43e0-ba5a-ab3313ad6128,2,47.63333333,Round of 16,True,France,Poland,-1,False,Saved,0,0.1719956214,0.140563481,0.1719956214,0.1719956214,False,1,0,0,0,0,psxg_plus_nonclutch_state_residual,ordinary_or_regular_penalty,,,,,,,,,,,,
3869152,2920,c5b96634-9e00-4135-a499-bdfc1c58b06a,2,73.93333333,Round of 16,True,France,Poland,-1,False,Goal,1,0.1966697103,0.08549594959,0.1966697103,-0.8033302897,False,1,0,0,0,-0,psxg_plus_nonclutch_state_residual,ordinary_or_regular_penalty,,,,,,,,,,,,
3869152,3466,2d38130f-3d62-4369-8a2b-ec7866353b92,2,90.08333333,Round of 16,True,France,Poland,-2,False,Goal,1,0.1597912503,0,0.1597912503,-0.8402087497,True,1.275,0,0,0,-0,psxg_plus_nonclutch_state_residual,ordinary_or_regular_penalty,,,,,,,,,,,,
3869152,3615,36c25c99-7fd8-41f4-9467-18c23d474d37,2,98.6,Round of 16,True,Poland,France,3,True,Goal,1,,0,,,True,1.275,0,0,0,0,regular_penalty,ordinary_or_regular_penalty,,,,,,,,,,,,
3869219,280,d2902ca7-330f-40ca-bdcc-80ebce314510,1,7.516666667,Round of 16,True,Croatia,Japan,0,False,Saved,0,0.08130771307,0.2398162717,0.08130771307,0.08130771307,False,1,0,0,0,0.0005248689332,psxg_plus_nonclutch_state_residual,ordinary_or_regular_penalty,,,,,,,,,,,,
3869219,1751,a17c568a-4df5-4c2f-81e2-4cc89d924ae8,1,42.9,Round of 16,True,Japan,Croatia,0,False,Goal,1,0.7980593791,0.3003177703,0.7980593791,-0.2019406209,False,1,0,0,0,-0.05257859684,psxg_plus_nonclutch_state_residual,ordinary_or_regular_penalty,,,,,,,,,,,,
3869219,2322,5ce4d362-ebd6-4ea8-8544-e47d5f5f2454,2,54.9,Round of 16,True,Croatia,Japan,1,False,Goal,1,0.2216809728,0.3319346447,0.2216809728,-0.7783190272,False,1,0,0,0,-0.3059226376,psxg_plus_nonclutch_state_residual,ordinary_or_regular_penalty,,,,,,,,,,,,
3869219,2378,74935b33-b8d3-4ab4-919d-9a9ed80a3bcd,2,56.93333333,Round of 16,True,Japan,Croatia,0,False,Saved,0,0.1666532676,0.338088185,0.1666532676,0.1666532676,False,1,0,0,0,0.06980782331,psxg_plus_nonclutch_state_residual,ordinary_or_regular_penalty,,,,,,,,,,,,
3869219,2499,bb569056-5824-4a84-9bf7-098df409c1fb,2,59.86666667,Round of 16,True,Japan,Croatia,0,False,Saved,0,0.1856615291,0.3476397485,0.1856615291,0.1856615291,False,1,0,0,0,0.08521240265,psxg_plus_nonclutch_state_residual,ordinary_or_regular_penalty,,,,,,,,,,,,
3869219,2562,45501bff-d6b1-4cb6-a6b3-458e422a236a,2,62.21666667,Round of 16,True,Croatia,Japan,0,False,Saved,0,0.1717177287,0.3557205334,0.1717177287,0.1717177287,False,1,0,0,0,0.08463617304,psxg_plus_nonclutch_state_residual,ordinary_or_regular_penalty,,,,,,,,,,,,
3869219,3841,e1912d47-5dce-4b37-8d31-b6e9482be999,3,104.0833333,Round of 16,True,Japan,Croatia,0,False,Saved,0,0.2006387739,0.4045219789,0.2006387739,0.2006387739,True,2.156657007,0.1890942727,0.04297597106,0.2320702437,0,psxg_plus_clutch_residual,ordinary_or_regular_penalty,,,,,,,,,,,,
3869219,4273,8aafb6ab-26fa-4ccb-87b7-a9c4e9aae35b,4,113.7,Round of 16,True,Croatia,Japan,0,False,Saved,0,0.28907113,0.4570934714,0.28907113,0.28907113,True,2.26311428,0.2975132292,0.06761664299,0.3651298722,0,psxg_plus_clutch_residual,ordinary_or_regular_penalty,,,,,,,,,,,,
3869220,1340,9c4da7a8-5924-4b37-8764-59b14fbbf2db,1,32.3,Round of 16,True,Morocco,Spain,0,False,Saved,0,0.1750411307,0.2781296383,0.1750411307,0.1750411307,False,1,0,0,0,0.02927527623,psxg_plus_nonclutch_state_residual,ordinary_or_regular_penalty,,,,,,,,,,,,
3869220,2204,a588c52c-2204-412b-8ca7-5f9a5d06b218,2,54,Round of 16,True,Spain,Morocco,0,False,Saved,0,0.1902356989,0.3291565904,0.1902356989,0.1902356989,False,1,0,0,0,0.07255526926,psxg_plus_nonclutch_state_residual,ordinary_or_regular_penalty,,,,,,,,,,,,
3869220,4081,6ece6c28-0fbd-48c5-9e57-5136be5695ec,3,103.5833333,Round of 16,True,Morocco,Spain,0,False,Saved,0,0.2646690945,0.4022991247,0.2646690945,0.2646690945,True,2.152155728,0.2484696403,0.0564703728,0.3049400131,0,psxg_plus_clutch_residual,ordinary_or_regular_penalty,,,,,,,,,,,,
3869253,317,44854e05-f6c8-4c2a-a7ef-9dc2ae4c7f09,1,6.683333333,Round of 16,True,Brazil,South Korea,0,False,Goal,1,0.2925778493,0.2388128196,0.2925778493,-0.7074221507,False,1,0,0,0,-0.00158750905,psxg_plus_nonclutch_state_residual,ordinary_or_regular_penalty,,,,,,,,,,,,
3869253,406,ba9547df-81eb-4cc8-acc3-63ebec6f2c39,1,12.3,Round of 16,True,Brazil,South Korea,-1,True,Goal,1,,0.1555982814,,,False,1,0,0,0,0,regular_penalty,ordinary_or_regular_penalty,,,,,,,,,,,,
3869253,558,a19eb2c7-c412-4481-bf03-a3080127d8d1,1,16.25,Round of 16,True,South Korea,Brazil,2,False,Saved,0,0.1843307157,0.155305834,0.1843307157,0.1843307157,False,1,0,0,0,0,psxg_plus_nonclutch_state_residual,ordinary_or_regular_penalty,,,,,,,,,,,,
3869253,943,7f42485f-775b-45fb-932e-39c8eb885b90,1,24.95,Round of 16,True,South Korea,Brazil,2,False,Saved,0,0.1479124638,0.1537993792,0.1479124638,0.1479124638,False,1,0,0,0,0,psxg_plus_nonclutch_state_residual,ordinary_or_regular_penalty,,,,,,,,,,,,
3869253,1084,35028f1d-c785-47f4-88d5-a82cc91ceb62,1,28.21666667,Round of 16,True,Brazil,South Korea,-2,False,Goal,1,0.6911756018,0.05693797593,0.6911756018,-0.3088243982,False,1,0,0,0,-0,psxg_plus_nonclutch_state_residual,ordinary_or_regular_penalty,,,,,,,,,,,,
3869253,1176,95582d85-7eed-4aeb-bbe6-2b1a429b6295,1,31.61666667,Round of 16,True,South Korea,Brazil,3,False,Saved,0,0.06445619778,0.05413971914,0.06445619778,0.06445619778,False,1,0,0,0,0,psxg_plus_nonclutch_state_residual,ordinary_or_regular_penalty,,,,,,,,,,,,
3869253,1376,75e1dbd2-f601-4261-992d-106488c7219b,1,35.75,Round of 16,True,Brazil,South Korea,-3,False,Goal,1,0.2372916102,0.01232048422,0.2372916102,-0.7627083898,False,1,0,0,0,-0,psxg_plus_nonclutch_state_residual,ordinary_or_regular_penalty,,,,,,,,,,,,
3869253,1829,afbe9884-329f-4721-a822-ccba6d081310,1,45.23333333,Round of 16,True,Brazil,South Korea,-4,False,Saved,0,0.5111956122,0.001348462939,0.5111956122,0.5111956122,False,1,0,0,0,0,psxg_plus_nonclutch_state_residual,ordinary_or_regular_penalty,,,,,,,,,,,,
3869253,1957,08678f16-67ff-4ff5-905e-d9cc75db1d2d,1,48.13333333,Round of 16,True,Brazil,South Korea,-4,False,Saved,0,0.3829389079,0.001105757176,0.3829389079,0.3829389079,False,1,0,0,0,0,psxg_plus_nonclutch_state_residual,ordinary_or_regular_penalty,,,,,,,,,,,,
3869253,2083,40ede36e-9124-4cb3-9065-f0a66eb450dd,2,45.38333333,Round of 16,True,Brazil,South Korea,-4,False,Saved,0,0.1802230603,0.001336570561,0.1802230603,0.1802230603,False,1,0,0,0,0,psxg_plus_nonclutch_state_residual,ordinary_or_regular_penalty,,,,,,,,,,,,
3869253,2115,34f546bf-8be7-4a35-9e42-bfd908c2f766,2,46.26666667,Round of 16,True,South Korea,Brazil,4,False,Saved,0,0.2803548798,0.00810215419,0.2803548798,0.2803548798,False,1,0,0,0,0,psxg_plus_nonclutch_state_residual,ordinary_or_regular_penalty,,,,,,,,,,,,
3869253,2446,087430be-d99a-4344-b82c-58aeae623cf1,2,53.86666667,Round of 16,True,Brazil,South Korea,-4,False,Saved,0,0.2177669312,0.0007016433902,0.2177669312,0.2177669312,False,1,0,0,0,0,psxg_plus_nonclutch_state_residual,ordinary_or_regular_penalty,,,,,,,,,,,,
3869253,2806,51025cec-c9df-439b-9017-d52381d11adc,2,61.65,Round of 16,True,Brazil,South Korea,-4,False,Saved,0,0.16393965,0.0003215675336,0.16393965,0.16393965,False,1,0,0,0,0,psxg_plus_nonclutch_state_residual,ordinary_or_regular_penalty,,,,,,,,,,,,
3869253,3081,1e78d87e-7adf-4d14-8311-7ce4b0f783ed,2,67.56666667,Round of 16,True,South Korea,Brazil,4,False,Saved,0,0.179872945,0.001785949048,0.179872945,0.179872945,False,1,0,0,0,0,psxg_plus_nonclutch_state_residual,ordinary_or_regular_penalty,,,,,,,,,,,,
3869253,3286,92e9b5f4-c7e1-4758-91bb-ee3ed2fd7c3c,2,75.78333333,Round of 16,True,South Korea,Brazil,4,False,Goal,1,0.1636802399,0.0005532726089,0.1636802399,-0.8363197601,True,1.2759129,0,0,0,-0,psxg_plus_nonclutch_state_residual,ordinary_or_regular_penalty,,,,,,,,,,,,
3869253,3827,3b3d795f-7050-4264-8752-0722213c0713,2,89.05,Round of 16,True,Brazil,South Korea,-3,False,Saved,0,0.7325776733,2.231419674e-07,0.7325776733,0.7325776733,True,1.275000368,0.2014591299,0,0.2014591299,0,psxg_plus_clutch_residual,ordinary_or_regular_penalty,,,,,,,,,,,,
3869254,754,4702956b-c7d2-4b36-848c-4057f688bba0,1,16.71666667,Round of 16,True,Portugal,Switzerland,0,False,Goal,1,0.2567057379,0.2522828187,0.2567057379,-0.7432942621,False,1,0,0,0,-0.04368686312,psxg_plus_nonclutch_state_residual,ordinary_or_regular_penalty,,,,,,,,,,,,
3869254,862,3e9b1782-21f4-4684-a2b4-7fcb434e81d2,1,21.05,Round of 16,True,Portugal,Switzerland,-1,False,Saved,0,0.1839027243,0.1546362644,0.1839027243,0.1839027243,False,1,0,0,0,0,psxg_plus_nonclutch_state_residual,ordinary_or_regular_penalty,,,,,,,,,,,,
3869254,903,d3210de8-2efb-482c-b44b-f983e5cdf53b,1,21.9,Round of 16,True,Portugal,Switzerland,-1,False,Saved,0,0.2148488039,0.1544865987,0.2148488039,0.2148488039,False,1,0,0,0,0,psxg_plus_nonclutch_state_residual,ordinary_or_regular_penalty,,,,,,,,,,,,
3869254,1112,171eaf4b-d43f-41e0-bdcd-599702a496ec,1,29.63333333,Round of 16,True,Switzerland,Portugal,1,False,Saved,0,0.1789034437,0.2731782278,0.1789034437,0.1789034437,False,1,0,0,0,0.02620363319,psxg_plus_nonclutch_state_residual,ordinary_or_regular_penalty,,,,,,,,,,,,
3869254,1181,92f8ddc9-eb11-486b-b917-e6adc5ddcb84,1,32.58333333,Round of 16,True,Portugal,Switzerland,-1,False,Goal,1,0.3562229566,0.1511837331,0.3562229566,-0.6437770434,False,1,0,0,0,-0,psxg_plus_nonclutch_state_residual,ordinary_or_regular_penalty,,,,,,,,,,,,
3869254,1362,5ffa5b27-1e0e-410e-8950-32d831432910,1,37.53333333,Round of 16,True,Switzerland,Portugal,2,False,Saved,0,0.605679628,0.1486211697,0.605679628,0.605679628,False,1,0,0,0,0,psxg_plus_nonclutch_state_residual,ordinary_or_regular_penalty,,,,,,,,,,,,
3869254,1531,6e8ce1fe-2cc7-499d-a137-df556d0ce758,1,42.18333333,Round of 16,True,Portugal,Switzerland,-2,False,Saved,0,0.5730917838,0.04434549103,0.5730917838,0.5730917838,False,1,0,0,0,0,psxg_plus_nonclutch_state_residual,ordinary_or_regular_penalty,,,,,,,,,,,,
3869254,1969,37c91977-3d8e-42a7-8368-806c40c8e9fc,2,50.08333333,Round of 16,True,Portugal,Switzerland,-2,False,Goal,1,0.8065317046,0.0361490785,0.8065317046,-0.1934682954,False,1,0,0,0,-0,psxg_plus_nonclutch_state_residual,ordinary_or_regular_penalty,,,,,,,,,,,,
3869254,2103,4ed9fca8-dccc-4c44-ba66-76783239ad29,2,54.91666667,Round of 16,True,Portugal,Switzerland,-3,False,Goal,1,0.5816580808,0.005082402107,0.5816580808,-0.4183419192,False,1,0,0,0,-0,psxg_plus_nonclutch_state_residual,ordinary_or_regular_penalty,,,,,,,,,,,,
3869254,2133,2b86a444-5696-4c2d-ba7f-837ec9756684,2,57.08333333,Round of 16,True,Switzerland,Portugal,4,False,Goal,1,0.9094495101,0.004398727032,0.9094495101,-0.09055048988,False,1,0,0,0,-0,psxg_plus_nonclutch_state_residual,ordinary_or_regular_penalty,,,,,,,,,,,,
3869254,2412,ec8bd928-b9e8-44ae-b2a1-3e12b7d38a87,2,66.2,Round of 16,True,Portugal,Switzerland,-3,False,Goal,1,0.6003688159,0.002058269616,0.6003688159,-0.3996311841,False,1,0,0,0,-0,psxg_plus_nonclutch_state_residual,ordinary_or_regular_penalty,,,,,,,,,,,,
3869254,3348,b454f46a-01f5-4f67-9b6b-994573c64ca9,2,91.2,Round of 16,True,Portugal,Switzerland,-4,False,Goal,1,0.1299242271,0,0.1299242271,-0.8700757729,True,1.275,0,0,0,-0,psxg_plus_nonclutch_state_residual,ordinary_or_regular_penalty,,,,,,,,,,,,
3869321,1432,e6038dbd-a8c4-427f-9663-54654cde0b0b,1,32.65,Quarter-finals,True,Argentina,Netherlands,0,False,Saved,0,0.2067225607,0.2787657362,0.2067225607,0.2067225607,False,1,0,0,0,0.03512579005,psxg_plus_nonclutch_state_residual,ordinary_or_regular_penalty,,,,,,,,,,,,
3869321,1493,ba0291a6-1cd3-43f0-8394-b91c7cd6d4e2,1,34.06666667,Quarter-finals,True,Argentina,Netherlands,0,False,Goal,1,0.4921379717,0.2814807074,0.4921379717,-0.5078620283,False,1,0,0,0,-0.09208131387,psxg_plus_nonclutch_state_residual,ordinary_or_regular_penalty,,,,,,,,,,,,
3869321,1605,8d04b410-694a-4eb3-8354-d8e67249dfb3,1,39.15,Quarter-finals,True,Argentina,Netherlands,-1,False,Saved,0,0.1473477594,0.1476129709,0.1473477594,0.1473477594,False,1,0,0,0,0,psxg_plus_nonclutch_state_residual,ordinary_or_regular_penalty,,,,,,,,,,,,
3869321,3016,dc11fa36-49c6-41db-a883-9991c8711696,2,72.65,Quarter-finals,True,Argentina,Netherlands,-1,True,Goal,1,,0.08997658789,,,False,1,0,0,0,0,regular_penalty,ordinary_or_regular_penalty,,,,,,,,,,,,
3869321,3206,758f3a76-791e-4a71-8cb4-d776a6bd293d,2,82.28333333,Quarter-finals,True,Netherlands,Argentina,2,False,Goal,1,0.2946817432,0.04862697158,0.2946817432,-0.7053182568,True,1.355234503,0,0,0,-0,psxg_plus_nonclutch_state_residual,ordinary_or_regular_penalty,,,,,,,,,,,,
3869321,3572,1a46edaa-ca09-435a-b841-aa201d1f0e14,2,100.5333333,Quarter-finals,True,Netherlands,Argentina,1,False,Goal,1,0.3915838379,0.5,0.3915838379,-0.6084161621,True,2.35,0,0,0,-0.6682772228,psxg_plus_nonclutch_state_residual,ordinary_or_regular_penalty,,,,,,,,,,,,
3869321,4598,4960eb06-e30b-485b-a653-edd092335439,4,118.6,Quarter-finals,True,Argentina,Netherlands,0,False,Saved,0,0.3017257519,0.4897166973,0.3017257519,0.3017257519,True,2.329176312,0.3267788107,0.07426791152,0.4010467222,0,psxg_plus_clutch_residual,ordinary_or_regular_penalty,,,,,,,,,,,,
3869354,386,76a926ab-d769-4f19-97da-d7d329d90325,1,10.58333333,Quarter-finals,True,France,England,0,False,Saved,0,0.4190464135,0.2437765326,0.4190464135,0.4190464135,False,1,0,0,0,0.00966977711,psxg_plus_nonclutch_state_residual,ordinary_or_regular_penalty,,,,,,,,,,,,
3869354,662,392c7c17-aff2-48c8-becc-d23b5bf60640,1,16.36666667,Quarter-finals,True,France,England,0,False,Goal,1,0.1390350948,0.2517989881,0.1390350948,-0.8609649052,False,1,0,0,0,-0.04885470045,psxg_plus_nonclutch_state_residual,ordinary_or_regular_penalty,,,,,,,,,,,,
3869354,702,7bc4f065-24a9-4401-ac37-90aedc8f7b86,1,20.13333333,Quarter-finals,True,England,France,1,False,Saved,0,0.1592620358,0.257370634,0.1592620358,0.1592620358,False,1,0,0,0,0.01276120165,psxg_plus_nonclutch_state_residual,ordinary_or_regular_penalty,,,,,,,,,,,,
3869354,755,c60b4259-2ba3-4496-927f-331d9c2ec9d1,1,21.48333333,Quarter-finals,True,England,France,1,False,Saved,0,0.1829939343,0.2594450687,0.1829939343,0.1829939343,False,1,0,0,0,0.01625590343,psxg_plus_nonclutch_state_residual,ordinary_or_regular_penalty,,,,,,,,,,,,
3869354,1064,f7fdf23a-a5e9-4e7f-ba8d-40bc6379b9b0,1,28.5,Quarter-finals,True,England,France,1,False,Saved,0,0.1538705149,0.2711451411,0.1538705149,0.1538705149,False,1,0,0,0,0.02122422319,psxg_plus_nonclutch_state_residual,ordinary_or_regular_penalty,,,,,,,,,,,,
3869354,1954,1005a0cd-efda-4b12-92a0-edec3f740581,2,46.6,Quarter-finals,True,England,France,1,False,Saved,0,0.2261063486,0.30919602,0.2261063486,0.2261063486,False,1,0,0,0,0.06729527535,psxg_plus_nonclutch_state_residual,ordinary_or_regular_penalty,,,,,,,,,,,,
3869354,2143,b740db70-9fad-40ed-8069-5e3d26521a44,2,53.45,Quarter-finals,True,England,France,1,True,Goal,1,,0.3275949214,,,False,1,0,0,0,0,regular_penalty,ordinary_or_regular_penalty,,,,,,,,,,,,
3869354,2159,ec185754-71a2-488f-8471-b5f591b88c6e,2,54.73333333,Quarter-finals,True,France,England,0,False,Saved,0,0.2384299781,0.3313344478,0.2384299781,0.2384299781,False,1,0,0,0,0.09311565411,psxg_plus_nonclutch_state_residual,ordinary_or_regular_penalty,,,,,,,,,,,,
3869354,2364,0f19d3a0-282b-4673-9ecc-d23599dd565e,2,59.58333333,Quarter-finals,True,England,France,0,False,Saved,0,0.1729216414,0.3467442555,0.1729216414,0.1729216414,False,1,0,0,0,0.07871535093,psxg_plus_nonclutch_state_residual,ordinary_or_regular_penalty,,,,,,,,,,,,
3869354,2420,c53fbe0a-5479-4e5a-8637-6c83b7e68786,2,61.1,Quarter-finals,True,England,France,0,False,Saved,0,0.1562543392,0.3519709408,0.1562543392,0.1562543392,False,1,0,0,0,0.07455573321,psxg_plus_nonclutch_state_residual,ordinary_or_regular_penalty,,,,,,,,,,,,
3869354,2857,9f12f011-03e2-4c02-b566-28808c4dbaba,2,76.38333333,Quarter-finals,True,France,England,0,False,Saved,0,0.6048956209,0.4160597382,0.6048956209,0.6048956209,True,2.18002097,0.5816062734,0.132183244,0.7137895173,0,psxg_plus_clutch_residual,ordinary_or_regular_penalty,,,,,,,,,,,,
3869354,2870,2effbf64-b445-4aa5-a87e-7ff2f38c90ee,2,77.16666667,Quarter-finals,True,France,England,0,False,Goal,1,0.4119145753,0.4198377942,0.4119145753,-0.5880854247,True,2.187671533,0,0,0,-0.4481007873,psxg_plus_nonclutch_state_residual,ordinary_or_regular_penalty,,,,,,,,,,,,
3869420,200,91d32b30-deb2-4808-b61a-9e5b3cf011e0,1,4.1,Quarter-finals,True,Brazil,Croatia,0,False,Saved,0,0.1020408163,0.2356322411,0.1020408163,0.1020408163,False,1,0,0,0,0,psxg_plus_nonclutch_state_residual,ordinary_or_regular_penalty,,,,,,,,,,,,
3869420,901,c8c7ae41-22c0-4874-8528-8881dd62272d,1,20.06666667,Quarter-finals,True,Brazil,Croatia,0,False,Saved,0,0.1020408163,0.2572681164,0.1020408163,0.1020408163,False,1,0,0,0,0.008132330134,psxg_plus_nonclutch_state_residual,ordinary_or_regular_penalty,,,,,,,,,,,,
3869420,1811,8a499618-5f13-46f2-b31a-2844c2731c1b,1,41.55,Quarter-finals,True,Brazil,Croatia,0,False,Saved,0,0.08,0.2972502387,0.08,0.08,False,1,0,0,0,0.01979942995,psxg_plus_nonclutch_state_residual,ordinary_or_regular_penalty,,,,,,,,,,,,
3869420,2278,b65e77c7-0984-4355-8249-7b3f4fd4ef90,2,54.31666667,Quarter-finals,True,Brazil,Croatia,0,False,Saved,0,0.4363636364,0.3301420991,0.4363636364,0.4363636364,False,1,0,0,0,0.1682324368,psxg_plus_nonclutch_state_residual,ordinary_or_regular_penalty,,,,,,,,,,,,
3869420,2814,c3bbb04a-8355-4957-b170-cb044732cba6,2,65.51666667,Quarter-finals,True,Brazil,Croatia,0,False,Saved,0,0.4363636364,0.3678220209,0.4363636364,0.4363636364,False,1,0,0,0,0.2372364591,psxg_plus_nonclutch_state_residual,ordinary_or_regular_penalty,,,,,,,,,,,,
3869420,3247,954528be-3534-4e74-a39a-2bb679489f01,2,75.78333333,Quarter-finals,True,Brazil,Croatia,0,False,Saved,0,0.4363636364,0.4130237318,0.4363636364,0.4363636364,True,2.173873057,0.4173770869,0.09485842883,0.5122355157,0,psxg_plus_clutch_residual,ordinary_or_regular_penalty,,,,,,,,,,,,
3869420,3401,b53fd07e-2317-4726-809e-3624bfdb518c,2,79.78333333,Quarter-finals,True,Brazil,Croatia,0,False,Saved,0,0.2727272727,0.4338584293,0.2727272727,0.2727272727,True,2.216063319,0.2702362932,0.06141733936,0.3316536325,0,psxg_plus_clutch_residual,ordinary_or_regular_penalty,,,,,,,,,,,,
3869420,3961,112b45ad-b869-4eb6-a4b8-a6c45cd44514,2,93.6,Quarter-finals,True,Brazil,Croatia,0,False,Saved,0,0.1333333333,0.5,0.1333333333,0.1333333333,True,2.35,0.1466666667,0.03333333333,0.18,0,psxg_plus_clutch_residual,ordinary_or_regular_penalty,,,,,,,,,,,,
3869420,4368,a94997f3-a132-441d-89ec-527bca207787,3,100.6833333,Quarter-finals,True,Brazil,Croatia,0,False,Saved,0,0.4363636364,0.3892246338,0.4363636364,0.4363636364,True,2.125679883,0.4002417363,0.09096403099,0.4912057673,0,psxg_plus_clutch_residual,ordinary_or_regular_penalty,,,,,,,,,,,,
3869420,4587,657ac0ef-2a18-4f8b-8515-604fc2b75326,3,105.5833333,Quarter-finals,True,Brazil,Croatia,0,False,Goal,1,0.9375,0.4120225592,0.9375,-0.0625,True,2.171845682,0,0,0,-0.04557291714,psxg_plus_nonclutch_state_residual,ordinary_or_regular_penalty,,,,,,,,,,,,
3869420,5008,52e701c5-1af2-4efb-a1ef-9c46652472d7,4,116.0333333,Quarter-finals,True,Croatia,Brazil,1,False,Goal,1,0.2727272727,0.4721583383,0.2727272727,-0.7272727273,True,2.293620635,0,0,0,-0.7138495349,psxg_plus_nonclutch_state_residual,ordinary_or_regular_penalty,,,,,,,,,,,,
3869420,5115,3dd7d256-6e97-47b6-a7bf-ce13448396cf,4,121.3166667,Quarter-finals,True,Brazil,Croatia,0,False,Saved,0,0.2727272727,0.5,0.2727272727,0.2727272727,True,2.35,0.3,0.06818181818,0.3681818182,0,psxg_plus_clutch_residual,ordinary_or_regular_penalty,,,,,,,,,,,,
3869486,189,dd62c1c2-00a9-4b33-a516-6094ca80e218,1,3.983333333,Quarter-finals,True,Portugal,Morocco,0,False,Saved,0,0.4363636364,0.2355522672,0.4363636364,0.4363636364,False,1,0,0,0,0,psxg_plus_nonclutch_state_residual,ordinary_or_regular_penalty,,,,,,,,,,,,
3869486,1284,9000f0f2-73ed-4a71-917d-2d525af7ba80,1,34.93333333,Quarter-finals,True,Morocco,Portugal,0,False,Saved,0,0.1020408163,0.2831973494,0.1020408163,0.1020408163,False,1,0,0,0,0.0192363302,psxg_plus_nonclutch_state_residual,ordinary_or_regular_penalty,,,,,,,,,,,,
3869486,1517,b5cf82d9-5c1a-49ac-af0d-2fada2d6f0e5,1,41.6,Quarter-finals,True,Morocco,Portugal,0,False,Goal,1,0.4363636364,0.2972502387,0.4363636364,-0.5636363636,False,1,0,0,0,-0.1394959837,psxg_plus_nonclutch_state_residual,ordinary_or_regular_penalty,,,,,,,,,,,,
3869486,2942,d3101e93-d011-401a-af9c-5a1c560c72ec,2,81.98333333,Quarter-finals,True,Portugal,Morocco,1,False,Saved,0,0.2727272727,0.4465363846,0.2727272727,0.2727272727,True,2.241736179,0.2759413731,0.06271394843,0.3386553215,0,psxg_plus_clutch_residual,ordinary_or_regular_penalty,,,,,,,,,,,,
3869486,3199,d4278a80-ee3d-4ef1-9255-cf9dc4ce1580,2,90.4,Quarter-finals,True,Portugal,Morocco,1,False,Saved,0,0.1333333333,0.5,0.1333333333,0.1333333333,True,2.35,0.1466666667,0.03333333333,0.18,0,psxg_plus_clutch_residual,ordinary_or_regular_penalty,,,,,,,,,,,,
3869486,3309,69bc4e3c-2854-42c1-89ba-e159f7515567,2,95.33333333,Quarter-finals,True,Morocco,Portugal,-1,False,Saved,0,0.4363636364,0,0.4363636364,0.4363636364,True,1.275,0.12,0,0.12,0,psxg_plus_clutch_residual,ordinary_or_regular_penalty,,,,,,,,,,,,
3869519,1167,e0e3e4da-8a23-4e2c-b4d2-b7bef8feb9fe,1,24.58333333,Semi-finals,True,Argentina,Croatia,0,False,Saved,0,0.1020408163,0.2643971076,0.1020408163,0.1020408163,False,1,0,0,0,0.0111852673,psxg_plus_nonclutch_state_residual,ordinary_or_regular_penalty,,,,,,,,,,,,
3869519,1443,09340406-31db-4236-8bf0-11900a1f269b,1,33.45,Semi-finals,True,Argentina,Croatia,0,True,Goal,1,,0.2803084828,,,False,1,0,0,0,0,regular_penalty,ordinary_or_regular_penalty,,,,,,,,,,,,
3869519,1621,dcc38d2c-1610-4362-bb0c-2fd6aa28c5bf,1,38.43333333,Semi-finals,True,Argentina,Croatia,-1,False,Goal,1,0.4363636364,0.1480867143,0.4363636364,-0.5636363636,False,1,0,0,0,-0,psxg_plus_nonclutch_state_residual,ordinary_or_regular_penalty,,,,,,,,,,,,
3869519,1714,bd13c135-d873-447b-9433-76e78e8f0bf4,1,41.88333333,Semi-finals,True,Argentina,Croatia,-2,False,Saved,0,0.4363636364,0.04461085829,0.4363636364,0.4363636364,False,1,0,0,0,0,psxg_plus_nonclutch_state_residual,ordinary_or_regular_penalty,,,,,,,,,,,,
3869519,2108,c9b5444c-548d-4936-af96-3f376dc1cdc6,2,48.43333333,Semi-finals,True,Argentina,Croatia,-2,False,Saved,0,0.1020408163,0.03794140382,0.1020408163,0.1020408163,False,1,0,0,0,0,psxg_plus_nonclutch_state_residual,ordinary_or_regular_penalty,,,,,,,,,,,,
3869519,2542,a78187f3-3fb7-4c35-9d65-aef9e119c5b2,2,57.08333333,Semi-finals,True,Argentina,Croatia,-2,False,Saved,0,0.2727272727,0.02836746509,0.2727272727,0.2727272727,False,1,0,0,0,0,psxg_plus_nonclutch_state_residual,ordinary_or_regular_penalty,,,,,,,,,,,,
3869519,2982,60dc7f46-0b61-4198-ae9d-c11c096367dc,2,68.76666667,Semi-finals,True,Argentina,Croatia,-2,False,Goal,1,0.4363636364,0.01522242486,0.4363636364,-0.5636363636,False,1,0,0,0,-0,psxg_plus_nonclutch_state_residual,ordinary_or_regular_penalty,,,,,,,,,,,,
3869519,3007,a6005746-15eb-4174-8219-636c9527c20a,2,72.23333333,Semi-finals,True,Croatia,Argentina,3,False,Saved,0,0.08,0.01150667226,0.08,0.08,False,1,0,0,0,0,psxg_plus_nonclutch_state_residual,ordinary_or_regular_penalty,,,,,,,,,,,,
3869519,3552,94203fde-cbb9-49b4-962f-3181068dd3c5,2,88.38333333,Semi-finals,True,Croatia,Argentina,3,False,Saved,0,0.22,0.0001383757877,0.22,0.22,True,1.27522832,0.06055023041,0,0.06055023041,0,psxg_plus_clutch_residual,ordinary_or_regular_penalty,,,,,,,,,,,,
3869552,244,f4d06d6c-d7fb-41e4-b25e-1cb9a106f88b,1,4.666666667,Semi-finals,True,France,Morocco,0,False,Goal,1,0.2933696801,0.2363555058,0.2933696801,-0.7066303199,False,1,0,0,0,-0,psxg_plus_nonclutch_state_residual,ordinary_or_regular_penalty,,,,,,,,,,,,
3869552,437,b4b2bbe9-bd6b-4445-b010-245913557fde,1,9.633333333,Semi-finals,True,Morocco,France,1,False,Saved,0,0.1378032751,0.2425517061,0.1378032751,0.1378032751,False,1,0,0,0,0.002471549653,psxg_plus_nonclutch_state_residual,ordinary_or_regular_penalty,,,,,,,,,,,,
3869552,3043,0502086f-c98a-47b2-83c0-dfb26991cbb4,2,78.81666667,Semi-finals,True,France,Morocco,-1,False,Goal,1,0.9716703174,0.06566720382,0.9716703174,-0.02832968265,True,1.383350886,0,0,0,-0,psxg_plus_nonclutch_state_residual,ordinary_or_regular_penalty,,,,,,,,,,,,
3869684,264,49c5d1ba-1fd9-4f18-a682-cbd2c57eb9dc,1,6.466666667,3rd Place Final,True,Croatia,Morocco,0,False,Goal,1,0.2375814814,0.2385638146,0.2375814814,-0.7624185186,False,1,0,0,0,-0.000914183682,psxg_plus_nonclutch_state_residual,ordinary_or_regular_penalty,,,,,,,,,,,,
3869684,276,8f0f46ee-6bec-4537-97eb-2b50633dc6ff,1,8.283333333,3rd Place Final,True,Morocco,Croatia,1,False,Goal,1,0.6625380327,0.240831781,0.6625380327,-0.3374619673,False,1,0,0,0,-0.003616649328,psxg_plus_nonclutch_state_residual,ordinary_or_regular_penalty,,,,,,,,,,,,
3869684,639,77d0be28-0294-4153-b921-b5639dde0cda,1,17.48333333,3rd Place Final,True,Croatia,Morocco,0,False,Saved,0,0.4087698306,0.2533564521,0.4087698306,0.4087698306,False,1,0,0,0,0.02586714031,psxg_plus_nonclutch_state_residual,ordinary_or_regular_penalty,,,,,,,,,,,,
3869684,914,fce15c71-a9fc-4d7e-80ea-a3a56d20cc65,1,23.41666667,3rd Place Final,True,Croatia,Morocco,0,False,Saved,0,0.2047572564,0.2625368179,0.2047572564,0.2047572564,False,1,0,0,0,0.02084600842,psxg_plus_nonclutch_state_residual,ordinary_or_regular_penalty,,,,,,,,,,,,
3869684,1573,40c60798-23de-4690-ab6b-47b58c1f58c4,1,41.71666667,3rd Place Final,True,Croatia,Morocco,0,False,Goal,1,0.2006923423,0.2975533096,0.2006923423,-0.7993076577,False,1,0,0,0,-0.1988396059,psxg_plus_nonclutch_state_residual,ordinary_or_regular_penalty,,,,,,,,,,,,
3869684,2862,28905c96-a89e-4349-b755-383c251d2c97,2,74.58333333,3rd Place Final,True,Morocco,Croatia,1,False,Saved,0,0.1630628213,0.4070962322,0.1630628213,0.1630628213,False,1,0,0,0,0.1155287011,psxg_plus_nonclutch_state_residual,ordinary_or_regular_penalty,,,,,,,,,,,,
3869685,192,545c2c84-018f-4570-a01c-753823feaeac,1,4.666666667,Final,True,Argentina,France,0,False,Saved,0,0.1336407035,0.2363555058,0.1336407035,0.1336407035,False,1,0,0,0,0,psxg_plus_nonclutch_state_residual,ordinary_or_regular_penalty,,,,,,,,,,,,
3869685,771,6d527ebc-a948-4cd8-ac82-daced35bb715,1,22.4,Final,True,Argentina,France,0,True,Goal,1,,0.2609250112,,,False,1,0,0,0,0,regular_penalty,ordinary_or_regular_penalty,,,,,,,,,,,,
3869685,1178,ef86f4d9-7acd-4ed0-a5ec-9129079e8fbe,1,35.36666667,Final,True,Argentina,France,-1,False,Goal,1,0.5660342979,0.1498605008,0.5660342979,-0.4339657021,False,1,0,0,0,-0,psxg_plus_nonclutch_state_residual,ordinary_or_regular_penalty,,,,,,,,,,,,
3869685,1916,13a4889d-ad08-41be-9125-24c4c7d7879a,2,48.81666667,Final,True,Argentina,France,-2,False,Saved,0,0.2390403296,0.03751376222,0.2390403296,0.2390403296,False,1,0,0,0,0,psxg_plus_nonclutch_state_residual,ordinary_or_regular_penalty,,,,,,,,,,,,
3869685,2204,43691970-1dad-4e11-bd29-48f640c55ea1,2,58.35,Final,True,Argentina,France,-2,False,Saved,0,0.1355404145,0.02700368543,0.1355404145,0.1355404145,False,1,0,0,0,0,psxg_plus_nonclutch_state_residual,ordinary_or_regular_penalty,,,,,,,,,,,,
3869685,2691,43b2d123-6945-4a7c-8292-f7792af341f9,2,71.51666667,Final,True,Argentina,France,-2,False,Saved,0,0.1492068032,0.01227476262,0.1492068032,0.1492068032,False,1,0,0,0,0,psxg_plus_nonclutch_state_residual,ordinary_or_regular_penalty,,,,,,,,,,,,
3869685,2928,6cc0d5e2-6999-4006-8a7a-34de4cbe3ffd,2,79.4,Final,True,France,Argentina,2,True,Goal,1,,0.06290564436,,,True,1.378794313,0,0,0,0,regular_penalty,ordinary_or_regular_penalty,,,,,,,,,,,,
3869685,2987,03fb2918-e1e7-4ec8-89ff-7bc5531e853d,2,80.98333333,Final,True,France,Argentina,1,False,Goal,1,0.293333067,0.4406768959,0.293333067,-0.706666933,True,2.229870714,0,0,0,-0.6002588119,psxg_plus_nonclutch_state_residual,ordinary_or_regular_penalty,,,,,,,,,,,,
3869685,3283,8d2a6599-cc25-41a2-acde-41d10194b5bd,2,93.75,Final,True,France,Argentina,0,False,Saved,0,0.2892273026,0.5,0.2892273026,0.2892273026,True,2.35,0.3181500328,0.07230682565,0.3904568585,0,psxg_plus_clutch_residual,ordinary_or_regular_penalty,,,,,,,,,,,,
3869685,3389,867b8791-49c0-4d98-a976-c0b4cfc1cb5a,2,96.61666667,Final,True,Argentina,France,0,False,Saved,0,0.1898330935,0.5,0.1898330935,0.1898330935,True,2.35,0.2088164029,0.04745827338,0.2562746763,0,psxg_plus_clutch_residual,ordinary_or_regular_penalty,,,,,,,,,,,,
3869685,4042,8bb8c7b5-9c14-4dfa-9279-0548ee8076db,4,106.9166667,Final,True,Argentina,France,0,False,Saved,0,0.2164693553,0.4187999665,0.2164693553,0.2164693553,True,2.185569932,0.2091137146,0.04752584423,0.2566395588,0,psxg_plus_clutch_residual,ordinary_or_regular_penalty,,,,,,,,,,,,
3869685,4067,40cbfd91-87d9-4df8-a575-533b5c26767f,4,107.95,Final,True,Argentina,France,0,False,Saved,0,0.1494001341,0.4240459881,0.1494001341,0.1494001341,True,2.196193126,0.1456167072,0.03309470618,0.1787114134,0,psxg_plus_clutch_residual,ordinary_or_regular_penalty,,,,,,,,,,,,
3869685,4070,54b889ec-6026-49ea-a913-e883dbe6e301,4,107.9666667,Final,True,Argentina,France,0,False,Goal,1,0.73604205,0.4240459881,0.73604205,-0.26395795,True,2.196193126,0,0,0,-0.2057885653,psxg_plus_nonclutch_state_residual,ordinary_or_regular_penalty,,,,,,,,,,,,
3869685,4203,d9b92dbd-4fea-4f48-b2fb-d7222eab2dbd,4,117.0833333,Final,True,France,Argentina,1,True,Goal,1,,0.4789335717,,,True,2.307340483,0,0,0,0,regular_penalty,ordinary_or_regular_penalty,,,,,,,,,,,,
3869685,4337,959edead-09fb-40b0-b6a3-72e73bd30d5a,4,122.7333333,Final,True,France,Argentina,0,False,Saved,0,0.4793386014,0.5,0.4793386014,0.4793386014,True,2.35,0.5272724615,0.1198346503,0.6471071119,0,psxg_plus_clutch_residual,ordinary_or_regular_penalty,,,,,,,,,,,,
3869219,,,,,,,,,,,Saved,,,,,,,,,,,,,shootout,1,Japan,False,16531,Dominik Livaković,Penalty Saved,True,0.5,0.6678159402,0.1678159402,0.1678159402,full-credit-goalkeeper-saved
3869219,,,,,,,,Japan,,,Goal,,,,,,,,,,,,,shootout,2,Croatia,True,25719,Shūichi Gonda,Penalty Conceded,False,0.3321840598,0.2430077485,-0.08917631127,0,no-credit-not-goalkeeper-credited
3869219,,,,,,,,Croatia,,,Saved,,,,,,,,,,,,,shootout,3,Japan,False,16531,Dominik Livaković,Penalty Saved,True,0.7569922515,0.8903185048,0.1333262533,0.1333262533,full-credit-goalkeeper-saved
3869219,,,,,,,,Japan,,,Goal,,,,,,,,,,,,,shootout,4,Croatia,True,25719,Shūichi Gonda,Penalty Conceded,False,0.1096814952,0.05374728039,-0.05593421483,0,no-credit-not-goalkeeper-credited
3869219,,,,,,,,Croatia,,,Goal,,,,,,,,,,,,,shootout,5,Japan,True,16531,Dominik Livaković,Penalty Conceded,False,0.9462527196,0.9224254644,-0.02382725525,0,no-credit-not-goalkeeper-credited
3869219,,,,,,,,Japan,,,Post,,,,,,,,,,,,,shootout,6,Croatia,False,25719,Shūichi Gonda,Shot Faced,False,0.07757453563,0.1752475187,0.09767298309,0,no-credit-not-goalkeeper-credited
3869219,,,,,,,,Croatia,,,Saved,,,,,,,,,,,,,shootout,7,Japan,False,16531,Dominik Livaković,Penalty Saved,True,0.8247524813,0.9606864615,0.1359339802,0.1359339802,full-credit-goalkeeper-saved
3869219,,,,,,,,Japan,,,Goal,,,,,,,,,,,,,shootout,8,Croatia,True,25719,Shūichi Gonda,Penalty Conceded,False,0.0393135385,0,-0.0393135385,0,no-credit-not-goalkeeper-credited
3869220,,,,,,,,,,,Goal,,,,,,,,,,,,,shootout,1,Morocco,True,11748,Unai Simón Mendibil,Penalty Conceded,False,0.5,0.4108236887,-0.08917631127,0,no-credit-not-goalkeeper-credited
3869220,,,,,,,,Morocco,,,Post,,,,,,,,,,,,,shootout,2,Spain,False,6785,Yassine Bounou,Shot Faced,False,0.5891763113,0.7569922515,0.1678159402,0,no-credit-not-goalkeeper-credited
3869220,,,,,,,,Spain,,,Goal,,,,,,,,,,,,,shootout,3,Morocco,True,11748,Unai Simón Mendibil,Penalty Conceded,False,0.2430077485,0.1590067682,-0.08400098025,0,no-credit-not-goalkeeper-credited
3869220,,,,,,,,Morocco,,,Saved,,,,,,,,,,,,,shootout,4,Spain,False,6785,Yassine Bounou,Penalty Saved,True,0.8409932318,0.9462527196,0.1052594879,0.1052594879,full-credit-goalkeeper-saved
3869220,,,,,,,,Spain,,,Saved,,,,,,,,,,,,,shootout,5,Morocco,False,11748,Unai Simón Mendibil,Penalty Saved,True,0.05374728039,0.1233447237,0.06959744334,0.06959744334,full-credit-goalkeeper-saved
3869220,,,,,,,,Morocco,,,Saved,,,,,,,,,,,,,shootout,6,Spain,False,6785,Yassine Bounou,Penalty Saved,True,0.8766552763,0.9743282594,0.09767298309,0.09767298309,full-credit-goalkeeper-saved
3869220,,,,,,,,Spain,,,Goal,,,,,,,,,,,,,shootout,7,Morocco,True,11748,Unai Simón Mendibil,Penalty Conceded,False,0.02567174064,0,-0.02567174064,0,no-credit-not-goalkeeper-credited
3869321,,,,,,,,,,,Saved,,,,,,,,,,,,,shootout,1,Netherlands,False,6909,Damián Emiliano Martínez,Penalty Saved,True,0.5,0.6678159402,0.1678159402,0.1678159402,full-credit-goalkeeper-saved
3869321,,,,,,,,Netherlands,,,Goal,,,,,,,,,,,,,shootout,2,Argentina,True,8326,Andries Noppert,Penalty Conceded,False,0.3321840598,0.2430077485,-0.08917631127,0,no-credit-not-goalkeeper-credited
3869321,,,,,,,,Argentina,,,Saved,,,,,,,,,,,,,shootout,3,Netherlands,False,6909,Damián Emiliano Martínez,Penalty Saved,True,0.7569922515,0.8903185048,0.1333262533,0.1333262533,full-credit-goalkeeper-saved
3869321,,,,,,,,Netherlands,,,Goal,,,,,,,,,,,,,shootout,4,Argentina,True,8326,Andries Noppert,Penalty Conceded,False,0.1096814952,0.05374728039,-0.05593421483,0,no-credit-not-goalkeeper-credited
3869321,,,,,,,,Argentina,,,Goal,,,,,,,,,,,,,shootout,5,Netherlands,True,6909,Damián Emiliano Martínez,Penalty Conceded,False,0.9462527196,0.9224254644,-0.02382725525,0,no-credit-not-goalkeeper-credited
3869321,,,,,,,,Netherlands,,,Goal,,,,,,,,,,,,,shootout,6,Argentina,True,8326,Andries Noppert,Penalty Conceded,False,0.07757453563,0.02567174064,-0.05190279499,0,no-credit-not-goalkeeper-credited
3869321,,,,,,,,Argentina,,,Goal,,,,,,,,,,,,,shootout,7,Netherlands,True,6909,Damián Emiliano Martínez,Penalty Conceded,False,0.9743282594,0.9606864615,-0.01364179786,0,no-credit-not-goalkeeper-credited
3869321,,,,,,,,Netherlands,,,Off T,,,,,,,,,,,,,shootout,8,Argentina,False,8326,Andries Noppert,Shot Faced,False,0.0393135385,0.1132955,0.0739819615,0,no-credit-not-goalkeeper-credited
3869321,,,,,,,,Argentina,,,Goal,,,,,,,,,,,,,shootout,9,Netherlands,True,6909,Damián Emiliano Martínez,Penalty Conceded,False,0.8867045,0.8265,-0.0602045,0,no-credit-not-goalkeeper-credited
3869321,,,,,,,,Netherlands,,,Goal,,,,,,,,,,,,,shootout,10,Argentina,True,8326,Andries Noppert,Penalty Conceded,False,0.1735,0,-0.1735,0,no-credit-not-goalkeeper-credited
3869420,,,,,,,,,,,Goal,,,,,,,,,,,,,shootout,1,Croatia,True,5547,Alisson Ramsés Becker,Penalty Conceded,False,0.5,0.4108236887,-0.08917631127,0,no-credit-not-goalkeeper-credited
3869420,,,,,,,,Croatia,,,Saved,,,,,,,,,,,,,shootout,2,Brazil,False,16531,Dominik Livaković,Penalty Saved,True,0.5891763113,0.7569922515,0.1678159402,0.1678159402,full-credit-goalkeeper-saved
3869420,,,,,,,,Brazil,,,Goal,,,,,,,,,,,,,shootout,3,Croatia,True,5547,Alisson Ramsés Becker,Penalty Conceded,False,0.2430077485,0.1590067682,-0.08400098025,0,no-credit-not-goalkeeper-credited
3869420,,,,,,,,Croatia,,,Goal,,,,,,,,,,,,,shootout,4,Brazil,True,16531,Dominik Livaković,Penalty Conceded,False,0.8409932318,0.7850590169,-0.05593421483,0,no-credit-not-goalkeeper-credited
3869420,,,,,,,,Brazil,,,Goal,,,,,,,,,,,,,shootout,5,Croatia,True,5547,Alisson Ramsés Becker,Penalty Conceded,False,0.2149409831,0.1233447237,-0.09159625935,0,no-credit-not-goalkeeper-credited
3869420,,,,,,,,Croatia,,,Goal,,,,,,,,,,,,,shootout,6,Brazil,True,16531,Dominik Livaković,Penalty Conceded,False,0.8766552763,0.8247524813,-0.05190279499,0,no-credit-not-goalkeeper-credited
3869420,,,,,,,,Brazil,,,Goal,,,,,,,,,,,,,shootout,7,Croatia,True,5547,Alisson Ramsés Becker,Penalty Conceded,False,0.1752475187,0.0739819615,-0.1012655572,0,no-credit-not-goalkeeper-credited
3869420,,,,,,,,Croatia,,,Post,,,,,,,,,,,,,shootout,8,Brazil,False,16531,Dominik Livaković,Shot Faced,False,0.9260180385,1,0.0739819615,0,no-credit-not-goalkeeper-credited
3869685,,,,,,,,,,,Goal,,,,,,,,,,,,,shootout,1,France,True,6909,Damián Emiliano Martínez,Penalty Conceded,False,0.5,0.4108236887,-0.08917631127,0,no-credit-not-goalkeeper-credited
3869685,,,,,,,,France,,,Goal,,,,,,,,,,,,,shootout,2,Argentina,True,3099,Hugo Lloris,Penalty Conceded,False,0.5891763113,0.5,-0.08917631127,0,no-credit-not-goalkeeper-credited
3869685,,,,,,,,Argentina,,,Saved,,,,,,,,,,,,,shootout,3,France,False,6909,Damián Emiliano Martínez,Penalty Saved,True,0.5,0.6861435381,0.1861435381,0.1861435381,full-credit-goalkeeper-saved
3869685,,,,,,,,France,,,Goal,,,,,,,,,,,,,shootout,4,Argentina,True,3099,Hugo Lloris,Penalty Conceded,False,0.3138564619,0.2149409831,-0.09891547887,0,no-credit-not-goalkeeper-credited
3869685,,,,,,,,Argentina,,,Off T,,,,,,,,,,,,,shootout,5,France,False,6909,Damián Emiliano Martínez,Shot Faced,False,0.7850590169,0.9224254644,0.1373664474,0,no-credit-not-goalkeeper-credited
3869685,,,,,,,,France,,,Goal,,,,,,,,,,,,,shootout,6,Argentina,True,3099,Hugo Lloris,Penalty Conceded,False,0.07757453563,0.02567174064,-0.05190279499,0,no-credit-not-goalkeeper-credited
3869685,,,,,,,,Argentina,,,Goal,,,,,,,,,,,,,shootout,7,France,True,6909,Damián Emiliano Martínez,Penalty Conceded,False,0.9743282594,0.9606864615,-0.01364179786,0,no-credit-not-goalkeeper-credited
3869685,,,,,,,,France,,,Goal,,,,,,,,,,,,,shootout,8,Argentina,True,3099,Hugo Lloris,Penalty Conceded,False,0.0393135385,0,-0.0393135385,0,no-credit-not-goalkeeper-credited
