match_id,event_index,event_id,period,minute,competition_stage,knockout,attacking_team,defending_team,pre_shot_score_diff_defending,is_regular_penalty,shot_outcome,goal,goal_probability_v3,leverage_v4,channel,kick_number,kicking_team,scored,goalkeeper_player_id,goalkeeper_player_name,goalkeeper_event_type,goalkeeper_credited_save,pre_kick_win_probability_defending,post_kick_win_probability_defending,defending_wpa,goalkeeper_wpa,attribution_rule
3857254,856.0,4e6ade78-7d2d-4628-95b5-d380667d7426,1.0,22.15,Group Stage,False,Denmark,Tunisia,0.0,False,Saved,0.0,0.23095425672453287,0.24529622968148515,ordinary_or_penalty,,,,,,,,,,,,
3857254,1301.0,0562fc11-c951-4599-9d1f-36763b0b87e3,1.0,32.96666666666667,Group Stage,False,Denmark,Tunisia,0.0,False,Saved,0.0,0.13437398070940337,0.25902700604798345,ordinary_or_penalty,,,,,,,,,,,,
3857254,1672.0,403eb53c-527a-462c-8081-5b111b758ae1,1.0,42.0,Group Stage,False,Tunisia,Denmark,0.0,False,Saved,0.0,0.49049775011259733,0.2716938104067991,ordinary_or_penalty,,,,,,,,,,,,
3857254,2838.0,7ce22041-277e-47f1-8a76-cdd4afc35782,2.0,68.43333333333334,Group Stage,False,Denmark,Tunisia,0.0,False,Saved,0.0,0.2528698577530245,0.31237642022931045,ordinary_or_penalty,,,,,,,,,,,,
3857254,3570.0,2c44ca3f-6e81-4f0c-a80c-96b9653da2e1,2.0,91.15,Group Stage,False,Denmark,Tunisia,0.0,False,Saved,0.0,0.4308851654559848,0.3333333333333333,ordinary_or_penalty,,,,,,,,,,,,
3857254,3667.0,c58e2f4e-aec8-490c-a773-c32f43fd00ed,2.0,96.3,Group Stage,False,Denmark,Tunisia,0.0,False,Saved,0.0,0.2539711339154938,0.3333333333333333,ordinary_or_penalty,,,,,,,,,,,,
3857255,467.0,9c33b0de-c433-49e8-980d-cd5eff16f5d0,1.0,8.866666666666667,Group Stage,False,Spain,Japan,0.0,False,Saved,0.0,0.27448901197303627,0.23042358878940716,ordinary_or_penalty,,,,,,,,,,,,
3857255,598.0,9b897300-f3b0-4bdf-bbb4-a3a31cbe616d,1.0,11.0,Group Stage,False,Spain,Japan,0.0,False,Goal,1.0,0.6698115652075787,0.2326130775985808,ordinary_or_penalty,,,,,,,,,,,,
3857255,1209.0,91c0f01d-e57d-456a-ad9d-eaa9974a9728,1.0,22.566666666666666,Group Stage,False,Spain,Japan,-1.0,False,Saved,0.0,0.2394824826746641,0.13411509605855723,ordinary_or_penalty,,,,,,,,,,,,
3857255,2476.0,bc946af5-84cd-4f04-a439-78394d428a5a,2.0,47.8,Group Stage,False,Japan,Spain,1.0,False,Goal,1.0,0.21372091174627267,0.34413839972207316,ordinary_or_penalty,,,,,,,,,,,,
3857255,2510.0,62233fb1-7200-49ca-aa10-948d071008f0,2.0,50.233333333333334,Group Stage,False,Japan,Spain,0.0,False,Goal,1.0,0.9550127806795847,0.28404952791606525,ordinary_or_penalty,,,,,,,,,,,,
3857255,3788.0,526ba5d5-9a4a-4eb6-8703-2e38c0b4e3a5,2.0,82.35,Group Stage,False,Japan,Spain,-1.0,False,Saved,0.0,0.14265201883004872,0.033913505150205595,ordinary_or_penalty,,,,,,,,,,,,
3857255,4148.0,3f03f538-4d45-4190-8de2-2ad65dd0663a,2.0,88.81666666666666,Group Stage,False,Spain,Japan,1.0,False,Saved,0.0,0.1607081764444499,0.6490906876119926,ordinary_or_penalty,,,,,,,,,,,,
3857255,4168.0,1280d6dd-09c8-485c-9fbd-371ac8726d57,2.0,89.13333333333334,Group Stage,False,Spain,Japan,1.0,False,Saved,0.0,0.27008539131703413,0.6538889816313991,ordinary_or_penalty,,,,,,,,,,,,
3857256,25.0,849bc0a6-ca9b-4e58-834e-6aabce567589,1.0,0.36666666666666664,Group Stage,False,Switzerland,Serbia,0.0,False,Saved,0.0,0.6649420094109927,0.22195338039577855,ordinary_or_penalty,,,,,,,,,,,,
3857256,28.0,7efd8f74-7ea6-468a-a3a9-e82070494959,1.0,0.38333333333333336,Group Stage,False,Switzerland,Serbia,0.0,False,Saved,0.0,0.17188104854591438,0.22195338039577855,ordinary_or_penalty,,,,,,,,,,,,
3857256,361.0,76686ee8-2674-4762-a7d0-1b9dc6fb4d10,1.0,10.116666666666667,Group Stage,False,Serbia,Switzerland,0.0,False,Saved,0.0,0.6933314739109306,0.23168886345132672,ordinary_or_penalty,,,,,,,,,,,,
3857256,682.0,546c1d65-f1b5-4c42-8983-b743be29f3f8,1.0,19.183333333333334,Group Stage,False,Switzerland,Serbia,0.0,False,Goal,1.0,0.21663258611410824,0.24180467555137491,ordinary_or_penalty,,,,,,,,,,,,
3857256,721.0,dd7a567d-a8c3-49a4-8343-0596106ffd60,1.0,21.183333333333334,Group Stage,False,Switzerland,Serbia,-1.0,False,Saved,0.0,0.1948610691266377,0.13466047943552928,ordinary_or_penalty,,,,,,,,,,,,
3857256,763.0,a74e75d9-6758-403a-8d8e-01e0d502185e,1.0,22.25,Group Stage,False,Serbia,Switzerland,1.0,False,Saved,0.0,0.18995567397791588,0.27583496846765476,ordinary_or_penalty,,,,,,,,,,,,
3857256,925.0,92e8f2c9-a5de-4e1b-9b4b-b3b6bf96aec9,1.0,25.933333333333334,Group Stage,False,Serbia,Switzerland,1.0,False,Goal,1.0,0.27085745663626,0.28336483334959883,ordinary_or_penalty,,,,,,,,,,,,
3857256,1175.0,ddb6f298-8ac3-4d35-bfb7-f03f76b54c1e,1.0,34.46666666666667,Group Stage,False,Serbia,Switzerland,0.0,False,Goal,1.0,0.3312006451868733,0.2611121156638072,ordinary_or_penalty,,,,,,,,,,,,
3857256,1440.0,70fe857d-6f28-4b38-8ad7-a655328ec176,1.0,43.68333333333333,Group Stage,False,Switzerland,Serbia,1.0,False,Goal,1.0,0.9451409698314346,0.3299328700148051,ordinary_or_penalty,,,,,,,,,,,,
3857256,1620.0,f18182b3-c83e-4ca4-82c4-810effcfdef7,2.0,47.63333333333333,Group Stage,False,Switzerland,Serbia,0.0,False,Goal,1.0,0.32380138084993054,0.2800596990516794,ordinary_or_penalty,,,,,,,,,,,,
3857256,2944.0,c15dc8c4-2d91-435a-a390-11fd17a2bf2f,2.0,88.8,Group Stage,False,Switzerland,Serbia,-1.0,False,Saved,0.0,0.4806832775875602,0.00589297184561367,ordinary_or_penalty,,,,,,,,,,,,
3857257,408.0,c25f3865-4473-42f0-b560-850327da9bb4,1.0,10.866666666666667,Group Stage,False,Denmark,Australia,0.0,False,Saved,0.0,0.10438821032543129,0.23254167216823124,ordinary_or_penalty,,,,,,,,,,,,
3857257,768.0,00b789c7-1a36-4662-a2f1-b472ccdf2ede,1.0,21.733333333333334,Group Stage,False,Australia,Denmark,0.0,False,Saved,0.0,0.16770711391697748,0.24481362032139603,ordinary_or_penalty,,,,,,,,,,,,
3857257,890.0,eb7fd912-361c-4595-88e5-9bef43366a49,1.0,24.116666666666667,Group Stage,False,Denmark,Australia,0.0,False,Saved,0.0,0.2493771378422045,0.2476580069297754,ordinary_or_penalty,,,,,,,,,,,,
3857257,1209.0,2674ed36-ccdb-41a5-bb67-9af548cd9fcc,1.0,31.55,Group Stage,False,Australia,Denmark,0.0,False,Saved,0.0,0.25834671888704835,0.25715009878925504,ordinary_or_penalty,,,,,,,,,,,,
3857257,1622.0,1a45230e-3810-4d1d-ac49-c700f4de76ef,1.0,40.95,Group Stage,False,Australia,Denmark,0.0,False,Saved,0.0,0.12472731669690511,0.27023677249138656,ordinary_or_penalty,,,,,,,,,,,,
3857257,2410.0,6c01e572-4150-44b0-9d2d-b98541158edf,2.0,59.93333333333333,Group Stage,False,Australia,Denmark,0.0,False,Goal,1.0,0.24299589570297084,0.29923740603151616,ordinary_or_penalty,,,,,,,,,,,,
3857257,2913.0,570e3c6c-0f7f-4e71-8648-5fccf82c2dfd,2.0,76.41666666666667,Group Stage,False,Denmark,Australia,1.0,False,Saved,0.0,0.2433019705178995,0.5087239323713991,ordinary_or_penalty,,,,,,,,,,,,
3857257,3563.0,3a1509ee-760a-4695-8f34-4fc753ad490c,2.0,94.18333333333334,Group Stage,False,Denmark,Australia,1.0,False,Saved,0.0,0.24502571708836837,0.6666666666666667,ordinary_or_penalty,,,,,,,,,,,,
3857258,535.0,e51adb42-5138-49bc-a974-06f3acd44e75,1.0,12.883333333333333,Group Stage,False,Brazil,Serbia,0.0,False,Saved,0.0,0.08634200832461615,0.2347066790397218,ordinary_or_penalty,,,,,,,,,,,,
3857258,900.0,7546be82-8c03-46fd-ad21-e78f97a07c29,1.0,20.85,Group Stage,False,Brazil,Serbia,0.0,False,Saved,0.0,0.12590277059690497,0.24377502086206804,ordinary_or_penalty,,,,,,,,,,,,
3857258,1429.0,ca5a4b92-e0fa-4c47-acc1-94fbe0c3ebb0,1.0,34.11666666666667,Group Stage,False,Brazil,Serbia,0.0,False,Saved,0.0,0.2444110699032675,0.2606562225190044,ordinary_or_penalty,,,,,,,,,,,,
3857258,1950.0,28548766-29be-4f89-a4d2-58bf9870a804,2.0,45.583333333333336,Group Stage,False,Brazil,Serbia,0.0,False,Saved,0.0,0.6588976139382648,0.2770336527162343,ordinary_or_penalty,,,,,,,,,,,,
3857258,2512.0,2fc45c11-a73c-4817-af40-463aab7436f6,2.0,61.95,Group Stage,False,Brazil,Serbia,0.0,False,Saved,0.0,0.22023226261886522,0.302393235385479,ordinary_or_penalty,,,,,,,,,,,,
3857258,2515.0,68934afc-100d-4812-b7fe-c67fda03630e,2.0,61.96666666666667,Group Stage,False,Brazil,Serbia,0.0,False,Goal,1.0,0.8500330434443033,0.302393235385479,ordinary_or_penalty,,,,,,,,,,,,
3857258,2790.0,f32f451c-8cf3-466b-ae81-a17f6111ab98,2.0,72.9,Group Stage,False,Brazil,Serbia,-1.0,False,Goal,1.0,0.21249593738602685,0.06601987485779873,ordinary_or_penalty,,,,,,,,,,,,
3857258,3063.0,4780ef6a-c5b0-4ed1-912e-829dd87523ad,2.0,81.53333333333333,Group Stage,False,Brazil,Serbia,-2.0,False,Saved,0.0,0.18260110809802788,0.002240934942809737,ordinary_or_penalty,,,,,,,,,,,,
3857258,3115.0,e3a44182-23f4-4163-b36c-372a82466969,2.0,82.53333333333333,Group Stage,False,Brazil,Serbia,-2.0,False,Saved,0.0,0.2166438145718405,0.0017735264577089425,ordinary_or_penalty,,,,,,,,,,,,
3857259,616.0,637fd724-c030-440d-9392-7c718149938b,1.0,18.616666666666667,Group Stage,False,Cameroon,Serbia,0.0,False,Saved,0.0,0.06996425990061136,0.24110397316158155,ordinary_or_penalty,,,,,,,,,,,,
3857259,811.0,1b7461e8-f3c3-4c70-94f5-aae1384db51b,1.0,28.116666666666667,Group Stage,False,Cameroon,Serbia,0.0,False,Goal,1.0,0.987129694040319,0.2526993606763925,ordinary_or_penalty,,,,,,,,,,,,
3857259,1338.0,1dab17e3-7088-4ae6-a1a4-dc0ff0dc2e15,1.0,42.733333333333334,Group Stage,False,Cameroon,Serbia,-1.0,False,Saved,0.0,0.17090485560599136,0.12050959504283655,ordinary_or_penalty,,,,,,,,,,,,
3857259,1434.0,3ba0655f-e4cf-4088-a3e8-0cdbfa517be9,1.0,45.36666666666667,Group Stage,False,Serbia,Cameroon,1.0,False,Goal,1.0,0.2886490687578318,0.33569927089366336,ordinary_or_penalty,,,,,,,,,,,,
3857259,1493.0,52b8141b-59ae-4ae1-8509-7ac620e4c9e1,1.0,47.86666666666667,Group Stage,False,Serbia,Cameroon,0.0,False,Goal,1.0,0.20418388631060252,0.2804661252180571,ordinary_or_penalty,,,,,,,,,,,,
3857259,1854.0,be17203f-f93a-4a28-9704-0d0783b29be2,2.0,52.43333333333333,Group Stage,False,Serbia,Cameroon,-1.0,False,Goal,1.0,0.9788877241632775,0.1088787954199239,ordinary_or_penalty,,,,,,,,,,,,
3857259,2132.0,da5af003-a708-4d60-9153-f78c6651c5bc,2.0,61.88333333333333,Group Stage,False,Cameroon,Serbia,2.0,False,Saved,0.0,0.12496610463320419,0.14531381402102717,ordinary_or_penalty,,,,,,,,,,,,
3857259,2158.0,4768edb7-18f4-45fc-8281-4bb29e43dcfd,2.0,62.86666666666667,Group Stage,False,Cameroon,Serbia,2.0,False,Goal,1.0,0.4611263366107968,0.14307535038982055,ordinary_or_penalty,,,,,,,,,,,,
3857259,2228.0,72d6e126-e852-4621-b7b3-9861affc8b94,2.0,65.41666666666667,Group Stage,False,Cameroon,Serbia,1.0,False,Goal,1.0,0.8193704659143863,0.42732474343665844,ordinary_or_penalty,,,,,,,,,,,,
3857259,2569.0,a63f273c-9a0d-4cfe-89ae-7cbd3d8d0bc1,2.0,75.86666666666666,Group Stage,False,Serbia,Cameroon,0.0,False,Saved,0.0,0.21395845280139728,0.32272669492034944,ordinary_or_penalty,,,,,,,,,,,,
3857259,2934.0,c2960b9b-c6ba-4bb9-b6ae-11b4c1c01ce1,2.0,86.11666666666666,Group Stage,False,Cameroon,Serbia,0.0,False,Saved,0.0,0.15358741776856238,0.3323140892994916,ordinary_or_penalty,,,,,,,,,,,,
3857259,3205.0,1a3dd69a-682b-43be-aa29-ed4cc4f717e5,2.0,94.13333333333334,Group Stage,False,Cameroon,Serbia,0.0,False,Saved,0.0,0.10396229901432415,0.3333333333333333,ordinary_or_penalty,,,,,,,,,,,,
3857259,3223.0,ff453b86-63e4-4e15-a1f3-2513f1f9f4f3,2.0,94.7,Group Stage,False,Serbia,Cameroon,0.0,False,Saved,0.0,0.1688009794017751,0.3333333333333333,ordinary_or_penalty,,,,,,,,,,,,
3857260,105.0,9dd15d0d-0ff7-4b3a-a352-dbfc2bd33ced,1.0,2.1333333333333333,Group Stage,False,Saudi Arabia,Mexico,0.0,False,Saved,0.0,0.27272727272727276,0.22362428020565955,ordinary_or_penalty,,,,,,,,,,,,
3857260,123.0,51808f65-639f-4dbd-bd51-3b8dde23358a,1.0,2.6166666666666667,Group Stage,False,Mexico,Saudi Arabia,0.0,False,Saved,0.0,0.43636363636363634,0.2240795527982299,ordinary_or_penalty,,,,,,,,,,,,
3857260,674.0,095adc8d-612d-445a-9a9a-33100ece166c,1.0,22.35,Group Stage,False,Mexico,Saudi Arabia,0.0,False,Saved,0.0,0.27272727272727276,0.24553830772346238,ordinary_or_penalty,,,,,,,,,,,,
3857260,775.0,22eb252a-6f77-44e7-bfc6-c588e4d70047,1.0,24.45,Group Stage,False,Mexico,Saudi Arabia,0.0,False,Saved,0.0,0.10204081632653061,0.24807011724047293,ordinary_or_penalty,,,,,,,,,,,,
3857260,1618.0,20a35c76-24ef-4b8c-ac38-e769dff6c717,2.0,46.2,Group Stage,False,Mexico,Saudi Arabia,0.0,False,Saved,0.0,0.13333333333333333,0.2779372502704852,ordinary_or_penalty,,,,,,,,,,,,
3857260,1629.0,22c0ff6e-ca12-495e-a6d9-cf1bb00e53a9,2.0,46.86666666666667,Group Stage,False,Mexico,Saudi Arabia,0.0,False,Goal,1.0,0.43636363636363634,0.2789455345541195,ordinary_or_penalty,,,,,,,,,,,,
3857260,1717.0,2243dac2-e1c3-47a3-87b7-5b398c68cf07,2.0,51.93333333333333,Group Stage,False,Mexico,Saudi Arabia,-1.0,False,Goal,1.0,0.22,0.10954202739059013,ordinary_or_penalty,,,,,,,,,,,,
3857260,2124.0,869d6aa5-aea8-41cd-9ea1-df338f224d12,2.0,66.01666666666667,Group Stage,False,Mexico,Saudi Arabia,-2.0,False,Saved,0.0,0.10204081632653061,0.013464506784056328,ordinary_or_penalty,,,,,,,,,,,,
3857260,2230.0,0cfe0a06-b98d-41fb-bef1-59897be64d13,2.0,72.05,Group Stage,False,Mexico,Saudi Arabia,-2.0,False,Saved,0.0,0.22,0.0084470234353995,ordinary_or_penalty,,,,,,,,,,,,
3857260,2390.0,1a46cbf8-c9bc-4843-b51c-0ee17fd7550d,2.0,77.76666666666667,Group Stage,False,Mexico,Saudi Arabia,-2.0,False,Saved,0.0,0.13333333333333333,0.004390379572824412,ordinary_or_penalty,,,,,,,,,,,,
3857260,2735.0,ad9940c8-30cc-47f4-b706-e2d09b1d78eb,2.0,91.41666666666667,Group Stage,False,Mexico,Saudi Arabia,-2.0,False,Saved,0.0,0.10204081632653061,0.0,ordinary_or_penalty,,,,,,,,,,,,
3857260,2833.0,1d0a8857-a8ba-461f-9e98-de32270f52c7,2.0,94.66666666666667,Group Stage,False,Saudi Arabia,Mexico,2.0,False,Goal,1.0,0.43636363636363634,0.0,ordinary_or_penalty,,,,,,,,,,,,
3857261,438.0,5f957f67-cdbc-4a3e-b3bc-89492062f995,1.0,9.183333333333334,Group Stage,False,England,Wales,0.0,False,Saved,0.0,0.5182151698505608,0.23070332450005224,ordinary_or_penalty,,,,,,,,,,,,
3857261,1708.0,559a4918-19c5-4542-a25c-9f97b0f50846,1.0,47.916666666666664,Group Stage,False,England,Wales,0.0,False,Saved,0.0,0.2507430949801139,0.28056783600358126,ordinary_or_penalty,,,,,,,,,,,,
3857261,1900.0,6020ebb9-e009-4fa5-b2b4-5ef501777c88,2.0,49.28333333333333,Group Stage,False,England,Wales,0.0,False,Goal,1.0,0.15244746824704183,0.28261052404258974,ordinary_or_penalty,,,,,,,,,,,,
3857261,1929.0,e19e6d23-1ae7-41f7-8523-ca44e192c002,2.0,50.88333333333333,Group Stage,False,England,Wales,-1.0,False,Goal,1.0,0.7642185120066761,0.11101588107968882,ordinary_or_penalty,,,,,,,,,,,,
3857261,2063.0,df171e76-7f4c-4369-86e8-f29b80bca70e,2.0,55.11666666666667,Group Stage,False,Wales,England,2.0,False,Saved,0.0,0.13962036479387216,0.1573717010561546,ordinary_or_penalty,,,,,,,,,,,,
3857261,2373.0,f1368c72-842d-4757-9932-408fd168e995,2.0,67.66666666666667,Group Stage,False,England,Wales,-2.0,False,Goal,1.0,0.22934397986837285,0.012017900749762247,ordinary_or_penalty,,,,,,,,,,,,
3857261,2518.0,7d9ece14-5e53-4fa5-a35b-ff1a399e9221,2.0,71.35,Group Stage,False,England,Wales,-3.0,False,Saved,0.0,0.2563031517125648,0.0007944913898638063,ordinary_or_penalty,,,,,,,,,,,,
3857261,2699.0,e0b68076-fbac-4918-b206-97d14b9d2e42,2.0,76.63333333333334,Group Stage,False,England,Wales,-3.0,False,Saved,0.0,0.44646707420673387,0.0003309422980162765,ordinary_or_penalty,,,,,,,,,,,,
3857262,247.0,18f01ec7-ab9e-40d4-9629-a6507d1843e5,1.0,4.883333333333333,Group Stage,False,Portugal,South Korea,0.0,False,Goal,1.0,0.5044890775748118,0.22632416173880568,ordinary_or_penalty,,,,,,,,,,,,
3857262,609.0,c6dfbf3c-fee3-4529-bf1c-88c912c73ca2,1.0,14.066666666666666,Group Stage,False,Portugal,South Korea,-1.0,False,Saved,0.0,0.1268680981933664,0.13702777854794573,ordinary_or_penalty,,,,,,,,,,,,
3857262,666.0,959fabc4-2b98-4a57-a9c1-1999400662dd,1.0,16.15,Group Stage,False,South Korea,Portugal,1.0,False,Saved,0.0,0.24951492194804709,0.2645568808720429,ordinary_or_penalty,,,,,,,,,,,,
3857262,1020.0,e696a77e-52b1-4f33-a5f3-476bbfcf4b57,1.0,26.716666666666665,Group Stage,False,South Korea,Portugal,1.0,False,Goal,1.0,0.8875245410153076,0.28508747642904275,ordinary_or_penalty,,,,,,,,,,,,
3857262,1282.0,803986f1-d638-4db9-9f0b-53d248a35855,1.0,33.95,Group Stage,False,Portugal,South Korea,0.0,False,Saved,0.0,0.1682722127819699,0.2603833809363111,ordinary_or_penalty,,,,,,,,,,,,
3857262,1287.0,9751faee-145f-490c-8ab7-beb789c269b9,1.0,34.55,Group Stage,False,Portugal,South Korea,0.0,False,Saved,0.0,0.17275493048063412,0.26120346765589764,ordinary_or_penalty,,,,,,,,,,,,
3857262,1485.0,a121c896-21e3-4dff-97f9-95d7eaa71e53,1.0,39.916666666666664,Group Stage,False,South Korea,Portugal,0.0,False,Saved,0.0,0.1565798289236504,0.26869578102753566,ordinary_or_penalty,,,,,,,,,,,,
3857262,1563.0,99afe7c0-0758-48dd-abec-27ff13f6fa09,1.0,41.61666666666667,Group Stage,False,Portugal,South Korea,0.0,False,Saved,0.0,0.1403570766166132,0.27120681861334744,ordinary_or_penalty,,,,,,,,,,,,
3857262,1648.0,9b6dd32d-4993-4f70-8aa8-8c57f1c0742b,1.0,43.666666666666664,Group Stage,False,Portugal,South Korea,0.0,False,Saved,0.0,0.24702333251346456,0.2741480323260823,ordinary_or_penalty,,,,,,,,,,,,
3857262,2454.0,ae0ccb3a-9cd2-4a1f-a8df-04956bbeefc2,2.0,65.58333333333333,Group Stage,False,South Korea,Portugal,0.0,False,Saved,0.0,0.18437435991358833,0.3080117094169953,ordinary_or_penalty,,,,,,,,,,,,
3857262,2507.0,4c77dbd8-b88d-4091-b74e-a2ee33802cf9,2.0,66.5,Group Stage,False,South Korea,Portugal,0.0,False,Saved,0.0,0.24003794138023146,0.3094464699206206,ordinary_or_penalty,,,,,,,,,,,,
3857262,3244.0,9ec02244-15d4-4d47-9f4a-efabc72118a2,2.0,90.46666666666667,Group Stage,False,South Korea,Portugal,0.0,False,Goal,1.0,0.6625796674381713,0.3333333333333333,ordinary_or_penalty,,,,,,,,,,,,
3857263,1836.0,26d7107b-7657-4f16-bb7c-530047ec4536,1.0,44.583333333333336,Group Stage,False,Germany,Spain,0.0,False,Saved,0.0,0.12096311495448282,0.27553604185525526,ordinary_or_penalty,,,,,,,,,,,,
3857263,2335.0,39497546-4a78-43e1-98dc-71bf9514b702,2.0,55.88333333333333,Group Stage,False,Germany,Spain,0.0,False,Saved,0.0,0.20206681667112072,0.2929127967820415,ordinary_or_penalty,,,,,,,,,,,,
3857263,2365.0,2036573c-cac2-4454-b43b-c33364286c4a,2.0,58.0,Group Stage,False,Spain,Germany,0.0,False,Saved,0.0,0.12314476841462016,0.29617908390552516,ordinary_or_penalty,,,,,,,,,,,,
3857263,2478.0,72e972ee-22e9-4eef-aaa9-04ebd7e55f92,2.0,61.55,Group Stage,False,Spain,Germany,0.0,False,Goal,1.0,0.5353656856806741,0.30176328986030354,ordinary_or_penalty,,,,,,,,,,,,
3857263,2865.0,db268ae9-4dfd-43fc-901e-71cd25f5cff6,2.0,72.71666666666667,Group Stage,False,Germany,Spain,1.0,False,Saved,0.0,0.4803327732856098,0.4779290827892089,ordinary_or_penalty,,,,,,,,,,,,
3857263,3242.0,38d1ccce-102b-41a6-9661-a4f872c615e3,2.0,82.41666666666667,Group Stage,False,Germany,Spain,1.0,False,Goal,1.0,0.17559118595518702,0.5688641125250133,ordinary_or_penalty,,,,,,,,,,,,
3857264,264.0,e84b2adc-a5c5-467d-9e62-bfb5ab86943d,1.0,6.5,Group Stage,False,Argentina,Poland,0.0,False,Saved,0.0,0.15337563041466412,0.22794241559031614,ordinary_or_penalty,,,,,,,,,,,,
3857264,393.0,732e9df5-bb7b-4708-bf2e-0d1e2cbd521f,1.0,9.883333333333333,Group Stage,False,Argentina,Poland,0.0,False,Saved,0.0,0.2013559149007584,0.231476826981602,ordinary_or_penalty,,,,,,,,,,,,
3857264,1298.0,530b01f6-fd0d-4c7d-96c6-2d4443005a6d,1.0,32.28333333333333,Group Stage,False,Argentina,Poland,0.0,False,Saved,0.0,0.08992128607988888,0.25813003026920645,ordinary_or_penalty,,,,,,,,,,,,
3857264,1409.0,ce3c5309-f67c-45f6-9ff3-354a958dc5f7,1.0,35.166666666666664,Group Stage,False,Argentina,Poland,0.0,False,Saved,0.0,0.23193159618348327,0.2620282303072837,ordinary_or_penalty,,,,,,,,,,,,
3857264,1416.0,bbf37035-eac8-4277-8e3a-39c6acf669e1,1.0,38.4,Group Stage,False,Argentina,Poland,0.0,True,Saved,0.0,,0.26659963967129297,ordinary_or_penalty,,,,,,,,,,,,
3857264,1579.0,8b91032f-be4a-447e-82c2-11e12d18aeaa,1.0,42.15,Group Stage,False,Argentina,Poland,0.0,False,Saved,0.0,0.15061421934502298,0.27198662963782627,ordinary_or_penalty,,,,,,,,,,,,
3857264,1583.0,79ac9bb8-7580-4f2f-86e4-03ddd04bc6a1,1.0,42.166666666666664,Group Stage,False,Argentina,Poland,0.0,False,Saved,0.0,0.5375649623241289,0.27198662963782627,ordinary_or_penalty,,,,,,,,,,,,
3857264,1614.0,35801dfe-a2f0-4877-aaba-a022e4a8d356,1.0,43.266666666666666,Group Stage,False,Argentina,Poland,0.0,False,Saved,0.0,0.15566951571745685,0.27355613249726174,ordinary_or_penalty,,,,,,,,,,,,
3857264,1865.0,7a106f3b-d45b-4e5a-b272-eab6712a7aa9,2.0,45.88333333333333,Group Stage,False,Argentina,Poland,0.0,False,Goal,1.0,0.2023107572030985,0.27743479372611646,ordinary_or_penalty,,,,,,,,,,,,
3857264,2481.0,7c0f9533-8699-4dff-b7e1-afcdc7dbe87e,2.0,60.63333333333333,Group Stage,False,Argentina,Poland,-1.0,False,Saved,0.0,0.2985257922036533,0.0951978693485417,ordinary_or_penalty,,,,,,,,,,,,
3857264,2777.0,9cd13a7d-13be-4553-a2e1-b4bab349e413,2.0,66.95,Group Stage,False,Argentina,Poland,-1.0,False,Goal,1.0,0.21153287904837756,0.08172500625021892,ordinary_or_penalty,,,,,,,,,,,,
3857264,2940.0,f75ddc65-a309-4ace-8d33-b1d6e87f86a0,2.0,70.6,Group Stage,False,Argentina,Poland,-2.0,False,Saved,0.0,0.30448176255071563,0.009619669952038818,ordinary_or_penalty,,,,,,,,,,,,
3857264,3894.0,4a3d578a-c71a-4102-8e73-00bbcfce4ca0,2.0,91.96666666666667,Group Stage,False,Argentina,Poland,-2.0,False,Saved,0.0,0.5067605431314128,0.0,ordinary_or_penalty,,,,,,,,,,,,
3857265,1564.0,90104e5a-ef6b-4e9e-ba6e-79b8bed653e8,1.0,44.3,Group Stage,False,Mexico,Poland,0.0,False,Saved,0.0,0.20451459930232815,0.27513849182279454,ordinary_or_penalty,,,,,,,,,,,,
3857265,1914.0,cefd85c4-3b07-4392-a40e-2101198ffd66,2.0,51.75,Group Stage,False,Mexico,Poland,0.0,False,Saved,0.0,0.1709958284169174,0.28642838574933016,ordinary_or_penalty,,,,,,,,,,,,
3857265,1977.0,5ee0aff8-6137-437a-84a3-320adf30aed6,2.0,57.38333333333333,Group Stage,False,Poland,Mexico,0.0,True,Saved,0.0,,0.29523002791266917,ordinary_or_penalty,,,,,,,,,,,,
3857265,2159.0,33ef2ae2-9ad0-48cc-acd4-c210fac8592c,2.0,63.4,Group Stage,False,Mexico,Poland,0.0,False,Saved,0.0,0.18277881192703793,0.3046951518871173,ordinary_or_penalty,,,,,,,,,,,,
3857265,3044.0,9be1b301-9784-4f2b-b709-d2d4dec0d578,2.0,93.86666666666666,Group Stage,False,Poland,Mexico,0.0,False,Saved,0.0,0.2703662715711378,0.3333333333333333,ordinary_or_penalty,,,,,,,,,,,,
3857265,3126.0,cf2f4b27-0de7-4e85-a26c-8383ed129cc0,2.0,95.88333333333334,Group Stage,False,Mexico,Poland,0.0,False,Saved,0.0,0.16569197089925405,0.3333333333333333,ordinary_or_penalty,,,,,,,,,,,,
3857266,997.0,8d13ea77-6e18-493c-8e54-258f942c255b,1.0,20.3,Group Stage,False,France,Denmark,0.0,False,Saved,0.0,0.43636363636363634,0.243061623140845,ordinary_or_penalty,,,,,,,,,,,,
3857266,1455.0,4e7ba032-7c93-44f9-9a5f-6eb2de5d473a,1.0,32.8,Group Stage,False,France,Denmark,0.0,False,Saved,0.0,0.0,0.25884714459935293,ordinary_or_penalty,,,,,,,,,,,,
3857266,2398.0,f63e4a17-97db-4c92-8ef0-c58a7d62bf2f,2.0,55.983333333333334,Group Stage,False,France,Denmark,0.0,False,Saved,0.0,0.27272727272727276,0.2930180068734911,ordinary_or_penalty,,,,,,,,,,,,
3857266,2585.0,8ad26aa2-291c-4d4c-a9d8-354224932a31,2.0,60.416666666666664,Group Stage,False,France,Denmark,0.0,False,Goal,1.0,0.22,0.2999749156137404,ordinary_or_penalty,,,,,,,,,,,,
3857266,2816.0,ec53e52f-fb8b-4085-bf36-323830fd4c0f,2.0,67.25,Group Stage,False,Denmark,France,1.0,False,Goal,1.0,0.43636363636363634,0.43873072449250466,ordinary_or_penalty,,,,,,,,,,,,
3857266,2997.0,6bd41f74-6e8e-4714-bc4d-fdb8e0f1528f,2.0,72.35,Group Stage,False,Denmark,France,0.0,False,Saved,0.0,0.43636363636363634,0.3179983192157327,ordinary_or_penalty,,,,,,,,,,,,
3857266,3353.0,e5bd1434-dbe8-4da2-b05f-509364c40015,2.0,85.15,Group Stage,False,France,Denmark,0.0,False,Goal,1.0,0.43636363636363634,0.3317978789603409,ordinary_or_penalty,,,,,,,,,,,,
3857266,3557.0,d5249a01-7b86-4dad-ab4f-a1aa32e1ec51,2.0,90.3,Group Stage,False,France,Denmark,-1.0,False,Saved,0.0,0.10204081632653061,0.0,ordinary_or_penalty,,,,,,,,,,,,
3857267,1278.0,e800e0bb-7fe2-4b0b-a284-d79772a9e828,1.0,43.68333333333333,Group Stage,False,Senegal,Ecuador,0.0,True,Goal,1.0,,0.2741480323260823,ordinary_or_penalty,,,,,,,,,,,,
3857267,1522.0,f357068e-101e-47d5-9cab-b46abeab6fd2,2.0,48.43333333333333,Group Stage,False,Ecuador,Senegal,1.0,False,Saved,0.0,0.13424467721076144,0.34633576638184027,ordinary_or_penalty,,,,,,,,,,,,
3857267,2112.0,fe08733c-664e-444f-9053-4753f4d98076,2.0,66.96666666666667,Group Stage,False,Ecuador,Senegal,1.0,False,Goal,1.0,0.8721908456268507,0.43699780360945656,ordinary_or_penalty,,,,,,,,,,,,
3857267,2136.0,7f414cf8-690c-4ce8-bdb4-7de35ddbd88b,2.0,69.5,Group Stage,False,Senegal,Ecuador,0.0,False,Goal,1.0,0.4961025624624497,0.3139632919004457,ordinary_or_penalty,,,,,,,,,,,,
3857267,2232.0,4791bb90-e837-4f48-90e2-efede0479473,2.0,75.8,Group Stage,False,Ecuador,Senegal,1.0,False,Saved,0.0,0.17822732269741787,0.5034053017985214,ordinary_or_penalty,,,,,,,,,,,,
3857267,2612.0,5bfc0320-add5-41f5-8498-58bdb69b0879,2.0,87.76666666666667,Group Stage,False,Senegal,Ecuador,-1.0,False,Saved,0.0,0.14996532008034236,0.010642986354332687,ordinary_or_penalty,,,,,,,,,,,,
3857267,2673.0,2e8b83d3-8d70-4882-b24e-efe516fa2d28,2.0,88.98333333333333,Group Stage,False,Ecuador,Senegal,1.0,False,Saved,0.0,0.2875427833991481,0.6519620376145359,ordinary_or_penalty,,,,,,,,,,,,
3857268,50.0,30a8b555-579d-4b38-8d7d-7f4ed35dcd53,1.0,0.85,Group Stage,False,Belgium,Canada,0.0,False,Saved,0.0,0.13268767197351633,0.2224001428505668,ordinary_or_penalty,,,,,,,,,,,,
3857268,271.0,a0849b15-1abc-4429-ac77-9fd4d65c0c4a,1.0,10.0,Group Stage,False,Canada,Belgium,0.0,True,Saved,0.0,,0.2316181329789403,ordinary_or_penalty,,,,,,,,,,,,
3857268,1028.0,52480768-03ce-4fcc-a5de-c2857e22776e,1.0,29.266666666666666,Group Stage,False,Canada,Belgium,0.0,False,Saved,0.0,0.143969386510098,0.2541660008940505,ordinary_or_penalty,,,,,,,,,,,,
3857268,1571.0,6c69021e-9182-4454-930c-7ebfb880441d,1.0,43.53333333333333,Group Stage,False,Belgium,Canada,0.0,False,Goal,1.0,0.4908312367625994,0.2739505327559434,ordinary_or_penalty,,,,,,,,,,,,
3857268,3050.0,3762fdb2-12ce-48f5-a25c-f5f8818ae45f,2.0,79.48333333333333,Group Stage,False,Canada,Belgium,1.0,False,Saved,0.0,0.2961964158285463,0.5377948451832826,ordinary_or_penalty,,,,,,,,,,,,
3857268,3342.0,e32243e7-a6a0-490f-be8e-b75fe1b0647b,2.0,90.85,Group Stage,False,Belgium,Canada,-1.0,False,Saved,0.0,0.11661376275841073,0.0,ordinary_or_penalty,,,,,,,,,,,,
3857269,1205.0,ccdb8f0e-10fe-45f4-8c54-f0a74c222730,1.0,26.683333333333334,Group Stage,False,Brazil,Switzerland,0.0,False,Saved,0.0,0.43636363636363634,0.25091099588423404,ordinary_or_penalty,,,,,,,,,,,,
3857269,1342.0,f227c1e8-8585-4d1a-9c58-d39830356a78,1.0,30.316666666666666,Group Stage,False,Brazil,Switzerland,0.0,False,Saved,0.0,0.22,0.25556184444910524,ordinary_or_penalty,,,,,,,,,,,,
3857269,3314.0,b1c4fc15-d031-4f58-b3c7-9fd6708c7cf9,2.0,80.96666666666667,Group Stage,False,Brazil,Switzerland,0.0,False,Saved,0.0,0.22,0.32845066012447716,ordinary_or_penalty,,,,,,,,,,,,
3857269,3370.0,90380b1f-260f-42c9-95fb-ae1ca4941ee2,2.0,82.25,Group Stage,False,Brazil,Switzerland,0.0,False,Goal,1.0,0.22,0.3296186464850601,ordinary_or_penalty,,,,,,,,,,,,
3857269,3442.0,8f488d1b-d990-4d87-9ae3-a0f9a81e544a,2.0,86.41666666666667,Group Stage,False,Brazil,Switzerland,-1.0,False,Saved,0.0,0.22,0.016755113273301484,ordinary_or_penalty,,,,,,,,,,,,
3857270,1205.0,8fcf0dcd-e70c-4c64-9252-3a1e37ef27a9,1.0,31.95,Group Stage,False,Uruguay,Portugal,0.0,False,Saved,0.0,0.5742835626206949,0.2576837303809251,ordinary_or_penalty,,,,,,,,,,,,
3857270,1946.0,c581c62f-6666-485f-af07-90b4f81274ac,2.0,53.666666666666664,Group Stage,False,Portugal,Uruguay,0.0,False,Goal,1.0,0.12792139594258153,0.28945043470038373,ordinary_or_penalty,,,,,,,,,,,,
3857270,2114.0,fc35d3ba-9f4e-473f-91e8-7c2fc357149c,2.0,59.166666666666664,Group Stage,False,Uruguay,Portugal,1.0,False,Saved,0.0,0.13072422472384468,0.3927452435225305,ordinary_or_penalty,,,,,,,,,,,,
3857270,2815.0,02866454-5edb-4c28-88c2-61ccdc0d2343,2.0,78.15,Group Stage,False,Uruguay,Portugal,1.0,False,Saved,0.0,0.4558780641771574,0.5247539174070512,ordinary_or_penalty,,,,,,,,,,,,
3857270,3214.0,09a6971a-da8c-48d3-a477-04deeca2fa0b,2.0,92.31666666666666,Group Stage,False,Portugal,Uruguay,-1.0,True,Goal,1.0,,0.0,ordinary_or_penalty,,,,,,,,,,,,
3857270,3375.0,8b462570-c65a-43b6-bcc0-6a66482197aa,2.0,97.31666666666666,Group Stage,False,Portugal,Uruguay,-2.0,False,Saved,0.0,0.23658162990901357,0.0,ordinary_or_penalty,,,,,,,,,,,,
3857271,573.0,743254c2-073c-4f7b-a0af-c0a6304c36d5,1.0,26.966666666666665,Group Stage,False,England,Iran,0.0,False,Saved,0.0,0.17705453190015558,0.251249648025798,ordinary_or_penalty,,,,,,,,,,,,
3857271,841.0,09a3d7a3-983e-4c01-a8c1-2b1db7169647,1.0,34.15,Group Stage,False,England,Iran,0.0,False,Goal,1.0,0.3067987824129307,0.2606562225190044,ordinary_or_penalty,,,,,,,,,,,,
3857271,1119.0,c9bdb7ab-5b37-4fea-a46b-5969a3563175,1.0,42.766666666666666,Group Stage,False,England,Iran,-1.0,False,Goal,1.0,0.22299887506699242,0.12044316281418424,ordinary_or_penalty,,,,,,,,,,,,
3857271,1183.0,d47018bb-61d6-425b-ab3c-fa5982a27e05,1.0,45.28333333333333,Group Stage,False,England,Iran,-2.0,False,Goal,1.0,0.45262676459431633,0.03234973105866378,ordinary_or_penalty,,,,,,,,,,,,
3857271,2355.0,828aa0c6-95dc-422f-aaa5-fd201e3a5ad9,2.0,61.43333333333333,Group Stage,False,England,Iran,-3.0,False,Goal,1.0,0.23079603679535954,0.002334444158646298,ordinary_or_penalty,,,,,,,,,,,,
3857271,2457.0,4e3dddd6-1001-4bca-a950-fe89f59cea25,2.0,64.55,Group Stage,False,Iran,England,4.0,False,Goal,1.0,0.17999854692531408,0.00309513692672303,ordinary_or_penalty,,,,,,,,,,,,
3857271,2549.0,eb01f465-08f6-4adf-a1b8-865127b41a97,2.0,70.85,Group Stage,False,England,Iran,-3.0,False,Goal,1.0,0.7369652515307947,0.0008552585434072472,ordinary_or_penalty,,,,,,,,,,,,
3857271,3246.0,0ae88f68-f153-4cfc-8fdc-68ae1c5c17b8,2.0,89.01666666666667,Group Stage,False,England,Iran,-4.0,False,Goal,1.0,0.8950888219977602,6.864694424798803e-10,ordinary_or_penalty,,,,,,,,,,,,
3857271,3645.0,39236484-ea4c-4c5b-9025-d7aeb7396aae,2.0,102.5,Group Stage,False,Iran,England,5.0,True,Goal,1.0,,0.0,ordinary_or_penalty,,,,,,,,,,,,
3857272,1161.0,cd7df5a3-11c8-41d0-9ca5-ef6feea55964,1.0,28.1,Group Stage,False,United States,England,0.0,False,Saved,0.0,0.13333333333333333,0.2526993606763925,ordinary_or_penalty,,,,,,,,,,,,
3857272,1758.0,e88f5744-6bea-4a45-8192-3ab30fba9225,1.0,45.43333333333333,Group Stage,False,England,United States,0.0,False,Saved,0.0,0.13333333333333333,0.27683335977120394,ordinary_or_penalty,,,,,,,,,,,,
3857272,3289.0,3e1d3da1-96d0-4420-ba9c-dd49658072d5,2.0,86.71666666666667,Group Stage,False,England,United States,0.0,False,Saved,0.0,0.10204081632653061,0.3325951254602393,ordinary_or_penalty,,,,,,,,,,,,
3857272,3458.0,ab3fd1ea-a8c3-487b-a32a-07d0b7603ff2,2.0,90.83333333333333,Group Stage,False,England,United States,0.0,False,Saved,0.0,0.43636363636363634,0.3333333333333333,ordinary_or_penalty,,,,,,,,,,,,
3857273,291.0,7884c3bd-f0a1-4579-871c-aaf8aaa99707,1.0,6.616666666666667,Group Stage,False,Iran,Wales,0.0,False,Saved,0.0,0.14050061397988511,0.2280785537685645,ordinary_or_penalty,,,,,,,,,,,,
3857273,466.0,6cfde0ac-0cc5-4ca1-809c-e801da828e67,1.0,11.366666666666667,Group Stage,False,Wales,Iran,0.0,False,Saved,0.0,0.44260849594560014,0.23304260717064273,ordinary_or_penalty,,,,,,,,,,,,
3857273,944.0,b37c4059-f00c-411b-93d6-e3c13355a153,1.0,28.8,Group Stage,False,Wales,Iran,0.0,False,Saved,0.0,0.28766082363220946,0.2535600387701765,ordinary_or_penalty,,,,,,,,,,,,
3857273,1593.0,4ca88dcd-a77a-4f18-9260-5e4c78aed749,1.0,49.05,Group Stage,False,Iran,Wales,0.0,False,Saved,0.0,0.13266486408747902,0.2823031177811188,ordinary_or_penalty,,,,,,,,,,,,
3857273,1835.0,9a788179-9c98-49e9-a51e-80a48d401785,2.0,51.15,Group Stage,False,Iran,Wales,0.0,False,Saved,0.0,0.29184738166549246,0.28549545948531063,ordinary_or_penalty,,,,,,,,,,,,
3857273,2459.0,64de55f7-5283-4082-9666-c662724d0b45,2.0,72.45,Group Stage,False,Iran,Wales,0.0,False,Saved,0.0,0.1489627890424753,0.3181849156744867,ordinary_or_penalty,,,,,,,,,,,,
3857273,2735.0,9607f394-ff9c-46f0-889b-d57f13accf5b,2.0,82.98333333333333,Group Stage,False,Wales,Iran,0.0,False,Saved,0.0,0.2672101070893981,0.33023612309383393,ordinary_or_penalty,,,,,,,,,,,,
3857273,3099.0,217cf729-0d66-4202-9024-bfbe3850488c,2.0,97.93333333333334,Group Stage,False,Iran,Wales,0.0,False,Goal,1.0,0.13320169136784843,0.3333333333333333,ordinary_or_penalty,,,,,,,,,,,,
3857273,3129.0,1e12ac10-74b9-4408-b799-8cb279172624,2.0,100.61666666666666,Group Stage,False,Iran,Wales,-1.0,False,Goal,1.0,0.2935824307188096,0.0,ordinary_or_penalty,,,,,,,,,,,,
3857274,219.0,6480e222-737c-4aed-b197-531c094e9437,1.0,5.05,Group Stage,False,Netherlands,Ecuador,0.0,False,Goal,1.0,0.21358680235945518,0.22652489756066962,ordinary_or_penalty,,,,,,,,,,,,
3857274,1351.0,6e57cb5e-fe39-4d22-ab15-155340299c5e,1.0,31.883333333333333,Group Stage,False,Ecuador,Netherlands,1.0,False,Saved,0.0,0.13615825639384083,0.29689663329481897,ordinary_or_penalty,,,,,,,,,,,,
3857274,2077.0,ce31638e-77ff-4769-9fd0-6493ea1e5fbe,2.0,48.71666666666667,Group Stage,False,Ecuador,Netherlands,1.0,False,Saved,0.0,0.2352728727044376,0.3475723130598557,ordinary_or_penalty,,,,,,,,,,,,
3857274,2080.0,d53ccaf1-0307-4067-946b-d514978dfae2,2.0,48.733333333333334,Group Stage,False,Ecuador,Netherlands,1.0,False,Goal,1.0,0.9635287293373233,0.3475723130598557,ordinary_or_penalty,,,,,,,,,,,,
3857274,3433.0,f4222a25-6e19-4f82-a028-9b485e226ccd,2.0,91.9,Group Stage,False,Ecuador,Netherlands,0.0,False,Saved,0.0,0.23838861738502445,0.3333333333333333,ordinary_or_penalty,,,,,,,,,,,,
3857275,1029.0,a0692c73-c43b-4898-99d8-05ae9028217a,1.0,29.183333333333334,Group Stage,False,Tunisia,France,0.0,False,Saved,0.0,0.43636363636363634,0.2540792590002368,ordinary_or_penalty,,,,,,,,,,,,
3857275,1193.0,85b1b157-a84c-4b0b-ab24-bd908daf2989,1.0,34.56666666666667,Group Stage,False,Tunisia,France,0.0,False,Saved,0.0,0.22,0.26120346765589764,ordinary_or_penalty,,,,,,,,,,,,
3857275,2188.0,eea8329f-d9bf-47fe-8ef2-8f41c0a7d829,2.0,57.333333333333336,Group Stage,False,Tunisia,France,0.0,False,Goal,1.0,0.43636363636363634,0.2951246042847593,ordinary_or_penalty,,,,,,,,,,,,
3857275,2966.0,1fceb46b-a327-481b-af47-d9bebd469254,2.0,81.23333333333333,Group Stage,False,France,Tunisia,1.0,False,Saved,0.0,0.10204081632653061,0.5557400395079186,ordinary_or_penalty,,,,,,,,,,,,
3857275,3226.0,0c9c3ca0-d9f0-41d9-a2b6-6c4b2b6d9be5,2.0,88.31666666666666,Group Stage,False,France,Tunisia,1.0,False,Saved,0.0,0.10204081632653061,0.6424787464828343,ordinary_or_penalty,,,,,,,,,,,,
3857275,3330.0,62fb7c39-248e-4bf9-8386-762a65c8c4d6,2.0,92.61666666666666,Group Stage,False,France,Tunisia,1.0,False,Saved,0.0,0.10204081632653061,0.6666666666666667,ordinary_or_penalty,,,,,,,,,,,,
3857276,203.0,13b63722-8099-4cdf-818a-d2df3036a633,1.0,3.4833333333333334,Group Stage,False,Morocco,Canada,0.0,False,Goal,1.0,0.18784719460422883,0.22493123164260703,ordinary_or_penalty,,,,,,,,,,,,
3857276,845.0,fa3e211a-da39-4edb-af18-f1c34dd09874,1.0,22.6,Group Stage,False,Morocco,Canada,-1.0,False,Goal,1.0,0.0979955003932903,0.1340868946990189,ordinary_or_penalty,,,,,,,,,,,,
3857277,1895.0,a0ba5f98-89ba-4320-92bd-1fec8459cf57,1.0,45.18333333333333,Group Stage,False,Croatia,Morocco,0.0,False,Saved,0.0,0.717938788702714,0.27643333399328646,ordinary_or_penalty,,,,,,,,,,,,
3857277,2204.0,2e7a7ec5-3b5b-4eb5-93da-d2e4bfa3203c,2.0,50.483333333333334,Group Stage,False,Morocco,Croatia,0.0,False,Saved,0.0,0.12990068243368094,0.28446196800790524,ordinary_or_penalty,,,,,,,,,,,,
3857277,2525.0,ac96c1c1-7a1a-4797-b198-fd1e872f2328,2.0,64.1,Group Stage,False,Morocco,Croatia,0.0,False,Saved,0.0,0.1340527971003324,0.30573629047798534,ordinary_or_penalty,,,,,,,,,,,,
3857278,419.0,519a5012-c032-4962-bc66-7b72b7533891,1.0,10.533333333333333,Group Stage,False,United States,Iran,0.0,False,Saved,0.0,0.30633477884171906,0.23218542638817297,ordinary_or_penalty,,,,,,,,,,,,
3857278,1197.0,bec32e0c-42b3-4387-8ef5-3f5fb13ee5cb,1.0,27.166666666666668,Group Stage,False,United States,Iran,0.0,False,Saved,0.0,0.37241525707151396,0.2515042509145784,ordinary_or_penalty,,,,,,,,,,,,
3857278,1506.0,7b3d45a1-1640-4268-b448-10d784498599,1.0,37.81666666666667,Group Stage,False,United States,Iran,0.0,False,Goal,1.0,0.819206495032123,0.2657498394531786,ordinary_or_penalty,,,,,,,,,,,,
3857278,1966.0,402f4792-19bd-479a-840a-3d7f6a802da7,2.0,46.75,Group Stage,False,United States,Iran,-1.0,False,Saved,0.0,0.1997691316800445,0.11620524896477132,ordinary_or_penalty,,,,,,,,,,,,
3857278,3548.0,75c5c6de-a765-4e21-ad34-f85fbe75a705,2.0,97.88333333333334,Group Stage,False,Iran,United States,1.0,False,Saved,0.0,0.7211946751795955,0.6666666666666667,ordinary_or_penalty,,,,,,,,,,,,
3857278,3577.0,5994da52-68c1-4f92-9588-c2085766ca21,2.0,99.43333333333334,Group Stage,False,United States,Iran,-1.0,False,Saved,0.0,0.19540448286253087,0.0,ordinary_or_penalty,,,,,,,,,,,,
3857279,393.0,b97a3211-2394-47a1-a8e7-6c27e85778b4,1.0,8.4,Group Stage,False,Australia,France,0.0,False,Goal,1.0,0.4353112465515653,0.22993601436192307,ordinary_or_penalty,,,,,,,,,,,,
3857279,1008.0,bbb77650-9a8f-4ee9-9916-5552003bac24,1.0,26.033333333333335,Group Stage,False,France,Australia,1.0,False,Goal,1.0,0.4046474671806871,0.28364987406564907,ordinary_or_penalty,,,,,,,,,,,,
3857279,1164.0,4b8db9ec-fbb1-485b-b348-d8bb3aecbf07,1.0,31.3,Group Stage,False,France,Australia,0.0,False,Goal,1.0,0.9356356282839104,0.25688407248105344,ordinary_or_penalty,,,,,,,,,,,,
3857279,2875.0,ce3204fc-51c4-437e-81e3-ae644e0302b1,2.0,67.05,Group Stage,False,France,Australia,-1.0,False,Goal,1.0,0.38046859838212677,0.08156546530393426,ordinary_or_penalty,,,,,,,,,,,,
3857279,2971.0,c9d3d537-8f05-4767-bf73-9a1f1a8a37cf,2.0,70.83333333333333,Group Stage,False,France,Australia,-2.0,False,Goal,1.0,0.40524067631032873,0.009403434335278248,ordinary_or_penalty,,,,,,,,,,,,
3857279,3617.0,c47df350-ed33-48d3-8c0f-8ec0d6a2945c,2.0,89.03333333333333,Group Stage,False,France,Australia,-3.0,False,Saved,0.0,0.3038492145147671,1.4928015513557035e-07,ordinary_or_penalty,,,,,,,,,,,,
3857279,3684.0,8203b821-9b31-43b1-9de7-0795dfa6c46a,2.0,90.41666666666667,Group Stage,False,France,Australia,-3.0,False,Saved,0.0,0.2561889111223374,0.0,ordinary_or_penalty,,,,,,,,,,,,
3857280,598.0,287dd539-6bb4-4efe-91ff-7c332bed0e1f,1.0,13.566666666666666,Group Stage,False,Brazil,Cameroon,0.0,False,Saved,0.0,0.2735653533272421,0.23543894396681936,ordinary_or_penalty,,,,,,,,,,,,
3857280,1344.0,50563a15-c15e-4803-a330-dc9fcb5bc2a5,1.0,37.1,Group Stage,False,Brazil,Cameroon,0.0,False,Saved,0.0,0.1787622333071456,0.26471735480228825,ordinary_or_penalty,,,,,,,,,,,,
3857280,1621.0,12b92f66-7bc0-4d4b-930a-a87d5948536f,1.0,45.916666666666664,Group Stage,False,Brazil,Cameroon,0.0,False,Saved,0.0,0.2174683246821757,0.27753519388650266,ordinary_or_penalty,,,,,,,,,,,,
3857280,1652.0,2c4a4dd9-2cbb-409b-a28f-ca391e32ba45,1.0,47.45,Group Stage,False,Cameroon,Brazil,0.0,False,Saved,0.0,0.38133909005464817,0.27985673833012753,ordinary_or_penalty,,,,,,,,,,,,
3857280,1880.0,21326275-2339-4daa-a88a-88218f3e9e05,2.0,52.416666666666664,Group Stage,False,Brazil,Cameroon,0.0,False,Saved,0.0,0.48785029702014276,0.28746786248497114,ordinary_or_penalty,,,,,,,,,,,,
3857280,2008.0,0453837c-6713-4b31-9aa3-2737ce9492bd,2.0,55.483333333333334,Group Stage,False,Brazil,Cameroon,0.0,False,Saved,0.0,0.2047356129574129,0.2922818373112176,ordinary_or_penalty,,,,,,,,,,,,
3857280,2018.0,a638d5f3-6820-4295-80f9-51ce1021ac4e,2.0,56.25,Group Stage,False,Brazil,Cameroon,0.0,False,Saved,0.0,0.1986461625471393,0.2934389789316101,ordinary_or_penalty,,,,,,,,,,,,
3857280,2041.0,620c38af-7953-47a7-8b22-948783027911,2.0,57.25,Group Stage,False,Brazil,Cameroon,0.0,False,Saved,0.0,0.19679176772311885,0.29501918738823757,ordinary_or_penalty,,,,,,,,,,,,
3857280,2757.0,a6fdb4af-303e-4e8f-9a34-0bd2a5d80d5f,2.0,77.68333333333334,Group Stage,False,Cameroon,Brazil,0.0,False,Saved,0.0,0.1367069870132102,0.32492788226366165,ordinary_or_penalty,,,,,,,,,,,,
3857280,3132.0,2633fa3b-4b17-4b48-a9b4-498388b73b59,2.0,91.8,Group Stage,False,Cameroon,Brazil,0.0,False,Goal,1.0,0.24482302220486782,0.3333333333333333,ordinary_or_penalty,,,,,,,,,,,,
3857280,3220.0,03407139-17ee-4388-8f34-b96cb31838a8,2.0,96.26666666666667,Group Stage,False,Brazil,Cameroon,1.0,False,Saved,0.0,0.48523583878385973,0.6666666666666667,ordinary_or_penalty,,,,,,,,,,,,
3857281,64.0,0cca8b6c-e7eb-4dd9-99a7-8a557686cb90,1.0,1.1333333333333333,Group Stage,False,Canada,Croatia,0.0,False,Goal,1.0,0.18476468310417313,0.2226564553568557,ordinary_or_penalty,,,,,,,,,,,,
3857281,923.0,e823ad07-c3bc-4381-ba75-91912727a627,1.0,21.533333333333335,Group Stage,False,Croatia,Canada,1.0,False,Saved,0.0,0.7184906975455291,0.2745269313151352,ordinary_or_penalty,,,,,,,,,,,,
3857281,1465.0,4c5921b6-75fd-440a-b14f-13345739ef56,1.0,34.86666666666667,Group Stage,False,Croatia,Canada,1.0,False,Saved,0.0,0.23886892218790326,0.30446751547997414,ordinary_or_penalty,,,,,,,,,,,,
3857281,1494.0,a542a434-0c60-49bd-b185-58fe80506670,1.0,35.88333333333333,Group Stage,False,Croatia,Canada,1.0,False,Goal,1.0,0.3357562458905126,0.30711280134461283,ordinary_or_penalty,,,,,,,,,,,,
3857281,1702.0,edaf6854-5d65-4194-89b9-a5bb23273915,1.0,43.53333333333333,Group Stage,False,Croatia,Canada,0.0,False,Goal,1.0,0.23625423711149343,0.2739505327559434,ordinary_or_penalty,,,,,,,,,,,,
3857281,2338.0,39f5f94d-887f-4684-b128-00ad3bc29d58,2.0,53.733333333333334,Group Stage,False,Croatia,Canada,-1.0,False,Saved,0.0,0.4937007816707046,0.1069201921841671,ordinary_or_penalty,,,,,,,,,,,,
3857281,2384.0,abb0663d-e9fc-4795-99c3-a2d32663e9e4,2.0,55.28333333333333,Group Stage,False,Canada,Croatia,1.0,False,Saved,0.0,0.27642867478470895,0.37431977095751584,ordinary_or_penalty,,,,,,,,,,,,
3857281,2925.0,34382857-95ed-4b41-8b3b-0b372664bf39,2.0,69.6,Group Stage,False,Croatia,Canada,-1.0,False,Goal,1.0,0.2368323238714463,0.0752271584574505,ordinary_or_penalty,,,,,,,,,,,,
3857281,3154.0,4d807f3d-c4b5-46f5-b084-dfe743faa70a,2.0,77.83333333333333,Group Stage,False,Croatia,Canada,-2.0,False,Saved,0.0,0.0823907275088985,0.004348129734590287,ordinary_or_penalty,,,,,,,,,,,,
3857281,3160.0,2c4ef280-deb7-4c7b-8e0d-35898a49cd3e,2.0,77.88333333333334,Group Stage,False,Croatia,Canada,-2.0,False,Saved,0.0,0.6356277928237705,0.004306027591562408,ordinary_or_penalty,,,,,,,,,,,,
3857281,3517.0,9e3c349a-de05-4c11-bf45-5242316b2454,2.0,89.36666666666666,Group Stage,False,Croatia,Canada,-2.0,False,Saved,0.0,0.190788723619883,1.3339088592781806e-05,ordinary_or_penalty,,,,,,,,,,,,
3857281,3670.0,9ce41f6d-4a9a-45d2-891d-d3f49b2da451,2.0,93.43333333333334,Group Stage,False,Croatia,Canada,-2.0,False,Goal,1.0,0.9565076458907765,0.0,ordinary_or_penalty,,,,,,,,,,,,
3857282,1416.0,0592b60f-7f9f-446d-ae00-42abec2f64f1,1.0,35.2,Group Stage,False,United States,Wales,0.0,False,Goal,1.0,0.3556890627877049,0.26212015840832853,ordinary_or_penalty,,,,,,,,,,,,
3857282,2656.0,3ed6ac35-deeb-496e-8196-1f46217c3171,2.0,63.9,Group Stage,False,Wales,United States,1.0,False,Saved,0.0,0.35775258747700117,0.4181251923044864,ordinary_or_penalty,,,,,,,,,,,,
3857282,3119.0,a11b0dd8-d028-437a-90ce-0287f697ac55,2.0,81.55,Group Stage,False,Wales,United States,1.0,True,Goal,1.0,,0.5593263209411697,ordinary_or_penalty,,,,,,,,,,,,
3857282,3297.0,fcde792c-c2cb-43b8-9240-7815f5e252f9,2.0,88.6,Group Stage,False,Wales,United States,0.0,False,Saved,0.0,0.1602808676508719,0.3331913667660943,ordinary_or_penalty,,,,,,,,,,,,
3857283,227.0,16191680-1251-4322-8d08-a3c82c9c1d9d,1.0,4.8,Group Stage,False,Belgium,Morocco,0.0,False,Saved,0.0,0.2823383825344433,0.2262573473056495,ordinary_or_penalty,,,,,,,,,,,,
3857283,680.0,82501a0a-1d39-42bd-8b8a-847d7e85dcb4,1.0,18.433333333333334,Group Stage,False,Belgium,Morocco,0.0,False,Saved,0.0,0.15108956302350668,0.24087141393398498,ordinary_or_penalty,,,,,,,,,,,,
3857283,1998.0,597841d0-0851-44f4-bfb0-a2b48076b026,2.0,49.75,Group Stage,False,Morocco,Belgium,0.0,False,Saved,0.0,0.1847225772400666,0.28332912671318045,ordinary_or_penalty,,,,,,,,,,,,
3857283,2075.0,899e757d-7040-4cbc-9999-0f94ee7d48e3,2.0,51.13333333333333,Group Stage,False,Belgium,Morocco,0.0,False,Saved,0.0,0.1186380454183298,0.28549545948531063,ordinary_or_penalty,,,,,,,,,,,,
3857283,2715.0,dfce2641-34c0-414d-867e-cb1f003962a1,2.0,64.66666666666667,Group Stage,False,Belgium,Morocco,0.0,False,Saved,0.0,0.1756819202318667,0.30666987659377387,ordinary_or_penalty,,,,,,,,,,,,
3857283,2933.0,b6a989d8-2507-4df8-aaf0-1ff4c094590a,2.0,72.61666666666666,Group Stage,False,Morocco,Belgium,0.0,False,Goal,1.0,0.7516345087378096,0.3183709455025534,ordinary_or_penalty,,,,,,,,,,,,
3857283,3526.0,7dc143c8-2c30-4d5e-b227-682e509874b1,2.0,90.0,Group Stage,False,Morocco,Belgium,-1.0,False,Saved,0.0,0.17321213513346376,0.0,ordinary_or_penalty,,,,,,,,,,,,
3857283,3565.0,517c2f9b-2447-4745-8735-2e502ced8c9a,2.0,91.85,Group Stage,False,Morocco,Belgium,-1.0,False,Goal,1.0,0.31835289012256507,0.0,ordinary_or_penalty,,,,,,,,,,,,
3857284,827.0,56cf94b2-8ef0-4d98-a051-353ba06a7ecc,1.0,19.816666666666666,Group Stage,False,Germany,Japan,0.0,False,Saved,0.0,0.22222521552687394,0.24250993085574002,ordinary_or_penalty,,,,,,,,,,,,
3857284,1118.0,127912cf-2ecc-43fa-a2f7-5ab3199f5c4d,1.0,27.516666666666666,Group Stage,False,Germany,Japan,0.0,False,Saved,0.0,0.1843287705201541,0.251929758860875,ordinary_or_penalty,,,,,,,,,,,,
3857284,1260.0,c18ab9c8-d37e-4194-a90a-f06274614fce,1.0,32.583333333333336,Group Stage,False,Germany,Japan,0.0,True,Goal,1.0,,0.2585777893919455,ordinary_or_penalty,,,,,,,,,,,,
3857284,1600.0,d96f5947-c4e7-4d0f-95d7-cb4c0dfa6dfe,1.0,40.61666666666667,Group Stage,False,Germany,Japan,-1.0,False,Saved,0.0,0.1380800648675539,0.12248535789460635,ordinary_or_penalty,,,,,,,,,,,,
3857284,1946.0,b5d15296-4743-46da-b0b2-690196350004,1.0,48.55,Group Stage,False,Germany,Japan,-1.0,False,Saved,0.0,0.2144939348341597,0.11404373886425555,ordinary_or_penalty,,,,,,,,,,,,
3857284,2922.0,522174e3-990f-4878-849d-24499f66c499,2.0,69.76666666666667,Group Stage,False,Germany,Japan,-1.0,False,Saved,0.0,0.5419298421854176,0.07470324838353662,ordinary_or_penalty,,,,,,,,,,,,
3857284,2933.0,deecac76-83d8-4183-bc1a-f3a1f8754f98,2.0,69.85,Group Stage,False,Germany,Japan,-1.0,False,Saved,0.0,0.17228673156909727,0.07452782603114552,ordinary_or_penalty,,,,,,,,,,,,
3857284,2942.0,f9a875b9-469c-4fd6-aa1d-5daf58f2fb5d,2.0,70.03333333333333,Group Stage,False,Germany,Japan,-1.0,False,Saved,0.0,0.3296380103432364,0.07399919137982224,ordinary_or_penalty,,,,,,,,,,,,
3857284,2945.0,60937c94-36e7-4cc1-9041-1be1cc64f688,2.0,70.06666666666666,Group Stage,False,Germany,Japan,-1.0,False,Saved,0.0,0.1756806443977879,0.07399919137982224,ordinary_or_penalty,,,,,,,,,,,,
3857284,3034.0,e8de340d-68cc-4d20-b80e-48a15c1757f6,2.0,72.65,Group Stage,False,Japan,Germany,1.0,False,Saved,0.0,0.19046373609130676,0.477405284362664,ordinary_or_penalty,,,,,,,,,,,,
3857284,3116.0,2bf95ac5-c51d-4fb6-824b-6929b46425cb,2.0,74.75,Group Stage,False,Japan,Germany,1.0,False,Saved,0.0,0.17610389809895613,0.4942279047370144,ordinary_or_penalty,,,,,,,,,,,,
3857284,3119.0,d1212057-3deb-4def-adea-6624f38f7950,2.0,74.76666666666667,Group Stage,False,Japan,Germany,1.0,False,Goal,1.0,0.8273109477164327,0.4947913127451552,ordinary_or_penalty,,,,,,,,,,,,
3857284,3343.0,d71bc1d5-1501-4fe6-9ae8-a490371ee93e,2.0,82.7,Group Stage,False,Japan,Germany,0.0,False,Goal,1.0,0.08322017923003469,0.33001681563852564,ordinary_or_penalty,,,,,,,,,,,,
3857285,1111.0,c4b8f106-bc44-42a1-9c06-b1d8a4364777,1.0,32.85,Group Stage,False,Senegal,Netherlands,0.0,False,Saved,0.0,0.1244455186625538,0.25893704620296853,ordinary_or_penalty,,,,,,,,,,,,
3857285,2229.0,b18d6cd5-7dbd-4c02-abb4-ffd8b825b39c,2.0,64.66666666666667,Group Stage,False,Senegal,Netherlands,0.0,False,Saved,0.0,0.17027087509718777,0.30666987659377387,ordinary_or_penalty,,,,,,,,,,,,
3857285,2383.0,ba96f3ec-0c47-44fe-a71d-e9bdbd6dfc70,2.0,72.56666666666666,Group Stage,False,Senegal,Netherlands,0.0,False,Saved,0.0,0.20120073217532425,0.3183709455025534,ordinary_or_penalty,,,,,,,,,,,,
3857285,2720.0,597f7130-1c91-48bd-9723-52b0b2913977,2.0,83.83333333333333,Group Stage,False,Netherlands,Senegal,0.0,False,Goal,1.0,0.4257940428500571,0.33090571438199434,ordinary_or_penalty,,,,,,,,,,,,
3857285,2766.0,d67ed7c2-cb3d-4eb9-907a-6c36d33952e0,2.0,85.85,Group Stage,False,Senegal,Netherlands,1.0,False,Saved,0.0,0.14203393623251526,0.6094775066673066,ordinary_or_penalty,,,,,,,,,,,,
3857285,3096.0,37e3001d-d9fe-4fd9-9327-532a11e41521,2.0,98.26666666666667,Group Stage,False,Netherlands,Senegal,-1.0,False,Saved,0.0,0.23826215979096488,0.0,ordinary_or_penalty,,,,,,,,,,,,
3857285,3099.0,24ed1e2b-5f30-476f-a7d7-9b21b03164bb,2.0,98.3,Group Stage,False,Netherlands,Senegal,-1.0,False,Goal,1.0,0.6977173679782132,0.0,ordinary_or_penalty,,,,,,,,,,,,
3857286,431.0,01154885-90ea-4577-9c0d-9bf97721a323,1.0,15.816666666666666,Group Stage,False,Ecuador,Qatar,0.0,True,Goal,1.0,,0.237893608293622,ordinary_or_penalty,,,,,,,,,,,,
3857286,922.0,c3624e59-7177-4509-a421-e1eb8ce13f88,1.0,30.733333333333334,Group Stage,False,Ecuador,Qatar,-1.0,False,Goal,1.0,0.29005457119812006,0.1299467454132153,ordinary_or_penalty,,,,,,,,,,,,
3857286,1970.0,72561b5a-31fa-4104-b454-0e964f411b64,2.0,54.766666666666666,Group Stage,False,Ecuador,Qatar,-2.0,False,Saved,0.0,0.22899985091833894,0.02369071120834138,ordinary_or_penalty,,,,,,,,,,,,
3857287,389.0,5628fb42-180e-4756-8655-b0bffc7ba8f0,1.0,12.633333333333333,Group Stage,False,Uruguay,South Korea,0.0,False,Saved,0.0,0.26416146648223027,0.23441526510995142,ordinary_or_penalty,,,,,,,,,,,,
3857288,856.0,9acf82e6-81b3-4f91-968f-024463cca298,1.0,22.833333333333332,Group Stage,False,Australia,Tunisia,0.0,False,Goal,1.0,0.2557931947757838,0.24610516556786174,ordinary_or_penalty,,,,,,,,,,,,
3857288,1333.0,49130d77-3496-41b2-b5c0-855d3f197d7d,1.0,43.06666666666667,Group Stage,False,Australia,Tunisia,-1.0,False,Saved,0.0,0.24815489518999478,0.12017570431359023,ordinary_or_penalty,,,,,,,,,,,,
3857288,2622.0,ad2caade-93ae-4fc8-bc21-a1142c2107d7,2.0,71.36666666666666,Group Stage,False,Tunisia,Australia,1.0,False,Saved,0.0,0.23132079396298522,0.4676807270979593,ordinary_or_penalty,,,,,,,,,,,,
3857288,2645.0,d730c8b5-b5cc-4c4e-abc5-01e19adf9c13,2.0,71.83333333333333,Group Stage,False,Tunisia,Australia,1.0,False,Saved,0.0,0.15143481121379734,0.47121377513818224,ordinary_or_penalty,,,,,,,,,,,,
3857288,2918.0,61cf7eac-d6b7-4e16-a12b-bb40a6b3d717,2.0,83.21666666666667,Group Stage,False,Tunisia,Australia,1.0,False,Saved,0.0,0.20646875015971447,0.5779503397573871,ordinary_or_penalty,,,,,,,,,,,,
3857288,3074.0,d7978250-dde0-4c0e-8d55-da044c7b4620,2.0,87.8,Group Stage,False,Tunisia,Australia,1.0,False,Saved,0.0,0.29762800558675934,0.6350701064012609,ordinary_or_penalty,,,,,,,,,,,,
3857289,1370.0,386194e2-f332-4e3d-8962-7fddd86558c6,1.0,44.28333333333333,Group Stage,False,Mexico,Argentina,0.0,False,Saved,0.0,0.171384441842233,0.2750392254867025,ordinary_or_penalty,,,,,,,,,,,,
3857289,2378.0,70e7f361-0036-4d20-a401-2e4afbd31e5a,2.0,63.53333333333333,Group Stage,False,Argentina,Mexico,0.0,False,Goal,1.0,0.1775814916142065,0.30490367472019847,ordinary_or_penalty,,,,,,,,,,,,
3857289,3073.0,459d3411-945a-436f-b6eb-f7701b89cff7,2.0,86.65,Group Stage,False,Argentina,Mexico,-1.0,False,Goal,1.0,0.14676168843314474,0.015854142007012843,ordinary_or_penalty,,,,,,,,,,,,
3857290,429.0,273f2a3e-333d-45b6-98ea-40c887724938,1.0,9.6,Group Stage,False,Cameroon,Switzerland,0.0,False,Saved,0.0,0.220425103062304,0.23119483373693703,ordinary_or_penalty,,,,,,,,,,,,
3857290,1267.0,c16ca4fa-a630-423d-9594-9b5000b69427,1.0,29.116666666666667,Group Stage,False,Cameroon,Switzerland,0.0,False,Saved,0.0,0.10307546780956985,0.2539925757341276,ordinary_or_penalty,,,,,,,,,,,,
3857290,2016.0,ae517076-6842-4ef1-aafd-5315f6e5010c,2.0,47.55,Group Stage,False,Switzerland,Cameroon,0.0,False,Goal,1.0,0.8667920867822833,0.2799581975324854,ordinary_or_penalty,,,,,,,,,,,,
3857290,2047.0,f7c0ca0c-a7dd-48d2-ad85-a14d9d51a2ae,2.0,49.61666666666667,Group Stage,False,Cameroon,Switzerland,1.0,False,Saved,0.0,0.5787043984366164,0.35084133756062397,ordinary_or_penalty,,,,,,,,,,,,
3857290,2339.0,f0860137-a2b5-4c86-ba0f-9b717e4120a5,2.0,56.516666666666666,Group Stage,False,Cameroon,Switzerland,1.0,False,Saved,0.0,0.12372308993596647,0.37980987684567247,ordinary_or_penalty,,,,,,,,,,,,
3857290,2606.0,61248d26-7118-4d2c-b82d-442f3c5aa13a,2.0,65.43333333333334,Group Stage,False,Cameroon,Switzerland,1.0,False,Saved,0.0,0.28048321459396686,0.42732474343665844,ordinary_or_penalty,,,,,,,,,,,,
3857290,2614.0,eb094614-1ff9-4459-a420-23deadac917e,2.0,65.83333333333333,Group Stage,False,Switzerland,Cameroon,-1.0,False,Saved,0.0,0.41572634999901087,0.08438231234168111,ordinary_or_penalty,,,,,,,,,,,,
3857290,3268.0,98534730-90fb-429b-89c3-520ae8e5fbdd,2.0,88.03333333333333,Group Stage,False,Switzerland,Cameroon,-1.0,False,Saved,0.0,0.17792210232155337,0.009390396510806379,ordinary_or_penalty,,,,,,,,,,,,
3857291,541.0,893c1dbd-46e9-4020-ab1a-a7d8deb3052d,1.0,10.866666666666667,Group Stage,False,Spain,Costa Rica,0.0,False,Goal,1.0,0.43636363636363634,0.23254167216823124,ordinary_or_penalty,,,,,,,,,,,,
3857291,925.0,4b230dcf-b3cd-42eb-aa82-b73c0f958617,1.0,20.533333333333335,Group Stage,False,Spain,Costa Rica,-1.0,False,Goal,1.0,0.27272727272727276,0.1349201505212938,ordinary_or_penalty,,,,,,,,,,,,
3857291,1315.0,9d452713-0955-4550-8b33-24a3f61a156a,1.0,30.15,Group Stage,False,Spain,Costa Rica,-2.0,True,Goal,1.0,,0.04500453003820812,ordinary_or_penalty,,,,,,,,,,,,
3857291,2690.0,50be89b1-5ffc-4c3e-bd91-aad991a0e275,2.0,53.68333333333333,Group Stage,False,Spain,Costa Rica,-3.0,False,Goal,1.0,0.2727272727272727,0.00407784275425819,ordinary_or_penalty,,,,,,,,,,,,
3857291,3197.0,a46a4299-7032-438f-8a9b-1c741d1f1dce,2.0,69.05,Group Stage,False,Spain,Costa Rica,-4.0,False,Saved,0.0,0.27272727272727276,8.17607582552883e-05,ordinary_or_penalty,,,,,,,,,,,,
3857291,3426.0,82066543-74f5-45b6-a293-877eaa14038d,2.0,73.98333333333333,Group Stage,False,Spain,Costa Rica,-4.0,False,Goal,1.0,0.2222222222222222,3.113172578569919e-05,ordinary_or_penalty,,,,,,,,,,,,
3857291,4028.0,ca82e8dd-4c1e-48c7-af8a-69d3a005a3f4,2.0,89.18333333333334,Group Stage,False,Spain,Costa Rica,-5.0,False,Goal,1.0,0.43636363636363634,6.775241684175844e-13,ordinary_or_penalty,,,,,,,,,,,,
3857291,4138.0,4257ad0a-57eb-4e8e-9069-23e8bae6a1e9,2.0,91.95,Group Stage,False,Spain,Costa Rica,-6.0,False,Goal,1.0,0.43636363636363634,0.0,ordinary_or_penalty,,,,,,,,,,,,
3857292,66.0,1ae78527-44c9-462c-b6c2-f2c404de276b,1.0,1.8166666666666667,Group Stage,False,Germany,Costa Rica,0.0,False,Saved,0.0,0.16878932881381475,0.22330050018091818,ordinary_or_penalty,,,,,,,,,,,,
3857292,335.0,dfa2c073-d0a6-4210-a1c2-ee150cb031c3,1.0,9.516666666666667,Group Stage,False,Germany,Costa Rica,0.0,False,Goal,1.0,0.30224336943763985,0.23105414589423573,ordinary_or_penalty,,,,,,,,,,,,
3857292,536.0,49104ff9-caab-401d-a095-663dbefd8ed0,1.0,13.933333333333334,Group Stage,False,Germany,Costa Rica,-1.0,False,Saved,0.0,0.2946817612948866,0.13706399134309694,ordinary_or_penalty,,,,,,,,,,,,
3857292,1420.0,805ceac3-7f82-4f65-a472-a77dc0af4c1f,1.0,34.05,Group Stage,False,Germany,Costa Rica,-1.0,False,Saved,0.0,0.12443466433178396,0.12775808348206574,ordinary_or_penalty,,,,,,,,,,,,
3857292,1793.0,fd2700f8-654b-46a8-b02f-4f2fef7c2311,1.0,41.93333333333333,Group Stage,False,Costa Rica,Germany,1.0,False,Saved,0.0,0.14317494701613503,0.3244225631738974,ordinary_or_penalty,,,,,,,,,,,,
3857292,2295.0,dabd4c5d-16d4-4a5f-9bb0-729dc6b66984,2.0,51.483333333333334,Group Stage,False,Costa Rica,Germany,1.0,False,Saved,0.0,0.1446406039882461,0.3581579483803743,ordinary_or_penalty,,,,,,,,,,,,
3857292,2533.0,055a53fb-b5e1-4c23-b2dd-42f1399d5e3a,2.0,57.63333333333333,Group Stage,False,Costa Rica,Germany,1.0,False,Saved,0.0,0.2578706113735379,0.3851796019788727,ordinary_or_penalty,,,,,,,,,,,,
3857292,2536.0,0f50a039-09dc-452b-aca2-543393201e24,2.0,57.65,Group Stage,False,Costa Rica,Germany,1.0,False,Goal,1.0,0.7601546489330606,0.3851796019788727,ordinary_or_penalty,,,,,,,,,,,,
3857292,2829.0,f34140d6-7990-45d4-8b8a-8a12624f8616,2.0,69.1,Group Stage,False,Costa Rica,Germany,0.0,False,Saved,0.0,0.5389229053281358,0.3133710008075439,ordinary_or_penalty,,,,,,,,,,,,
3857292,2895.0,d03c0663-2128-47f5-b6ac-e2b29c6b6e2a,2.0,72.06666666666666,Group Stage,False,Germany,Costa Rica,1.0,False,Goal,1.0,0.7570249164845119,0.4727455279993086,ordinary_or_penalty,,,,,,,,,,,,
3857292,2986.0,7b40a901-b95b-4b1b-b118-41a9f08a8f2c,2.0,75.3,Group Stage,False,Germany,Costa Rica,0.0,False,Saved,0.0,0.5884730980829247,0.32204486139317506,ordinary_or_penalty,,,,,,,,,,,,
3857292,3274.0,02c29470-d751-4a39-b438-d7f2d1de3f23,2.0,84.03333333333333,Group Stage,False,Germany,Costa Rica,0.0,False,Goal,1.0,0.581045768386641,0.33105051105906164,ordinary_or_penalty,,,,,,,,,,,,
3857292,3302.0,9ad23384-ef5e-4fa5-95c8-08682dcae51c,2.0,85.35,Group Stage,False,Germany,Costa Rica,-1.0,False,Saved,0.0,0.1704787163417733,0.021467630582384375,ordinary_or_penalty,,,,,,,,,,,,
3857292,3305.0,1ded8989-6b70-46d5-9da4-808a6fc26f1b,2.0,85.38333333333334,Group Stage,False,Germany,Costa Rica,-1.0,False,Saved,0.0,0.29666436540141305,0.021467630582384375,ordinary_or_penalty,,,,,,,,,,,,
3857292,3445.0,6c6e16bb-f504-4982-a836-0ad9fc0104a6,2.0,88.21666666666667,Group Stage,False,Germany,Costa Rica,-1.0,False,Goal,1.0,0.838760319495044,0.008760279339089327,ordinary_or_penalty,,,,,,,,,,,,
3857292,3857.0,72216d72-5229-41b2-9198-4e5a343eb78a,2.0,99.43333333333334,Group Stage,False,Germany,Costa Rica,-2.0,False,Saved,0.0,0.2546487994005573,0.0,ordinary_or_penalty,,,,,,,,,,,,
3857293,624.0,fd9914e2-818e-4ec3-a50f-eed48b555d6c,1.0,15.0,Group Stage,False,Ghana,Uruguay,0.0,False,Saved,0.0,0.1788392383186775,0.23699417678148504,ordinary_or_penalty,,,,,,,,,,,,
3857293,632.0,df394e83-9c10-4bf0-a601-ae219d001867,1.0,20.2,Group Stage,False,Ghana,Uruguay,0.0,True,Saved,0.0,,0.24298264025358163,ordinary_or_penalty,,,,,,,,,,,,
3857293,802.0,33bcc988-17fa-40f3-beee-de011786a584,1.0,25.466666666666665,Group Stage,False,Uruguay,Ghana,0.0,False,Saved,0.0,0.42196319554877715,0.2493151512484984,ordinary_or_penalty,,,,,,,,,,,,
3857293,805.0,19a225eb-4436-4a53-a354-3b40dfa6ca31,1.0,25.5,Group Stage,False,Uruguay,Ghana,0.0,False,Goal,1.0,0.918261116825032,0.24939861854055095,ordinary_or_penalty,,,,,,,,,,,,
3857293,950.0,183d8cd9-160e-4670-b300-0bddca8c9624,1.0,31.033333333333335,Group Stage,False,Uruguay,Ghana,-1.0,False,Goal,1.0,0.3574551830093662,0.12974161419526986,ordinary_or_penalty,,,,,,,,,,,,
3857293,2551.0,fc2eb5bf-dd9e-4bef-bf41-8da98599fcfb,2.0,69.5,Group Stage,False,Uruguay,Ghana,-2.0,False,Saved,0.0,0.16575345872905015,0.010496998507176333,ordinary_or_penalty,,,,,,,,,,,,
3857293,2975.0,d7ad833f-d36c-496c-a01a-9ca4deca763f,2.0,80.83333333333333,Group Stage,False,Ghana,Uruguay,2.0,False,Saved,0.0,0.2118667279947748,0.07249075948310346,ordinary_or_penalty,,,,,,,,,,,,
3857293,3371.0,3c8dc524-b91f-4e16-984d-e2e52ab801aa,2.0,94.3,Group Stage,False,Uruguay,Ghana,-2.0,False,Saved,0.0,0.14528658812592346,0.0,ordinary_or_penalty,,,,,,,,,,,,
3857293,3393.0,e55dceaf-a963-4dfa-b39b-9f0b5cf29a0c,2.0,95.3,Group Stage,False,Ghana,Uruguay,2.0,False,Saved,0.0,0.20916109439475783,0.0,ordinary_or_penalty,,,,,,,,,,,,
3857293,3490.0,7c01881a-3661-43f9-8958-467bc8901bef,2.0,99.5,Group Stage,False,Uruguay,Ghana,-2.0,False,Saved,0.0,0.16499571591793183,0.0,ordinary_or_penalty,,,,,,,,,,,,
3857294,155.0,2c714385-0957-490d-9897-f4b2c1118251,1.0,2.7333333333333334,Group Stage,False,Qatar,Netherlands,0.0,False,Saved,0.0,0.15631663500084703,0.2242100567274554,ordinary_or_penalty,,,,,,,,,,,,
3857294,197.0,da59dcb2-78b9-4345-a2d1-0600308afc18,1.0,3.3333333333333335,Group Stage,False,Netherlands,Qatar,0.0,False,Saved,0.0,0.24460753695906723,0.22479967925507274,ordinary_or_penalty,,,,,,,,,,,,
3857294,1044.0,076bfa17-336a-42b8-a6ac-731a4de8dee6,1.0,25.916666666666668,Group Stage,False,Netherlands,Qatar,0.0,False,Goal,1.0,0.23513506256761152,0.2499006451544904,ordinary_or_penalty,,,,,,,,,,,,
3857294,1115.0,a1e65121-9acb-47ff-95ae-6f38119b8886,1.0,28.516666666666666,Group Stage,False,Qatar,Netherlands,1.0,False,Saved,0.0,0.15062412514385065,0.28907521786210416,ordinary_or_penalty,,,,,,,,,,,,
3857294,2247.0,a6342f55-2f69-448e-ab69-4bd9c006fda0,2.0,48.88333333333333,Group Stage,False,Netherlands,Qatar,-1.0,False,Saved,0.0,0.337119931495942,0.11362715278820731,ordinary_or_penalty,,,,,,,,,,,,
3857294,2250.0,2c822162-de00-4f8e-bf2a-a3487dcd8e72,2.0,48.916666666666664,Group Stage,False,Netherlands,Qatar,-1.0,False,Goal,1.0,0.9366576324732221,0.11354320985501952,ordinary_or_penalty,,,,,,,,,,,,
3857294,3332.0,89e414f2-6daa-4ae2-aa51-b4a7e24bfcae,2.0,76.2,Group Stage,False,Qatar,Netherlands,2.0,False,Saved,0.0,0.1366577753940921,0.09765388501788885,ordinary_or_penalty,,,,,,,,,,,,
3857295,2112.0,94534163-21ab-4b88-ae9e-4338f4a44dc6,2.0,45.416666666666664,Group Stage,False,Japan,Costa Rica,0.0,False,Saved,0.0,0.19933273900424012,0.276733283127769,ordinary_or_penalty,,,,,,,,,,,,
3857295,2184.0,79a770c1-3ec1-4ea5-b834-9a58ed3b3843,2.0,47.21666666666667,Group Stage,False,Japan,Costa Rica,0.0,False,Saved,0.0,0.3090979928004477,0.27945132771812475,ordinary_or_penalty,,,,,,,,,,,,
3857295,3316.0,52d08b93-5f43-4a98-9710-a1441d063e98,2.0,80.13333333333334,Group Stage,False,Costa Rica,Japan,0.0,False,Goal,1.0,0.27082858709142804,0.3276518665813976,ordinary_or_penalty,,,,,,,,,,,,
3857295,3612.0,085c9b03-1324-4a89-9bfd-8a93f24bb907,2.0,87.8,Group Stage,False,Japan,Costa Rica,1.0,False,Saved,0.0,0.23859247200668296,0.6350701064012609,ordinary_or_penalty,,,,,,,,,,,,
3857296,2286.0,d3eea860-3d7b-4234-aa28-b83d35f1f927,2.0,48.03333333333333,Group Stage,False,Belgium,Croatia,0.0,False,Saved,0.0,0.3500529113191712,0.280669588171751,ordinary_or_penalty,,,,,,,,,,,,
3857296,2343.0,7f4067cb-9208-4cae-81ec-961e8ffea634,2.0,49.25,Group Stage,False,Croatia,Belgium,0.0,False,Saved,0.0,0.1922448874249155,0.28261052404258974,ordinary_or_penalty,,,,,,,,,,,,
3857296,2508.0,51790588-987a-4e63-b965-b90098c5ebb9,2.0,53.13333333333333,Group Stage,False,Croatia,Belgium,0.0,False,Saved,0.0,0.2621966931695893,0.2886145346036983,ordinary_or_penalty,,,,,,,,,,,,
3857296,2543.0,41a28fd2-7a6d-4d11-ab36-662edf29c124,2.0,53.7,Group Stage,False,Croatia,Belgium,0.0,False,Saved,0.0,0.22573643608905292,0.28945043470038373,ordinary_or_penalty,,,,,,,,,,,,
3857296,3104.0,e9af7197-0724-4ef3-b17e-07da8e6cac98,2.0,67.15,Group Stage,False,Croatia,Belgium,0.0,False,Saved,0.0,0.1732749611227072,0.31046375806868254,ordinary_or_penalty,,,,,,,,,,,,
3857296,3145.0,e96a5916-d1e2-4b7d-9a7f-b103be833574,2.0,68.18333333333334,Group Stage,False,Belgium,Croatia,0.0,False,Saved,0.0,0.1217387866095605,0.31197614296588155,ordinary_or_penalty,,,,,,,,,,,,
3857296,3959.0,5078e0df-5e43-4742-956a-45fd5c985eaf,2.0,89.68333333333334,Group Stage,False,Belgium,Croatia,0.0,False,Saved,0.0,0.8614100661405054,0.3333250690813147,ordinary_or_penalty,,,,,,,,,,,,
3857297,425.0,2be63b79-06c8-46a1-8688-d5257673d4d9,1.0,12.283333333333333,Group Stage,False,Saudi Arabia,Poland,0.0,False,Saved,0.0,0.2119095668177875,0.234052191644251,ordinary_or_penalty,,,,,,,,,,,,
3857297,1237.0,dedac82e-b225-46ac-bbb5-e189d1cfb20e,1.0,38.95,Group Stage,False,Poland,Saudi Arabia,0.0,False,Goal,1.0,0.43395904030993904,0.2673587943872237,ordinary_or_penalty,,,,,,,,,,,,
3857297,1313.0,db50083a-907b-4263-beef-a07ac5b82161,1.0,45.583333333333336,Group Stage,False,Saudi Arabia,Poland,1.0,True,Saved,0.0,,0.3363818671749157,ordinary_or_penalty,,,,,,,,,,,,
3857297,1316.0,c024762d-1211-4eda-8380-7d09e7a96151,1.0,45.61666666666667,Group Stage,False,Saudi Arabia,Poland,1.0,False,Saved,0.0,0.6069283989937623,0.3363818671749157,ordinary_or_penalty,,,,,,,,,,,,
3857297,1876.0,9d027449-9a71-41d7-91a4-e9701df87106,2.0,54.56666666666667,Group Stage,False,Saudi Arabia,Poland,1.0,False,Saved,0.0,0.3004071361804342,0.37105971344418165,ordinary_or_penalty,,,,,,,,,,,,
3857297,2316.0,39f1b4e4-757e-4c37-b42d-b52826448257,2.0,68.48333333333333,Group Stage,False,Saudi Arabia,Poland,1.0,False,Saved,0.0,0.14093095819136683,0.44717613820145163,ordinary_or_penalty,,,,,,,,,,,,
3857297,2709.0,4b0734e0-f6e7-4ebf-9fa4-aff5230d417f,2.0,81.46666666666667,Group Stage,False,Poland,Saudi Arabia,-1.0,False,Goal,1.0,0.6040619243737628,0.03729599572374862,ordinary_or_penalty,,,,,,,,,,,,
3857297,2958.0,0a75a101-5aa9-40ee-98a9-f25efa6b7757,2.0,89.46666666666667,Group Stage,False,Poland,Saudi Arabia,-2.0,False,Saved,0.0,0.5637708202621402,1.0553568831563753e-05,ordinary_or_penalty,,,,,,,,,,,,
3857298,441.0,53fc6356-37e6-43e8-a40f-190667081d88,1.0,9.45,Group Stage,False,Portugal,Ghana,0.0,False,Saved,0.0,0.5265692803403306,0.23098387903728815,ordinary_or_penalty,,,,,,,,,,,,
3857298,1589.0,4f2f7ef3-bb3a-4db0-b81f-daa03053d4ea,1.0,35.61666666666667,Group Stage,False,Portugal,Ghana,0.0,False,Saved,0.0,0.1485846034094137,0.26267293257460556,ordinary_or_penalty,,,,,,,,,,,,
3857298,2579.0,f539cd95-0c8f-4704-952b-e0a35bf7993e,2.0,64.33333333333333,Group Stage,False,Portugal,Ghana,0.0,True,Goal,1.0,,0.30615164763054187,ordinary_or_penalty,,,,,,,,,,,,
3857298,2837.0,023e13c1-0fce-4feb-8cfd-a61c9457390c,2.0,71.63333333333334,Group Stage,False,Ghana,Portugal,1.0,False,Saved,0.0,0.20009253894626272,0.46969261668934337,ordinary_or_penalty,,,,,,,,,,,,
3857298,2861.0,d16df27e-55c4-4cf9-9290-54e48d7f346a,2.0,72.18333333333334,Group Stage,False,Ghana,Portugal,1.0,False,Goal,1.0,0.8027593799720566,0.4737726280891289,ordinary_or_penalty,,,,,,,,,,,,
3857298,3027.0,9e626aa5-58e5-48c8-afd9-6d8eb3596264,2.0,77.1,Group Stage,False,Portugal,Ghana,0.0,False,Goal,1.0,0.19239068114806196,0.32421227819638543,ordinary_or_penalty,,,,,,,,,,,,
3857298,3070.0,7ddc71ea-7fbb-426b-bc81-ad287bb99a3f,2.0,79.35,Group Stage,False,Portugal,Ghana,-1.0,False,Goal,1.0,0.29300302943349404,0.04523580343299115,ordinary_or_penalty,,,,,,,,,,,,
3857298,3409.0,fc86a7b5-c283-400a-85c9-c61834a7f38a,2.0,88.46666666666667,Group Stage,False,Ghana,Portugal,2.0,False,Goal,1.0,0.401026633168733,0.014732068142043198,ordinary_or_penalty,,,,,,,,,,,,
3857299,783.0,5c00500d-0493-404e-93dc-b05b6beb88d6,1.0,23.716666666666665,Group Stage,False,Ghana,South Korea,0.0,False,Goal,1.0,0.7142857142857143,0.2471653844873229,ordinary_or_penalty,,,,,,,,,,,,
3857299,1147.0,0fcd16e1-49bb-45f6-9cd6-90db37fc3cdc,1.0,33.81666666666667,Group Stage,False,Ghana,South Korea,-1.0,False,Goal,1.0,0.43636363636363634,0.12794474480073648,ordinary_or_penalty,,,,,,,,,,,,
3857299,2051.0,2ae2708d-eacc-4b5c-88b6-6af78a8fb7c5,2.0,52.05,Group Stage,False,South Korea,Ghana,2.0,False,Saved,0.0,0.43636363636363634,0.161407543196057,ordinary_or_penalty,,,,,,,,,,,,
3857299,2205.0,96265fa7-2689-4ba5-bfe3-781c93b4ee60,2.0,57.31666666666667,Group Stage,False,South Korea,Ghana,2.0,False,Goal,1.0,0.43636363636363634,0.15395789767623613,ordinary_or_penalty,,,,,,,,,,,,
3857299,2277.0,2345dd7d-8990-4f6a-abaf-f93463247f7e,2.0,60.11666666666667,Group Stage,False,South Korea,Ghana,1.0,False,Goal,1.0,0.43636363636363634,0.3975281834081563,ordinary_or_penalty,,,,,,,,,,,,
3857299,2469.0,483f71ea-2bd4-4de1-8e0e-026bff459fb8,2.0,67.86666666666666,Group Stage,False,Ghana,South Korea,0.0,False,Goal,1.0,0.43636363636363634,0.3115745460661817,ordinary_or_penalty,,,,,,,,,,,,
3857299,2617.0,c9c496ca-6f87-41f1-8bfa-bffaf64a3b8e,2.0,74.56666666666666,Group Stage,False,South Korea,Ghana,1.0,False,Saved,0.0,0.10204081632653061,0.4931050889304554,ordinary_or_penalty,,,,,,,,,,,,
3857299,3055.0,471a0a82-25bc-4c8a-92f3-ac88f73ce9cf,2.0,90.88333333333334,Group Stage,False,South Korea,Ghana,1.0,False,Saved,0.0,0.43636363636363634,0.6666666666666667,ordinary_or_penalty,,,,,,,,,,,,
3857299,3152.0,046008c5-c6f8-47b9-960d-3f434171d7c4,2.0,93.93333333333334,Group Stage,False,South Korea,Ghana,1.0,False,Saved,0.0,0.22,0.6666666666666667,ordinary_or_penalty,,,,,,,,,,,,
3857300,95.0,529aa3ea-3b3d-460c-8e1e-11620dd054e2,1.0,1.5666666666666667,Group Stage,False,Argentina,Saudi Arabia,0.0,False,Saved,0.0,0.43636363636363634,0.2231067956959915,ordinary_or_penalty,,,,,,,,,,,,
3857300,212.0,87e2e8be-e11d-43d6-b9fd-fab92bf1bfb1,1.0,9.25,Group Stage,False,Argentina,Saudi Arabia,0.0,True,Goal,1.0,,0.23077338627562907,ordinary_or_penalty,,,,,,,,,,,,
3857300,1803.0,0751ad88-9cbe-4424-8322-cbad542842b4,2.0,47.666666666666664,Group Stage,False,Saudi Arabia,Argentina,1.0,False,Goal,1.0,0.22,0.3436549908258484,ordinary_or_penalty,,,,,,,,,,,,
3857300,1958.0,07c658a2-5845-4b8b-b6e7-60206fdcac0d,2.0,52.733333333333334,Group Stage,False,Saudi Arabia,Argentina,0.0,False,Goal,1.0,0.22,0.28798867334018485,ordinary_or_penalty,,,,,,,,,,,,
3857300,2290.0,eb0b5b02-374c-4bae-8a81-c2bcdc7841e0,2.0,62.78333333333333,Group Stage,False,Argentina,Saudi Arabia,1.0,False,Saved,0.0,0.43636363636363634,0.41198903616035987,ordinary_or_penalty,,,,,,,,,,,,
3857300,2569.0,c9eff299-b8d3-4929-b625-8d918de42284,2.0,71.9,Group Stage,False,Argentina,Saudi Arabia,1.0,False,Saved,0.0,0.0,0.47172317770989675,ordinary_or_penalty,,,,,,,,,,,,
3857300,2843.0,6cc65765-9ac9-4604-8875-6547b2ad14d4,2.0,83.51666666666667,Group Stage,False,Argentina,Saudi Arabia,1.0,False,Saved,0.0,0.43636363636363634,0.5810410572665948,ordinary_or_penalty,,,,,,,,,,,,
3857300,3198.0,7c0424dd-72c7-4393-af7d-6ff52e56c608,2.0,100.05,Group Stage,False,Argentina,Saudi Arabia,1.0,False,Saved,0.0,0.43636363636363634,0.6666666666666667,ordinary_or_penalty,,,,,,,,,,,,
3857301,670.0,ea827ccf-d981-4450-acf8-9536b9f2c1b7,1.0,15.366666666666667,Group Stage,False,Senegal,Qatar,0.0,False,Saved,0.0,0.1860189918667223,0.23744291195944622,ordinary_or_penalty,,,,,,,,,,,,
3857301,1406.0,727ba17a-7278-4fd0-b379-5978948143dc,1.0,40.333333333333336,Group Stage,False,Senegal,Qatar,0.0,False,Goal,1.0,0.372338430481046,0.2692720400914132,ordinary_or_penalty,,,,,,,,,,,,
3857301,1921.0,9ab4eee5-bbfb-48f7-8d2a-5e72bc956222,2.0,47.85,Group Stage,False,Senegal,Qatar,-1.0,False,Goal,1.0,0.2449873053570475,0.11486144193595779,ordinary_or_penalty,,,,,,,,,,,,
3857301,2487.0,abff7ac7-6180-4fa7-94b9-0c644380e9a9,2.0,62.2,Group Stage,False,Qatar,Senegal,2.0,False,Saved,0.0,0.42344780309063373,0.14458208134276507,ordinary_or_penalty,,,,,,,,,,,,
3857301,2648.0,b4b5816e-90ab-4a35-9540-3934754b714c,2.0,66.35,Group Stage,False,Qatar,Senegal,2.0,False,Saved,0.0,0.38278490756471356,0.1342373854511988,ordinary_or_penalty,,,,,,,,,,,,
3857301,2952.0,73de072f-23cd-4f38-89be-fd209c58b659,2.0,77.65,Group Stage,False,Qatar,Senegal,2.0,False,Goal,1.0,0.2822640476169433,0.09029466941052489,ordinary_or_penalty,,,,,,,,,,,,
3857301,3084.0,a84dc163-7627-4553-900a-7720ce6b6099,2.0,83.1,Group Stage,False,Senegal,Qatar,-1.0,False,Goal,1.0,0.22557131489999477,0.03097825687389825,ordinary_or_penalty,,,,,,,,,,,,
3869117,114.0,7320c2cf-86b3-40f2-a3a7-ff0a4b95a712,1.0,2.1666666666666665,Round of 16,True,United States,Netherlands,0.0,False,Saved,0.0,0.43636363636363634,0.2334218328153717,ordinary_or_penalty,,,,,,,,,,,,
3869117,371.0,05907c05-0a6c-4aa7-a62a-1f1a70bebba7,1.0,9.516666666666667,Round of 16,True,Netherlands,United States,0.0,False,Goal,1.0,0.27272727272727276,0.2423781477174224,ordinary_or_penalty,,,,,,,,,,,,
3869117,1571.0,f23c54d4-ea5f-427b-8c32-704a95e25dac,1.0,42.11666666666667,Round of 16,True,United States,Netherlands,1.0,False,Saved,0.0,0.10204081632653061,0.298467394143606,ordinary_or_penalty,,,,,,,,,,,,
3869117,1726.0,5566d71a-983c-4f30-9ddb-85d7b8815ba1,1.0,45.6,Round of 16,True,Netherlands,United States,-1.0,False,Goal,1.0,0.43636363636363634,0.14254076276793312,ordinary_or_penalty,,,,,,,,,,,,
3869117,1899.0,f66c01cb-afab-4614-9ab0-849827654257,2.0,48.766666666666666,Round of 16,True,United States,Netherlands,2.0,False,Saved,0.0,0.43636363636363634,0.13934850394986942,ordinary_or_penalty,,,,,,,,,,,,
3869117,2035.0,d9a576ef-06ad-4b8e-b19b-579c5da93422,2.0,52.0,Round of 16,True,United States,Netherlands,2.0,False,Saved,0.0,0.10204081632653061,0.13542775888625114,ordinary_or_penalty,,,,,,,,,,,,
3869117,2353.0,a1545633-330a-4c29-bdc4-e7a8d2720acc,2.0,60.7,Round of 16,True,Netherlands,United States,-2.0,False,Saved,0.0,0.22,0.024263822800284086,ordinary_or_penalty,,,,,,,,,,,,
3869117,2682.0,44a6397c-cfd0-4cf2-9c47-95f359b3f407,2.0,70.86666666666666,Round of 16,True,Netherlands,United States,-2.0,False,Saved,0.0,0.13333333333333333,0.012982194263992462,ordinary_or_penalty,,,,,,,,,,,,
3869117,2685.0,c6711069-7423-4428-a2b8-beff1ad14b24,2.0,70.9,Round of 16,True,Netherlands,United States,-2.0,False,Saved,0.0,0.43636363636363634,0.012911081594698219,ordinary_or_penalty,,,,,,,,,,,,
3869117,2859.0,ca879c6e-6742-4d2b-8b98-5e9b726ee77e,2.0,75.33333333333333,Round of 16,True,United States,Netherlands,2.0,False,Goal,1.0,0.43636363636363634,0.08023337374583939,ordinary_or_penalty,,,,,,,,,,,,
3869117,2953.0,e534d589-ffb5-42c2-a449-541547acec89,2.0,78.11666666666666,Round of 16,True,United States,Netherlands,1.0,False,Saved,0.0,0.13333333333333333,0.4251124598311687,ordinary_or_penalty,,,,,,,,,,,,
3869117,3031.0,4a9d3012-73c3-4a0f-a16c-831cb874e455,2.0,80.46666666666667,Round of 16,True,Netherlands,United States,-1.0,False,Goal,1.0,0.43636363636363634,0.05780735908013896,ordinary_or_penalty,,,,,,,,,,,,
3869118,1281.0,21b0a72e-9edd-405b-a6aa-edf3c20ff8e3,1.0,31.016666666666666,Round of 16,True,Senegal,England,0.0,False,Saved,0.0,0.2378828405300763,0.2756238626259764,ordinary_or_penalty,,,,,,,,,,,,
3869118,1516.0,8dd1ce3c-8097-412a-9951-4939e15903f3,1.0,38.0,Round of 16,True,England,Senegal,0.0,False,Goal,1.0,0.3278735135347132,0.28950350669486447,ordinary_or_penalty,,,,,,,,,,,,
3869118,1739.0,4d429090-9143-4daa-ac16-ed3c8963ad7b,1.0,47.28333333333333,Round of 16,True,England,Senegal,-1.0,False,Goal,1.0,0.2909560689329633,0.1409075105782765,ordinary_or_penalty,,,,,,,,,,,,
3869118,2219.0,60b34d82-7a7b-4b3a-ba28-7ec704a0941a,2.0,55.75,Round of 16,True,England,Senegal,-2.0,False,Saved,0.0,0.12472560184209475,0.029875159867454273,ordinary_or_penalty,,,,,,,,,,,,
3869118,2286.0,541395bf-9398-4670-887e-e79c1a8ba223,2.0,56.71666666666667,Round of 16,True,England,Senegal,-2.0,False,Goal,1.0,0.4410600864898444,0.028820708058170913,ordinary_or_penalty,,,,,,,,,,,,
3869151,1646.0,53d825ac-a98d-41ca-b81f-1015dee17376,1.0,34.583333333333336,Round of 16,True,Argentina,Australia,0.0,False,Goal,1.0,0.19494232405180334,0.282533791498948,ordinary_or_penalty,,,,,,,,,,,,
3869151,2431.0,9fa41c60-ab9c-4fcb-8d5c-39a781e7a9c0,2.0,49.983333333333334,Round of 16,True,Argentina,Australia,-1.0,False,Saved,0.0,0.1904315024317851,0.1379045287165731,ordinary_or_penalty,,,,,,,,,,,,
3869151,2752.0,a7ce988c-2d9b-4d78-8b34-95e4d2774ae0,2.0,56.68333333333333,Round of 16,True,Argentina,Australia,-1.0,False,Goal,1.0,0.42261820505622005,0.12859892452891347,ordinary_or_penalty,,,,,,,,,,,,
3869151,3936.0,8779a120-92be-4bef-b143-a0e91aa68bfb,2.0,92.16666666666667,Round of 16,True,Argentina,Australia,-1.0,False,Saved,0.0,0.6212732881344147,0.0,ordinary_or_penalty,,,,,,,,,,,,
3869151,4035.0,6c7be4e1-edc2-4255-951e-1b21ee426a72,2.0,93.98333333333333,Round of 16,True,Argentina,Australia,-1.0,False,Saved,0.0,0.20042005135233792,0.0,ordinary_or_penalty,,,,,,,,,,,,
3869151,4140.0,e0cbd7b9-8daf-45c3-8d36-967f5ff74080,2.0,96.6,Round of 16,True,Australia,Argentina,1.0,False,Saved,0.0,0.36793377556529355,0.5,ordinary_or_penalty,,,,,,,,,,,,
3869152,476.0,69bb74b1-68af-4b20-a197-0c46604b417b,1.0,12.083333333333334,Round of 16,True,France,Poland,0.0,False,Saved,0.0,0.1274382648727349,0.24582720532353952,ordinary_or_penalty,,,,,,,,,,,,
3869152,659.0,bffd8808-bde3-4471-b4ec-a2f2d980107b,1.0,16.083333333333332,Round of 16,True,France,Poland,0.0,False,Saved,0.0,0.2005677353752044,0.2513177431460912,ordinary_or_penalty,,,,,,,,,,,,
3869152,890.0,aaa15453-3b82-4a91-9257-54793d844cb1,1.0,21.366666666666667,Round of 16,True,France,Poland,0.0,False,Saved,0.0,0.13065576071396123,0.25923553875187894,ordinary_or_penalty,,,,,,,,,,,,
3869152,1411.0,982df7d3-5406-4586-bedd-ce5132be5608,1.0,34.86666666666667,Round of 16,True,France,Poland,0.0,False,Saved,0.0,0.19558922731577347,0.28306430426739704,ordinary_or_penalty,,,,,,,,,,,,
3869152,1481.0,cd7ccad2-865a-456d-b56b-e0150001b529,1.0,37.13333333333333,Round of 16,True,Poland,France,0.0,False,Saved,0.0,0.29315798580359825,0.2876836233528594,ordinary_or_penalty,,,,,,,,,,,,
3869152,1709.0,3dfb5a79-95c5-4e66-88fb-ddf16a823d7b,1.0,43.46666666666667,Round of 16,True,France,Poland,0.0,False,Goal,1.0,0.4601398830881826,0.3015680823960773,ordinary_or_penalty,,,,,,,,,,,,
3869152,1876.0,527eca36-6d4e-43e0-ba5a-ab3313ad6128,2.0,47.63333333333333,Round of 16,True,France,Poland,-1.0,False,Saved,0.0,0.17199562144703315,0.14056348103765443,ordinary_or_penalty,,,,,,,,,,,,
3869152,2920.0,c5b96634-9e00-4135-a499-bdfc1c58b06a,2.0,73.93333333333334,Round of 16,True,France,Poland,-1.0,False,Goal,1.0,0.19666971027843783,0.08549594959428886,ordinary_or_penalty,,,,,,,,,,,,
3869152,3466.0,2d38130f-3d62-4369-8a2b-ec7866353b92,2.0,90.08333333333333,Round of 16,True,France,Poland,-2.0,False,Goal,1.0,0.1597912502869775,0.0,ordinary_or_penalty,,,,,,,,,,,,
3869152,3615.0,36c25c99-7fd8-41f4-9467-18c23d474d37,2.0,98.6,Round of 16,True,Poland,France,3.0,True,Goal,1.0,,0.0,ordinary_or_penalty,,,,,,,,,,,,
3869219,280.0,d2902ca7-330f-40ca-bdcc-80ebce314510,1.0,7.516666666666667,Round of 16,True,Croatia,Japan,0.0,False,Saved,0.0,0.08130771307307251,0.23981627166562736,ordinary_or_penalty,,,,,,,,,,,,
3869219,1751.0,a17c568a-4df5-4c2f-81e2-4cc89d924ae8,1.0,42.9,Round of 16,True,Japan,Croatia,0.0,False,Goal,1.0,0.7980593791269821,0.30031777034878804,ordinary_or_penalty,,,,,,,,,,,,
3869219,2322.0,5ce4d362-ebd6-4ea8-8544-e47d5f5f2454,2.0,54.9,Round of 16,True,Croatia,Japan,1.0,False,Goal,1.0,0.22168097275716075,0.3319346447234792,ordinary_or_penalty,,,,,,,,,,,,
3869219,2378.0,74935b33-b8d3-4ab4-919d-9a9ed80a3bcd,2.0,56.93333333333333,Round of 16,True,Japan,Croatia,0.0,False,Saved,0.0,0.16665326761044133,0.33808818495472354,ordinary_or_penalty,,,,,,,,,,,,
3869219,2499.0,bb569056-5824-4a84-9bf7-098df409c1fb,2.0,59.86666666666667,Round of 16,True,Japan,Croatia,0.0,False,Saved,0.0,0.18566152911195874,0.34763974848878276,ordinary_or_penalty,,,,,,,,,,,,
3869219,2562.0,45501bff-d6b1-4cb6-a6b3-458e422a236a,2.0,62.21666666666667,Round of 16,True,Croatia,Japan,0.0,False,Saved,0.0,0.17171772866557203,0.3557205333721357,ordinary_or_penalty,,,,,,,,,,,,
3869219,3841.0,e1912d47-5dce-4b37-8d31-b6e9482be999,3.0,104.08333333333333,Round of 16,True,Japan,Croatia,0.0,False,Saved,0.0,0.20063877385263884,0.40452197889928065,ordinary_or_penalty,,,,,,,,,,,,
3869219,4273.0,8aafb6ab-26fa-4ccb-87b7-a9c4e9aae35b,4.0,113.7,Round of 16,True,Croatia,Japan,0.0,False,Saved,0.0,0.2890711300161223,0.4570934714285124,ordinary_or_penalty,,,,,,,,,,,,
3869220,1340.0,9c4da7a8-5924-4b37-8764-59b14fbbf2db,1.0,32.3,Round of 16,True,Morocco,Spain,0.0,False,Saved,0.0,0.17504113065305602,0.2781296382678404,ordinary_or_penalty,,,,,,,,,,,,
3869220,2204.0,a588c52c-2204-412b-8ca7-5f9a5d06b218,2.0,54.0,Round of 16,True,Spain,Morocco,0.0,False,Saved,0.0,0.1902356989167374,0.32915659043635337,ordinary_or_penalty,,,,,,,,,,,,
3869220,4081.0,6ece6c28-0fbd-48c5-9e57-5136be5695ec,3.0,103.58333333333333,Round of 16,True,Morocco,Spain,0.0,False,Saved,0.0,0.26466909449233267,0.4022991247112285,ordinary_or_penalty,,,,,,,,,,,,
3869253,317.0,44854e05-f6c8-4c2a-a7ef-9dc2ae4c7f09,1.0,6.683333333333334,Round of 16,True,Brazil,South Korea,0.0,False,Goal,1.0,0.29257784932184594,0.2388128196493406,ordinary_or_penalty,,,,,,,,,,,,
3869253,406.0,ba9547df-81eb-4cc8-acc3-63ebec6f2c39,1.0,12.3,Round of 16,True,Brazil,South Korea,-1.0,True,Goal,1.0,,0.15559828142977467,ordinary_or_penalty,,,,,,,,,,,,
3869253,558.0,a19eb2c7-c412-4481-bf03-a3080127d8d1,1.0,16.25,Round of 16,True,South Korea,Brazil,2.0,False,Saved,0.0,0.18433071569437448,0.15530583404900122,ordinary_or_penalty,,,,,,,,,,,,
3869253,943.0,7f42485f-775b-45fb-932e-39c8eb885b90,1.0,24.95,Round of 16,True,South Korea,Brazil,2.0,False,Saved,0.0,0.1479124638371044,0.15379937915709596,ordinary_or_penalty,,,,,,,,,,,,
3869253,1084.0,35028f1d-c785-47f4-88d5-a82cc91ceb62,1.0,28.216666666666665,Round of 16,True,Brazil,South Korea,-2.0,False,Goal,1.0,0.6911756018341942,0.05693797592688375,ordinary_or_penalty,,,,,,,,,,,,
3869253,1176.0,95582d85-7eed-4aeb-bbe6-2b1a429b6295,1.0,31.616666666666667,Round of 16,True,South Korea,Brazil,3.0,False,Saved,0.0,0.06445619777546917,0.05413971914373905,ordinary_or_penalty,,,,,,,,,,,,
3869253,1376.0,75e1dbd2-f601-4261-992d-106488c7219b,1.0,35.75,Round of 16,True,Brazil,South Korea,-3.0,False,Goal,1.0,0.2372916101657425,0.012320484220082055,ordinary_or_penalty,,,,,,,,,,,,
3869253,1829.0,afbe9884-329f-4721-a822-ccba6d081310,1.0,45.233333333333334,Round of 16,True,Brazil,South Korea,-4.0,False,Saved,0.0,0.5111956122230363,0.0013484629392207718,ordinary_or_penalty,,,,,,,,,,,,
3869253,1957.0,08678f16-67ff-4ff5-905e-d9cc75db1d2d,1.0,48.13333333333333,Round of 16,True,Brazil,South Korea,-4.0,False,Saved,0.0,0.3829389078814437,0.0011057571757836237,ordinary_or_penalty,,,,,,,,,,,,
3869253,2083.0,40ede36e-9124-4cb3-9065-f0a66eb450dd,2.0,45.38333333333333,Round of 16,True,Brazil,South Korea,-4.0,False,Saved,0.0,0.18022306033200916,0.001336570561366047,ordinary_or_penalty,,,,,,,,,,,,
3869253,2115.0,34f546bf-8be7-4a35-9e42-bfd908c2f766,2.0,46.266666666666666,Round of 16,True,South Korea,Brazil,4.0,False,Saved,0.0,0.28035487978035745,0.008102154189928545,ordinary_or_penalty,,,,,,,,,,,,
3869253,2446.0,087430be-d99a-4344-b82c-58aeae623cf1,2.0,53.86666666666667,Round of 16,True,Brazil,South Korea,-4.0,False,Saved,0.0,0.21776693118609777,0.0007016433901504884,ordinary_or_penalty,,,,,,,,,,,,
3869253,2806.0,51025cec-c9df-439b-9017-d52381d11adc,2.0,61.65,Round of 16,True,Brazil,South Korea,-4.0,False,Saved,0.0,0.1639396499882497,0.00032156753363667015,ordinary_or_penalty,,,,,,,,,,,,
3869253,3081.0,1e78d87e-7adf-4d14-8311-7ce4b0f783ed,2.0,67.56666666666666,Round of 16,True,South Korea,Brazil,4.0,False,Saved,0.0,0.17987294502973775,0.0017859490483056462,ordinary_or_penalty,,,,,,,,,,,,
3869253,3286.0,92e9b5f4-c7e1-4758-91bb-ee3ed2fd7c3c,2.0,75.78333333333333,Round of 16,True,South Korea,Brazil,4.0,False,Goal,1.0,0.16368023990335712,0.0005532726088584017,ordinary_or_penalty,,,,,,,,,,,,
3869253,3827.0,3b3d795f-7050-4264-8752-0722213c0713,2.0,89.05,Round of 16,True,Brazil,South Korea,-3.0,False,Saved,0.0,0.7325776733125321,2.231419673731556e-07,ordinary_or_penalty,,,,,,,,,,,,
3869254,754.0,4702956b-c7d2-4b36-848c-4057f688bba0,1.0,16.716666666666665,Round of 16,True,Portugal,Switzerland,0.0,False,Goal,1.0,0.2567057378973137,0.2522828186973611,ordinary_or_penalty,,,,,,,,,,,,
3869254,862.0,3e9b1782-21f4-4684-a2b4-7fcb434e81d2,1.0,21.05,Round of 16,True,Portugal,Switzerland,-1.0,False,Saved,0.0,0.1839027242950614,0.15463626440452236,ordinary_or_penalty,,,,,,,,,,,,
3869254,903.0,d3210de8-2efb-482c-b44b-f983e5cdf53b,1.0,21.9,Round of 16,True,Portugal,Switzerland,-1.0,False,Saved,0.0,0.21484880388571037,0.15448659874366089,ordinary_or_penalty,,,,,,,,,,,,
3869254,1112.0,171eaf4b-d43f-41e0-bdcd-599702a496ec,1.0,29.633333333333333,Round of 16,True,Switzerland,Portugal,1.0,False,Saved,0.0,0.17890344374770709,0.27317822781697565,ordinary_or_penalty,,,,,,,,,,,,
3869254,1181.0,92f8ddc9-eb11-486b-b917-e6adc5ddcb84,1.0,32.583333333333336,Round of 16,True,Portugal,Switzerland,-1.0,False,Goal,1.0,0.35622295656906544,0.15118373310181507,ordinary_or_penalty,,,,,,,,,,,,
3869254,1362.0,5ffa5b27-1e0e-410e-8950-32d831432910,1.0,37.53333333333333,Round of 16,True,Switzerland,Portugal,2.0,False,Saved,0.0,0.6056796280010892,0.1486211696698161,ordinary_or_penalty,,,,,,,,,,,,
3869254,1531.0,6e8ce1fe-2cc7-499d-a137-df556d0ce758,1.0,42.18333333333333,Round of 16,True,Portugal,Switzerland,-2.0,False,Saved,0.0,0.5730917838311124,0.04434549103353002,ordinary_or_penalty,,,,,,,,,,,,
3869254,1969.0,37c91977-3d8e-42a7-8368-806c40c8e9fc,2.0,50.083333333333336,Round of 16,True,Portugal,Switzerland,-2.0,False,Goal,1.0,0.806531704638725,0.03614907850406016,ordinary_or_penalty,,,,,,,,,,,,
3869254,2103.0,4ed9fca8-dccc-4c44-ba66-76783239ad29,2.0,54.916666666666664,Round of 16,True,Portugal,Switzerland,-3.0,False,Goal,1.0,0.5816580807953401,0.005082402106517688,ordinary_or_penalty,,,,,,,,,,,,
3869254,2133.0,2b86a444-5696-4c2d-ba7f-837ec9756684,2.0,57.083333333333336,Round of 16,True,Switzerland,Portugal,4.0,False,Goal,1.0,0.9094495101228106,0.004398727032237315,ordinary_or_penalty,,,,,,,,,,,,
3869254,2412.0,ec8bd928-b9e8-44ae-b2a1-3e12b7d38a87,2.0,66.2,Round of 16,True,Portugal,Switzerland,-3.0,False,Goal,1.0,0.6003688158738711,0.002058269616186914,ordinary_or_penalty,,,,,,,,,,,,
3869254,3348.0,b454f46a-01f5-4f67-9b6b-994573c64ca9,2.0,91.2,Round of 16,True,Portugal,Switzerland,-4.0,False,Goal,1.0,0.12992422710853124,0.0,ordinary_or_penalty,,,,,,,,,,,,
3869321,1432.0,e6038dbd-a8c4-427f-9663-54654cde0b0b,1.0,32.65,Quarter-finals,True,Argentina,Netherlands,0.0,False,Saved,0.0,0.20672256072557574,0.2787657362235289,ordinary_or_penalty,,,,,,,,,,,,
3869321,1493.0,ba0291a6-1cd3-43f0-8394-b91c7cd6d4e2,1.0,34.06666666666667,Quarter-finals,True,Argentina,Netherlands,0.0,False,Goal,1.0,0.4921379716963963,0.2814807073563683,ordinary_or_penalty,,,,,,,,,,,,
3869321,1605.0,8d04b410-694a-4eb3-8354-d8e67249dfb3,1.0,39.15,Quarter-finals,True,Argentina,Netherlands,-1.0,False,Saved,0.0,0.14734775942235454,0.14761297086720032,ordinary_or_penalty,,,,,,,,,,,,
3869321,3016.0,dc11fa36-49c6-41db-a883-9991c8711696,2.0,72.65,Quarter-finals,True,Argentina,Netherlands,-1.0,True,Goal,1.0,,0.0899765878897229,ordinary_or_penalty,,,,,,,,,,,,
3869321,3206.0,758f3a76-791e-4a71-8cb4-d776a6bd293d,2.0,82.28333333333333,Quarter-finals,True,Netherlands,Argentina,2.0,False,Goal,1.0,0.2946817431956332,0.04862697157524609,ordinary_or_penalty,,,,,,,,,,,,
3869321,3572.0,1a46edaa-ca09-435a-b841-aa201d1f0e14,2.0,100.53333333333333,Quarter-finals,True,Netherlands,Argentina,1.0,False,Goal,1.0,0.3915838379485986,0.5,ordinary_or_penalty,,,,,,,,,,,,
3869321,4598.0,4960eb06-e30b-485b-a653-edd092335439,4.0,118.6,Quarter-finals,True,Argentina,Netherlands,0.0,False,Saved,0.0,0.3017257519479349,0.48971669726669326,ordinary_or_penalty,,,,,,,,,,,,
3869354,386.0,76a926ab-d769-4f19-97da-d7d329d90325,1.0,10.583333333333334,Quarter-finals,True,France,England,0.0,False,Saved,0.0,0.4190464135071922,0.2437765326117794,ordinary_or_penalty,,,,,,,,,,,,
3869354,662.0,392c7c17-aff2-48c8-becc-d23b5bf60640,1.0,16.366666666666667,Quarter-finals,True,France,England,0.0,False,Goal,1.0,0.13903509480251414,0.2517989881480601,ordinary_or_penalty,,,,,,,,,,,,
3869354,702.0,7bc4f065-24a9-4401-ac37-90aedc8f7b86,1.0,20.133333333333333,Quarter-finals,True,England,France,1.0,False,Saved,0.0,0.15926203575873812,0.25737063395091475,ordinary_or_penalty,,,,,,,,,,,,
3869354,755.0,c60b4259-2ba3-4496-927f-331d9c2ec9d1,1.0,21.483333333333334,Quarter-finals,True,England,France,1.0,False,Saved,0.0,0.18299393431962363,0.2594450686652017,ordinary_or_penalty,,,,,,,,,,,,
3869354,1064.0,f7fdf23a-a5e9-4e7f-ba8d-40bc6379b9b0,1.0,28.5,Quarter-finals,True,England,France,1.0,False,Saved,0.0,0.15387051491045878,0.27114514108709054,ordinary_or_penalty,,,,,,,,,,,,
3869354,1954.0,1005a0cd-efda-4b12-92a0-edec3f740581,2.0,46.6,Quarter-finals,True,England,France,1.0,False,Saved,0.0,0.22610634864230222,0.309196020049952,ordinary_or_penalty,,,,,,,,,,,,
3869354,2143.0,b740db70-9fad-40ed-8069-5e3d26521a44,2.0,53.45,Quarter-finals,True,England,France,1.0,True,Goal,1.0,,0.32759492140002744,ordinary_or_penalty,,,,,,,,,,,,
3869354,2159.0,ec185754-71a2-488f-8471-b5f591b88c6e,2.0,54.733333333333334,Quarter-finals,True,France,England,0.0,False,Saved,0.0,0.2384299780535644,0.3313344477773026,ordinary_or_penalty,,,,,,,,,,,,
3869354,2364.0,0f19d3a0-282b-4673-9ecc-d23599dd565e,2.0,59.583333333333336,Quarter-finals,True,England,France,0.0,False,Saved,0.0,0.17292164138979274,0.3467442554731067,ordinary_or_penalty,,,,,,,,,,,,
3869354,2420.0,c53fbe0a-5479-4e5a-8637-6c83b7e68786,2.0,61.1,Quarter-finals,True,England,France,0.0,False,Saved,0.0,0.15625433923841042,0.35197094081006486,ordinary_or_penalty,,,,,,,,,,,,
3869354,2857.0,9f12f011-03e2-4c02-b566-28808c4dbaba,2.0,76.38333333333334,Quarter-finals,True,France,England,0.0,False,Saved,0.0,0.604895620935216,0.41605973824430875,ordinary_or_penalty,,,,,,,,,,,,
3869354,2870.0,2effbf64-b445-4aa5-a87e-7ff2f38c90ee,2.0,77.16666666666667,Quarter-finals,True,France,England,0.0,False,Goal,1.0,0.41191457529364306,0.41983779419787004,ordinary_or_penalty,,,,,,,,,,,,
3869420,200.0,91d32b30-deb2-4808-b61a-9e5b3cf011e0,1.0,4.1,Quarter-finals,True,Brazil,Croatia,0.0,False,Saved,0.0,0.10204081632653061,0.23563224108686548,ordinary_or_penalty,,,,,,,,,,,,
3869420,901.0,c8c7ae41-22c0-4874-8528-8881dd62272d,1.0,20.066666666666666,Quarter-finals,True,Brazil,Croatia,0.0,False,Saved,0.0,0.10204081632653061,0.2572681164092909,ordinary_or_penalty,,,,,,,,,,,,
3869420,1811.0,8a499618-5f13-46f2-b31a-2844c2731c1b,1.0,41.55,Quarter-finals,True,Brazil,Croatia,0.0,False,Saved,0.0,0.08,0.29725023869508393,ordinary_or_penalty,,,,,,,,,,,,
3869420,2278.0,b65e77c7-0984-4355-8249-7b3f4fd4ef90,2.0,54.31666666666667,Quarter-finals,True,Brazil,Croatia,0.0,False,Saved,0.0,0.43636363636363634,0.33014209913486625,ordinary_or_penalty,,,,,,,,,,,,
3869420,2814.0,c3bbb04a-8355-4957-b170-cb044732cba6,2.0,65.51666666666667,Quarter-finals,True,Brazil,Croatia,0.0,False,Saved,0.0,0.43636363636363634,0.36782202094191085,ordinary_or_penalty,,,,,,,,,,,,
3869420,3247.0,954528be-3534-4e74-a39a-2bb679489f01,2.0,75.78333333333333,Quarter-finals,True,Brazil,Croatia,0.0,False,Saved,0.0,0.43636363636363634,0.4130237317655149,ordinary_or_penalty,,,,,,,,,,,,
3869420,3401.0,b53fd07e-2317-4726-809e-3624bfdb518c,2.0,79.78333333333333,Quarter-finals,True,Brazil,Croatia,0.0,False,Saved,0.0,0.27272727272727276,0.4338584293005504,ordinary_or_penalty,,,,,,,,,,,,
3869420,3961.0,112b45ad-b869-4eb6-a4b8-a6c45cd44514,2.0,93.6,Quarter-finals,True,Brazil,Croatia,0.0,False,Saved,0.0,0.13333333333333333,0.49999999999999994,ordinary_or_penalty,,,,,,,,,,,,
3869420,4368.0,a94997f3-a132-441d-89ec-527bca207787,3.0,100.68333333333334,Quarter-finals,True,Brazil,Croatia,0.0,False,Saved,0.0,0.43636363636363634,0.389224633815459,ordinary_or_penalty,,,,,,,,,,,,
3869420,4587.0,657ac0ef-2a18-4f8b-8515-604fc2b75326,3.0,105.58333333333333,Quarter-finals,True,Brazil,Croatia,0.0,False,Goal,1.0,0.9375,0.4120225592006883,ordinary_or_penalty,,,,,,,,,,,,
3869420,5008.0,52e701c5-1af2-4efb-a1ef-9c46652472d7,4.0,116.03333333333333,Quarter-finals,True,Croatia,Brazil,1.0,False,Goal,1.0,0.27272727272727276,0.47215833829838605,ordinary_or_penalty,,,,,,,,,,,,
3869420,5115.0,3dd7d256-6e97-47b6-a7bf-ce13448396cf,4.0,121.31666666666666,Quarter-finals,True,Brazil,Croatia,0.0,False,Saved,0.0,0.27272727272727276,0.5,ordinary_or_penalty,,,,,,,,,,,,
3869486,189.0,dd62c1c2-00a9-4b33-a516-6094ca80e218,1.0,3.9833333333333334,Quarter-finals,True,Portugal,Morocco,0.0,False,Saved,0.0,0.43636363636363634,0.23555226721745692,ordinary_or_penalty,,,,,,,,,,,,
3869486,1284.0,9000f0f2-73ed-4a71-917d-2d525af7ba80,1.0,34.93333333333333,Quarter-finals,True,Morocco,Portugal,0.0,False,Saved,0.0,0.10204081632653061,0.28319734938214225,ordinary_or_penalty,,,,,,,,,,,,
3869486,1517.0,b5cf82d9-5c1a-49ac-af0d-2fada2d6f0e5,1.0,41.6,Quarter-finals,True,Morocco,Portugal,0.0,False,Goal,1.0,0.43636363636363634,0.29725023869508393,ordinary_or_penalty,,,,,,,,,,,,
3869486,2942.0,d3101e93-d011-401a-af9c-5a1c560c72ec,2.0,81.98333333333333,Quarter-finals,True,Portugal,Morocco,1.0,False,Saved,0.0,0.27272727272727276,0.4465363846346593,ordinary_or_penalty,,,,,,,,,,,,
3869486,3199.0,d4278a80-ee3d-4ef1-9255-cf9dc4ce1580,2.0,90.4,Quarter-finals,True,Portugal,Morocco,1.0,False,Saved,0.0,0.13333333333333333,0.5,ordinary_or_penalty,,,,,,,,,,,,
3869486,3309.0,69bc4e3c-2854-42c1-89ba-e159f7515567,2.0,95.33333333333333,Quarter-finals,True,Morocco,Portugal,-1.0,False,Saved,0.0,0.43636363636363634,0.0,ordinary_or_penalty,,,,,,,,,,,,
3869519,1167.0,e0e3e4da-8a23-4e2c-b4d2-b7bef8feb9fe,1.0,24.583333333333332,Semi-finals,True,Argentina,Croatia,0.0,False,Saved,0.0,0.10204081632653061,0.2643971076352577,ordinary_or_penalty,,,,,,,,,,,,
3869519,1443.0,09340406-31db-4236-8bf0-11900a1f269b,1.0,33.45,Semi-finals,True,Argentina,Croatia,0.0,True,Goal,1.0,,0.28030848277943754,ordinary_or_penalty,,,,,,,,,,,,
3869519,1621.0,dcc38d2c-1610-4362-bb0c-2fd6aa28c5bf,1.0,38.43333333333333,Semi-finals,True,Argentina,Croatia,-1.0,False,Goal,1.0,0.43636363636363634,0.14808671432545378,ordinary_or_penalty,,,,,,,,,,,,
3869519,1714.0,bd13c135-d873-447b-9433-76e78e8f0bf4,1.0,41.88333333333333,Semi-finals,True,Argentina,Croatia,-2.0,False,Saved,0.0,0.43636363636363634,0.04461085828642599,ordinary_or_penalty,,,,,,,,,,,,
3869519,2108.0,c9b5444c-548d-4936-af96-3f376dc1cdc6,2.0,48.43333333333333,Semi-finals,True,Argentina,Croatia,-2.0,False,Saved,0.0,0.10204081632653061,0.037941403824982026,ordinary_or_penalty,,,,,,,,,,,,
3869519,2542.0,a78187f3-3fb7-4c35-9d65-aef9e119c5b2,2.0,57.083333333333336,Semi-finals,True,Argentina,Croatia,-2.0,False,Saved,0.0,0.27272727272727276,0.028367465085508265,ordinary_or_penalty,,,,,,,,,,,,
3869519,2982.0,60dc7f46-0b61-4198-ae9d-c11c096367dc,2.0,68.76666666666667,Semi-finals,True,Argentina,Croatia,-2.0,False,Goal,1.0,0.43636363636363634,0.015222424856045712,ordinary_or_penalty,,,,,,,,,,,,
3869519,3007.0,a6005746-15eb-4174-8219-636c9527c20a,2.0,72.23333333333333,Semi-finals,True,Croatia,Argentina,3.0,False,Saved,0.0,0.08,0.011506672260450546,ordinary_or_penalty,,,,,,,,,,,,
3869519,3552.0,94203fde-cbb9-49b4-962f-3181068dd3c5,2.0,88.38333333333334,Semi-finals,True,Croatia,Argentina,3.0,False,Saved,0.0,0.22,0.00013837578772468717,ordinary_or_penalty,,,,,,,,,,,,
3869552,244.0,f4d06d6c-d7fb-41e4-b25e-1cb9a106f88b,1.0,4.666666666666667,Semi-finals,True,France,Morocco,0.0,False,Goal,1.0,0.29336968005622244,0.23635550583611198,ordinary_or_penalty,,,,,,,,,,,,
3869552,437.0,b4b2bbe9-bd6b-4445-b010-245913557fde,1.0,9.633333333333333,Semi-finals,True,Morocco,France,1.0,False,Saved,0.0,0.1378032751478449,0.24255170614767485,ordinary_or_penalty,,,,,,,,,,,,
3869552,3043.0,0502086f-c98a-47b2-83c0-dfb26991cbb4,2.0,78.81666666666666,Semi-finals,True,France,Morocco,-1.0,False,Goal,1.0,0.97167031735076,0.06566720381859567,ordinary_or_penalty,,,,,,,,,,,,
3869684,264.0,49c5d1ba-1fd9-4f18-a682-cbd2c57eb9dc,1.0,6.466666666666667,3rd Place Final,True,Croatia,Morocco,0.0,False,Goal,1.0,0.2375814814116832,0.2385638146399497,ordinary_or_penalty,,,,,,,,,,,,
3869684,276.0,8f0f46ee-6bec-4537-97eb-2b50633dc6ff,1.0,8.283333333333333,3rd Place Final,True,Morocco,Croatia,1.0,False,Goal,1.0,0.6625380326835792,0.24083178095425573,ordinary_or_penalty,,,,,,,,,,,,
3869684,639.0,77d0be28-0294-4153-b921-b5639dde0cda,1.0,17.483333333333334,3rd Place Final,True,Croatia,Morocco,0.0,False,Saved,0.0,0.40876983058550564,0.2533564520818133,ordinary_or_penalty,,,,,,,,,,,,
3869684,914.0,fce15c71-a9fc-4d7e-80ea-a3a56d20cc65,1.0,23.416666666666668,3rd Place Final,True,Croatia,Morocco,0.0,False,Saved,0.0,0.20475725642629608,0.26253681787145766,ordinary_or_penalty,,,,,,,,,,,,
3869684,1573.0,40c60798-23de-4690-ab6b-47b58c1f58c4,1.0,41.71666666666667,3rd Place Final,True,Croatia,Morocco,0.0,False,Goal,1.0,0.20069234226700694,0.2975533096135583,ordinary_or_penalty,,,,,,,,,,,,
3869684,2862.0,28905c96-a89e-4349-b755-383c251d2c97,2.0,74.58333333333333,3rd Place Final,True,Morocco,Croatia,1.0,False,Saved,0.0,0.1630628213461874,0.407096232156534,ordinary_or_penalty,,,,,,,,,,,,
3869685,192.0,545c2c84-018f-4570-a01c-753823feaeac,1.0,4.666666666666667,Final,True,Argentina,France,0.0,False,Saved,0.0,0.13364070354576008,0.23635550583611198,ordinary_or_penalty,,,,,,,,,,,,
3869685,771.0,6d527ebc-a948-4cd8-ac82-daced35bb715,1.0,22.4,Final,True,Argentina,France,0.0,True,Goal,1.0,,0.26092501116259065,ordinary_or_penalty,,,,,,,,,,,,
3869685,1178.0,ef86f4d9-7acd-4ed0-a5ec-9129079e8fbe,1.0,35.36666666666667,Final,True,Argentina,France,-1.0,False,Goal,1.0,0.5660342978801775,0.14986050084246283,ordinary_or_penalty,,,,,,,,,,,,
3869685,1916.0,13a4889d-ad08-41be-9125-24c4c7d7879a,2.0,48.81666666666667,Final,True,Argentina,France,-2.0,False,Saved,0.0,0.23904032960185398,0.037513762218838245,ordinary_or_penalty,,,,,,,,,,,,
3869685,2204.0,43691970-1dad-4e11-bd29-48f640c55ea1,2.0,58.35,Final,True,Argentina,France,-2.0,False,Saved,0.0,0.13554041449660142,0.027003685429198315,ordinary_or_penalty,,,,,,,,,,,,
3869685,2691.0,43b2d123-6945-4a7c-8292-f7792af341f9,2.0,71.51666666666667,Final,True,Argentina,France,-2.0,False,Saved,0.0,0.14920680322962127,0.012274762615048992,ordinary_or_penalty,,,,,,,,,,,,
3869685,2928.0,6cc0d5e2-6999-4006-8a7a-34de4cbe3ffd,2.0,79.4,Final,True,France,Argentina,2.0,True,Goal,1.0,,0.06290564436247637,ordinary_or_penalty,,,,,,,,,,,,
3869685,2987.0,03fb2918-e1e7-4ec8-89ff-7bc5531e853d,2.0,80.98333333333333,Final,True,France,Argentina,1.0,False,Goal,1.0,0.2933330669791893,0.4406768959370381,ordinary_or_penalty,,,,,,,,,,,,
3869685,3283.0,8d2a6599-cc25-41a2-acde-41d10194b5bd,2.0,93.75,Final,True,France,Argentina,0.0,False,Saved,0.0,0.28922730258903273,0.49999999999999994,ordinary_or_penalty,,,,,,,,,,,,
3869685,3389.0,867b8791-49c0-4d98-a976-c0b4cfc1cb5a,2.0,96.61666666666666,Final,True,Argentina,France,0.0,False,Saved,0.0,0.18983309352807198,0.49999999999999994,ordinary_or_penalty,,,,,,,,,,,,
3869685,4042.0,8bb8c7b5-9c14-4dfa-9279-0548ee8076db,4.0,106.91666666666667,Final,True,Argentina,France,0.0,False,Saved,0.0,0.21646935525617658,0.4187999665016797,ordinary_or_penalty,,,,,,,,,,,,
3869685,4067.0,40cbfd91-87d9-4df8-a575-533b5c26767f,4.0,107.95,Final,True,Argentina,France,0.0,False,Saved,0.0,0.14940013406279556,0.42404598808040594,ordinary_or_penalty,,,,,,,,,,,,
3869685,4070.0,54b889ec-6026-49ea-a913-e883dbe6e301,4.0,107.96666666666667,Final,True,Argentina,France,0.0,False,Goal,1.0,0.7360420500494119,0.42404598808040594,ordinary_or_penalty,,,,,,,,,,,,
3869685,4203.0,d9b92dbd-4fea-4f48-b2fb-d7222eab2dbd,4.0,117.08333333333333,Final,True,France,Argentina,1.0,True,Goal,1.0,,0.47893357165281303,ordinary_or_penalty,,,,,,,,,,,,
3869685,4337.0,959edead-09fb-40b0-b6a3-72e73bd30d5a,4.0,122.73333333333333,Final,True,France,Argentina,0.0,False,Saved,0.0,0.47933860138248224,0.5,ordinary_or_penalty,,,,,,,,,,,,
3869219,,,,,,,,,,,Saved,,,,shootout,1.0,Japan,False,16531.0,Dominik Livaković,Penalty Saved,True,0.5,0.6678159402340292,0.16781594023402924,0.16781594023402924,full-credit-goalkeeper-saved
3869219,,,,,,,,Japan,,,Goal,,,,shootout,2.0,Croatia,True,25719.0,Shūichi Gonda,Penalty Conceded,False,0.33218405976597076,0.24300774849306392,-0.08917631127290684,0.0,no-credit-not-goalkeeper-credited
3869219,,,,,,,,Croatia,,,Saved,,,,shootout,3.0,Japan,False,16531.0,Dominik Livaković,Penalty Saved,True,0.756992251506936,0.890318504780086,0.13332625327314995,0.13332625327314995,full-credit-goalkeeper-saved
3869219,,,,,,,,Japan,,,Goal,,,,shootout,4.0,Croatia,True,25719.0,Shūichi Gonda,Penalty Conceded,False,0.10968149521991397,0.053747280387613866,-0.0559342148323001,0.0,no-credit-not-goalkeeper-credited
3869219,,,,,,,,Croatia,,,Goal,,,,shootout,5.0,Japan,True,16531.0,Dominik Livaković,Penalty Conceded,False,0.9462527196123861,0.9224254643662605,-0.02382725524612564,0.0,no-credit-not-goalkeeper-credited
3869219,,,,,,,,Japan,,,Post,,,,shootout,6.0,Croatia,False,25719.0,Shūichi Gonda,Shot Faced,False,0.0775745356337395,0.17524751871900002,0.09767298308526051,0.0,no-credit-not-goalkeeper-credited
3869219,,,,,,,,Croatia,,,Saved,,,,shootout,7.0,Japan,False,16531.0,Dominik Livaković,Penalty Saved,True,0.824752481281,0.9606864615,0.13593398021900002,0.13593398021900002,full-credit-goalkeeper-saved
3869219,,,,,,,,Japan,,,Goal,,,,shootout,8.0,Croatia,True,25719.0,Shūichi Gonda,Penalty Conceded,False,0.039313538499999995,0.0,-0.039313538499999995,0.0,no-credit-not-goalkeeper-credited
3869220,,,,,,,,,,,Goal,,,,shootout,1.0,Morocco,True,11748.0,Unai Simón Mendibil,Penalty Conceded,False,0.5,0.4108236887270932,-0.08917631127290682,0.0,no-credit-not-goalkeeper-credited
3869220,,,,,,,,Morocco,,,Post,,,,shootout,2.0,Spain,False,6785.0,Yassine Bounou,Shot Faced,False,0.5891763112729068,0.756992251506936,0.16781594023402924,0.0,no-credit-not-goalkeeper-credited
3869220,,,,,,,,Spain,,,Goal,,,,shootout,3.0,Morocco,True,11748.0,Unai Simón Mendibil,Penalty Conceded,False,0.24300774849306395,0.1590067682420575,-0.08400098025100644,0.0,no-credit-not-goalkeeper-credited
3869220,,,,,,,,Morocco,,,Saved,,,,shootout,4.0,Spain,False,6785.0,Yassine Bounou,Penalty Saved,True,0.8409932317579425,0.9462527196123862,0.10525948785444372,0.10525948785444372,full-credit-goalkeeper-saved
3869220,,,,,,,,Spain,,,Saved,,,,shootout,5.0,Morocco,False,11748.0,Unai Simón Mendibil,Penalty Saved,True,0.05374728038761378,0.12334472372576055,0.06959744333814677,0.06959744333814677,full-credit-goalkeeper-saved
3869220,,,,,,,,Morocco,,,Saved,,,,shootout,6.0,Spain,False,6785.0,Yassine Bounou,Penalty Saved,True,0.8766552762742394,0.9743282593595,0.09767298308526051,0.09767298308526051,full-credit-goalkeeper-saved
3869220,,,,,,,,Spain,,,Goal,,,,shootout,7.0,Morocco,True,11748.0,Unai Simón Mendibil,Penalty Conceded,False,0.02567174064050004,0.0,-0.02567174064050004,0.0,no-credit-not-goalkeeper-credited
3869321,,,,,,,,,,,Saved,,,,shootout,1.0,Netherlands,False,6909.0,Damián Emiliano Martínez,Penalty Saved,True,0.5,0.6678159402340292,0.16781594023402924,0.16781594023402924,full-credit-goalkeeper-saved
3869321,,,,,,,,Netherlands,,,Goal,,,,shootout,2.0,Argentina,True,8326.0,Andries Noppert,Penalty Conceded,False,0.33218405976597076,0.24300774849306392,-0.08917631127290684,0.0,no-credit-not-goalkeeper-credited
3869321,,,,,,,,Argentina,,,Saved,,,,shootout,3.0,Netherlands,False,6909.0,Damián Emiliano Martínez,Penalty Saved,True,0.756992251506936,0.890318504780086,0.13332625327314995,0.13332625327314995,full-credit-goalkeeper-saved
3869321,,,,,,,,Netherlands,,,Goal,,,,shootout,4.0,Argentina,True,8326.0,Andries Noppert,Penalty Conceded,False,0.10968149521991397,0.053747280387613866,-0.0559342148323001,0.0,no-credit-not-goalkeeper-credited
3869321,,,,,,,,Argentina,,,Goal,,,,shootout,5.0,Netherlands,True,6909.0,Damián Emiliano Martínez,Penalty Conceded,False,0.9462527196123861,0.9224254643662605,-0.02382725524612564,0.0,no-credit-not-goalkeeper-credited
3869321,,,,,,,,Netherlands,,,Goal,,,,shootout,6.0,Argentina,True,8326.0,Andries Noppert,Penalty Conceded,False,0.0775745356337395,0.0256717406405,-0.05190279499323951,0.0,no-credit-not-goalkeeper-credited
3869321,,,,,,,,Argentina,,,Goal,,,,shootout,7.0,Netherlands,True,6909.0,Damián Emiliano Martínez,Penalty Conceded,False,0.9743282593595,0.9606864615,-0.013641797859499996,0.0,no-credit-not-goalkeeper-credited
3869321,,,,,,,,Netherlands,,,Off T,,,,shootout,8.0,Argentina,False,8326.0,Andries Noppert,Shot Faced,False,0.039313538499999995,0.1132955,0.0739819615,0.0,no-credit-not-goalkeeper-credited
3869321,,,,,,,,Argentina,,,Goal,,,,shootout,9.0,Netherlands,True,6909.0,Damián Emiliano Martínez,Penalty Conceded,False,0.8867045,0.8265,-0.060204499999999994,0.0,no-credit-not-goalkeeper-credited
3869321,,,,,,,,Netherlands,,,Goal,,,,shootout,10.0,Argentina,True,8326.0,Andries Noppert,Penalty Conceded,False,0.1735,0.0,-0.1735,0.0,no-credit-not-goalkeeper-credited
3869420,,,,,,,,,,,Goal,,,,shootout,1.0,Croatia,True,5547.0,Alisson Ramsés Becker,Penalty Conceded,False,0.5,0.4108236887270932,-0.08917631127290682,0.0,no-credit-not-goalkeeper-credited
3869420,,,,,,,,Croatia,,,Saved,,,,shootout,2.0,Brazil,False,16531.0,Dominik Livaković,Penalty Saved,True,0.5891763112729068,0.756992251506936,0.16781594023402924,0.16781594023402924,full-credit-goalkeeper-saved
3869420,,,,,,,,Brazil,,,Goal,,,,shootout,3.0,Croatia,True,5547.0,Alisson Ramsés Becker,Penalty Conceded,False,0.24300774849306395,0.1590067682420575,-0.08400098025100644,0.0,no-credit-not-goalkeeper-credited
3869420,,,,,,,,Croatia,,,Goal,,,,shootout,4.0,Brazil,True,16531.0,Dominik Livaković,Penalty Conceded,False,0.8409932317579425,0.7850590169256423,-0.05593421483230021,0.0,no-credit-not-goalkeeper-credited
3869420,,,,,,,,Brazil,,,Goal,,,,shootout,5.0,Croatia,True,5547.0,Alisson Ramsés Becker,Penalty Conceded,False,0.21494098307435772,0.12334472372576055,-0.09159625934859716,0.0,no-credit-not-goalkeeper-credited
3869420,,,,,,,,Croatia,,,Goal,,,,shootout,6.0,Brazil,True,16531.0,Dominik Livaković,Penalty Conceded,False,0.8766552762742394,0.824752481281,-0.051902794993239465,0.0,no-credit-not-goalkeeper-credited
3869420,,,,,,,,Brazil,,,Goal,,,,shootout,7.0,Croatia,True,5547.0,Alisson Ramsés Becker,Penalty Conceded,False,0.17524751871900002,0.07398196150000003,-0.10126555721899999,0.0,no-credit-not-goalkeeper-credited
3869420,,,,,,,,Croatia,,,Post,,,,shootout,8.0,Brazil,False,16531.0,Dominik Livaković,Shot Faced,False,0.9260180385,1.0,0.07398196150000003,0.0,no-credit-not-goalkeeper-credited
3869685,,,,,,,,,,,Goal,,,,shootout,1.0,France,True,6909.0,Damián Emiliano Martínez,Penalty Conceded,False,0.5,0.4108236887270932,-0.08917631127290682,0.0,no-credit-not-goalkeeper-credited
3869685,,,,,,,,France,,,Goal,,,,shootout,2.0,Argentina,True,3099.0,Hugo Lloris,Penalty Conceded,False,0.5891763112729068,0.5,-0.08917631127290682,0.0,no-credit-not-goalkeeper-credited
3869685,,,,,,,,Argentina,,,Saved,,,,shootout,3.0,France,False,6909.0,Damián Emiliano Martínez,Penalty Saved,True,0.5,0.6861435380524444,0.18614353805244443,0.18614353805244443,full-credit-goalkeeper-saved
3869685,,,,,,,,France,,,Goal,,,,shootout,4.0,Argentina,True,3099.0,Hugo Lloris,Penalty Conceded,False,0.31385646194755557,0.2149409830743577,-0.09891547887319788,0.0,no-credit-not-goalkeeper-credited
3869685,,,,,,,,Argentina,,,Off T,,,,shootout,5.0,France,False,6909.0,Damián Emiliano Martínez,Shot Faced,False,0.7850590169256423,0.9224254643662605,0.13736644744061818,0.0,no-credit-not-goalkeeper-credited
3869685,,,,,,,,France,,,Goal,,,,shootout,6.0,Argentina,True,3099.0,Hugo Lloris,Penalty Conceded,False,0.0775745356337395,0.0256717406405,-0.05190279499323951,0.0,no-credit-not-goalkeeper-credited
3869685,,,,,,,,Argentina,,,Goal,,,,shootout,7.0,France,True,6909.0,Damián Emiliano Martínez,Penalty Conceded,False,0.9743282593595,0.9606864615,-0.013641797859499996,0.0,no-credit-not-goalkeeper-credited
3869685,,,,,,,,France,,,Goal,,,,shootout,8.0,Argentina,True,3099.0,Hugo Lloris,Penalty Conceded,False,0.039313538499999995,0.0,-0.039313538499999995,0.0,no-credit-not-goalkeeper-credited
