team,signed_ridge_oof_prediction,minutes,player_id,match_id,positioning_360_coverage,opponent_possessions,opponent,opponent_attack_strength_match_v4,opponent_expected_exposure_v4,entry_denial_target_per100_v4,entry_denial_oof_prediction_v4,defensive_positioning_score,defensive_off_ball_score,off_ball_player_shape_available_v4,match_minutes_v4,defensive_value_raw_v4,opponent_expected_exposure_player_v4,off_ball_prevention_raw_v4,off_ball_prevention_coverage_v4,defensive_value_opposition_adjusted_match_v4,off_ball_prevention_value_match_v4,defensive_value_prevention_augmented_match_v4
Denmark,-0.0042319214229378,97.6,3043,3857254,0.8571428571428571,91,Tunisia,0.7937444980266843,0.7381823831648164,8.171904828536439,5.507357445817761,0.8539823009,0.5818431833,True,97.6,-0.003851048494873398,0.7223074932042828,0.6771297512317713,0.8571428571428571,0.09486085849600101,0.05301487047170323,0.14787572896770423
Denmark,-0.0253149331869531,97.6,3570,3857254,0.8421052631578947,91,Tunisia,0.7937444980266843,0.7381823831648164,8.171904828536439,5.507357445817761,0.8657817109,0.673138211,True,97.6,-0.02303658920012732,0.7223074932042828,0.7242787845420326,0.8421052631578947,0.0756753177907471,0.0567063341671951,0.13238165195794221
Denmark,-0.042453147399866,97.6,3959,3857254,1.0,91,Tunisia,0.7937444980266843,0.7381823831648164,8.171904828536439,5.507357445817761,0.808259587,0.421915639,True,97.6,-0.03863236413387806,0.7223074932042828,0.5751581448729848,1.0,0.060079542856996355,0.04503115465790467,0.10511069751490103
Denmark,-0.0158616617259481,45.53333333333333,5527,3857254,0.8666666666666667,91,Tunisia,0.7937444980266843,0.7381823831648164,8.171904828536439,5.507357445817761,0.8923303835,0.9398935379,True,97.6,-0.01443411217061277,0.33697815427494887,0.39930851541866186,0.8666666666666667,0.03161795919193315,0.031263268501582266,0.06288122769351542
Denmark,-0.0183406775349516,63.98333333333333,5534,3857254,0.8888888888888888,91,Tunisia,0.7937444980266843,0.7381823831648164,8.171904828536439,5.507357445817761,0.9321533923,0.5332203615,True,97.6,-0.016690016556805954,0.4735209129800617,0.47026558042008065,0.8888888888888888,0.048022246239978,0.03681874675853282,0.08484099299851082
Denmark,0.0136688866433261,33.133333333333326,5732,3857254,0.25,91,Tunisia,0.7937444980266843,0.7381823831648164,8.171904828536439,5.507357445817761,0.7743362832,0.6768358798,True,97.6,0.012438686845426752,0.24520957931866702,0.22239019940688665,0.25,0.045949491336181245,0.017411711114871414,0.06336120245105266
Denmark,0.0061515639145888,64.46666666666667,6302,3857254,0.9090909090909092,91,Tunisia,0.7937444980266843,0.7381823831648164,8.171904828536439,5.507357445817761,0.5427728614,0.6176943959,True,97.6,0.0055979231622758086,0.4770979138856158,0.2981264724073922,0.9090909090909092,0.07079902566239572,0.023341370380067446,0.09414039604246317
Denmark,-0.0270190951724525,97.6,8247,3857254,0.8611111111111112,91,Tunisia,0.7937444980266843,0.7381823831648164,8.171904828536439,5.507357445817761,0.5398230088,0.4736840003,True,97.6,-0.024587376606931777,0.7223074932042828,0.38909261405555806,0.8611111111111112,0.07412453038394264,0.03046342964273516,0.10458796002667779
Denmark,-0.0077655744713703,97.6,16190,3857254,0.875,91,Tunisia,0.7937444980266843,0.7381823831648164,8.171904828536439,5.507357445817761,0.1283185841,0.4577204249,True,97.6,-0.007066672768946973,0.7223074932042828,0.06416020060800265,0.875,0.09164523422192744,0.005023327831164063,0.0966685620530915
Denmark,-0.0296935335263082,97.6,16554,3857254,0.8620689655172413,91,Tunisia,0.7937444980266843,0.7381823831648164,8.171904828536439,5.507357445817761,0.07669616519,0.5225564285,True,97.6,-0.027021115508940464,0.7223074932042828,0.05123505525866251,0.8620689655172413,0.07169079148193394,0.004011372729092846,0.07570216421102678
Denmark,0.0147428589977938,64.46666666666667,17042,3857254,0.9090909090909092,91,Tunisia,0.7937444980266843,0.7381823831648164,8.171904828536439,5.507357445817761,0.3392330383,0.4092683338,True,97.6,0.013416001687992358,0.4770979138856158,0.1368038129569653,0.9090909090909092,0.07861710418811227,0.010710851813489677,0.08932795600160194
Denmark,0.0028606973738163,33.61666666666666,18722,3857254,0.3333333333333333,91,Tunisia,0.7937444980266843,0.7381823831648164,8.171904828536439,5.507357445817761,0.6710914454,0.6493147806,True,97.6,0.002603234610172833,0.248786580224221,0.19418132202444394,0.3333333333333333,0.03660287880426328,0.015203138861382474,0.05180601766564576
Denmark,0.001171863971158,52.06666666666666,24443,3857254,1.0,91,Tunisia,0.7937444980266843,0.7381823831648164,8.171904828536439,5.507357445817761,0.6091445428,0.6620903835,True,97.6,0.00106639621375378,0.3853293389293339,0.2780327702849211,1.0,0.05372623184208228,0.02176816374813027,0.07549439559021255
Denmark,-0.0168662548904992,33.133333333333326,27569,3857254,1.0,91,Tunisia,0.7937444980266843,0.7381823831648164,8.171904828536439,5.507357445817761,0.2669616519,0.4070972576,True,97.6,-0.015348291950354271,0.24520957931866702,0.051028070878454554,1.0,0.01816251254040022,0.003995167193763127,0.022157679734163348
Tunisia,0.0106792233031586,30.88333333333333,3557,3857254,0.875,98,Denmark,1.070602487212355,1.070602487212355,-2.9342816399707647,-9.177599913453667,0.5132743363,0.6167106972,True,97.6,0.010465638837095427,0.33199280748435855,-0.18048164938740746,0.875,0.05583640328625615,-0.014130543293050062,0.041705859993206085
Tunisia,-0.0122287800901968,97.6,3767,3857254,0.9736842105263158,98,Denmark,1.070602487212355,1.070602487212355,-2.9342816399707647,-9.177599913453667,0.9705014749,0.7367865876,True,97.6,-0.011984204488392864,1.0491904374681078,-0.2621413137398719,0.9736842105263158,0.13140014338763803,-0.0205239657066029,0.11087617768103514
Tunisia,-0.0683384481257228,97.6,5651,3857254,0.8148148148148148,98,Denmark,1.070602487212355,1.070602487212355,-2.9342816399707647,-9.177599913453667,0.6430678466,0.6133370175,True,97.6,-0.06697167916320834,1.0491904374681078,-0.4947877738981974,0.8148148148148148,0.07641266871282254,-0.03873867555882478,0.03767399315399776
Tunisia,0.0062493952471558,97.6,5655,3857254,0.8888888888888888,98,Denmark,1.070602487212355,1.070602487212355,-2.9342816399707647,-9.177599913453667,0.3377581121,0.4587635299,True,97.6,0.006124407342212684,1.0491904374681078,-0.7242656748327054,0.8888888888888888,0.14950875521824356,-0.05670530776192988,0.09280344745631368
Tunisia,-0.0222237394164926,87.28333333333333,9236,3857254,0.6666666666666666,98,Denmark,1.070602487212355,1.070602487212355,-2.9342816399707647,-9.177599913453667,0.2463126844,0.4078433311,True,97.6,-0.02177926462816275,0.9382872815950274,-0.7104902229637746,0.6666666666666666,0.10644884838870435,-0.05562677917092934,0.050822069217775004
Tunisia,-0.0221425758255081,80.01666666666667,16352,3857254,0.90625,98,Denmark,1.070602487212355,1.070602487212355,-2.9342816399707647,-9.177599913453667,0.1637168142,0.4366082188,True,97.6,-0.021699724308997935,0.8601713268928254,-0.6838331698834945,0.90625,0.09585291471983134,-0.05353970470161593,0.04231321001821541
Tunisia,-0.0135623567495953,79.78333333333333,23910,3857254,0.75,98,Denmark,1.070602487212355,1.070602487212355,-2.9342816399707647,-9.177599913453667,0.6253687316,0.4141518825,True,97.6,-0.013291109614603393,0.8576630164207364,-0.4647922680349563,0.75,0.10391873896506872,-0.03639022187593729,0.06752851708913143
Tunisia,0.0172634456170327,97.6,30681,3857254,0.8857142857142857,98,Denmark,1.070602487212355,1.070602487212355,-2.9342816399707647,-9.177599913453667,0.2271386431,0.5865827091,True,97.6,0.016918176704692048,1.0491904374681078,-0.7489496297804895,0.8857142857142857,0.16030252458072292,-0.058637901436784094,0.10166462314393881
Tunisia,-0.014670204749939,97.6,32450,3857254,0.8787878787878788,98,Denmark,1.070602487212355,1.070602487212355,-2.9342816399707647,-9.177599913453667,0.6002949853,0.4634543824,True,97.6,-0.01437680065494022,1.0491904374681078,-0.5677160700223526,0.8787878787878788,0.12900754722109067,-0.04444848843547201,0.08455905878561867
Tunisia,-0.0146416415454009,66.71666666666667,35592,3857254,0.8421052631578947,98,Denmark,1.070602487212355,1.070602487212355,-2.9342816399707647,-9.177599913453667,0.389380531,0.5805949018,True,97.6,-0.014348808714492883,0.7171976299837493,-0.44776155812165713,0.8421052631578947,0.08366477471237727,-0.03505682768013911,0.048607947032238155
Tunisia,-0.032677246470898,87.76666666666667,44955,3857254,0.9666666666666668,98,Denmark,1.070602487212355,1.070602487212355,-2.9342816399707647,-9.177599913453667,0.8569321534,0.7305386905,True,97.6,-0.03202370154148004,0.9434830675729262,-0.29783461396060035,0.9666666666666668,0.09691447740578407,-0.023318519755464708,0.07359595765031937
Japan,-0.0241185444711198,97.01666666666668,3300,3857255,0.9629629629629628,74,Spain,1.1604870705092574,0.8587604321768505,-2.2779069259403926,0.5300763355259356,0.7713864307,0.5045952533,True,97.01666666666668,-0.017847722908628655,0.8587604321768505,0.22923518200374193,0.9629629629629628,0.09951210058209871,0.01794762888409248,0.11745972946619118
Japan,-0.0088540274314396,45.0,5690,3857255,0.8666666666666667,74,Spain,1.1604870705092574,0.8587604321768505,-2.2779069259403926,0.5300763355259356,0.2433628319,0.43228279,True,97.01666666666668,-0.006551980299265304,0.3983255741071115,-0.07967012942748854,0.8666666666666667,0.047883945387895636,-0.006237654724783208,0.04164629066311243
Japan,-0.0125743007969664,52.016666666666666,8361,3857255,0.92,74,Spain,1.1604870705092574,0.8587604321768505,-2.2779069259403926,0.5300763355259356,0.4808259587,0.6329892759,True,97.01666666666668,-0.009304982589755135,0.46043485806973883,0.03893952115294963,0.92,0.05361891521381126,0.0030487121063554755,0.05666762732016674
Japan,-0.005513168714153,35.983333333333334,8949,3857255,1.0,74,Spain,1.1604870705092574,0.8587604321768505,-2.2779069259403926,0.5300763355259356,0.1194690265,0.3560699776,True,97.01666666666668,-0.00407974484847322,0.31851293129527913,-0.10697268403598556,1.0,0.039448834247297324,-0.008375267779715477,0.031073566467581845
Japan,-0.0120607418306885,68.81666666666666,9411,3857255,0.8947368421052632,74,Spain,1.1604870705092574,0.8587604321768505,-2.2779069259403926,0.5300763355259356,0.6563421829,0.5969393766,True,97.01666666666668,-0.00892494895470949,0.6091430724030604,0.1298322976042176,0.8947368421052632,0.07432169443873031,0.010165027349647882,0.0844867217883782
Japan,-0.029207512592005,97.01666666666668,23527,3857255,0.8,74,Spain,1.1604870705092574,0.8587604321768505,-2.2779069259403926,0.5300763355259356,0.1401179941,0.304962574,True,97.01666666666668,-0.0216135593180837,0.8587604321768505,-0.29327427701716247,0.8,0.09574626417264366,-0.022961474932188395,0.07278478924045527
Japan,0.0519482084351501,28.200000000000003,23730,3857255,0.9,74,Spain,1.1604870705092574,0.8587604321768505,-2.2779069259403926,0.5300763355259356,0.4233038348,0.3863559666,True,97.01666666666668,0.03844167424201107,0.2496173597737899,-0.018017497010309864,0.9,0.07255485433929859,-0.001410653229293611,0.07114420111000498
Japan,-0.0103076691368765,97.01666666666668,29595,3857255,0.9714285714285714,74,Spain,1.1604870705092574,0.8587604321768505,-2.2779069259403926,0.5300763355259356,0.6814159292,0.443282194,True,97.01666666666668,-0.00762767516128861,0.8587604321768505,0.14225065844736184,0.9714285714285714,0.10973214832943876,0.011137304509782318,0.12086945283922107
Japan,-0.0370443543440583,61.03333333333333,30628,3857255,0.9574468085106383,74,Spain,1.1604870705092574,0.8587604321768505,-2.2779069259403926,0.5300763355259356,0.3938053097,0.5656147755,True,97.01666666666668,-0.02741282221460314,0.5402475008815711,-0.009172439921332987,0.9574468085106383,0.04641842218035365,-0.0007181425915112438,0.04570027958884241
Japan,-0.0267412235679431,45.0,31090,3857255,0.8857142857142857,74,Spain,1.1604870705092574,0.8587604321768505,-2.2779069259403926,0.5300763355259356,0.4749262537,0.6160547317,True,97.01666666666668,-0.019788505440277895,0.3983255741071115,0.028759938184927794,0.8857142857142857,0.03464742024688305,0.002251716742433099,0.03689913698931615
Japan,-0.0226047788494641,86.5,37208,3857255,0.918918918918919,74,Spain,1.1604870705092574,0.8587604321768505,-2.2779069259403926,0.5300763355259356,0.9410029499,0.6818210183,True,97.01666666666668,-0.016727536348603432,0.7656702702281143,0.37152567578532586,0.918918918918919,0.08791040969449482,0.029088052242337945,0.11699846193683276
Japan,-0.0239137132545522,52.016666666666666,37211,3857255,0.9714285714285714,74,Spain,1.1604870705092574,0.8587604321768505,-2.2779069259403926,0.5300763355259356,0.1209439528,0.5249751142,True,97.01666666666668,-0.017696147808368628,0.46043485806973883,-0.11958872964987437,0.9714285714285714,0.04522774999519777,-0.009363022376037271,0.0358647276191605
Japan,-0.014560443913654,97.01666666666668,37215,3857255,0.9583333333333334,74,Spain,1.1604870705092574,0.8587604321768505,-2.2779069259403926,0.5300763355259356,0.6474926254,0.2745355574,True,97.01666666666668,-0.01077472849610396,0.8587604321768505,0.05399186957628367,0.9583333333333334,0.1065850949946234,0.004227213420920899,0.1108123084155443
Japan,-0.0563929073187458,97.01666666666668,37221,3857255,0.8235294117647058,74,Spain,1.1604870705092574,0.8587604321768505,-2.2779069259403926,0.5300763355259356,0.9616519174,0.5980371454,True,97.01666666666668,-0.04173075141587189,0.8587604321768505,0.3993919397930565,0.8235294117647058,0.07562907207485547,0.031269800089353546,0.10689887216420901
Spain,0.0083543391941822,56.28333333333333,3477,3857255,0.8,57,Japan,0.8499782354004932,0.48448759417828113,18.266716907778296,7.842281371636104,0.5147492625,0.5853062221,True,97.01666666666668,0.0047619733406838545,0.28107105403539856,0.33314323501108445,0.8,0.04317367473490218,0.026082955918726943,0.06925663065362912
Spain,-0.0115865343694784,45.0,3957,3857255,0.4,57,Japan,0.8499782354004932,0.48448759417828113,18.266716907778296,7.842281371636104,0.296460177,0.3948605549,True,97.01666666666668,-0.006604324590602688,0.22472367364393728,0.14755310034129102,0.4,0.0241068373177152,0.011552451340473217,0.03565928865818842
Spain,-0.0023771025035846,97.01666666666668,5203,3857255,0.9166666666666666,57,Japan,0.8499782354004932,0.48448759417828113,18.266716907778296,7.842281371636104,0.9970501475,0.7990009755,True,97.01666666666668,-0.001354948427043222,0.48448759417828113,1.0511384007392282,0.9166666666666666,0.06485604174640805,0.0822973234622345,0.14715336520864256
Spain,-0.0282891209459015,28.11666666666666,5211,3857255,1.0,57,Japan,0.8499782354004932,0.48448759417828113,18.266716907778296,7.842281371636104,0.2050147493,0.4962014902,True,97.01666666666668,-0.016124798939163857,0.14041068053234151,0.0836612757574762,1.0,0.0030639900013295744,0.00655013561243141,0.009614125613760984
Spain,0.0181954789508988,40.73333333333333,5719,3857255,1.0,57,Japan,0.8499782354004932,0.48448759417828113,18.266716907778296,7.842281371636104,0.7182890855,0.5936006418,True,97.01666666666668,0.010371423002012317,0.20341654014288243,0.3108224515837784,1.0,0.038170711781245245,0.024335383256215867,0.06250609503746112
Spain,-0.0011926263109024,52.016666666666666,5721,3857255,0.75,57,Japan,0.8499782354004932,0.48448759417828113,18.266716907778296,7.842281371636104,0.1150442478,0.2502126646,True,97.01666666666668,-0.000679796997214368,0.2597639205343438,0.059570510162043844,0.75,0.03482003126791901,0.004663984818905199,0.039484016086824204
Spain,0.0096523450694649,40.91666666666666,6748,3857255,1.0,57,Japan,0.8499782354004932,0.48448759417828113,18.266716907778296,7.842281371636104,0.0191740413,0.4792367437,True,97.01666666666668,0.0055018366895949935,0.2043320810355059,0.05610093181601736,1.0,0.033426245017343294,0.004392339323678597,0.037818584341021894
Spain,-0.017815993003534,97.01666666666668,6765,3857255,0.9,57,Japan,0.8499782354004932,0.48448759417828113,18.266716907778296,7.842281371636104,0.8495575221,0.5523369646,True,97.01666666666668,-0.01015511601201438,0.48448759417828113,0.8273586773318953,0.9,0.0560558741614369,0.06477682162480664,0.12083269578624353
Spain,-0.0157703313335084,97.01666666666668,6892,3857255,0.75,57,Japan,0.8499782354004932,0.48448759417828113,18.266716907778296,7.842281371636104,0.7256637168,0.4773080352,True,97.01666666666668,-0.008989088860099788,0.48448759417828113,0.6961987422757703,0.75,0.05722190131335149,0.054507848868213894,0.11172975018156539
Spain,0.0087026984733052,97.01666666666668,16532,3857255,0.8235294117647058,57,Japan,0.8499782354004932,0.48448759417828113,18.266716907778296,7.842281371636104,0.1386430678,0.3715730293,True,97.01666666666668,0.004960538129783964,0.48448759417828113,0.18211373839990969,0.8235294117647058,0.07117152830323524,0.01425832528378182,0.08542985358701706
Spain,-0.008724264139537,97.01666666666668,30486,3857255,0.9444444444444444,57,Japan,0.8499782354004932,0.48448759417828113,18.266716907778296,7.842281371636104,0.7227138643,0.7035677237,True,97.01666666666668,-0.00497283055953609,0.48448759417828113,0.7911053930815326,0.9444444444444444,0.06123815961391519,0.06193842445615386,0.12317658407006904
Spain,-0.0074318401248226,68.9,39161,3857255,0.85,57,Japan,0.8499782354004932,0.48448759417828113,18.266716907778296,7.842281371636104,0.1032448378,0.5636603576,True,97.01666666666668,-0.004236148871148882,0.34407691364593956,0.16790707217852174,0.85,0.042786052361808956,0.013146035404048259,0.055932087765857216
Spain,-0.0012325876638185,56.1,68574,3857255,0.5,57,Japan,0.8499782354004932,0.48448759417828113,18.266716907778296,7.842281371636104,0.02359882006,0.4628588216,True,97.01666666666668,-0.000702574968376545,0.28015551314277515,0.07489037486480452,0.5,0.03758400687732642,0.005863430924150807,0.04344743780147723
Spain,-0.0030854223433587,67.21666666666667,133353,3857255,0.8,57,Japan,0.8499782354004932,0.48448759417828113,18.266716907778296,7.842281371636104,0.7064896755,0.8007736799,True,97.01666666666668,-0.001758690735714459,0.3356705836318515,0.5680833947976983,0.8,0.04411468555178407,0.04447724758443951,0.08859193313622357
Serbia,0.0071915770132734,77.58333333333333,3831,3857256,0.4,90,Switzerland,0.9684224409178886,0.8812644212352787,4.585122634670369,6.71519889279574,0.6179941003,0.6086057288,True,100.3,0.00647241931194606,0.6741784340687096,0.4585575280584262,0.4,0.09860691813019704,0.03590208214838992,0.13450900027858695
Serbia,0.0033106372659958,100.3,4269,3857256,0.8125,90,Switzerland,0.9684224409178886,0.8812644212352787,4.585122634670369,6.71519889279574,0.08112094395,0.2989807573,True,100.3,0.0029795735393962196,0.8715801968260998,0.02431802853311915,0.8125,0.12209137029304486,0.001903944008464067,0.12399531430150892
Serbia,-0.0126601919350173,66.98333333333333,5589,3857256,0.8,90,Switzerland,0.9684224409178886,0.8812644212352787,4.585122634670369,6.71519889279574,0.9542772861,0.6701556645,True,100.3,-0.011394172741515569,0.5820672667072275,0.5952513301109593,0.8,0.06815223987944055,0.046604320821136136,0.11475656070057669
Serbia,0.0135654160825924,100.3,5591,3857256,0.8695652173913043,90,Switzerland,0.9684224409178886,0.8812644212352787,4.585122634670369,6.71519889279574,0.2448377581,0.5019973502,True,100.3,0.01220887447433316,0.8715801968260998,0.24493003057866983,0.8695652173913043,0.1313206712279818,0.01917643379594164,0.15049710502392344
Serbia,0.0624106623478381,100.3,5603,3857256,0.8888888888888888,90,Switzerland,0.9684224409178886,0.8812644212352787,4.585122634670369,6.71519889279574,0.4719764012,0.5016950769,True,100.3,0.05616959611305429,0.8715801968260998,0.42832735811482847,0.8888888888888888,0.1752813928667029,0.03353525578906658,0.2088166486557695
Serbia,0.0101606694639158,77.66666666666667,6318,3857256,0.7333333333333333,90,Switzerland,0.9684224409178886,0.8812644212352787,4.585122634670369,6.71519889279574,0.2640117994,0.4640968692,True,100.3,0.009144602517524221,0.6749025784662056,0.18888798689759576,0.7333333333333333,0.10137806427757784,0.014788705031525367,0.1161667693091032
Serbia,0.0052634596487379,46.05,6319,3857256,1.0,90,Switzerland,0.9684224409178886,0.8812644212352787,4.585122634670369,6.71519889279574,0.6769911504,0.5453457398,True,100.3,0.00473711368386411,0.4001621940562502,0.28142908534860134,1.0,0.059424035323998904,0.02203407320323036,0.08145810852722926
Serbia,-0.0084054455780493,54.03333333333333,6321,3857256,1.0,90,Switzerland,0.9684224409178886,0.8812644212352787,4.585122634670369,6.71519889279574,0.7581120944,0.5729532028,True,100.3,-0.00756490102024437,0.4695352273363602,0.37199979969389835,1.0,0.056602670444582635,0.029125173071181728,0.08572784351576436
Serbia,0.0678389566997576,100.3,6687,3857256,0.8275862068965517,90,Switzerland,0.9684224409178886,0.8812644212352787,4.585122634670369,6.71519889279574,0.9631268437,0.7309098552,True,100.3,0.061055061029781844,0.8715801968260998,0.9249051857046193,0.8275862068965517,0.18016685778343047,0.07241408094909348,0.25258093873252396
Serbia,-0.0022630891289005,33.31666666666666,6901,3857256,0.6666666666666666,90,Switzerland,0.9684224409178886,0.8812644212352787,4.585122634670369,6.71519889279574,0.8407079646,0.7365861536,True,100.3,-0.0020367802160104497,0.2895129301188723,0.27518966391656546,0.6666666666666666,0.03752860391668208,0.02154556694806136,0.05907417086474344
Serbia,-0.017884193356147,46.266666666666666,16489,3857256,0.6666666666666666,90,Switzerland,0.9684224409178886,0.8812644212352787,4.585122634670369,6.71519889279574,0.7522123894,0.6234283535,True,100.3,-0.016095774020532302,0.4020449694897396,0.3264602842982337,0.6666666666666666,0.03884845126828934,0.025559724195757957,0.0644081754640473
Serbia,0.0035643576574061,54.25,18015,3857256,0.3333333333333333,90,Switzerland,0.9684224409178886,0.8812644212352787,4.585122634670369,6.71519889279574,0.1297935103,0.3685725111,True,100.3,0.00320792189166549,0.47141800276984963,0.050801116004458,0.3333333333333333,0.06763279700517934,0.003977398098215395,0.07161019510339474
Serbia,-0.0072122291370718,100.3,27719,3857256,0.9032258064516128,90,Switzerland,0.9684224409178886,0.8812644212352787,4.585122634670369,6.71519889279574,0.4439528024,0.5441980497,True,100.3,-0.006491006223364619,0.8715801968260998,0.4241763344413913,0.9032258064516128,0.11262079053028401,0.033210257541726365,0.14583104807201036
Switzerland,-0.0105938036706105,100.3,3500,3857256,0.9,97,Serbia,0.8836290813235866,0.8659564996971149,0.7006556842652112,2.0708653262806203,0.9233038348,0.6152632299,True,100.3,-0.010275989560492185,0.857120208883879,0.5029561618830692,0.9,0.10685967791543072,0.039378207391819624,0.14623788530725035
Switzerland,0.0820886658795213,68.28333333333333,3533,3857256,0.8,97,Serbia,0.8836290813235866,0.8659564996971149,0.7006556842652112,2.0708653262806203,0.2507374631,0.3752829288,True,100.3,0.07962600590313565,0.5835196902288554,-0.06707395268920555,0.8,0.15937090946725263,-0.005251455732634388,0.15411945373461824
Switzerland,-0.0006203558799658,32.45,3913,3857256,0.625,97,Serbia,0.8836290813235866,0.8659564996971149,0.7006556842652112,2.0708653262806203,0.1548672566,0.2726048521,True,100.3,-0.000601745203566826,0.2773035969918432,-0.06856194132589359,0.625,0.037295088391584706,-0.005367955597976122,0.031927132793608586
Switzerland,0.0856666093414533,100.3,5537,3857256,0.84375,97,Serbia,0.8836290813235866,0.8659564996971149,0.7006556842652112,2.0708653262806203,0.401179941,0.428482533,True,100.3,0.0830966110612097,0.857120208883879,0.03582398057667373,0.84375,0.2002322785371326,0.002804785473682578,0.20303706401081517
Switzerland,0.001225664021994,32.016666666666666,5538,3857256,0.8333333333333334,97,Serbia,0.8836290813235866,0.8659564996971149,0.7006556842652112,2.0708653262806203,0.8259587021,0.4672761056,True,100.3,0.00118889410133418,0.2736005186550235,0.11815599474243327,0.8333333333333334,0.038579658013140075,0.009250848519549493,0.04783050653268957
Switzerland,0.0013552660802235,100.3,5544,3857256,0.9090909090909092,97,Serbia,0.8836290813235866,0.8659564996971149,0.7006556842652112,2.0708653262806203,0.2212389381,0.2032220189,True,100.3,0.0013146080978167951,0.857120208883879,-0.190154897470933,0.9090909090909092,0.11845027557373969,-0.014887895917500359,0.10356237965623932
Switzerland,0.0024607160295661,95.4,5545,3857256,0.782608695652174,97,Serbia,0.8836290813235866,0.8659564996971149,0.7006556842652112,2.0708653262806203,0.3303834808,0.4762614357,True,100.3,0.002386894548679117,0.8152469384598411,0.001915705889934033,0.782608695652174,0.11380008175907837,0.00014998735387417494,0.11395006911295254
Switzerland,-0.007995454764335,100.3,5549,3857256,1.0,97,Serbia,0.8836290813235866,0.8659564996971149,0.7006556842652112,2.0708653262806203,0.5796460177,0.4160114499,True,100.3,-0.007755591121404951,0.857120208883879,0.1646670915036683,1.0,0.10938007635451795,0.012892365918258106,0.12227244227277606
Switzerland,-0.07217154317445,100.3,6983,3857256,0.7941176470588235,97,Serbia,0.8836290813235866,0.8659564996971149,0.7006556842652112,2.0708653262806203,0.8628318584,0.7442939984,True,100.3,-0.0700063968792165,0.857120208883879,0.5097123297858303,0.7941176470588235,0.047129270596706394,0.03990717154617614,0.08703644214288253
Switzerland,-0.0263780647218449,100.3,7796,3857256,0.6774193548387096,97,Serbia,0.8836290813235866,0.8659564996971149,0.7006556842652112,2.0708653262806203,0.09734513274,0.4282556409,True,100.3,-0.025586722780189555,0.857120208883879,-0.1921967634357276,0.6774193548387096,0.09154894469573334,-0.01504776078748613,0.07650118390824721
Switzerland,0.0034322440309542,67.85,16026,3857256,0.8888888888888888,97,Serbia,0.8836290813235866,0.8659564996971149,0.7006556842652112,2.0708653262806203,0.8554572271,0.7545403399,True,100.3,0.003329276710025574,0.5798166118920357,0.3438628380602271,0.8888888888888888,0.08256811059079694,0.026922231354674895,0.10949034194547183
Switzerland,-0.0032782671328113,82.85,30401,3857256,0.875,97,Serbia,0.8836290813235866,0.8659564996971149,0.7006556842652112,2.0708653262806203,0.1474926254,0.335372867,True,100.3,-0.003179919118826961,0.7080000927819479,-0.15867589904320561,0.875,0.09357671149313926,-0.012423294382581693,0.08115341711055757
Australia,-0.0061141133811437,96.05,3281,3857257,0.92,92,Denmark,1.070602487212355,0.9849542882353666,-12.961679232086908,-6.900905905702031,0.907079646,0.684984779,True,96.05,-0.005624984310652203,0.9849542882353666,-0.15473636957528125,0.92,0.12898073002194824,-0.012114854760660576,0.11686587526128767
Australia,-0.0303549764464194,96.05,5479,3857257,0.8518518518518519,92,Denmark,1.070602487212355,0.9849542882353666,-12.961679232086908,-6.900905905702031,0.3849557522,0.376795793,True,96.05,-0.027926578330705845,0.9849542882353666,-0.5729239813190715,0.8518518518518519,0.10667913600189459,-0.04485623413313398,0.06182290186876061
Australia,-0.0234197081076051,88.13333333333334,5481,3857257,0.825,92,Denmark,1.070602487212355,0.9849542882353666,-12.961679232086908,-6.900905905702031,0.3259587021,0.5258856783,True,96.05,-0.02154613145899669,0.9037720416777059,-0.5138337610302979,0.825,0.10196506364612062,-0.040229852898141565,0.06173521074797906
Australia,-0.0353750189446482,96.05,5490,3857257,0.9090909090909092,92,Denmark,1.070602487212355,0.9849542882353666,-12.961679232086908,-6.900905905702031,0.8112094395,0.6644738747,True,96.05,-0.032545017429076346,0.9849542882353666,-0.21971554088090922,0.9090909090909092,0.1020606969035241,-0.017202302689008003,0.08485839421451609
Australia,-0.0008717178573016,45.0,8346,3857257,0.8181818181818182,92,Denmark,1.070602487212355,0.9849542882353666,-12.961679232086908,-6.900905905702031,0.1238938053,0.3713743427,True,96.05,-0.000801980428717472,0.4614569804330192,-0.3435850219730686,0.8181818181818182,0.06226160254855498,-0.026900480155811056,0.03536112239274392
Australia,-0.0503776899204239,96.05,15957,3857257,0.8888888888888888,92,Denmark,1.070602487212355,0.9849542882353666,-12.961679232086908,-6.900905905702031,0.1651917404,0.3062305744,True,96.05,-0.04634747472678999,0.9849542882353666,-0.7295825112524112,0.8888888888888888,0.08825823960581045,-0.05712158159068601,0.031136658015124434
Australia,0.2663511902331844,96.05,22293,3857257,0.7777777777777778,92,Denmark,1.070602487212355,0.9849542882353666,-12.961679232086908,-6.900905905702031,0.5722713864,0.4027630926,True,96.05,0.24504309501452962,0.9849542882353666,-0.45058160408252546,0.7777777777777778,0.3796488093471301,-0.03527761899977574,0.34437119034735436
Australia,-0.02729644777811,73.25,33477,3857257,0.7105263157894737,92,Denmark,1.070602487212355,0.9849542882353666,-12.961679232086908,-6.900905905702031,0.5294985251,0.5289738083,True,96.05,-0.025112731955861202,0.7511494181493035,-0.33195017515333236,0.7105263157894737,0.07754076700158785,-0.025989547065093415,0.05155121993649443
Australia,0.1436347629836252,51.05,33488,3857257,0.9285714285714286,92,Denmark,1.070602487212355,0.9849542882353666,-12.961679232086908,-6.900905905702031,0.6991150442,0.5995120695,True,96.05,0.13214398194493518,0.5234973078023473,-0.16428597889204827,0.9285714285714286,0.20368611330026315,-0.012862527271080938,0.1908235860291822
Australia,-0.0086871563615476,81.86666666666666,33492,3857257,0.935483870967742,92,Denmark,1.070602487212355,0.9849542882353666,-12.961679232086908,-6.900905905702031,0.1312684366,0.3248911467,True,96.05,-0.007992183852623793,0.839509884402589,-0.6342157755346982,0.935483870967742,0.10673682340084371,-0.049654984336339164,0.05708183906450455
Australia,0.0749972740564468,96.05,33495,3857257,0.9565217391304348,92,Denmark,1.070602487212355,0.9849542882353666,-12.961679232086908,-6.900905905702031,0.6460176991,0.4218459989,True,96.05,0.06899749213193104,0.9849542882353666,-0.3995159398201476,0.9565217391304348,0.20360320646453148,-0.031279508487725885,0.17232369797680558
Denmark,-0.0123718136362122,96.05,3043,3857257,0.9,86,Australia,0.7341728707692982,0.6313886688615964,0.6894584471296594,0.5113646985309974,0.8539823009,0.5818431833,True,96.05,-0.010639759727142492,0.6313886688615964,0.31294616801701575,0.9,0.07564700891659772,0.024501656487338694,0.10014866540393641
Denmark,0.0013212631705365,96.05,3570,3857257,0.8888888888888888,86,Australia,0.7341728707692982,0.6313886688615964,0.6894584471296594,0.5113646985309974,0.8657817109,0.673138211,True,96.05,0.00113628632666139,0.6313886688615964,0.35562072090318236,0.8888888888888888,0.0874230549704016,0.027842797368510214,0.11526585233891182
Denmark,0.0582029496416792,96.05,3959,3857257,1.0,86,Australia,0.7341728707692982,0.6313886688615964,0.6894584471296594,0.5113646985309974,0.808259587,0.421915639,True,96.05,0.05005453669184411,0.6313886688615964,0.22065174747587746,1.0,0.13634130533558433,0.017275601597048457,0.1536169069326328
Denmark,-0.0059523959299017,58.21666666666667,4447,3857257,0.9333333333333332,86,Australia,0.7341728707692982,0.6313886688615964,0.6894584471296594,0.5113646985309974,0.1592920354,0.3732191833,True,96.05,-0.005119060499715462,0.3826896790445179,-0.15275255573800592,0.9333333333333332,0.04718003422049703,-0.011959534995974701,0.035220499224522334
Denmark,0.0093646031576946,26.700000000000003,5732,3857257,1.0,86,Australia,0.7341728707692982,0.6313886688615964,0.6894584471296594,0.5113646985309974,0.7743362832,0.6768358798,True,96.05,0.008053558715617356,0.17551356021451978,0.08144740790465232,1.0,0.03203957352860917,0.006376804109502436,0.03841637763811161
Denmark,-0.0046593914125503,37.83333333333333,6302,3857257,0.8888888888888888,86,Australia,0.7341728707692982,0.6313886688615964,0.6894584471296594,0.5113646985309974,0.5427728614,0.6176943959,True,96.05,-0.004007076614793258,0.24869898981707855,0.04277458707303919,0.8888888888888888,0.029980597308734466,0.0033489729095976,0.033329570218332064
Denmark,-0.0452791776507143,96.05,8247,3857257,0.96875,86,Australia,0.7341728707692982,0.6313886688615964,0.6894584471296594,0.5113646985309974,0.5398230088,0.4736840003,True,96.05,-0.03894009277961429,0.6313886688615964,0.05224398219020272,0.96875,0.04734667586412592,0.004090365168124977,0.0514370410322509
Denmark,0.0004315871678501,45.0,16190,3857257,0.8888888888888888,86,Australia,0.7341728707692982,0.6313886688615964,0.6894584471296594,0.5113646985309974,0.1283185841,0.4577204249,True,96.05,0.000371164964351086,0.29580937114806705,-0.11330915158666975,0.8888888888888888,0.040797032626696844,-0.008871372116936794,0.03192566050976005
Denmark,-0.0271128775255832,69.35,16554,3857257,0.8,86,Australia,0.7341728707692982,0.6313886688615964,0.6894584471296594,0.5113646985309974,0.07669616519,0.5225564285,True,96.05,-0.023317074672001552,0.4558751086470766,-0.18306856897658738,0.8,0.03898367915874684,-0.014333082328872374,0.024650596829874468
Denmark,-0.0227988900411906,68.93333333333334,17042,3857257,0.8636363636363636,86,Australia,0.7341728707692982,0.6313886688615964,0.6894584471296594,0.5113646985309974,0.3392330383,0.4092683338,True,96.05,-0.019607045435423916,0.4531361329882983,-0.08071283977331975,0.8636363636363636,0.04231939480585833,-0.006319292186175486,0.03600010261968284
Denmark,0.0442853029039407,58.5,18722,3857257,0.8421052631578947,86,Australia,0.7341728707692982,0.6313886688615964,0.6894584471296594,0.5113646985309974,0.6710914454,0.6493147806,True,96.05,0.038085360497389004,0.3845521824924871,0.12811233454158677,0.8421052631578947,0.09063898845843849,0.010030365390376982,0.10066935384881547
Denmark,-0.0073002850304709,37.55,24443,3857257,1.0,86,Australia,0.7341728707692982,0.6313886688615964,0.6894584471296594,0.5113646985309974,0.6091445428,0.6620903835,True,96.05,-0.006278245126204974,0.24683648636910924,0.06716164925417938,1.0,0.027454895556485757,0.005258321805236343,0.0327132173617221
Denmark,-0.0301171643206516,51.05,24547,3857257,0.8235294117647058,86,Australia,0.7341728707692982,0.6313886688615964,0.6894584471296594,0.5113646985309974,0.02064896755,0.6180553267,True,96.05,-0.025900761315760377,0.33557929771352935,-0.13648139809934323,0.8235294117647058,0.019960139665634077,-0.010685608819980836,0.009274530845653241
Denmark,-0.014096978189811,96.05,27569,3857257,0.6666666666666666,86,Australia,0.7341728707692982,0.6313886688615964,0.6894584471296594,0.5113646985309974,0.2669616519,0.4070972576,True,96.05,-0.012123401243237459,0.6313886688615964,-0.16387610553421644,0.6666666666666666,0.07416336740050275,-0.012830436843898072,0.06133293055660468
Brazil,-0.0436601101151788,97.13333333333334,3063,3857258,0.8181818181818182,77,Serbia,0.8836290813235866,0.6980669742456334,6.074430303002121,12.40709351433593,0.4793510324,0.4673425009,True,97.13333333333334,-0.033618284788687676,0.6803943926191617,0.7991283775376201,0.8181818181818182,0.059365698671581014,0.06256657213532794,0.12193227080690897
Brazil,0.0023692260609563,78.31666666666666,3280,3857258,0.9166666666666666,77,Serbia,0.8836290813235866,0.6980669742456334,6.074430303002121,12.40709351433593,0.4262536873,0.580522516,True,97.13333333333334,0.001824304066936351,0.5485884095603021,0.6497362284681271,0.9166666666666666,0.07679543280403356,0.05087013519986437,0.12766556800389794
Brazil,-0.0404129385908924,97.13333333333334,3295,3857258,0.9090909090909092,77,Serbia,0.8836290813235866,0.6980669742456334,6.074430303002121,12.40709351433593,0.6784660767,0.5796374118,True,97.13333333333334,-0.031117962714987145,0.6803943926191617,1.0213317797177865,0.9090909090909092,0.061866020745281546,0.07996365823813774,0.14182967898341928
Brazil,0.0008473007878377,79.15,4320,3857258,0.8235294117647058,77,Serbia,0.8836290813235866,0.6980669742456334,6.074430303002121,12.40709351433593,0.6371681416,0.3770885813,True,97.13333333333334,0.000652421606635029,0.554425698446877,0.7273600223695149,0.8235294117647058,0.07642128527389928,0.05694757511698254,0.13336886039088183
Brazil,-0.0501106680905956,97.13333333333334,4372,3857258,0.8235294117647058,77,Serbia,0.8836290813235866,0.6980669742456334,6.074430303002121,12.40709351433593,0.6961651917,0.4704341254,True,97.13333333333334,-0.03858521442975861,0.6803943926191617,0.986147652702225,0.8235294117647058,0.05439876903051008,0.07720896915085898,0.13160773818136906
Brazil,-0.0116897057642294,97.13333333333334,5539,3857258,0.8846153846153846,77,Serbia,0.8836290813235866,0.6980669742456334,6.074430303002121,12.40709351433593,0.9749262537,0.8034424712,True,97.13333333333334,-0.009001073438456637,0.6803943926191617,1.3782611914491745,0.8846153846153846,0.08398291002181205,0.10790891761576603,0.19189182763757806
Brazil,-0.0402255726747472,97.13333333333334,6945,3857258,0.6842105263157895,77,Serbia,0.8836290813235866,0.6980669742456334,6.074430303002121,12.40709351433593,0.4528023599,0.6274412751,True,97.13333333333334,-0.030973690959555343,0.6803943926191617,0.850196303145277,0.6842105263157895,0.06201029250071335,0.06656485969605547,0.12857515219676882
Brazil,-0.0074552895134719,22.333333333333343,9904,3857258,1.0,77,Serbia,0.8836290813235866,0.6980669742456334,6.074430303002121,12.40709351433593,0.9498525074,0.8420221311,True,97.13333333333334,-0.005740572925373363,0.15643934216020539,0.3160496899994955,1.0,0.015638723203102976,0.02474464214202001,0.04038336534512299
Brazil,-0.0020902213781058,86.9,10595,3857258,0.8214285714285714,77,Serbia,0.8836290813235866,0.6980669742456334,6.074430303002121,12.40709351433593,0.06489675516,0.3811783817,True,97.13333333333334,-0.001609470461141466,0.6087124850920228,0.3620076530008998,0.8214285714285714,0.08157832805667614,0.02834285275266089,0.10992118080933704
Brazil,0.005980599354533,75.2,18395,3857258,0.9,77,Serbia,0.8836290813235866,0.6980669742456334,6.074430303002121,12.40709351433593,0.05752212389,0.3916793217,True,97.13333333333334,0.0046050615029904094,0.5267569491245122,0.3121277886443608,0.9,0.07659266160126293,0.024437582687067638,0.10103024428833057
Brazil,-0.0181238954841499,74.8,22600,3857258,0.9565217391304348,77,Serbia,0.8836290813235866,0.6980669742456334,6.074430303002121,12.40709351433593,0.8672566372,0.7848892297,True,97.13333333333334,-0.013955399522795424,0.5239550504589563,0.9838050646941865,0.9565217391304348,0.05764928780899693,0.07702555969412073,0.13467484750311765
Brazil,-0.0006000211040595,21.933333333333337,25104,3857258,0.8888888888888888,77,Serbia,0.8836290813235866,0.6980669742456334,6.074430303002121,12.40709351433593,0.5103244838,0.6275768114,True,97.13333333333334,-0.000462016250125815,0.15363744349464942,0.20311246739218233,0.8888888888888888,0.020534367111870344,0.015902389653381033,0.03643675676525138
Serbia,-0.0151121901579786,97.13333333333334,3831,3857258,0.7741935483870968,89,Brazil,1.6029923560741046,1.4426931204666942,-2.700204832809039,1.8537873408401584,0.6179941003,0.6086057288,True,97.13333333333334,-0.013449849240600952,1.4266631969059531,0.2521639563651836,0.7741935483870968,0.18152063926360024,0.01974280329584369,0.20126344255944392
Serbia,0.0004483946329789,82.9,4269,3857258,0.5882352941176471,89,Brazil,1.6029923560741046,1.4426931204666942,-2.700204832809039,1.8537873408401584,0.08112094395,0.2989807573,True,97.13333333333334,0.000399071223351221,1.2176085692193224,-0.21990509610083508,0.5882352941176471,0.16679975925010082,-0.01721714363406074,0.14958261561604008
Serbia,0.0330577050768193,97.13333333333334,5589,3857258,0.7419354838709677,89,Brazil,1.6029923560741046,1.4426931204666942,-2.700204832809039,1.8537873408401584,0.9542772861,0.6701556645,True,97.13333333333334,0.029421357518369176,1.4266631969059531,0.5198500369531462,0.7419354838709677,0.22439184602257034,0.04070088830633568,0.265092734328906
Serbia,0.4076875409943308,97.13333333333334,5603,3857258,0.9333333333333332,89,Brazil,1.6029923560741046,1.4426931204666942,-2.700204832809039,1.8537873408401584,0.4719764012,0.5016950769,True,97.13333333333334,0.36284191148495437,1.4266631969059531,0.10464606815758107,0.9333333333333332,0.5578123999891555,0.008193108837198709,0.5660055088263543
Serbia,-0.0210106285380351,40.400000000000006,5833,3857258,0.5,89,Brazil,1.6029923560741046,1.4426931204666942,-2.700204832809039,1.8537873408401584,0.01327433628,0.06732982087,True,97.13333333333334,-0.01869945939885124,0.5933822219114672,-0.16520722208214142,0.5,0.062393276382580416,-0.01293465464151014,0.049458621741070276
Serbia,-0.0156625112689537,56.73333333333333,6318,3857258,0.76,89,Brazil,1.6029923560741046,1.4426931204666942,-2.700204832809039,1.8537873408401584,0.2640117994,0.4640968692,True,97.13333333333334,-0.013939635029368793,0.8332809749944858,-0.03546222070318662,0.76,0.09993811769340072,-0.002776462020459779,0.09716165567294094
Serbia,0.0110613260490449,97.13333333333334,6321,3857258,0.7619047619047619,89,Brazil,1.6029923560741046,1.4426931204666942,-2.700204832809039,1.8537873408401584,0.7581120944,0.5729532028,True,97.13333333333334,0.009844580183649962,1.4266631969059531,0.3397830649124416,0.7619047619047619,0.20481506868785115,0.02660281156165837,0.23141788024950952
Serbia,-0.0153504615623455,65.13333333333334,6687,3857258,0.7857142857142857,89,Brazil,1.6029923560741046,1.4426931204666942,-2.700204832809039,1.8537873408401584,0.9631268437,0.7309098552,True,97.13333333333334,-0.013661910790487494,0.9566574765800385,0.3687835607952873,0.7857142857142857,0.11707670778782724,0.028873362412580855,0.1459500702004081
Serbia,0.353118560273442,65.31666666666666,7993,3857258,0.8095238095238095,89,Brazil,1.6029923560741046,1.4426931204666942,-2.700204832809039,1.8537873408401584,0.2197640118,0.265054509,True,97.13333333333334,0.3142755186433634,0.9593502176860723,-0.11460943455501628,0.8095238095238095,0.4453821323097952,-0.008973175845126339,0.4364089564646688
Serbia,0.1851355329630162,56.38333333333333,16489,3857258,0.9047619047619048,89,Brazil,1.6029923560741046,1.4426931204666942,-2.700204832809039,1.8537873408401584,0.7522123894,0.6234283535,True,97.13333333333334,0.16477062433708445,0.8281402874284213,0.20618538207087367,0.9047619047619048,0.2779458409825396,0.016142978954567497,0.2940888199371071
Serbia,-0.0110685680980463,97.13333333333334,27719,3857258,0.925925925925926,89,Brazil,1.6029923560741046,1.4426931204666942,-2.700204832809039,1.8537873408401584,0.4439528024,0.5441980497,True,97.13333333333334,-0.009851025607261206,1.4266631969059531,0.1009235152033927,0.925925925925926,0.18511946289693998,0.0079016570698951,0.19302111996683508
Cameroon,-0.0214599841144411,80.31666666666666,3141,3857259,0.9411764705882352,86,Serbia,0.8836290813235866,0.7687573007515204,-8.529156505828517,-0.7269124639400932,0.8377581121,0.8140125522,True,96.21666666666668,-0.018455586338419344,0.6343425163507003,0.24948838518608774,0.9411764705882352,0.06823486068517008,0.019533323415156782,0.08776818410032686
Cameroon,-0.0191049152188254,96.21666666666668,3499,3857259,1.0,86,Serbia,0.8836290813235866,0.7687573007515204,-8.529156505828517,-0.7269124639400932,0.5973451327,0.472739989,True,96.21666666666668,-0.016430227088189843,0.7599210099382845,0.007959478569254157,1.0,0.08742201417912324,0.0006231755798703233,0.08804518975899356
Cameroon,-0.0092721440776023,66.98333333333333,3551,3857259,0.7692307692307693,86,Serbia,0.8836290813235866,0.7687573007515204,-8.529156505828517,-0.7269124639400932,0.1002949853,0.2400022664,True,96.21666666666668,-0.007974043906737978,0.5290356034889944,-0.2916203978867574,0.7692307692307693,0.06432496140303705,-0.022831986916465,0.04149297448657205
Cameroon,0.0038381619712229,80.35,4935,3857259,1.0,86,Serbia,0.8836290813235866,0.7687573007515204,-8.529156505828517,-0.7269124639400932,0.2286135693,0.3598859598,True,96.21666666666668,0.003300819295251694,0.6346057836328544,-0.23934739512837624,1.0,0.09002724492312562,-0.01873934962595846,0.07128789529716717
Cameroon,-0.0124198208414528,96.21666666666668,7426,3857259,0.9696969696969696,86,Serbia,0.8836290813235866,0.7687573007515204,-8.529156505828517,-0.7269124639400932,0.7507374631,0.6842337134,True,96.21666666666668,-0.010681045923649409,0.7599210099382845,0.19126823998403358,0.9696969696969696,0.09317119534366368,0.014975063419763105,0.10814625876342679
Cameroon,-0.054526948253544,96.21666666666668,7472,3857259,0.9230769230769232,86,Serbia,0.8836290813235866,0.7687573007515204,-8.529156505828517,-0.7269124639400932,0.8038348083,0.4318195206,True,96.21666666666668,-0.04689317549804784,0.7599210099382845,0.13446777426943285,0.9230769230769232,0.056959065769265245,0.010527955126095372,0.06748702089536061
Cameroon,-0.0278494690617258,41.56666666666667,11174,3857259,1.0,86,Serbia,0.8836290813235866,0.7687573007515204,-8.529156505828517,-0.7269124639400932,0.4100294985,0.2488949926,True,96.21666666666668,-0.023950543393084188,0.3282943008463678,-0.08777464273865684,1.0,0.020914776149732167,-0.006872185584852767,0.0140425905648794
Cameroon,-0.0191306666030313,67.01666666666667,12623,3857259,0.9230769230769232,86,Serbia,0.8836290813235866,0.7687573007515204,-8.529156505828517,-0.7269124639400932,0.7920353982,0.7538242192,True,96.21666666666668,-0.016452373278606918,0.5292988707711487,0.17085052101647752,0.9230769230769232,0.055882610635452634,0.013376488369082576,0.06925909900453521
Cameroon,-0.0815291467833037,96.21666666666668,13454,3857259,0.782608695652174,86,Serbia,0.8836290813235866,0.7687573007515204,-8.529156505828517,-0.7269124639400932,0.3687315634,0.5285874176,True,96.21666666666668,-0.07011506623364118,0.7599210099382845,-0.1282098628979404,0.782608695652174,0.03373717503367191,-0.010038001228515833,0.023699173805156074
Cameroon,-0.0227979243418444,96.21666666666668,16346,3857259,0.9,86,Serbia,0.8836290813235866,0.7687573007515204,-8.529156505828517,-0.7269124639400932,0.3097345133,0.4909742336,True,96.21666666666668,-0.019606214933986184,0.7599210099382845,-0.1825634417904293,0.9,0.0842460263333269,-0.014293534144352063,0.06995249218897483
Cameroon,0.056951821293279,29.200000000000003,28966,3857259,1.0,86,Serbia,0.8836290813235866,0.7687573007515204,-8.529156505828517,-0.7269124639400932,0.9513274336,0.7965051614,True,96.21666666666668,0.04897856631221994,0.2306221391671357,0.11238060408884992,1.0,0.08049582366547345,0.00879867286655798,0.08929449653203143
Cameroon,-0.0115107705858292,54.65,30016,3857259,0.9090909090909092,86,Serbia,0.8836290813235866,0.7687573007515204,-8.529156505828517,-0.7269124639400932,0.8731563422,0.6262501535,True,96.21666666666668,-0.009899262703813113,0.4316267090919166,0.14416433264037018,0.9090909090909092,0.049087659020683606,0.011287132794956354,0.06037479181563996
Serbia,-0.011319525226891,96.21666666666668,3831,3857259,1.0,90,Cameroon,0.7030212883253687,0.6397493723760855,-2.974546810425449,1.3076392078573855,0.6179941003,0.6086057288,True,96.21666666666668,-0.010187572704201899,0.6327191594928319,0.2131780182613684,1.0,0.07628102330347734,0.0166904570431029,0.09297148034658025
Serbia,0.0011222472913442,96.21666666666668,4269,3857259,0.76,90,Cameroon,0.7030212883253687,0.6397493723760855,-2.974546810425449,1.3076392078573855,0.08112094395,0.2989807573,True,96.21666666666668,0.0010100225622097798,0.6327191594928319,-0.28720438137282206,0.76,0.08747861856988902,-0.022486241447356153,0.06499237712253286
Serbia,-0.0097553253973441,78.41666666666667,5589,3857259,0.918918918918919,90,Cameroon,0.7030212883253687,0.6397493723760855,-2.974546810425449,1.3076392078573855,0.9542772861,0.6701556645,True,96.21666666666668,-0.008779792857609691,0.515666662985237,0.38786390474910026,0.918918918918919,0.06169218777917027,0.03036722966834216,0.09205941744751243
Serbia,-0.0126122002934026,90.88333333333334,5591,3857259,0.9047619047619048,90,Cameroon,0.7030212883253687,0.6397493723760855,-2.974546810425449,1.3076392078573855,0.2448377581,0.5019973502,True,96.21666666666668,-0.01135098026406234,0.5976472504268858,-0.08787177259155304,0.9047619047619048,0.07032462237405906,-0.006879790222753939,0.06344483215130513
Serbia,-0.0181244276104051,96.21666666666668,5603,3857259,0.8333333333333334,90,Cameroon,0.7030212883253687,0.6397493723760855,-2.974546810425449,1.3076392078573855,0.4719764012,0.5016950769,True,96.21666666666668,-0.01631198484936459,0.6327191594928319,0.06839239654026535,0.8333333333333334,0.07015661115831465,0.005354681340224365,0.07551129249853901
Serbia,-0.0051948274930272,77.68333333333334,6318,3857259,0.7272727272727273,90,Cameroon,0.7030212883253687,0.6397493723760855,-2.974546810425449,1.3076392078573855,0.2640117994,0.4640968692,True,96.21666666666668,-0.00467534474372448,0.5108442754886695,-0.07581767659988878,0.7272727272727273,0.06513759930474129,-0.005936032639382266,0.05920156666535903
Serbia,-0.015586363256888,77.73333333333333,6321,3857259,0.875,90,Cameroon,0.7030212883253687,0.6397493723760855,-2.974546810425449,1.3076392078573855,0.7581120944,0.5729532028,True,96.21666666666668,-0.0140277269311992,0.5111730746361627,0.24170255458484635,0.875,0.055830151430106174,0.018923743345622735,0.07475389477572891
Serbia,-0.0130452446386682,96.21666666666668,6687,3857259,0.9166666666666666,90,Cameroon,0.7030212883253687,0.6397493723760855,-2.974546810425449,1.3076392078573855,0.9631268437,0.7309098552,True,96.21666666666668,-0.01174072017480138,0.6327191594928319,0.5054651632925423,0.9166666666666666,0.07472787583287786,0.03957464593922441,0.11430252177210228
Serbia,-0.0175982178891154,96.21666666666668,6901,3857259,0.8888888888888888,90,Cameroon,0.7030212883253687,0.6397493723760855,-2.974546810425449,1.3076392078573855,0.8407079646,0.7365861536,True,96.21666666666668,-0.01583839610020386,0.6327191594928319,0.4205769685690229,0.8888888888888888,0.07063019990747538,0.03292845052444975,0.10355865043192514
Serbia,-0.0225504077448388,55.41666666666666,27719,3857259,0.7727272727272727,90,Cameroon,0.7030212883253687,0.6397493723760855,-2.974546810425449,1.3076392078573855,0.4439528024,0.5441980497,True,96.21666666666668,-0.020295366970354917,0.3644190551383449,0.03728676264442534,0.7727272727272727,0.029506829760206903,0.002919311828061649,0.03242614158826855
Mexico,-0.0400884973736603,85.85,5567,3857260,0.8205128205128205,93,Saudi Arabia,0.6600224633202596,0.6204211155210441,4.793007344681449,3.5760687112118243,0.8613569322,0.8380431559,True,97.63333333333334,-0.03728230255750408,0.5397390592289639,0.5690132337278618,0.8205128205128205,0.03647945724038754,0.04455004794559997,0.0810295051859875
Mexico,0.0191399353760379,21.16666666666667,5568,3857260,1.0,93,Saudi Arabia,0.6600224633202596,0.6204211155210441,4.793007344681449,3.5760687112118243,0.587020649,0.3916076847,True,97.63333333333334,0.017800139899715246,0.1330748602641787,0.05663749982587163,1.0,0.03598640177960699,0.00443434912089979,0.04042075090050678
Mexico,0.0013084594178462,97.63333333333334,5571,3857260,0.5882352941176471,93,Saudi Arabia,0.6600224633202596,0.6204211155210441,4.793007344681449,3.5760687112118243,0.1017699115,0.5345063335,True,97.63333333333334,0.001216867258596966,0.6138208908878414,-0.04484300086024537,0.5882352941176471,0.08510279016600313,-0.003510916301999342,0.08159187386400378
Mexico,0.0136804821723215,97.63333333333334,5573,3857260,0.8260869565217391,93,Saudi Arabia,0.6600224633202596,0.6204211155210441,4.793007344681449,3.5760687112118243,0.4778761062,0.4045944545,True,97.63333333333334,0.012722848420258994,0.6138208908878414,0.18466730327301584,0.8260869565217391,0.09660877132766515,0.01445825286153564,0.1110670241892008
Mexico,-0.014014405085252,97.63333333333334,5576,3857260,0.8636363636363636,93,Saudi Arabia,0.6600224633202596,0.6204211155210441,4.793007344681449,3.5760687112118243,0.2389380531,0.5736456109,True,97.63333333333334,-0.013033396729284361,0.6138208908878414,0.07378511670171567,0.8636363636363636,0.07085252617812181,0.00577689637409248,0.07662942255221429
Mexico,0.008119287065579,52.63333333333334,15452,3857260,0.3333333333333333,93,Saudi Arabia,0.6600224633202596,0.6204211155210441,4.793007344681449,3.5760687112118243,0.05457227139,0.3628200827,True,97.63333333333334,0.00755093697098847,0.3309058336332884,-0.08060943371110095,0.3333333333333333,0.05277315351956968,-0.006311196161765769,0.04646195735780391
Mexico,-0.0166578398061319,76.38333333333334,26280,3857260,0.92,93,Saudi Arabia,0.6600224633202596,0.6204211155210441,4.793007344681449,3.5760687112118243,0.8451327434,0.8487200685,True,97.63333333333334,-0.015491791019702668,0.48022211385096913,0.5001246614038874,0.92,0.050136270551591706,0.039156519257645454,0.08929278980923716
Mexico,0.0077027272340971,21.25,26297,3857260,1.0,93,Saudi Arabia,0.6600224633202596,0.6204211155210441,4.793007344681449,3.5760687112118243,0.6696165192,0.3997348681,True,97.63333333333334,0.007163536327710302,0.13359877703687226,0.07105116379737371,1.0,0.02542139766382209,0.005562845582740063,0.030984243246562154
Mexico,-0.0035484316879193,45.0,26301,3857260,0.875,93,Saudi Arabia,0.6600224633202596,0.6204211155210441,4.793007344681449,3.5760687112118243,0.3318584071,0.5409978464,True,97.63333333333334,-0.003300041469764949,0.282915057254553,0.06004014900004076,0.875,0.035363664889060016,0.004700754495794445,0.04006441938485446
Mexico,-0.0292684011046909,97.63333333333334,26368,3857260,0.9032258064516128,93,Saudi Arabia,0.6600224633202596,0.6204211155210441,4.793007344681449,3.5760687112118243,0.4380530973,0.3517922237,True,97.63333333333334,-0.027219613027362536,0.6138208908878414,0.13349946206709906,0.9032258064516128,0.05666630988004363,0.010452142557101746,0.06711845243714538
Mexico,0.0051933083277535,76.46666666666667,26400,3857260,0.7222222222222222,93,Saudi Arabia,0.6600224633202596,0.6204211155210441,4.793007344681449,3.5760687112118243,0.4277286136,0.5857642498,True,97.63333333333334,0.004829776744810756,0.4807460306236627,0.17246522370164588,0.7222222222222222,0.07052943777232518,0.013502909123079561,0.08403234689540473
Mexico,-0.006789189931433,85.71666666666667,26406,3857260,0.75,93,Saudi Arabia,0.6600224633202596,0.6204211155210441,4.793007344681449,3.5760687112118243,0.3008849558,0.2706254736,True,97.63333333333334,-0.00631394663623269,0.5389007923926542,-0.0018380057418038998,0.75,0.06733325403170687,-0.00014390393591586225,0.06718935009579101
Mexico,-0.0278629161088223,97.63333333333334,28825,3857260,0.896551724137931,93,Saudi Arabia,0.6600224633202596,0.6204211155210441,4.793007344681449,3.5760687112118243,0.7949852507,0.589010131,True,97.63333333333334,-0.02591251198120474,0.6138208908878414,0.4968320055436335,0.896551724137931,0.057973410926201424,0.0388987256462708,0.09687213657247223
Saudi Arabia,-0.0099881804644789,97.63333333333334,5187,3857260,0.8571428571428571,104,Mexico,1.004484855501983,1.0547090982770821,-6.04755474700473,-8.279513309305166,0.6017699115,0.6638381273,True,97.63333333333334,-0.010387707683058056,1.0446642497220622,-0.44073418102236084,0.8571428571428571,0.13237808282230393,-0.03450662960362971,0.09787145321867421
Saudi Arabia,0.0699715463178843,97.63333333333334,5713,3857260,0.9166666666666666,104,Mexico,1.004484855501983,1.0547090982770821,-6.04755474700473,-8.279513309305166,0.8466076696,0.6418443115,True,97.63333333333334,0.07277040817059967,1.0446642497220622,-0.3004626640241405,0.9166666666666666,0.21553619867596163,-0.02352427904082809,0.19201191963513353
Saudi Arabia,0.0085322495281382,36.03333333333333,5715,3857260,0.6153846153846154,104,Mexico,1.004484855501983,1.0547090982770821,-6.04755474700473,-8.279513309305166,0.7359882006,0.361951203,True,97.63333333333334,0.008873539509263728,0.38555208397048446,-0.16895694902796532,0.6153846153846154,0.0615638158958449,-0.013228233956221223,0.04833558193962367
Saudi Arabia,0.0816621789214312,97.63333333333334,51094,3857260,0.902439024390244,104,Mexico,1.004484855501983,1.0547090982770821,-6.04755474700473,-8.279513309305166,0.5884955752,0.404777416,True,97.63333333333334,0.08492866607828845,1.0446642497220622,-0.5327064743247979,0.902439024390244,0.22769445658365042,-0.04170746401910831,0.1859869925645421
Saudi Arabia,-0.0197330238009358,45.0,51096,3857260,0.8823529411764706,104,Mexico,1.004484855501983,1.0547090982770821,-6.04755474700473,-8.279513309305166,0.9675516224,0.7297089989,True,97.63333333333334,-0.02052234475297323,0.48149427692891217,-0.09179748425312245,0.8823529411764706,0.04527957302860363,-0.007187148000002335,0.038092425028601294
Saudi Arabia,0.0076055868877328,97.63333333333334,51099,3857260,0.8571428571428571,104,Mexico,1.004484855501983,1.0547090982770821,-6.04755474700473,-8.279513309305166,0.2079646018,0.3313958887,True,97.63333333333334,0.007909810363242111,1.0446642497220622,-0.7855884685291129,0.8571428571428571,0.1506756008686041,-0.06150648502354639,0.08916911584505771
Saudi Arabia,-0.0115845052251111,52.63333333333334,51103,3857260,0.75,104,Mexico,1.004484855501983,1.0547090982770821,-6.04755474700473,-8.279513309305166,0.2522123894,0.2690449661,True,97.63333333333334,-0.012047885434115543,0.56316997279315,-0.4200399838511867,0.75,0.06491598728966956,-0.03288640810169461,0.03202957918797495
Saudi Arabia,0.0033056280491563,61.05,51469,3857260,0.8947368421052632,104,Mexico,1.004484855501983,1.0547090982770821,-6.04755474700473,-8.279513309305166,0.3923303835,0.5973619602,True,97.63333333333334,0.0034378531711225517,0.6532272357002241,-0.36790970574942533,0.8947368421052632,0.09270912162812849,-0.028804945226682373,0.0639041764014461
Saudi Arabia,-0.0163408116839848,61.60000000000001,51470,3857260,0.9375,104,Mexico,1.004484855501983,1.0547090982770821,-6.04755474700473,-8.279513309305166,0.9896755162,0.7791450383,True,97.63333333333334,-0.01699444415134419,0.6591121657515777,-0.1071456918379951,0.9375,0.0730810699674366,-0.008388813169203157,0.06469225679823344
Saudi Arabia,0.1456285003212601,97.63333333333334,51546,3857260,0.9285714285714286,104,Mexico,1.004484855501983,1.0547090982770821,-6.04755474700473,-8.279513309305166,0.7123893805,0.5766725873,True,97.63333333333334,0.15145364033411052,1.0446642497220622,-0.4023939642292692,0.9285714285714286,0.2942194308394725,-0.03150483914405346,0.26271459169541905
Saudi Arabia,-0.0060649786672506,36.58333333333334,51705,3857260,0.625,104,Mexico,1.004484855501983,1.0547090982770821,-6.04755474700473,-8.279513309305166,0.4321533923,0.6240793269,True,97.63333333333334,-0.006307577813940623,0.391437014021838,-0.2082358494556106,0.625,0.0471869442344154,-0.01630351725998169,0.03088342697443371
Saudi Arabia,-0.0232822014732088,97.63333333333334,51710,3857260,0.95,104,Mexico,1.004484855501983,1.0547090982770821,-6.04755474700473,-8.279513309305166,0.308259587,0.5027606465,True,97.63333333333334,-0.02421348953213715,1.0446642497220622,-0.6696552618768487,0.95,0.11855230097322483,-0.0524296664036904,0.06612263456953443
Saudi Arabia,-0.0015790274016835,87.38333333333334,57620,3857260,0.9047619047619048,104,Mexico,1.004484855501983,1.0547090982770821,-6.04755474700473,-8.279513309305166,0.1224188791,0.2032534693,True,97.63333333333334,-0.00164218849775084,0.9349905533104766,-0.7863878267963065,0.9047619047619048,0.12613538740180752,-0.06156906959455166,0.06456631780725586
England,-0.0027979819070267,56.833333333333336,3205,3857261,0.5,70,Wales,0.9088508136605026,0.6725496021087719,15.933400677236081,10.018854991343096,0.3171091445,0.223624594,True,94.0,-0.00195858733491869,0.3846501581928404,0.24496311664896417,0.5,0.05060843017048915,0.019179024220786923,0.06978745439127608
England,-0.0187707298488602,94.0,3244,3857261,0.9,70,Wales,0.9088508136605026,0.6725496021087719,15.933400677236081,10.018854991343096,0.7817109145,0.462803409,True,94.0,-0.01313951089420214,0.6361955695623518,0.8820307354932541,0.9,0.07380417788307066,0.06905728940306229,0.14286146728613294
England,-0.0258825321258466,29.16666666666667,3308,3857261,0.6666666666666666,70,Wales,0.9088508136605026,0.6725496021087719,15.933400677236081,10.018854991343096,0.2713864307,0.5358781701,True,94.0,-0.01811777248809262,0.19740110757697088,0.15623885085455974,0.6666666666666666,0.00885943590911082,0.012232489305978086,0.021091925215088906
England,-0.0150425432756831,75.01666666666667,3318,3857261,0.5555555555555556,70,Wales,0.9088508136605026,0.6725496021087719,15.933400677236081,10.018854991343096,0.2728613569,0.3480136824,True,94.0,-0.01052978029297817,0.507715648687969,0.33791530729189423,0.5555555555555556,0.05885559970462906,0.026456578246483946,0.08531217795111301
England,-0.0109668698794763,94.0,3336,3857261,0.875,70,Wales,0.9088508136605026,0.6725496021087719,15.933400677236081,10.018854991343096,0.6637168142,0.4822305225,True,94.0,-0.00767680891563341,0.6361955695623518,0.7956127151458412,0.875,0.07926687986163938,0.06229131855802855,0.14155819841966794
England,-0.0071573185275422,64.83333333333333,3382,3857261,0.7142857142857143,70,Wales,0.9088508136605026,0.6725496021087719,15.933400677236081,10.018854991343096,0.1342182891,0.315251099,True,94.0,-0.00501012296927954,0.4387944619853809,0.20541827497342982,0.7142857142857143,0.05495635741078981,0.016082919441106555,0.07103927685189637
England,0.0052565016028548,94.0,3532,3857261,0.7857142857142857,70,Wales,0.9088508136605026,0.6725496021087719,15.933400677236081,10.018854991343096,0.6946902655,0.4822045634,True,94.0,0.0036795511219983603,0.6361955695623518,0.8204929636760114,0.7857142857142857,0.09062323989927115,0.06423928074803913,0.15486252064731026
England,0.0119945849273186,36.9,3616,3857261,0.8,70,Wales,0.9088508136605026,0.6725496021087719,15.933400677236081,10.018854991343096,0.2064896755,0.5357678441,True,94.0,0.00839620944912302,0.2497406012430934,0.17717267053985367,0.8,0.04252623195849925,0.013871471697572899,0.05639770365607215
England,-0.0119263805909013,57.21666666666667,3943,3857261,0.9,70,Wales,0.9088508136605026,0.6725496021087719,15.933400677236081,10.018854991343096,0.9557522124,0.7569595248,True,94.0,-0.008348466413630911,0.3872445727495663,0.6994962660134576,0.9,0.04457310868785446,0.054766023602838755,0.09933913229069322
England,-0.019642308404757,94.0,4354,3857261,0.8,70,Wales,0.9088508136605026,0.6725496021087719,15.933400677236081,10.018854991343096,0.4764011799,0.3875183835,True,94.0,-0.0137496158833299,0.6361955695623518,0.6040938417954975,0.8,0.07319407289394289,0.04729663217024987,0.12049070506419277
England,-0.0007306655159244,36.78333333333333,4706,3857261,0.7692307692307693,70,Wales,0.9088508136605026,0.6725496021087719,15.933400677236081,10.018854991343096,0.9306784661,0.5167396016,True,94.0,-0.00051146586114708,0.2489509968127855,0.4011287676099452,0.7692307692307693,0.03351064781464034,0.03140578244956812,0.06491643026420846
England,0.0144155408712321,57.1,10955,3857261,0.8571428571428571,70,Wales,0.9088508136605026,0.6725496021087719,15.933400677236081,10.018854991343096,0.4675516224,0.3068550895,True,94.0,0.01009087860986247,0.38645496831925835,0.34143167108522315,0.8571428571428571,0.06290454487775902,0.026731886738978337,0.08963643161673736
England,0.0005783994592641,94.0,30714,3857261,1.0,70,Wales,0.9088508136605026,0.6725496021087719,15.933400677236081,10.018854991343096,0.784660767,0.8155913125,True,94.0,0.00040487962148487005,0.6361955695623518,1.0370628521693022,1.0,0.08734856839875767,0.08119529924472618,0.16854386764348384
Wales,-0.0820020680440219,58.61666666666667,3086,3857261,0.85,79,England,1.2452804301035594,1.0211299526849187,-7.245440838129069,-3.2843948723609584,0.5457227139,0.4161639594,True,94.0,-0.06478163375477729,0.6134617917398284,-0.1370870459324266,0.85,0.01905521398445928,-0.010733027119596197,0.008322186864863083
Wales,0.0093130254564893,94.0,3517,3857261,0.9069767441860463,79,England,1.2452804301035594,1.0211299526849187,-7.245440838129069,-3.2843948723609584,0.6725663717,0.5800352844,True,94.0,0.007357290110626548,0.9837715397818119,-0.08261733599536017,0.9069767441860463,0.14180136780448332,-0.006468401895712916,0.13533296590877042
Wales,-0.0206409082564406,94.0,3853,3857261,0.8695652173913043,79,England,1.2452804301035594,1.0211299526849187,-7.245440838129069,-3.2843948723609584,0.2802359882,0.4049229365,True,94.0,-0.016306317522588074,0.9837715397818119,-0.39307856372031313,0.8695652173913043,0.1181377601712687,-0.030775503665179626,0.08736225650608907
Wales,0.0022910711250594,94.0,4767,3857261,0.8636363636363636,79,England,1.2452804301035594,1.0211299526849187,-7.245440838129069,-3.2843948723609584,0.5575221239,0.5690763166,True,94.0,0.001809946188796926,0.9837715397818119,-0.15977955208230327,0.8636363636363636,0.1362540238826537,-0.012509703261835673,0.12374432062081803
Wales,-0.0301391452106224,58.06666666666667,4774,3857261,0.9,79,England,1.2452804301035594,1.0211299526849187,-7.245440838129069,-3.2843948723609584,0.04572271386,0.1886447572,True,94.0,-0.023809924716391696,0.6077056816666371,-0.38113691514278747,0.9,0.05924028214272127,-0.029840549985468354,0.029399732157252917
Wales,-0.0287743052174516,94.0,4934,3857261,0.9230769230769232,79,England,1.2452804301035594,1.0211299526849187,-7.245440838129069,-3.2843948723609584,0.895280236,0.5698266334,True,94.0,-0.022731701121786765,0.9837715397818119,0.05596553483248812,0.9230769230769232,0.11171237657207,0.004381738617490448,0.11609411518956045
Wales,0.0031086976058671,45.0,6399,3857261,0.8571428571428571,79,England,1.2452804301035594,1.0211299526849187,-7.245440838129069,-3.2843948723609584,0.4646017699,0.4377217129,True,94.0,0.002455871108635009,0.47095446053384615,-0.12647248014633417,0.8571428571428571,0.06681739766420475,-0.009901975420509872,0.05691542224369488
Wales,0.0038506441093048,80.33333333333333,10931,3857261,0.96,79,England,1.2452804301035594,1.0211299526849187,-7.245440838129069,-3.2843948723609584,0.9601769912,0.5345892028,True,94.0,0.003042008846350792,0.840740925841903,0.0728674034319082,0.96,0.11793925254925675,0.005705045373541253,0.123644297922798
Wales,0.0182011790702764,94.0,11250,3857261,1.0,79,England,1.2452804301035594,1.0211299526849187,-7.245440838129069,-3.2843948723609584,0.6533923304,0.5144938931,True,94.0,0.014378931465518356,0.9837715397818119,-0.11736598437311187,1.0,0.14882300915937513,-0.009188995828355983,0.13963401333101916
Wales,-0.0056593557529832,76.25,11252,3857261,0.8571428571428571,79,England,1.2452804301035594,1.0211299526849187,-7.245440838129069,-3.2843948723609584,0.0604719764,0.4223022793,True,94.0,-0.004470891044856728,0.7980061692379059,-0.42774308673517925,0.8571428571428571,0.10458614006319197,-0.033489511127196274,0.07109662893599569
Wales,0.0042103136792309,49.0,29377,3857261,1.0,79,England,1.2452804301035594,1.0211299526849187,-7.245440838129069,-3.2843948723609584,0.02212389381,0.1956711766,True,94.0,0.003326147806592411,0.5128170792479658,-0.32821530792486103,1.0,0.07340869894487946,-0.02569713116993266,0.0477115677749468
Wales,-0.010239795772919,35.93333333333333,34794,3857261,0.5333333333333333,79,England,1.2452804301035594,1.0211299526849187,-7.245440838129069,-3.2843948723609584,0.1681415929,0.4430600443,True,94.0,-0.008089438660606012,0.37606585811517484,-0.17259184745384432,0.5333333333333333,0.04330443217413781,-0.013512822942121229,0.029791609232016583
Portugal,-0.01050552169177,81.21666666666667,4272,3857262,0.7368421052631579,74,South Korea,0.8111311847268484,0.6245710122396733,2.1648407504499145,-3.9596707176205146,0.4955752212,0.6286690888,True,96.98333333333332,-0.0077740860519098,0.5026560018471748,-0.1869577842141571,0.7368421052631579,0.06091983304704399,-0.01463758267268574,0.04628225037435825
Portugal,-0.1135627592151054,64.93333333333334,5207,3857262,1.0,74,South Korea,0.8111311847268484,0.6245710122396733,2.1648407504499145,-3.9596707176205146,0.51179941,0.4091717362,True,96.98333333333332,-0.08403644181917799,0.4018772384971462,-0.19392676949611004,1.0,-0.02911513896477126,-0.015183209048383831,-0.04429834801315509
Portugal,-0.0302820695659128,96.98333333333332,7005,3857262,0.9428571428571428,74,South Korea,0.8111311847268484,0.6245710122396733,2.1648407504499145,-3.9596707176205146,0.284660767,0.4526429321,True,96.98333333333332,-0.022408731478775472,0.6002370766978679,-0.42230139824913293,0.9428571428571428,0.05962080171162306,-0.03306346219091735,0.026557339520705707
Portugal,0.0180065558048713,64.7,9927,3857262,1.0,74,South Korea,0.8111311847268484,0.6245710122396733,2.1648407504499145,-3.9596707176205146,0.8805309735,0.5901887723,True,96.98333333333332,0.01332485129560476,0.40043312111034945,0.009281739261193633,1.0,0.06804879833893303,0.000726700021361009,0.06877549836029404
Portugal,-0.0028221048342125,96.98333333333332,10868,3857262,0.9047619047619048,74,South Korea,0.8111311847268484,0.6245710122396733,2.1648407504499145,-3.9596707176205146,0.4454277286,0.4981104798,True,96.98333333333332,-0.00208835757731725,0.6002370766978679,-0.30167969489028545,0.9047619047619048,0.07994117561308128,-0.023619564669042428,0.056321610944038855
Portugal,-0.0059020348836179,32.55,12169,3857262,1.0,74,South Korea,0.8111311847268484,0.6245710122396733,2.1648407504499145,-3.9596707176205146,0.9483775811,0.8941404405,True,96.98333333333332,-0.004367505813877246,0.20145437545814332,0.0552633852630183,1.0,0.023163629831568423,0.004326764857425277,0.0274903946889937
Portugal,-0.0269410039555041,96.98333333333332,16028,3857262,0.8235294117647058,74,South Korea,0.8111311847268484,0.6245710122396733,2.1648407504499145,-3.9596707176205146,0.2109144543,0.4082943698,True,96.98333333333332,-0.019936342927073036,0.6002370766978679,-0.4858689239153342,0.8235294117647058,0.06209319026332549,-0.038040387415765174,0.02405280284756032
Portugal,0.0019461037913062,32.28333333333333,18360,3857262,1.0,74,South Korea,0.8111311847268484,0.6245710122396733,2.1648407504499145,-3.9596707176205146,0.2374631268,0.200140129,True,96.98333333333332,0.001440116805566588,0.19980395558751848,-0.1802728249955003,1.0,0.02874570295263687,-0.014114193696730965,0.014631509255905905
Portugal,0.0918271525096968,96.98333333333332,20016,3857262,1.0,74,South Korea,0.8111311847268484,0.6245710122396733,2.1648407504499145,-3.9596707176205146,0.5073746313,0.4674710482,True,96.98333333333332,0.06795209285717563,0.6002370766978679,-0.27208660188943645,1.0,0.14998162604757415,-0.021302617304902648,0.1286790087426715
Portugal,-0.0040678197563616,81.21666666666667,34639,3857262,0.6153846153846154,74,South Korea,0.8111311847268484,0.6245710122396733,2.1648407504499145,-3.9596707176205146,0.8053097345,0.6279462288,True,96.98333333333332,-0.0030101866197075845,0.5026560018471748,-0.018279182613069267,0.6153846153846154,0.0656837324792462,-0.0014311415157842909,0.06425259096346192
Portugal,-0.0253343770099901,64.43333333333334,40874,3857262,1.0,74,South Korea,0.8111311847268484,0.6245710122396733,2.1648407504499145,-3.9596707176205146,0.6932153392,0.5170895498,True,96.98333333333332,-0.018747438987392676,0.39878270123972465,-0.08881584589281519,1.0,0.035750958557560206,-0.0069537050429064415,0.028797253514653766
Portugal,-0.036213100766703,96.98333333333332,143854,3857262,0.8571428571428571,74,South Korea,0.8111311847268484,0.6245710122396733,2.1648407504499145,-3.9596707176205146,0.6887905605,0.2902078422,True,96.98333333333332,-0.026797694567360218,0.6002370766978679,-0.21611113285830658,0.8571428571428571,0.055231838623038314,-0.01692010090405048,0.03831173771898783
South Korea,-0.014034215325237,96.98333333333332,3083,3857262,0.9130434782608696,76,Portugal,1.0971540748884356,0.8557801784129798,-8.983697553551062,-3.150855078842978,0.2654867257,0.2457636807,True,96.98333333333332,-0.01066600364718012,0.833837096915211,-0.4568318729862745,0.9130434782608696,0.10328774974819861,-0.03576697454166826,0.06752077520653035
South Korea,-0.0122152756743183,80.51666666666667,5604,3857262,0.8461538461538461,76,Portugal,1.0971540748884356,0.8557801784129798,-8.983697553551062,-3.150855078842978,0.5693215339,0.370053925,True,96.98333333333332,-0.00928360951248191,0.6922610440277341,-0.17574276370619124,0.8461538461538461,0.08532209295410595,-0.013759519260930856,0.07156257369317509
South Korea,0.0220153081985061,96.98333333333332,5618,3857262,0.896551724137931,76,Portugal,1.0971540748884356,0.8557801784129798,-8.983697553551062,-3.150855078842978,0.9454277286,0.6615692054,True,96.98333333333332,0.016731634230864635,0.833837096915211,0.14078659689046819,0.896551724137931,0.13068538762624338,0.011022677979696874,0.14170806560594024
South Korea,-0.0194575532980802,31.59999999999999,5620,3857262,0.9,76,Portugal,1.0971540748884356,0.8557801784129798,-8.983697553551062,-3.150855078842978,0.1622418879,0.5308765577,True,96.98333333333332,-0.014787740506540952,0.2716884577678707,-0.13801742730208144,0.9,0.02234171755113872,-0.01080586995025282,0.011535847600885898
South Korea,-0.0166163585208625,65.38333333333334,5623,3857262,0.8888888888888888,76,Portugal,1.0971540748884356,0.8557801784129798,-8.983697553551062,-3.150855078842978,0.7168141593,0.7344642499,True,96.98333333333332,-0.0126284324758555,0.5621486391473404,0.01050343427188588,0.8888888888888888,0.06419586286184356,0.0008223508218611431,0.06501821368370471
South Korea,-0.0269190193614497,81.21666666666667,22740,3857262,0.8928571428571429,76,Portugal,1.0971540748884356,0.8557801784129798,-8.983697553551062,-3.150855078842978,0.6755162242,0.7170666858,True,96.98333333333332,-0.02045845471470177,0.6982794592314528,-0.015007222525805164,0.8928571428571429,0.07496973574683469,-0.0011749682492879622,0.07379476749754672
South Korea,-0.0339993095419054,96.98333333333332,23763,3857262,0.9333333333333332,76,Portugal,1.0971540748884356,0.8557801784129798,-8.983697553551062,-3.150855078842978,0.8775811209,0.588436286,True,96.98333333333332,-0.025839475251848106,0.833837096915211,0.0698886227947483,0.9333333333333332,0.08811427814353062,0.0054718261576444825,0.0935861043011751
South Korea,-0.0432344819376094,96.98333333333332,40538,3857262,0.96,76,Portugal,1.0971540748884356,0.8557801784129798,-8.983697553551062,-3.150855078842978,0.08702064897,0.3989753159,True,96.98333333333332,-0.032858206272583144,0.833837096915211,-0.5202857902288236,0.96,0.0810955471227956,-0.04073500496333625,0.04036054215945935
South Korea,-0.0072959268268957,92.76666666666668,40542,3857262,0.8888888888888888,76,Portugal,1.0971540748884356,0.8557801784129798,-8.983697553551062,-3.150855078842978,0.1061946903,0.3931587387,True,96.98333333333332,-0.0055449043884407325,0.7975833100928107,-0.48751881440552136,0.8888888888888888,0.10345433798974765,-0.03816956314681325,0.0652847748429344
South Korea,-0.0056482916399894,96.98333333333332,40564,3857262,0.8461538461538461,76,Portugal,1.0971540748884356,0.8557801784129798,-8.983697553551062,-3.150855078842978,0.383480826,0.1696344864,True,96.98333333333332,-0.004292701646391944,0.833837096915211,-0.40591834607757593,0.8461538461538461,0.10966105174898678,-0.03178077539828083,0.07788027635070596
South Korea,-0.0155713471817627,96.98333333333332,40672,3857262,0.8235294117647058,76,Portugal,1.0971540748884356,0.8557801784129798,-8.983697553551062,-3.150855078842978,0.2979351032,0.4227393401,True,96.98333333333332,-0.011834223858139653,0.833837096915211,-0.3723679545600844,0.8235294117647058,0.10211952953723909,-0.029153997210881508,0.07296553232635758
Germany,-0.0069563186387374,95.81666666666666,3167,3857263,1.0,95,Spain,1.1604870705092574,1.114067587688887,13.971755887823042,10.601297244242636,0.7389380531,0.4737646232,True,95.81666666666666,-0.00660850270680053,1.1024627169837944,0.8960309551918981,1.0,0.14405613555832242,0.07015341585821926,0.2142095514165417
Germany,-0.0079557423606099,69.25,5562,3857263,0.9411764705882352,95,Spain,1.1604870705092574,1.114067587688887,13.971755887823042,10.601297244242636,0.4218289086,0.5695303506,True,95.81666666666666,-0.007557955242579405,0.7967877177018031,0.4894504443618414,0.9411764705882352,0.10133255997599527,0.03832079725186813,0.1396533572278634
Germany,-0.0195435691216902,95.81666666666666,5579,3857263,1.0,95,Spain,1.1604870705092574,1.114067587688887,13.971755887823042,10.601297244242636,0.8997050147,0.6066802652,True,95.81666666666666,-0.01856639066560569,1.1024627169837944,1.087479357082059,1.0,0.13209824759951724,0.08514258478745065,0.2172408323869679
Germany,0.0255870179418313,95.81666666666666,6322,3857263,0.9642857142857144,95,Spain,1.1604870705092574,1.114067587688887,13.971755887823042,10.601297244242636,0.6312684366,0.4499082447,True,95.81666666666666,0.024307667044739734,1.1024627169837944,0.796724858796397,0.9642857142857144,0.17497230530986269,0.06237839219712488,0.23735069750698756
Germany,0.255033101972391,95.81666666666666,6324,3857263,1.0,95,Spain,1.1604870705092574,1.114067587688887,13.971755887823042,10.601297244242636,0.8938053097,0.5959649133,True,95.81666666666666,0.24228144687377143,1.1024627169837944,1.0778635414399953,1.0,0.3929460851388944,0.08438972875089867,0.47733581388979307
Germany,0.0197734975806941,84.28333333333333,8400,3857263,0.967741935483871,95,Spain,1.1604870705092574,1.114067587688887,13.971755887823042,10.601297244242636,0.3628318584,0.5252262183,True,95.81666666666666,0.018784822701659397,0.969760647032014,0.5356500359203749,0.967741935483871,0.15131414531545775,0.041937925812333486,0.19325207112779125
Germany,-0.008532501270837,26.48333333333333,8507,3857263,1.0,95,Spain,1.1604870705092574,1.114067587688887,13.971755887823042,10.601297244242636,0.2536873156,0.4275609863,True,95.81666666666666,-0.00810587620729515,0.30471616929679063,0.13147546049149453,1.0,0.03353721132154123,0.010293676352995364,0.04383088767453659
Germany,0.1117096524686857,69.33333333333333,8511,3857263,0.8918918918918919,95,Spain,1.1604870705092574,1.114067587688887,13.971755887823042,10.601297244242636,0.3864306785,0.718734306,True,95.81666666666666,0.1061241698452514,0.7977465476870038,0.5168366959858574,0.8918918918918919,0.21514572058153797,0.04046496324060449,0.25561068382214247
Germany,0.0175333635687373,26.566666666666663,8546,3857263,1.0,95,Spain,1.1604870705092574,1.114067587688887,13.971755887823042,10.601297244242636,0.4395280236,0.2353001816,True,95.81666666666666,0.016656695390300437,0.30567499928199127,0.15069583890745503,1.0,0.05843081843684869,0.011798507399461214,0.0702293258363099
Germany,-0.0042288337519819,69.03333333333333,10287,3857263,1.0,95,Spain,1.1604870705092574,1.114067587688887,13.971755887823042,10.601297244242636,0.9719764012,0.8083929144,True,95.81666666666666,-0.0040173920643828045,0.7942947597402812,0.8908877097742677,1.0,0.10453243080814098,0.06975073307973574,0.17428316388787674
Germany,0.0214470130261935,86.28333333333333,12034,3857263,0.9696969696969696,95,Spain,1.1604870705092574,1.114067587688887,13.971755887823042,10.601297244242636,0.110619469,0.6030250295,True,95.81666666666666,0.020374662374883824,0.9927725666768313,0.392297202439927,0.9696969696969696,0.15604883741376738,0.0307143281415877,0.18676316555535508
Germany,0.0365957009634528,95.81666666666666,39565,3857263,0.9583333333333334,95,Spain,1.1604870705092574,1.114067587688887,13.971755887823042,10.601297244242636,0.7079646018,0.6406506939,True,95.81666666666666,0.03476591591528016,1.1024627169837944,0.9445556011648323,0.9583333333333334,0.1854305541804031,0.07395258110869105,0.2593831352890942
Spain,0.045607727180943,42.4,3477,3857263,1.0,85,Germany,1.0465836545434244,0.900061942907345,-2.038588661304752,-0.6326960179588179,0.5147492625,0.5853062221,True,95.81666666666666,0.038766568103801545,0.3936567219663769,-0.0004004240924109538,1.0,0.09256443963451752,-3.135061094908215e-05,0.09253308902356844
Spain,-0.0084390000947101,95.81666666666666,4353,3857263,1.0,85,Germany,1.0465836545434244,0.900061942907345,-2.038588661304752,-0.6326960179588179,0.691740413,0.3464181985,True,95.81666666666666,-0.007173150080503584,0.8895961063619108,0.03217910608551155,1.0,0.11440073491559946,0.002519415426534203,0.11692015034213367
Spain,0.0103249181000789,30.58333333333333,5199,3857263,1.0,85,Germany,1.0465836545434244,0.900061942907345,-2.038588661304752,-0.6326960179588179,0.9911504425,0.6310221281,True,95.81666666666666,0.008776180385067067,0.2839465742170997,0.10911587774276323,1.0,0.04758085580128711,0.008543065955107856,0.05612392175639497
Spain,-0.0213800156542719,95.81666666666666,5203,3857263,1.0,85,Germany,1.0465836545434244,0.900061942907345,-2.038588661304752,-0.6326960179588179,0.9970501475,0.7990009755,True,95.81666666666666,-0.018173013306131115,0.8895961063619108,0.4077727160453703,1.0,0.10340087168997192,0.031925960547021376,0.1353268322369933
Spain,-0.0406218613502997,81.85,5211,3857263,0.8484848484848485,85,Germany,1.0465836545434244,0.900061942907345,-2.038588661304752,-0.6326960179588179,0.2050147493,0.4962014902,True,95.81666666666666,-0.03452858214775475,0.7599245918148102,-0.20982432336752826,0.8484848484848485,0.06932414862557315,-0.016427884471043975,0.05289626415452918
Spain,0.0086838796264863,65.23333333333333,5719,3857263,0.9,85,Germany,1.0465836545434244,0.900061942907345,-2.038588661304752,-0.6326960179588179,0.7182890855,0.5936006418,True,95.81666666666666,0.007381297682513356,0.6056495321448111,0.09626611336431984,0.9,0.09015050726239636,0.007537012694450125,0.09768751995684649
Spain,0.0255627888397746,95.81666666666666,5721,3857263,0.7647058823529411,85,Germany,1.0465836545434244,0.900061942907345,-2.038588661304752,-0.6326960179588179,0.1150442478,0.2502126646,True,95.81666666666666,0.02172837051380841,0.8895961063619108,-0.39779677220341814,0.7647058823529411,0.14330225550991144,-0.031144908806713105,0.11215734670319832
Spain,0.0078659879980569,53.41666666666666,6748,3857263,1.0,85,Germany,1.0465836545434244,0.900061942907345,-2.038588661304752,-0.6326960179588179,0.0191740413,0.4792367437,True,95.81666666666666,0.006686089798348366,0.49593938439553376,-0.21129756180319198,1.0,0.07446210326373542,-0.016543229491254013,0.05791887377248141
Spain,0.0461085455361323,95.81666666666666,6765,3857263,0.8461538461538461,85,Germany,1.0465836545434244,0.900061942907345,-2.038588661304752,-0.6326960179588179,0.8495575221,0.5523369646,True,95.81666666666666,0.03919226370571245,0.8895961063619108,0.21600272894994976,0.8461538461538461,0.1607661487018155,0.016911613580683417,0.1776777622824989
Spain,-0.0229633225281923,95.81666666666666,16532,3857263,0.875,85,Germany,1.0465836545434244,0.900061942907345,-2.038588661304752,-0.6326960179588179,0.1386430678,0.3715730293,True,95.81666666666666,-0.019518824148963457,0.8895961063619108,-0.33694555308514057,0.875,0.10205506084713958,-0.026380652777891093,0.0756744080692485
Spain,-0.0167182801164451,95.81666666666666,30486,3857263,0.8709677419354839,85,Germany,1.0465836545434244,0.900061942907345,-2.038588661304752,-0.6326960179588179,0.7227138643,0.7035677237,True,95.81666666666666,-0.014210538098978334,0.8895961063619108,0.18493516059745946,0.8709677419354839,0.1073633468971247,0.014479224353830053,0.12184257125095475
Spain,-0.013533246150319,30.200000000000003,68574,3857263,0.8947368421052632,85,Germany,1.0465836545434244,0.900061942907345,-2.038588661304752,-0.6326960179588179,0.02359882006,0.4628588216,True,95.81666666666666,-0.01150325922777115,0.28038757083454213,-0.12040807899541989,0.8947368421052632,0.02681503606061618,-0.009427172118898448,0.01738786394171773
Spain,-0.0170200237404896,65.61666666666666,133353,3857263,0.8,85,Germany,1.0465836545434244,0.900061942907345,-2.038588661304752,-0.6326960179588179,0.7064896755,0.8007736799,True,95.81666666666666,-0.01446702017941616,0.6092085355273688,0.14356747864474806,0.8,0.06878856952829956,0.011240402995813923,0.08002897252411349
Argentina,0.0103630703519386,58.3,2995,3857264,0.8947368421052632,65,Poland,0.8298069126107784,0.5476725623231138,16.801712726610308,8.194417133364386,0.1076696165,0.4203980323,True,96.01666666666668,0.00673599572876009,0.3275007771572863,0.12339216396236286,0.8947368421052632,0.05149287082467727,0.009660806629435392,0.06115367745411266
Argentina,-0.0205247771531258,96.01666666666668,3090,3857264,0.9166666666666666,65,Poland,0.8298069126107784,0.5476725623231138,16.801712726610308,8.194417133364386,0.5678466077,0.4491953689,True,96.01666666666668,-0.013341105149531771,0.5393744931970059,0.5816194616152237,0.9166666666666666,0.060370832365499366,0.04553703387757168,0.10590786624307105
Argentina,-0.0024380058523547,96.01666666666668,5503,3857264,1.0,65,Poland,0.8298069126107784,0.5476725623231138,16.801712726610308,8.194417133364386,0.7433628319,0.5078645975,True,96.01666666666668,-0.001584703804030555,0.5393744931970059,0.7463706610478704,1.0,0.07212723371100058,0.05843598490149428,0.13056321861249487
Argentina,0.0093566558697147,37.56666666666666,5507,3857264,1.0,65,Poland,0.8298069126107784,0.5476725623231138,16.801712726610308,8.194417133364386,0.1725663717,0.5207345516,True,96.01666666666668,0.006081826315314554,0.21103108968339718,0.11652339222951096,1.0,0.03492173382423317,0.009123026325063273,0.044044760149296446
Argentina,-0.0074339270830951,96.01666666666668,7797,3857264,0.9523809523809524,65,Poland,0.8298069126107784,0.5476725623231138,16.801712726610308,8.194417133364386,0.7404129794,0.6602228286,True,96.01666666666668,-0.004832052604011815,0.5393744931970059,0.8092850863992644,0.9523809523809524,0.06887988491101932,0.06336177660498736,0.1322416615160067
Argentina,0.0114662281666932,37.71666666666667,16308,3857264,0.8,65,Poland,0.8298069126107784,0.5476725623231138,16.801712726610308,8.194417133364386,0.9203539823,0.8037512343,True,96.01666666666668,0.00745304830835058,0.21187371603971955,0.3982756841767934,0.8,0.03640811072746453,0.031182404509995452,0.06759051523745999
Argentina,-0.024528516041841,58.45,19597,3857264,0.9230769230769232,65,Poland,0.8298069126107784,0.5476725623231138,16.801712726610308,8.194417133364386,0.08407079646,0.4874957193,True,96.01666666666668,-0.015943535427196648,0.3283434035136087,0.12977765151947615,0.9230769230769232,0.028928494578915866,0.01016074891542005,0.039089243494335915
Argentina,-0.0205432146083337,96.01666666666668,20572,3857264,0.9047619047619048,65,Poland,0.8298069126107784,0.5476725623231138,16.801712726610308,8.194417133364386,0.5221238938,0.4123572127,True,96.01666666666668,-0.013353089495416906,0.5393744931970059,0.5294684133786423,0.9047619047619048,0.06035884801961423,0.04145394483563181,0.10181279285524604
Argentina,-0.0135200695299721,82.78333333333333,27886,3857264,1.0,65,Poland,0.8298069126107784,0.5476725623231138,16.801712726610308,8.194417133364386,0.8510324484,0.636292317,True,96.01666666666668,-0.008788045194481864,0.4650361235392342,0.7647775164595239,1.0,0.05476467024331707,0.05987712236985249,0.11464179261316956
Argentina,-0.0256226278554989,96.01666666666668,29201,3857264,0.7619047619047619,65,Poland,0.8298069126107784,0.5476725623231138,16.801712726610308,8.194417133364386,0.1415929204,0.509514246,True,96.01666666666668,-0.016654708106074285,0.5393744931970059,0.2683771370392652,0.7619047619047619,0.05705722940895685,0.021012190251308526,0.07806941966026537
Argentina,-0.0064425498169303,78.08333333333333,29560,3857264,1.0,65,Poland,0.8298069126107784,0.5476725623231138,16.801712726610308,8.194417133364386,0.3790560472,0.6058950036,True,96.01666666666668,-0.004187657381004695,0.4386338310411339,0.40544207573466934,1.0,0.05575687087067398,0.03174348651754154,0.08750035738821552
Argentina,-0.028585087119328,78.4,38718,3857264,1.0,65,Poland,0.8298069126107784,0.5476725623231138,16.801712726610308,8.194417133364386,0.889380531,0.7787828594,True,96.01666666666668,-0.0185803066275632,0.4404127089044811,0.79902738215214,1.0,0.04160732643452783,0.06255866485128124,0.10416599128580907
Poland,-0.0229346128090722,96.01666666666668,3034,3857264,0.9,64,Argentina,1.3740120640741063,0.893107841648169,-17.003528931861833,-15.771232420342375,0.7566371681,0.5092621436,True,96.01666666666668,-0.014678152197806209,0.879367721007428,-0.9273641190152104,0.9,0.10549790232681788,-0.07260659948888944,0.032891302837928446
Poland,-0.0302469331236728,82.95,3637,3857264,0.8863636363636364,64,Argentina,1.3740120640741063,0.893107841648169,-17.003528931861833,-15.771232420342375,0.9277286136,0.7336789882,True,96.01666666666668,-0.019358037199150593,0.7596967796309614,-0.675797050747355,0.8863636363636364,0.08446356033062792,-0.05291052866213072,0.031553031668497204
Poland,0.0639671451093868,96.01666666666668,4734,3857264,1.0,64,Argentina,1.3740120640741063,0.893107841648169,-17.003528931861833,-15.771232420342375,0.1563421829,0.2820931391,True,96.01666666666668,0.04093897287000755,0.879367721007428,-1.286560466707204,1.0,0.16111502739463163,-0.10072934525830678,0.06038568213632485
Poland,-0.0533565695277429,96.01666666666668,5660,3857264,0.9642857142857144,64,Argentina,1.3740120640741063,0.893107841648169,-17.003528931861833,-15.771232420342375,0.7979351032,0.6159426584,True,96.01666666666668,-0.034148204497755456,0.879367721007428,-0.8782820708632306,0.9642857142857144,0.08602785002686864,-0.06876379326079261,0.017264056766076022
Poland,-0.0220585928627049,96.01666666666668,5668,3857264,0.9642857142857144,64,Argentina,1.3740120640741063,0.893107841648169,-17.003528931861833,-15.771232420342375,0.3067846608,0.4252573691,True,96.01666666666668,-0.014117499432131135,0.879367721007428,-1.1734600287749803,0.9642857142857144,0.10605855509249296,-0.09187431406766368,0.014184241024829278
Poland,-0.0462362621849994,72.0,5673,3857264,0.7368421052631579,64,Argentina,1.3740120640741063,0.893107841648169,-17.003528931861833,-15.771232420342375,0.3539823009,0.3793782205,True,96.01666666666668,-0.029591207798399615,0.6594113096254276,-0.8715579604315883,0.7368421052631579,0.06052518788748408,-0.06823733899863314,-0.007712151111149063
Poland,-0.0158992589557806,45.0,7979,3857264,0.8125,64,Argentina,1.3740120640741063,0.893107841648169,-17.003528931861833,-15.771232420342375,0.3230088496,0.5161974566,True,96.01666666666668,-0.010175525731699584,0.41213206851589224,-0.5347765027666972,0.8125,0.04614722157197773,-0.04186953382850658,0.004277687743471148
Poland,-0.019254850457984,45.0,8836,3857264,0.8846153846153846,64,Argentina,1.3740120640741063,0.893107841648169,-17.003528931861833,-15.771232420342375,0.2758112094,0.6374861843,True,96.01666666666668,-0.012323104293109758,0.41213206851589224,-0.5305571252685926,0.8846153846153846,0.04399964301056755,-0.04153918391975376,0.002460459090813792
Poland,-0.0467665275785359,61.75,11737,3857264,0.9629629629629628,64,Argentina,1.3740120640741063,0.893107841648169,-17.003528931861833,-15.771232420342375,0.9424778761,0.7898938374,True,96.01666666666668,-0.02993057765026298,0.5655367829079189,-0.4886882139516889,0.9629629629629628,0.047356747816449773,-0.03826111955141217,0.009095628265037604
Poland,0.0567836626904808,51.016666666666666,28453,3857264,1.0,64,Argentina,1.3740120640741063,0.893107841648169,-17.003528931861833,-15.771232420342375,0.1755162242,0.1848140482,True,96.01666666666668,0.036341544121907716,0.4672356524915356,-0.692360323846337,1.0,0.10019485134285447,-0.054207325585220595,0.045987525757633874
Poland,0.0245630559756799,51.016666666666666,31955,3857264,0.7222222222222222,64,Argentina,1.3740120640741063,0.893107841648169,-17.003528931861833,-15.771232420342375,0.08554572271,0.4183190608,True,96.01666666666668,0.015720355824435137,0.4672356524915356,-0.6829148689582996,0.7222222222222222,0.0795736630453819,-0.05346780769145695,0.026105855353924942
Poland,-0.026498472959645,96.01666666666668,44166,3857264,1.0,64,Argentina,1.3740120640741063,0.893107841648169,-17.003528931861833,-15.771232420342375,0.5589970501,0.426912509,True,96.01666666666668,-0.0169590226941728,0.879367721007428,-1.0476479790511923,1.0,0.10321703183045128,-0.08202404606843187,0.021192985762019403
Mexico,-0.0130798576921276,97.38333333333334,5567,3857265,0.8604651162790697,85,Poland,0.8298069126107784,0.7136339448452695,4.198195845732267,-1.7117965460523341,0.8613569322,0.8380431559,True,97.38333333333334,-0.01111787903830846,0.7053358757191617,0.2558198651753154,0.8604651162790697,0.0852746546351938,0.02002903725864465,0.10530369189383845
Mexico,-0.0168118691189662,27.083333333333343,5568,3857265,1.0,85,Poland,0.8298069126107784,0.7136339448452695,4.198195845732267,-1.7117965460523341,0.587020649,0.3916076847,True,97.38333333333334,-0.01429008875112127,0.19616135513325997,-0.0264836981280534,1.0,0.012517692734321349,-0.0020735019002138958,0.010444190834107452
Mexico,-0.0132885810495978,97.38333333333334,5571,3857265,0.7441860465116279,85,Poland,0.8298069126107784,0.7136339448452695,4.198195845732267,-1.7117965460523341,0.1017699115,0.5345063335,True,97.38333333333334,-0.011295293892158132,0.7053358757191617,-0.3736953452988019,0.7441860465116279,0.08509723978134413,-0.029257923301782746,0.05583931647956139
Mexico,-0.1167404198195642,97.38333333333334,5573,3857265,1.0,85,Poland,0.8298069126107784,0.7136339448452695,4.198195845732267,-1.7117965460523341,0.4778761062,0.4045944545,True,97.38333333333334,-0.09922935684662958,0.7053358757191617,-0.16489564043440053,1.0,-0.0028368231731273064,-0.012910259818115813,-0.015747082991243118
Mexico,-0.0100162759111818,70.25,5575,3857265,0.8571428571428571,85,Poland,0.8298069126107784,0.7136339448452695,4.198195845732267,-1.7117965460523341,0.7772861357,0.690220023,True,97.38333333333334,-0.00851383452450453,0.5088123765456557,0.10402012493048977,0.8571428571428571,0.061021426374658926,0.008144101539784116,0.06916552791444304
Mexico,-0.0286235129897315,97.38333333333334,5576,3857265,0.8571428571428571,85,Poland,0.8298069126107784,0.7136339448452695,4.198195845732267,-1.7117965460523341,0.2389380531,0.5736456109,True,97.38333333333334,-0.024329986041271772,0.7053358757191617,-0.2657720168491346,0.8571428571428571,0.0720625476322305,-0.02080822622640524,0.051254321405825254
Mexico,-0.0030112897697155,27.13333333333334,26297,3857265,0.9166666666666666,85,Poland,0.8298069126107784,0.7136339448452695,4.198195845732267,-1.7117965460523341,0.6696165192,0.3997348681,True,97.38333333333334,-0.002559596304258175,0.19652349917350598,-0.010005795834708172,0.9166666666666666,0.024297676470080645,-0.0007833889578450886,0.023514287512235558
Mexico,-0.0131200744086361,83.8,26301,3857265,0.9545454545454546,85,Poland,0.8298069126107784,0.7136339448452695,4.198195845732267,-1.7117965460523341,0.3318584071,0.5409978464,True,97.38333333333334,-0.011152063247340685,0.6069534114523266,-0.18448524594369145,0.9545454545454546,0.07179533694269344,-0.014443998952716836,0.0573513379899766
Mexico,-0.0340549758926951,97.38333333333334,26368,3857265,0.8695652173913043,85,Poland,0.8298069126107784,0.7136339448452695,4.198195845732267,-1.7117965460523341,0.4380530973,0.3517922237,True,97.38333333333334,-0.028946729508790833,0.7053358757191617,-0.211446187185193,0.8695652173913043,0.06744580416471144,-0.016554865895298077,0.05089093826941336
Mexico,0.0026188514924262,70.3,26400,3857265,0.8571428571428571,85,Poland,0.8298069126107784,0.7136339448452695,4.198195845732267,-1.7117965460523341,0.4277286136,0.5857642498,True,97.38333333333334,0.00222602376856227,0.5091745205859017,-0.09569702465370222,0.8571428571428571,0.07181077595662191,-0.007492456737153287,0.06431831921946862
Mexico,-0.0023405348944307,97.38333333333334,26406,3857265,0.8636363636363636,85,Poland,0.8298069126107784,0.7136339448452695,4.198195845732267,-1.7117965460523341,0.3008849558,0.2706254736,True,97.38333333333334,-0.001989454660266095,0.7053358757191617,-0.3348035124857783,0.8636363636363636,0.09440307901323618,-0.026212944883335074,0.0681901341299011
Mexico,-0.0193302143598083,97.38333333333334,28825,3857265,0.9655172413793104,85,Poland,0.8298069126107784,0.7136339448452695,4.198195845732267,-1.7117965460523341,0.7949852507,0.589010131,True,97.38333333333334,-0.016430682205837054,0.7053358757191617,0.11909987754174715,0.9655172413793104,0.07996185146766521,0.009324748424634252,0.08928659989229946
Poland,-0.0165517895506322,97.38333333333334,3034,3857265,0.8947368421052632,83,Mexico,1.004484855501983,0.8538121271766854,-11.033549144763832,-3.771087330651395,0.7566371681,0.5092621436,True,97.38333333333334,-0.013737985327024726,0.8337224300666459,-0.08111760990563419,0.8947368421052632,0.10020009748013918,-0.006350983063878656,0.09384911441626052
Poland,-0.0280404850578561,97.38333333333334,3637,3857265,0.9,83,Mexico,1.004484855501983,0.8538121271766854,-11.033549144763832,-3.771087330651395,0.9277286136,0.7336789882,True,97.38333333333334,-0.023273602598020564,0.8337224300666459,0.1104967878961099,0.9,0.09066448020914333,0.008651182269270037,0.09931566247841336
Poland,-0.0251180990144447,71.16666666666667,4664,3857265,0.8064516129032258,83,Mexico,1.004484855501983,0.8538121271766854,-11.033549144763832,-3.771087330651395,0.5825958702,0.6884350879,True,97.38333333333334,-0.0208480221819891,0.6092751628246753,-0.09648450456055452,0.8064516129032258,0.062416672938084464,-0.00755411130953753,0.054862561628546934
Poland,-0.0546331078803257,97.38333333333334,4734,3857265,0.92,83,Mexico,1.004484855501983,0.8538121271766854,-11.033549144763832,-3.771087330651395,0.1563421829,0.2820931391,True,97.38333333333334,-0.045345479540670336,0.8337224300666459,-0.5554202347628141,0.92,0.06859260326649357,-0.043485804234342125,0.02510679903215144
Poland,-0.0083854252010126,87.0,5660,3857265,0.84,83,Mexico,1.004484855501983,0.8538121271766854,-11.033549144763832,-3.771087330651395,0.7979351032,0.6159426584,True,97.38333333333334,-0.006959902916840459,0.7448281849987834,-0.01456826905681069,0.84,0.09482972437280451,-0.0011406010378938176,0.0936891233349107
Poland,0.0422929735956831,97.38333333333334,5668,3857265,0.9629629629629628,83,Mexico,1.004484855501983,0.8538121271766854,-11.033549144763832,-3.771087330651395,0.3067846608,0.4252573691,True,97.38333333333334,0.03510316808441697,0.8337224300666459,-0.4060761923513664,0.9629629629629628,0.14904125089158088,-0.03179313373838362,0.11724811715319726
Poland,-0.0472404808525951,97.38333333333334,5673,3857265,0.8529411764705882,83,Mexico,1.004484855501983,0.8538121271766854,-11.033549144763832,-3.771087330651395,0.3539823009,0.3793782205,True,97.38333333333334,-0.03920959910765393,0.8337224300666459,-0.3913121863903805,0.8529411764705882,0.07472848369950996,-0.030637207769629058,0.04409127592988091
Poland,-0.0006730145439292,26.21666666666667,7979,3857265,0.8333333333333334,83,Mexico,1.004484855501983,0.8538121271766854,-11.033549144763832,-3.771087330651395,0.3230088496,0.5161974566,True,97.38333333333334,-0.000558602071461236,0.22444726724197056,-0.09780067248911059,0.8333333333333334,0.030114785615629098,-0.00765715872714764,0.022457626888481456
Poland,-0.0119466171810976,52.38333333333334,11737,3857265,0.8571428571428571,83,Mexico,1.004484855501983,0.8538121271766854,-11.033549144763832,-3.771087330651395,0.9424778761,0.7898938374,True,97.38333333333334,-0.009915692260311007,0.44846647230865455,0.07533178345938718,0.8571428571428571,0.05137258332807102,0.005897990355964764,0.057270573684035785
Poland,0.004451268992618,97.38333333333334,31955,3857265,0.8723404255319149,83,Mexico,1.004484855501983,0.8538121271766854,-11.033549144763832,-3.771087330651395,0.08554572271,0.4183190608,True,97.38333333333334,0.00369455326387294,0.8337224300666459,-0.5537425845562736,0.8723404255319149,0.11763263607103684,-0.04335445509743774,0.0742781809735991
Poland,-0.0258977663334548,97.38333333333334,44166,3857265,0.95,83,Mexico,1.004484855501983,0.8538121271766854,-11.033549144763832,-3.771087330651395,0.5589970501,0.426912509,True,97.38333333333334,-0.021495146056767486,0.8337224300666459,-0.23994703818239482,0.95,0.09244293675039642,-0.018786297790295094,0.07365663896010133
Poland,-0.0090320795418742,45.0,50502,3857265,0.9,83,Mexico,1.004484855501983,0.8538121271766854,-11.033549144763832,-3.771087330651395,0.1607669617,0.6404849552,True,97.38333333333334,-0.007496626019755585,0.38525595775799143,-0.19678156730625507,0.9,0.045153181199026296,-0.015406721212562742,0.029746459986463553
Denmark,0.0830642298454566,97.15,3043,3857266,0.7727272727272727,79,France,1.3015141674773683,1.0542264756566684,-3.633723322642002,-1.663576000940965,0.8539823009,0.5818431833,True,97.15,0.0656207415779107,1.028196192307121,0.15950571199681057,0.7727272727272727,0.20613597623668628,0.012488263358130445,0.21862423959481672
Denmark,0.1991280274350035,97.15,3570,3857266,0.8928571428571429,79,France,1.3015141674773683,1.0542264756566684,-3.633723322642002,-1.663576000940965,0.8657817109,0.673138211,True,97.15,0.15731114167365276,1.028196192307121,0.20101370878864688,0.8928571428571429,0.29782637633242837,0.01573807045855109,0.31356444679097945
Denmark,0.0406651697316818,97.15,3959,3857266,0.8823529411764706,79,France,1.3015141674773683,1.0542264756566684,-3.633723322642002,-1.663576000940965,0.808259587,0.421915639,True,97.15,0.03212548408802862,1.028196192307121,0.06973426150393874,0.8823529411764706,0.1726407187468042,0.005459740669119975,0.17810045941592417
Denmark,0.016183432136265,52.150000000000006,4447,3857266,1.0,79,France,1.3015141674773683,1.0542264756566684,-3.633723322642002,-1.663576000940965,0.1592920354,0.3732191833,True,97.15,0.01278491138764935,0.5519344459991391,-0.2093614293690391,1.0,0.0882133157875994,-0.016391642871369183,0.07182167291623022
Denmark,-0.009539229786464,45.0,5732,3857266,0.8571428571428571,79,France,1.3015141674773683,1.0542264756566684,-3.633723322642002,-1.663576000940965,0.7743362832,0.6768358798,True,97.15,-0.007535991531306559,0.47626174630798196,0.06489542351166144,0.8571428571428571,0.05755083872751898,0.005080891018920022,0.062631729746439
Denmark,0.0193626836990073,24.200000000000003,6302,3857266,0.75,79,France,1.3015141674773683,1.0542264756566684,-3.633723322642002,-1.663576000940965,0.5427728614,0.6176943959,True,97.15,0.015296520122215766,0.2561229835700703,-0.009779538303217025,0.75,0.05029877106140639,-0.0007656744596954648,0.04953309660171093
Denmark,0.0981065732552887,97.15,8247,3857266,0.8695652173913043,79,France,1.3015141674773683,1.0542264756566684,-3.633723322642002,-1.663576000940965,0.5398230088,0.4736840003,True,97.15,0.07750419287167806,1.028196192307121,-0.09406989128576872,0.8695652173913043,0.21801942753045364,-0.007365062741269543,0.2106543647891841
Denmark,-0.0373659640438022,91.61666666666666,16190,3857266,0.7727272727272727,79,France,1.3015141674773683,1.0542264756566684,-3.633723322642002,-1.663576000940965,0.1283185841,0.4577204249,True,97.15,-0.02951911159460374,0.9696336368351764,-0.3584758084281322,0.7727272727272727,0.1029928535656792,-0.028066332215480456,0.07492652135019874
Denmark,0.1639229734112348,97.15,16554,3857266,0.6428571428571429,79,France,1.3015141674773683,1.0542264756566684,-3.633723322642002,-1.663576000940965,0.07669616519,0.5225564285,True,97.15,0.1294991489948755,1.028196192307121,-0.3915052676243771,0.6428571428571429,0.27001438365365105,-0.03065232477872846,0.2393620588749226
Denmark,0.163412471222684,97.15,17043,3857266,0.8181818181818182,79,France,1.3015141674773683,1.0542264756566684,-3.633723322642002,-1.663576000940965,0.2699115044,0.3225982625,True,97.15,0.12909585226592038,1.028196192307121,-0.33325517842864666,0.8181818181818182,0.26961108692469593,-0.02609172036272224,0.2435193665619737
Denmark,0.1593320337326119,72.95,24443,3857266,0.7,79,France,1.3015141674773683,1.0542264756566684,-3.633723322642002,-1.663576000940965,0.6091445428,0.6620903835,True,97.15,0.1258723066487634,0.7720732087370508,0.016679304469185405,0.7,0.23138529036834837,0.00130588142727951,0.23269117179562787
Denmark,0.116691520930178,84.26666666666667,27569,3857266,0.8333333333333334,79,France,1.3015141674773683,1.0542264756566684,-3.633723322642002,-1.663576000940965,0.2669616519,0.4070972576,True,97.15,0.09218630153484061,0.8918442182715395,-0.2639303970743627,0.8333333333333334,0.21406741775284874,-0.020664039335133586,0.19340337841771515
France,0.0045958017767747,35.16666666666667,2972,3857266,0.8571428571428571,77,Denmark,1.070602487212355,0.8350699400256368,-1.4831508796968984,-2.870191657659076,0.2551622419,0.4381730012,True,97.15,0.0035387673681165194,0.2984058776760874,-0.13670068673478578,0.8571428571428571,0.044319478519290176,-0.010702777698741155,0.03361670082054902
France,0.0018026152786638,97.15,3009,3857266,0.8333333333333334,77,Denmark,1.070602487212355,0.8350699400256368,-1.4831508796968984,-2.870191657659076,0.2581120944,0.2078280052,True,97.15,0.001388013764571126,0.8243639151535134,-0.45827235821563783,0.8333333333333334,0.1140471442385954,-0.03587975519812617,0.07816738904046923
France,-0.0087331660017497,97.15,3026,3857266,0.896551724137931,77,Denmark,1.070602487212355,0.8350699400256368,-1.4831508796968984,-2.870191657659076,0.8289085546,0.7639210465,True,97.15,-0.006724537821347268,0.8243639151535134,0.1212150364664151,0.896551724137931,0.105934592652677,0.009490351658304539,0.11542494431098155
France,-0.0099097882887403,61.98333333333333,3604,3857266,0.8571428571428571,77,Denmark,1.070602487212355,0.8350699400256368,-1.4831508796968984,-2.870191657659076,0.5044247788,0.4255429188,True,97.15,-0.007630536982330031,0.525958037477426,-0.13793180646466743,0.8571428571428571,0.06424788234052059,-0.010799166393664256,0.05344871594685634
France,0.0172807256290464,97.15,4445,3857266,0.88,77,Denmark,1.070602487212355,0.8350699400256368,-1.4831508796968984,-2.870191657659076,0.1578171091,0.2644050333,True,97.15,0.013306158734365726,0.8243639151535134,-0.5047724792341908,0.88,0.12596528920839,-0.03952041326732583,0.08644487594106418
France,-0.018924729611516,74.16666666666667,5477,3857266,0.8095238095238095,77,Denmark,1.070602487212355,0.8350699400256368,-1.4831508796968984,-2.870191657659076,0.1991150442,0.4308400652,True,97.15,-0.01457204180086732,0.6293394102647341,-0.3188020878669373,0.8095238095238095,0.07143467129047047,-0.024960137054425763,0.04647453423604471
France,-0.0183386661960275,73.85,5485,3857266,0.8461538461538461,77,Denmark,1.070602487212355,0.8350699400256368,-1.4831508796968984,-2.870191657659076,0.7669616519,0.3702074329,True,97.15,-0.014120772970941175,0.6266523431197834,-0.046526722657852654,0.8461538461538461,0.07151872044652348,-0.003642740805129142,0.06787597964139434
France,-0.0211790559881237,92.21666666666668,5487,3857266,0.9230769230769232,77,Denmark,1.070602487212355,0.8350699400256368,-1.4831508796968984,-2.870191657659076,0.8333333333,0.7558138316,True,97.15,-0.01630787311085525,0.7825022375269154,0.11509718425898041,0.9230769230769232,0.09063036139125083,0.009011363485429,0.09964172487667983
France,-0.0232683713417653,97.15,6704,3857266,0.8285714285714286,77,Denmark,1.070602487212355,0.8350699400256368,-1.4831508796968984,-2.870191657659076,0.06932153392,0.4034422715,True,97.15,-0.01791664593315928,0.8243639151535134,-0.5138482838467835,0.8285714285714286,0.094742484540865,-0.040230989940537754,0.05451149460032724
France,-0.0009980557937408,22.98333333333333,8217,3857266,1.0,77,Denmark,1.070602487212355,0.8350699400256368,-1.4831508796968984,-2.870191657659076,0.203539823,0.528790098,True,97.15,-0.0007685029611804159,0.19502450488877932,-0.08978695498210973,1.0,0.025883914421506053,-0.007029736590020108,0.018854177831485946
France,-0.0331871639190905,97.15,8519,3857266,0.7333333333333333,77,Denmark,1.070602487212355,0.8350699400256368,-1.4831508796968984,-2.870191657659076,0.6356932153,0.5886506978,True,97.15,-0.025554116217699683,0.8243639151535134,-0.07029241435553965,0.7333333333333333,0.0871050142563246,-0.005503440419540343,0.08160157383678425
France,-0.0177664244086744,97.15,10481,3857266,0.5217391304347826,77,Denmark,1.070602487212355,0.8350699400256368,-1.4831508796968984,-2.870191657659076,0.9572271386,0.6781218518,True,97.15,-0.013680146794679287,0.8243639151535134,0.17589813327701528,0.5217391304347826,0.09897898367934499,0.013771683691244983,0.11275066737058997
France,-0.0108499097281965,23.30000000000001,11135,3857266,1.0,77,Denmark,1.070602487212355,0.8350699400256368,-1.4831508796968984,-2.870191657659076,0.7935103245,0.6030504894,True,97.15,-0.008354430490711304,0.19771157203373,0.009584129840560951,1.0,0.01866520656584831,0.0007503752436767604,0.01941558180952507
Ecuador,-0.0103922595168159,45.0,12583,3857267,0.8888888888888888,89,Senegal,0.9224761319972314,0.8210037574775361,-2.301476710022227,-3.8522229433807453,0.9852507375,0.7684860974,True,96.93333333333334,-0.00924911096996615,0.38113998369830593,0.07076415453044343,0.8888888888888888,0.04283819945571986,0.005540374617488858,0.04837857407320872
Ecuador,-0.0304661513506148,96.93333333333334,24085,3857267,0.8709677419354839,89,Senegal,0.9224761319972314,0.8210037574775361,-2.301476710022227,-3.8522229433807453,0.1135693215,0.4315287292,True,96.93333333333334,-0.027114874702047174,0.8210037574775361,-0.5343166259267643,0.8709677419354839,0.08508505027417129,-0.04183352845279,0.04325152182138129
Ecuador,0.004375561573849,96.93333333333334,28559,3857267,0.8235294117647058,89,Senegal,0.9224761319972314,0.8210037574775361,-2.301476710022227,-3.8522229433807453,0.4660766962,0.4266189719,True,96.93333333333334,0.0038942498007256098,0.8210037574775361,-0.30616777458380906,0.8235294117647058,0.11609417477694407,-0.02397095221801071,0.09212322255893336
Ecuador,0.0054018901187146,96.93333333333334,30111,3857267,0.8214285714285714,89,Senegal,0.9224761319972314,0.8210037574775361,-2.301476710022227,-3.8522229433807453,0.7802359882,0.4729768655,True,96.93333333333334,0.004807682205655995,0.8210037574775361,-0.0850241429912188,0.8214285714285714,0.11700760718187446,-0.00665683928293999,0.11035076789893447
Ecuador,0.004697069104996,96.93333333333334,31152,3857267,0.8095238095238095,89,Senegal,0.9224761319972314,0.8210037574775361,-2.301476710022227,-3.8522229433807453,0.4587020649,0.6170396784,True,96.93333333333334,0.004180391503446439,0.8210037574775361,-0.24411345203877943,0.8095238095238095,0.1163803164796649,-0.019112500989203324,0.09726781549046158
Ecuador,0.042960941779523,63.266666666666666,34396,3857267,0.8461538461538461,89,Senegal,0.9224761319972314,0.8210037574775361,-2.301476710022227,-3.8522229433807453,0.3879056047,0.5557670554,True,96.93333333333334,0.03823523818377547,0.535854584488433,-0.2035032894664362,0.8461538461538461,0.1114661383229992,-0.015932988488547205,0.09553314983445199
Ecuador,0.0073417451576839,51.93333333333334,36148,3857267,0.9285714285714286,89,Senegal,0.9224761319972314,0.8210037574775361,-2.301476710022227,-3.8522229433807453,0.7109144543,0.7386893369,True,96.93333333333334,0.006534153190338671,0.4398637737792302,-0.01978483686424054,0.9285714285714286,0.06664676774087112,-0.0015490244842342954,0.06509774325663682
Ecuador,-0.0252817759605087,96.93333333333334,37726,3857267,0.8888888888888888,89,Senegal,0.9224761319972314,0.8210037574775361,-2.301476710022227,-3.8522229433807453,0.9041297935,0.7545855186,True,96.93333333333334,-0.022500780604852742,0.8210037574775361,0.09465064335882928,0.8888888888888888,0.08969914437136572,0.007410531864245562,0.09710967623561129
Ecuador,-0.0380944911127207,84.76666666666667,37737,3857267,0.7297297297297297,89,Senegal,0.9224761319972314,0.8210037574775361,-2.301476710022227,-3.8522229433807453,0.2168141593,0.5654427967,True,96.93333333333334,-0.033904097090321425,0.717954798922068,-0.3672553157214181,0.7297297297297297,0.06421296247450783,-0.028753710729143803,0.03545925174536403
Ecuador,-0.0093069982574553,45.0,37945,3857267,0.6666666666666666,89,Senegal,0.9224761319972314,0.8210037574775361,-2.301476710022227,-3.8522229433807453,0.8303834808,0.6593868969,True,96.93333333333334,-0.008283228449135217,0.38113998369830593,0.006096597087415362,0.6666666666666666,0.043804081976550786,0.0004773240347504072,0.04428140601130119
Ecuador,-0.0602480337359723,96.93333333333334,38004,3857267,0.96,89,Senegal,0.9224761319972314,0.8210037574775361,-2.301476710022227,-3.8522229433807453,0.6032448378,0.5827864458,True,96.93333333333334,-0.053620750025015346,0.8210037574775361,-0.16188347927941765,0.96,0.058579174951203114,-0.012674427124040828,0.045904747827162286
Ecuador,0.0011528562145929,51.93333333333334,40211,3857267,1.0,89,Senegal,0.9224761319972314,0.8210037574775361,-2.301476710022227,-3.8522229433807453,0.5235988201,0.5361085568,True,96.93333333333334,0.001026042030987681,0.4398637737792302,-0.12333890757231666,1.0,0.06113865658152014,-0.009656636999294414,0.05148201958222572
Senegal,-0.0106350486650885,96.93333333333334,2941,3857267,0.8260869565217391,83,Ecuador,0.6972277687610157,0.5856713257592532,-2.6668137775186898,-2.1804336560513695,0.08997050147,0.3345898518,True,96.93333333333334,-0.008827090392023455,0.5786990480716431,-0.4820453912179167,0.8260869565217391,0.07025901510515385,-0.037741029589101714,0.03251798551605214
Senegal,-0.0398582055638471,96.93333333333334,3404,3857267,0.7692307692307693,83,Ecuador,0.6972277687610157,0.5856713257592532,-2.6668137775186898,-2.1804336560513695,0.1740412979,0.2949753239,True,96.93333333333334,-0.03308231061799309,0.5786990480716431,-0.4398261918365849,0.7692307692307693,0.04600379487918421,-0.03443553993582816,0.011568254943356053
Senegal,-0.0321022451127983,96.93333333333334,3436,3857267,0.8125,83,Ecuador,0.6972277687610157,0.5856713257592532,-2.6668137775186898,-2.1804336560513695,0.8230088496,0.7143934016,True,96.93333333333334,-0.026644863443622588,0.5786990480716431,0.14885338187079233,0.8125,0.052441242053554715,0.011654254956010508,0.06409549700956522
Senegal,-0.0125905885115987,23.083333333333343,4506,3857267,0.8333333333333334,83,Ecuador,0.6972277687610157,0.5856713257592532,-2.6668137775186898,-2.1804336560513695,0.8982300885,0.6672367676,True,96.93333333333334,-0.010450188464626921,0.1378091784008298,0.04343238634266938,0.8333333333333334,0.008383074278425112,0.003400474328657075,0.011783548607082188
Senegal,-0.0700209092078922,96.93333333333334,5675,3857267,0.8709677419354839,83,Ecuador,0.6972277687610157,0.5856713257592532,-2.6668137775186898,-2.1804336560513695,0.7020648968,0.5902334518,True,96.93333333333334,-0.058117354642550516,0.5786990480716431,0.0224786676255814,0.8709677419354839,0.020968750854626787,0.0017599339718552176,0.022728684826482003
Senegal,0.0421362763551825,96.93333333333334,8553,3857267,0.8666666666666667,83,Ecuador,0.6972277687610157,0.5856713257592532,-2.6668137775186898,-2.1804336560513695,0.4970501475,0.4314139103,True,96.93333333333334,0.03497310937480148,0.5786990480716431,-0.17302801566993523,0.8666666666666667,0.11405921487197879,-0.0135469720862666,0.10051224278571219
Senegal,-0.006516762862812,94.71666666666668,20611,3857267,0.9565217391304348,83,Ecuador,0.6972277687610157,0.5856713257592532,-2.6668137775186898,-2.1804336560513695,0.407079646,0.3071688447,True,96.93333333333334,-0.00540891317613396,0.5654653868966898,-0.27221998367827693,0.9565217391304348,0.07186865517676472,-0.021313060234408845,0.05055559494235587
Senegal,-0.0234932397538842,96.93333333333334,21026,3857267,0.7419354838709677,83,Ecuador,0.6972277687610157,0.5856713257592532,-2.6668137775186898,-2.1804336560513695,0.8348082596,0.6700857747,True,96.93333333333334,-0.019499388995723888,0.5786990480716431,0.1407388956359236,0.7419354838709677,0.05958671650145342,0.011018943280658146,0.07060565978211156
Senegal,-0.0355581291277603,73.85,31751,3857267,0.9393939393939394,83,Ecuador,0.6972277687610157,0.5856713257592532,-2.6668137775186898,-2.1804336560513695,0.9926253687,0.8870873133,True,96.93333333333334,-0.02951324717604105,0.4408898696708133,0.24803774199164605,0.9393939393939394,0.030739595578084228,0.01941974745587559,0.050159343033959816
Senegal,-0.0341571665598353,96.93333333333334,32915,3857267,0.8620689655172413,83,Ecuador,0.6972277687610157,0.5856713257592532,-2.6668137775186898,-2.1804336560513695,0.1120943953,0.2476666796,True,96.93333333333334,-0.028350448244663297,0.5786990480716431,-0.49865376196446787,0.8620689655172413,0.050735657252514006,-0.039041357365680325,0.011694299886833681
Senegal,-0.0165301160812233,74.05,80484,3857267,0.8076923076923077,83,Ecuador,0.6972277687610157,0.5856713257592532,-2.6668137775186898,-2.1804336560513695,0.3495575221,0.4417313896,True,96.93333333333334,-0.01371999634741534,0.44208388421291434,-0.2051456766074318,0.8076923076923077,0.04669602269040425,-0.016061576755989123,0.03063444593441513
Senegal,0.0056971716145182,22.88333333333334,88123,3857267,1.0,83,Ecuador,0.6972277687610157,0.5856713257592532,-2.6668137775186898,-2.1804336560513695,0.314159292,0.551592888,True,96.93333333333334,0.0047286524400501065,0.13661516385872868,-0.05962106119638419,1.0,0.02339873889940782,-0.004667942637230105,0.018730796262177718
Belgium,-0.0073830659368003,45.0,2954,3857268,0.8888888888888888,85,Canada,0.7150238901604417,0.6077703066363754,-16.38805475667,-0.17284871234820887,0.8598820059,0.6813979355,True,95.05,-0.006275606046280255,0.287739755903597,0.1427534431096242,0.8888888888888888,0.033047452747323805,0.01117666928986547,0.04422412203718928
Belgium,-0.0455115196709856,95.05,3077,3857268,0.9310344827586208,85,Canada,0.7150238901604417,0.6077703066363754,-16.38805475667,-0.17284871234820887,0.4513274336,0.3089535303,True,95.05,-0.03868479172033776,0.6077703066363754,-0.11529337597833841,0.9310344827586208,0.0443742469092637,-0.009026724025370518,0.03534752288389318
Belgium,-0.0149316494915139,95.05,3089,3857268,0.7741935483870968,85,Canada,0.7150238901604417,0.6077703066363754,-16.38805475667,-0.17284871234820887,0.6386430678,0.4791206767,True,95.05,-0.012691902067786816,0.6077703066363754,0.07559364501592562,0.7741935483870968,0.07036713656181465,0.005918492418495838,0.07628562898031048
Belgium,-0.0459933420283336,50.05,3176,3857268,1.0,85,Canada,0.7150238901604417,0.6077703066363754,-16.38805475667,-0.17284871234820887,0.04719764012,0.3363353492,True,95.05,-0.039094340724083555,0.3200305507327784,-0.2010202924716721,1.0,0.004641639111913842,-0.015738585918257556,-0.011096946806343714
Belgium,-0.0001182126774871,77.88333333333334,3457,3857268,0.88,85,Canada,0.7150238901604417,0.6077703066363754,-16.38805475667,-0.17284871234820887,0.1430678466,0.23108433,True,95.05,-0.00010048077586403499,0.4980029182731514,-0.29083120962882075,0.88,0.06795753912876994,-0.02277019859126412,0.04518734053750582
Belgium,-0.0226643581667165,61.81666666666667,3621,3857268,0.9285714285714286,85,Canada,0.7150238901604417,0.6077703066363754,-16.38805475667,-0.17284871234820887,0.7595870206,0.3731220865,True,95.05,-0.019264704441709028,0.39526916838757087,0.07758765554399528,0.9285714285714286,0.03475352706402336,0.006074610517977546,0.040828137582000906
Belgium,0.0361516011899259,45.0,5633,3857268,0.5714285714285714,85,Canada,0.7150238901604417,0.6077703066363754,-16.38805475667,-0.17284871234820887,0.1179941003,0.2443945897,True,95.05,0.030728861011437014,0.287739755903597,-0.1738400022666841,0.5714285714285714,0.07005191980504108,-0.013610545373621193,0.05644137443141989
Belgium,-0.0124370756781715,95.05,5642,3857268,0.84375,85,Canada,0.7150238901604417,0.6077703066363754,-16.38805475667,-0.17284871234820887,0.9174041298,0.6749820533,True,95.05,-0.010571514326445774,0.6077703066363754,0.33852640963179575,0.84375,0.07248752430315568,0.026504423598627903,0.09899194790178359
Belgium,-0.0124076609932297,95.05,6331,3857268,0.8947368421052632,85,Canada,0.7150238901604417,0.6077703066363754,-16.38805475667,-0.17284871234820887,0.5766961652,0.3821406143,True,95.05,-0.010546511844245245,0.6077703066363754,-0.0025330711654113647,0.8947368421052632,0.07251252678535622,-0.0001983230532783432,0.07231420373207788
Belgium,0.0018530838988529,95.05,6989,3857268,0.7333333333333333,85,Canada,0.7150238901604417,0.6077703066363754,-16.38805475667,-0.17284871234820887,0.2020648968,0.317124894,True,95.05,0.0015751213140249652,0.6077703066363754,-0.28285772763553974,0.7333333333333333,0.08463415994362643,-0.02214592663406051,0.06248823330956592
Belgium,0.0069905794581854,33.23333333333333,16559,3857268,1.0,85,Canada,0.7150238901604417,0.6077703066363754,-16.38805475667,-0.17284871234820887,0.6843657817,0.4454537694,True,95.05,0.00594199253945759,0.21250113824880457,0.03303299986426997,1.0,0.03498279966332665,0.0025862697746043056,0.03756906943793096
Belgium,0.0767870128137299,95.05,20005,3857268,0.9523809523809524,85,Canada,0.7150238901604417,0.6077703066363754,-16.38805475667,-0.17284871234820887,0.4572271386,0.2705882823,True,95.05,0.06526896089167042,0.6077703066363754,-0.12539291622906748,0.9523809523809524,0.14832799952127187,-0.009817452563353316,0.13851054695791856
Belgium,-0.0227383072526475,50.05,48347,3857268,0.8,85,Canada,0.7150238901604417,0.6077703066363754,-16.38805475667,-0.17284871234820887,0.982300885,0.9137822154,True,95.05,-0.019327561164750377,0.3200305507327784,0.24797504882119686,0.8,0.02440841867124702,0.019414838986996797,0.04382325765824382
Canada,0.0079260429803832,57.4,9922,3857268,0.5,83,Belgium,1.4761921103685727,1.2252394516059153,12.005176312568707,16.839026723237595,0.3362831858,0.4126634797,True,95.05,0.006578615673718056,0.7399131459461288,0.5677477468622378,0.5,0.10769654443830709,0.044450968526710675,0.15214751296501777
Canada,-0.0045159066939458,80.35,11187,3857268,0.9032258064516128,83,Belgium,1.4761921103685727,1.2252394516059153,12.005176312568707,16.839026723237595,0.8185840708,0.6344674448,True,95.05,-0.0037482025559750142,1.0357494995953214,1.2505918343899345,0.9032258064516128,0.13779928135055336,0.09791323449094565,0.235712515841499
Canada,0.0958844737413571,95.05,11846,3857268,0.7857142857142857,83,Belgium,1.4761921103685727,1.2252394516059153,12.005176312568707,16.839026723237595,0.7286135693,0.4006576629,True,95.05,0.07958411320532639,1.2252394516059153,1.2859381400951273,0.7857142857142857,0.2470276520393715,0.1006806211184055,0.34770827315777697
Canada,-0.0012148533678343,95.05,12365,3857268,0.96,83,Belgium,1.4761921103685727,1.2252394516059153,12.005176312568707,16.839026723237595,0.4896755162,0.6345046362,True,95.05,-0.001008328295302469,1.2252394516059153,1.1846554965532687,0.96,0.1664352105387426,0.09275084662742257,0.25918605716616516
Canada,-0.010260843764089,73.2,16120,3857268,0.7272727272727273,83,Belgium,1.4761921103685727,1.2252394516059153,12.005176312568707,16.839026723237595,0.2625368732,0.3306825137,True,95.05,-0.008516500324193871,0.9435826181752026,0.6426662482669738,0.7272727272727273,0.12043528339650156,0.050316601576626256,0.17075188497312782
Canada,0.0076790817903003,37.65,16459,3857268,1.0,83,Belgium,1.4761921103685727,1.2252394516059153,12.005176312568707,16.839026723237595,0.4410029499,0.6655244679,True,95.05,0.006373637885949249,0.4853263056597865,0.4579024834918345,1.0,0.07269924795540529,0.0358507964047228,0.10855004436012809
Canada,0.0084195145300983,95.05,23640,3857268,1.0,83,Belgium,1.4761921103685727,1.2252394516059153,12.005176312568707,16.839026723237595,0.517699115,0.4269809011,True,95.05,0.006988197059981589,1.2252394516059153,1.109630332662535,1.0,0.17443173589402666,0.086876862596223,0.2613085984902497
Canada,-0.0018181192090665,95.05,23828,3857268,0.8666666666666667,83,Belgium,1.4761921103685727,1.2252394516059153,12.005176312568707,16.839026723237595,0.3908554572,0.3665701688,True,95.05,-0.001509038943525195,1.2252394516059153,0.9668095494153662,0.8666666666666667,0.1659344998905199,0.07569492101007609,0.24162942090059597
Canada,-0.0080555668733547,80.16666666666667,24024,3857268,0.8823529411764706,83,Belgium,1.4761921103685727,1.2252394516059153,12.005176312568707,16.839026723237595,0.08259587021,0.3881299191,True,95.05,-0.006686120504884401,1.033386246225575,0.5912073457012395,0.8823529411764706,0.1345383967302124,0.046287703054333114,0.1808260997845455
Canada,0.0108306984642927,21.84999999999999,29758,3857268,1.0,83,Belgium,1.4761921103685727,1.2252394516059153,12.005176312568707,16.839026723237595,0.185840708,0.2655140344,True,95.05,0.008989479725362941,0.2816568334307127,0.1688054860154487,1.0,0.04748123483871258,0.013216375384100865,0.06069761022281345
Canada,-2.975926624063747e-05,57.68333333333333,31684,3857268,0.9285714285714286,83,Belgium,1.4761921103685727,1.2252394516059153,12.005176312568707,16.839026723237595,0.9247787611,0.7177211537,True,95.05,-2.4700190979729102e-05,0.7435654466084644,0.979934580333305,0.9285714285714286,0.1015923588840036,0.07672252585654142,0.17831488474054502
Canada,-0.0197274305278258,95.05,44703,3857268,0.84375,83,Belgium,1.4761921103685727,1.2252394516059153,12.005176312568707,16.839026723237595,0.3982300885,0.4501808149,True,95.05,-0.016373767338095414,1.2252394516059153,1.0137637051737265,0.84375,0.15106977149594966,0.07937112705642009,0.23044089855236977
Canada,0.0007176020465437,37.36666666666667,133229,3857268,1.0,83,Belgium,1.4761921103685727,1.2252394516059153,12.005176312568707,16.839026723237595,0.8436578171,0.573140158,True,95.05,0.000595609698631271,0.48167400499745083,0.5787858732922461,1.0,0.06642208945769301,0.04531518227876138,0.1117372717364544
Brazil,0.0063903974781006,23.25,3202,3857269,1.0,76,Switzerland,0.9684224409178886,0.7360010550975954,11.735385146200997,8.714256234880992,0.07374631268,0.4754477189,True,95.91666666666669,0.0048567020833564555,0.17840512108794881,0.05627034036876026,1.0,0.029237883069594173,0.004405602915278473,0.03364348598487264
Brazil,0.0075911608703137,72.66666666666667,3280,3857269,0.8823529411764706,76,Switzerland,0.9684224409178886,0.7360010550975954,11.735385146200997,8.714256234880992,0.4262536873,0.580522516,True,95.91666666666669,0.005769282261438412,0.5575959340096465,0.42419317102382637,0.8823529411764706,0.08197139631161508,0.03321157573699892,0.115182972048614
Brazil,-0.0039700733781258,95.91666666666669,3295,3857269,0.8095238095238095,76,Switzerland,0.9684224409178886,0.7360010550975954,11.735385146200997,8.714256234880992,0.6784660767,0.5796374118,True,95.91666666666669,-0.003017255767375608,0.7360010550975954,0.7616157043040683,0.8095238095238095,0.0975660392690388,0.059629572972455004,0.1571956122414938
Brazil,-0.0237824428876163,95.91666666666669,4372,3857269,0.9285714285714286,76,Switzerland,0.9684224409178886,0.7360010550975954,11.735385146200997,8.714256234880992,0.6961651917,0.4704341254,True,95.91666666666669,-0.018074656594588387,0.7360010550975954,0.7286827131427923,0.9285714285714286,0.08250863844182602,0.05705113323105426,0.13955977167288028
Brazil,-0.016681460837568,95.91666666666669,5539,3857269,0.8518518518518519,76,Switzerland,0.9684224409178886,0.7360010550975954,11.735385146200997,8.714256234880992,0.9749262537,0.8034424712,True,95.91666666666669,-0.01267791023655168,0.7360010550975954,1.0957082101817988,0.8518518518518519,0.08790538479986272,0.08578685064701419,0.1736922354468769
Brazil,-0.0256779322751912,85.36666666666666,6945,3857269,0.8095238095238095,76,Switzerland,0.9684224409178886,0.7360010550975954,11.735385146200997,8.714256234880992,0.4528023599,0.6274412751,True,95.91666666666669,-0.019515228529145313,0.6550473334856443,0.5352776983534366,0.8095238095238095,0.07000477793071819,0.04190877419427643,0.11191355212499463
Brazil,0.0017219552522275,57.66666666666666,9904,3857269,0.8636363636363636,76,Switzerland,0.9684224409178886,0.7360010550975954,11.735385146200997,8.714256234880992,0.9498525074,0.8420221311,True,95.91666666666669,0.0013086859916929,0.4424958558883891,0.656686249134746,0.8636363636363636,0.06178100585720006,0.0514142767691075,0.11319528262630757
Brazil,-7.194637813687644e-05,72.98333333333333,10595,3857269,0.85,76,Switzerland,0.9684224409178886,0.7360010550975954,11.735385146200997,8.714256234880992,0.06489675516,0.3811783817,True,95.91666666666669,-5.4679247384026095e-05,0.560025824547762,0.14029434664414348,0.85,0.07647950823558011,0.010984137976099194,0.0874636462116793
Brazil,-0.0078114514057002,95.91666666666669,13620,3857269,0.8518518518518519,76,Switzerland,0.9684224409178886,0.7360010550975954,11.735385146200997,8.714256234880992,0.395280236,0.5746737395,True,95.91666666666669,-0.005936703068332152,0.7360010550975954,0.5325750639536578,0.8518518518518519,0.09464659196808226,0.041697175438829635,0.1363437674069119
Brazil,-0.000313406411732,95.91666666666669,18395,3857269,0.7058823529411765,76,Switzerland,0.9684224409178886,0.7360010550975954,11.735385146200997,8.714256234880992,0.05752212389,0.3916793217,True,95.91666666666669,-0.00023818887291632,0.7360010550975954,0.18300026511146877,0.7058823529411765,0.10034510616349808,0.01432773457896862,0.1146728407424667
Brazil,0.0191432860477727,45.0,22600,3857269,0.6666666666666666,76,Switzerland,0.9684224409178886,0.7360010550975954,11.735385146200997,8.714256234880992,0.8672566372,0.7848892297,True,95.91666666666669,0.014548897396307253,0.3453002343637719,0.46983037274676126,0.6666666666666666,0.061738279950315736,0.03678467281866037,0.0985229527689761
Brazil,0.0014038399397905,50.91666666666667,25104,3857269,0.7777777777777778,76,Switzerland,0.9684224409178886,0.7360010550975954,11.735385146200997,8.714256234880992,0.5103244838,0.6275768114,True,95.91666666666669,0.00106691835424078,0.3907008207338234,0.34376160940810013,0.7777777777777778,0.054460830836646684,0.026914305807361733,0.08137513664400842
Brazil,-0.005641977926551,38.25000000000001,25142,3857269,1.0,76,Switzerland,0.9684224409178886,0.7360010550975954,11.735385146200997,8.714256234880992,0.9351032448,0.6605133704,True,95.91666666666669,-0.00428790322417876,0.29350519920920615,0.399635394375682,1.0,0.03582307194672846,0.03128886100513838,0.06711193295186683
Brazil,-0.03330839298264,22.933333333333337,25363,3857269,0.8,76,Switzerland,0.9684224409178886,0.7360010550975954,11.735385146200997,8.714256234880992,0.2315634218,0.4948975466,True,95.91666666666669,-0.0253143786668064,0.1759752305498334,0.08774378063054443,0.8,-0.0012652711133561458,0.0068697692818309505,0.005604498168474805
Switzerland,-0.0057924846196478,95.91666666666669,3500,3857269,0.8888888888888888,89,Brazil,1.6029923560741046,1.4266631969059531,-3.5224892747879935,-10.096560296960615,0.9233038348,0.6152632299,True,95.91666666666669,-0.005155311311486542,1.4266631969059531,-0.40173211561609123,0.8888888888888888,0.18981517719271462,-0.03145302068764141,0.1583621565050732
Switzerland,-0.0192624058622901,38.05,3913,3857269,0.6363636363636364,89,Brazil,1.6029923560741046,1.4266631969059531,-3.5224892747879935,-10.096560296960615,0.1548672566,0.2726048521,True,95.91666666666669,-0.01714354121743819,0.5659551830645161,-0.37371571669706843,0.6363636363636364,0.06020096360534047,-0.02925951825022278,0.030941445355117687
Switzerland,0.0071687450053693,21.13333333333334,5543,3857269,1.0,89,Brazil,1.6029923560741046,1.4266631969059531,-3.5224892747879935,-10.096560296960615,0.494100295,0.518937885,True,95.91666666666669,0.0063801830547786775,0.3143369128890962,-0.14861398659330638,1.0,0.04933805958359312,-0.011635511857506317,0.037702547726086805
Switzerland,0.0723797868030139,95.91666666666669,5544,3857269,0.9333333333333332,89,Brazil,1.6029923560741046,1.4266631969059531,-3.5224892747879935,-10.096560296960615,0.2212389381,0.2032220189,True,95.91666666666669,0.06441801025468238,1.4266631969059531,-0.9256147811199396,0.9333333333333332,0.2593884987588836,-0.07246963767062592,0.18691886108825767
Switzerland,0.0833716595290786,74.78333333333333,5545,3857269,0.9230769230769232,89,Brazil,1.6029923560741046,1.4266631969059531,-3.5224892747879935,-10.096560296960615,0.3303834808,0.4762614357,True,95.91666666666669,0.07420077698087996,1.1123262840168566,-0.6084273141938856,0.9230769230769232,0.22621338895626666,-0.04763591497014948,0.17857747398611717
Switzerland,-0.0191429176148538,95.91666666666669,5549,3857269,0.8333333333333334,89,Brazil,1.6029923560741046,1.4266631969059531,-3.5224892747879935,-10.096560296960615,0.5796460177,0.4160114499,True,95.91666666666669,-0.017037196677219882,1.4266631969059531,-0.6574253086613107,0.8333333333333334,0.1779332918269813,-0.051472140339568595,0.12646115148741272
Switzerland,0.0584229942436944,95.91666666666669,6983,3857269,0.90625,89,Brazil,1.6029923560741046,1.4266631969059531,-3.5224892747879935,-10.096560296960615,0.8628318584,0.7442939984,True,95.91666666666669,0.051996464876888006,1.4266631969059531,-0.3966255180489007,0.90625,0.24696695338108918,-0.031053207198301677,0.2159137461827875
Switzerland,-0.0295529942456434,85.31666666666666,7796,3857269,0.6875,89,Brazil,1.6029923560741046,1.4266631969059531,-3.5224892747879935,-10.096560296960615,0.09734513274,0.4282556409,True,95.91666666666669,-0.026302164878622625,1.268998940914261,-0.8246954585793784,0.6875,0.14712162845812898,-0.06456830885905435,0.08255331959907464
Switzerland,-0.0495381713402478,95.91666666666669,8814,3857269,0.9473684210526316,89,Brazil,1.6029923560741046,1.4266631969059531,-3.5224892747879935,-10.096560296960615,0.7492625369,0.5476793097,True,95.91666666666669,-0.04408897249282054,1.4266631969059531,-0.5210502732624546,0.9473684210526316,0.15088151601138064,-0.040794859029609415,0.11008665698177122
Switzerland,-0.0276757106555118,74.71666666666667,16026,3857269,0.8,89,Brazil,1.6029923560741046,1.4266631969059531,-3.5224892747879935,-10.096560296960615,0.8554572271,0.7545403399,True,95.91666666666669,-0.024631382483405503,1.1113346849225694,-0.3097816660021013,0.8,0.1272457156858966,-0.02425389649138083,0.10299181919451578
Switzerland,-0.0012106794921164,57.86666666666667,30401,3857269,0.9090909090909092,89,Brazil,1.6029923560741046,1.4266631969059531,-3.5224892747879935,-10.096560296960615,0.1474926254,0.335372867,True,95.91666666666669,-0.001077504747983596,0.8607080138414367,-0.5593101238951981,0.9090909090909092,0.11654847893343888,-0.04379035733975137,0.07275812159368751
Switzerland,-0.0260410476313644,58.25,50436,3857269,0.8372093023255814,89,Brazil,1.6029923560741046,1.4266631969059531,-3.5224892747879935,-10.096560296960615,0.3775811209,0.5809635704,True,95.91666666666669,-0.023176532391914317,0.8664097086335891,-0.438248397250782,0.8372093023255814,0.09522865567449454,-0.03431200884677893,0.06091664682771561
Portugal,-0.0109193970599283,100.13333333333334,3193,3857270,0.8125,80,Uruguay,0.985809127618053,0.7985053933706229,1.5846941828719263,-0.7429311485957467,0.7330383481,0.6690818579,True,100.13333333333334,-0.008735517647942639,0.7886473020944423,0.18156243049535215,0.8125,0.09904251299050379,0.014215161448347067,0.11325767443885086
Portugal,-0.0124148047005206,100.13333333333334,5204,3857270,0.92,80,Uruguay,0.985809127618053,0.7985053933706229,1.5846941828719263,-0.7429311485957467,0.5914454277,0.6592990354,True,100.13333333333334,-0.00993184376041648,0.7886473020944423,0.07671358087586805,0.92,0.09784618687802996,0.006006176137079252,0.10385236301510921
Portugal,-0.0420502309953791,100.13333333333334,5206,3857270,0.9285714285714286,80,Uruguay,0.985809127618053,0.7985053933706229,1.5846941828719263,-0.7429311485957467,0.5516224189,0.444287858,True,100.13333333333334,-0.033640184796303284,0.7886473020944423,-0.03437338889260319,0.9285714285714286,0.07413784584214314,-0.0026912135473295645,0.07144663229481357
Portugal,0.0003428687057239,82.0,5207,3857270,0.8,80,Uruguay,0.985809127618053,0.7985053933706229,1.5846941828719263,-0.7429311485957467,0.51179941,0.4091717362,True,100.13333333333334,0.00027429496457912,0.6458296814754754,-0.062485941194446074,0.8,0.08853459968181554,-0.0048922441713717315,0.08364235551044381
Portugal,-0.0205234380694268,58.650000000000006,5209,3857270,0.8823529411764706,80,Uruguay,0.985809127618053,0.7985053933706229,1.5846941828719263,-0.7429311485957467,0.1814159292,0.3137067844,True,100.13333333333334,-0.01641875045554144,0.4619257416894712,-0.20434295513124515,0.8823529411764706,0.046708894320872184,-0.015998728867519484,0.0307101654533527
Portugal,-0.0262192251284649,82.03333333333333,5214,3857270,0.8,80,Uruguay,0.985809127618053,0.7985053933706229,1.5846941828719263,-0.7429311485957467,0.9056047198,0.7149854679,True,100.13333333333334,-0.02097538010277192,0.646092213866319,0.26413155760947327,0.8,0.06732080278711378,0.020679788901141437,0.08800059168825522
Portugal,-0.036794904237867,100.13333333333334,7005,3857270,0.7916666666666666,80,Uruguay,0.985809127618053,0.7985053933706229,1.5846941828719263,-0.7429311485957467,0.284660767,0.4526429321,True,100.13333333333334,-0.0294359233902936,0.7886473020944423,-0.22175462103461313,0.7916666666666666,0.07834210724815283,-0.017361949448042566,0.06098015780011026
Portugal,-0.0036522247154936,68.9,9927,3857270,0.8095238095238095,80,Uruguay,0.985809127618053,0.7985053933706229,1.5846941828719263,-0.7429311485957467,0.8805309735,0.5901887723,True,100.13333333333334,-0.00292177977239488,0.5426544518739056,0.17651652457780193,0.8095238095238095,0.07123840309367328,0.013820099721780334,0.08505850281545362
Portugal,-0.0062717214383963,82.0,12041,3857270,0.875,80,Uruguay,0.985809127618053,0.7985053933706229,1.5846941828719263,-0.7429311485957467,0.5855457227,0.4387790454,True,100.13333333333334,-0.00501737715071704,0.6458296814754754,-0.010049725000959991,0.875,0.08324292756651938,-0.000786828326820582,0.0824560992396988
Portugal,-0.0206221272956497,31.23333333333333,18360,3857270,0.8,80,Uruguay,0.985809127618053,0.7985053933706229,1.5846941828719263,-0.7429311485957467,0.2374631268,0.200140129,True,100.13333333333334,-0.01649770183651976,0.24599285022053674,-0.10995693792467712,0.8,0.017120145935858498,-0.008608915515730411,0.008511230420128087
Portugal,-0.0450404263541867,100.13333333333334,20016,3857270,0.85,80,Uruguay,0.985809127618053,0.7985053933706229,1.5846941828719263,-0.7429311485957467,0.5073746313,0.4674710482,True,100.13333333333334,-0.036032341083349365,0.7886473020944423,-0.05705118473699846,0.85,0.07174568955509707,-0.004466737967999761,0.0672789515870973
Uruguay,3.49313685782675e-05,72.98333333333333,4319,3857270,0.8,95,Portugal,1.0971540748884356,1.0532679118928983,8.03588439842585,-0.6533017020010202,0.6283185841,0.5488604471,True,100.13333333333334,3.318480014935412e-05,0.7596897152529355,0.04866247318050349,0.8,0.10385381689867705,0.0038099562274499536,0.107663773126127
Uruguay,0.0104091953955491,27.15000000000001,5246,3857270,1.0,95,Portugal,1.0971540748884356,1.0532679118928983,8.03588439842585,-0.6533017020010202,0.1533923304,0.2053955912,True,100.13333333333334,0.009888735625771645,0.2826066558910784,-0.10983130047522043,1.0,0.04851029527146739,-0.008599078917800361,0.03991121635366703
Uruguay,-0.0192371000213437,61.71666666666667,5249,3857270,0.6666666666666666,95,Portugal,1.0971540748884356,1.0532679118928983,8.03588439842585,-0.6533017020010202,0.7994100295,0.4799813195,True,100.13333333333334,-0.018275245020276516,0.6424140250243481,0.10020765527225864,0.6666666666666666,0.06951826963166413,0.00784560987738005,0.07736387950904418
Uruguay,0.0072327638367874,61.55,5255,3857270,0.84,95,Portugal,1.0971540748884356,1.0532679118928983,8.03588439842585,-0.6533017020010202,0.8702064897,0.7989720211,True,100.13333333333334,0.00687112564494803,0.6406791775357594,0.20654915430497825,0.84,0.09442755276069655,0.016171459962582835,0.11059901272327938
Uruguay,0.009964063916036,38.58333333333334,5258,3857270,0.6666666666666666,95,Portugal,1.0971540748884356,1.0532679118928983,8.03588439842585,-0.6533017020010202,0.6194690265,0.7902385438,True,100.13333333333334,0.0094658607202342,0.4016171936082544,0.05909812147313648,0.6666666666666666,0.06435162534870911,0.004626999846513771,0.06897862519522288
Uruguay,-0.0540977966514699,100.13333333333334,5259,3857270,0.9142857142857144,95,Portugal,1.0971540748884356,1.0532679118928983,8.03588439842585,-0.6533017020010202,0.6607669617,0.4666136503,True,100.13333333333334,-0.051392906818896404,1.0422963711440139,0.058300021231519804,0.9142857142857144,0.09104928492532702,0.004564513770756836,0.09561379869608386
Uruguay,-0.0278818977058338,100.13333333333334,5260,3857270,0.8695652173913043,95,Portugal,1.0971540748884356,1.0532679118928983,8.03588439842585,-0.6533017020010202,0.9100294985,0.87700696,True,100.13333333333334,-0.02648780282054211,1.0422963711440139,0.39454793451316206,0.8695652173913043,0.11595438892368132,0.030890545874026724,0.14684493479770805
Uruguay,0.0705632835978817,100.13333333333334,5264,3857270,0.8235294117647058,95,Portugal,1.0971540748884356,1.0532679118928983,8.03588439842585,-0.6533017020010202,0.3126843658,0.3960756387,True,100.13333333333334,0.06703511941798762,1.0422963711440139,-0.2177556885004293,0.8235294117647058,0.20947731116221105,-0.01704885895107477,0.19242845221113627
Uruguay,-0.0464059382600397,100.13333333333334,6300,3857270,0.9090909090909092,95,Portugal,1.0971540748884356,1.0532679118928983,8.03588439842585,-0.6533017020010202,0.715339233,0.3056659648,True,100.13333333333334,-0.04408564134703771,1.0422963711440139,0.03535271374774412,0.9090909090909092,0.09835655039718572,0.0027678883356556864,0.1011244387328414
Uruguay,-0.0155857876639912,100.13333333333334,6773,3857270,0.8620689655172413,95,Portugal,1.0971540748884356,1.0532679118928983,8.03588439842585,-0.6533017020010202,0.8908554572,0.6274891995,True,100.13333333333334,-0.01480649828079164,1.0422963711440139,0.28476639481757554,0.8620689655172413,0.1276356934634318,0.022295362902730063,0.14993105636616186
Uruguay,-0.0004649190242413,85.18333333333334,7104,3857270,0.7555555555555555,95,Portugal,1.0971540748884356,1.0532679118928983,8.03588439842585,-0.6533017020010202,0.2935103245,0.6120497975,True,100.13333333333334,-0.000441673073029235,0.8866805514176189,-0.1261673204673739,0.7555555555555555,0.12073376667476135,-0.009878083395644865,0.11085568327911649
Uruguay,-0.0057219440440511,71.75,32478,3857270,0.8,95,Portugal,1.0971540748884356,1.0532679118928983,8.03588439842585,-0.6533017020010202,0.3289085546,0.5698885358,True,100.13333333333334,-0.005435846841848545,0.74685184383738,-0.09976584982927941,0.8,0.09663033748885748,-0.007811019374908951,0.08881931811394853
Uruguay,0.0051811095457616,38.41666666666667,36288,3857270,0.4,95,Portugal,1.0971540748884356,1.0532679118928983,8.03588439842585,-0.6533017020010202,0.02654867257,0.4516185476,True,100.13333333333334,0.00492205406847352,0.39988234611966583,-0.15383482678858637,0.4,0.05957073116075632,-0.012044269804122508,0.04752646135663381
England,0.0082066878139854,70.45,3233,3857271,1.0,66,Iran,0.8959245443211505,0.5913101992519594,9.660343240427244,5.250348588127486,0.4306784661,0.5235398776,True,103.08333333333331,0.0054164139572303645,0.40411773843783877,0.20922698859480027,1.0,0.06064390776748276,0.016381117030170474,0.07702502479765323
England,-0.1026142804178707,103.08333333333331,3244,3857271,0.8333333333333334,66,Iran,0.8959245443211505,0.5913101992519594,9.660343240427244,5.250348588127486,0.7817109145,0.462803409,True,103.08333333333331,-0.06772542507579465,0.5913101992519594,0.5639466939228688,0.8333333333333334,0.013084144173415427,0.04415337071939211,0.05723751489280754
England,0.0127318510675899,103.08333333333331,3308,3857271,0.8888888888888888,66,Iran,0.8959245443211505,0.5913101992519594,9.660343240427244,5.250348588127486,0.2713864307,0.5358781701,True,103.08333333333331,0.008403021704609333,0.5913101992519594,0.18251891711200852,0.8888888888888888,0.08921259095381942,0.014290048150633757,0.10350263910445318
England,0.000771982611647,32.633333333333326,3318,3857271,1.0,66,Iran,0.8959245443211505,0.5913101992519594,9.660343240427244,5.250348588127486,0.2728613569,0.3480136824,True,103.08333333333331,0.0005095085236870201,0.1871924608141207,0.0322236365052683,1.0,0.026091583962644715,0.002522901869761901,0.028614485832406618
England,-0.0028886405274234,70.46666666666667,3336,3857271,0.7692307692307693,66,Iran,0.8959245443211505,0.5913101992519594,9.660343240427244,5.250348588127486,0.6637168142,0.4822305225,True,103.08333333333331,-0.001906502748099444,0.4042133423504098,0.3259758035859689,0.7692307692307693,0.05333405647351095,0.025521792496316257,0.07885584896982721
England,-0.0114658402089301,103.08333333333331,3382,3857271,0.9166666666666666,66,Iran,0.8959245443211505,0.5913101992519594,9.660343240427244,5.250348588127486,0.1342182891,0.315251099,True,103.08333333333331,-0.007567454537893866,0.5913101992519594,-0.024780265923282307,0.9166666666666666,0.07324211471131621,-0.0019401341999629633,0.07130198051135325
England,0.0007774921062296,27.916666666666657,3616,3857271,1.0,66,Iran,0.8959245443211505,0.5913101992519594,9.660343240427244,5.250348588127486,0.2064896755,0.5357678441,True,103.08333333333331,0.000513144790111536,0.16013655355651282,0.03518262214359697,1.0,0.022397708814756136,0.0027545712655582914,0.025152280080314428
England,0.0076212926700224,103.08333333333331,3943,3857271,0.8666666666666667,66,Iran,0.8959245443211505,0.5913101992519594,9.660343240427244,5.250348588127486,0.9557522124,0.7569595248,True,103.08333333333331,0.005030053162214785,0.5913101992519594,0.833172845578684,0.8666666666666667,0.08583962241142487,0.0652320333119958,0.15107165572342068
England,0.0047316294664949,32.61666666666666,4354,3857271,1.0,66,Iran,0.8959245443211505,0.5913101992519594,9.660343240427244,5.250348588127486,0.4764011799,0.3875183835,True,103.08333333333331,0.0031228754478866342,0.18709685690154965,0.08981518670416944,1.0,0.028691885475486335,0.007031946950863751,0.035723832426350084
England,-0.0028152372174426,70.46666666666667,7843,3857271,0.8636363636363636,66,Iran,0.8959245443211505,0.5913101992519594,9.660343240427244,5.250348588127486,0.5324483776,0.586076757,True,103.08333333333331,-0.001858056563512116,0.4042133423504098,0.2842601851762126,0.8636363636363636,0.053382502658098276,0.022255729968983517,0.07563823262708179
England,-0.0071442186168484,32.633333333333326,9638,3857271,0.875,66,Iran,0.8959245443211505,0.5913101992519594,9.660343240427244,5.250348588127486,0.3480825959,0.5433548794,True,103.08333333333331,-0.004715184287119945,0.1871924608141207,0.07847606114661959,0.875,0.02086689115183775,0.006144166918156072,0.02701105806999382
England,-0.0043807661775186,75.16666666666667,10955,3857271,0.9,66,Iran,0.8959245443211505,0.5913101992519594,9.660343240427244,5.250348588127486,0.4675516224,0.3068550895,True,103.08333333333331,-0.0028913056771622757,0.43117364569544664,0.1761077686694842,0.9,0.05603369954740321,0.013788096783651286,0.0698217963310545
England,-0.0449844232876272,32.61666666666666,10956,3857271,1.0,66,Iran,0.8959245443211505,0.5913101992519594,9.660343240427244,5.250348588127486,0.7625368732,0.4289647726,True,103.08333333333331,-0.029689719369833955,0.18709685690154965,0.16885631618062882,1.0,-0.004120709342234255,0.013220355056561241,0.009099645714326986
England,-0.011356844360537,70.45,22084,3857271,0.9333333333333332,66,Iran,0.8959245443211505,0.5913101992519594,9.660343240427244,5.250348588127486,0.2861356932,0.6234613015,True,103.08333333333331,-0.00749551727795442,0.40411773843783877,0.15900438307150846,0.9333333333333332,0.04773197653229798,0.012449012552815419,0.0601809890851134
England,-0.0252542863317268,103.08333333333331,30714,3857271,0.7307692307692307,66,Iran,0.8959245443211505,0.5913101992519594,9.660343240427244,5.250348588127486,0.784660767,0.8155913125,True,103.08333333333331,-0.01666782897893969,0.5913101992519594,0.7201799816925608,0.7307692307692307,0.06414174027027039,0.056385424471884105,0.1205271647421545
Iran,0.00437089733067,103.08333333333331,5220,3857271,0.935483870967742,82,England,1.2452804301035594,1.0211299526849187,-12.123489618616873,-2.1041061039444293,0.7418879056,0.4754002937,True,103.08333333333331,0.0035841358111494003,1.0211299526849187,0.023157784714047086,0.935483870967742,0.1431336848098362,0.0018131044379507254,0.14494678924778692
Iran,-0.0209778730538653,45.0,5222,3857271,0.9444444444444444,82,England,1.2452804301035594,1.0211299526849187,-12.123489618616873,-2.1041061039444293,0.814159292,0.3745273703,True,103.08333333333331,-0.017201855904169547,0.4457640860548554,0.015739383521002265,0.9444444444444444,0.04371710647197505,0.0012322917094581855,0.04494939818143323
Iran,0.0200203335837553,26.38333333333333,5224,3857271,1.0,82,England,1.2452804301035594,1.0211299526849187,-12.123489618616873,-2.1041061039444293,0.6666666667,0.3230939808,True,103.08333333333331,0.016416673538679344,0.26134983267586526,-0.022978668288468902,1.0,0.052133235554026346,-0.0017990807828327693,0.05033415477119357
Iran,0.0073397469895021,103.08333333333331,5226,3857271,1.0,82,England,1.2452804301035594,1.0211299526849187,-12.123489618616873,-2.1041061039444293,0.5781710914,0.4947078457,True,103.08333333333331,0.006018592531391722,1.0211299526849187,-0.08697095899246446,1.0,0.14556814153007852,-0.006809262356878962,0.13875887917319957
Iran,-0.0267366074387518,103.08333333333331,5228,3857271,0.9302325581395348,82,England,1.2452804301035594,1.0211299526849187,-12.123489618616873,-2.1041061039444293,0.604719764,0.4833574952,True,103.08333333333331,-0.02192401809977648,1.0211299526849187,-0.07229127817319349,0.9302325581395348,0.11762553089891031,-0.005659938500138223,0.11196559239877209
Iran,-0.0401169038591292,103.08333333333331,5230,3857271,0.8571428571428571,82,England,1.2452804301035594,1.0211299526849187,-12.123489618616873,-2.1041061039444293,0.4616519174,0.5363074931,True,103.08333333333331,-0.032895861164485944,1.0211299526849187,-0.15457608259768663,0.8571428571428571,0.10665368783420084,-0.01210230532927018,0.09455138250493067
Iran,-0.0222960371937582,45.0,5239,3857271,0.95,82,England,1.2452804301035594,1.0211299526849187,-12.123489618616873,-2.1041061039444293,0.3112094395,0.7046495177,True,103.08333333333331,-0.018282750498881725,0.4457640860548554,-0.08622869562567101,0.95,0.04263621187726287,-0.006751147946494747,0.03588506393076812
Iran,-0.0270474698583837,62.833333333333336,5720,3857271,1.0,82,England,1.2452804301035594,1.0211299526849187,-12.123489618616873,-2.1041061039444293,0.3215339233,0.649313283,True,103.08333333333331,-0.02217892528387463,0.6224187423802983,-0.12892614868562408,1.0,0.06288199625614951,-0.01009408176283838,0.05278791449331113
Iran,-0.0172158662181864,58.08333333333333,5722,3857271,0.75,82,England,1.2452804301035594,1.0211299526849187,-12.123489618616873,-2.1041061039444293,0.9646017699,0.7614734064,True,103.08333333333331,-0.014117010298912847,0.5753658666300634,0.16553122729888428,0.75,0.06451357632362935,0.012960022149829678,0.07747359847345903
Iran,-0.0168235156597751,103.08333333333331,23538,3857271,0.9714285714285714,82,England,1.2452804301035594,1.0211299526849187,-12.123489618616873,-2.1041061039444293,0.2817109145,0.3772226199,True,103.08333333333331,-0.01379528284101558,1.0211299526849187,-0.3453557615507141,0.9714285714285714,0.1257542661576712,-0.02703911758708213,0.09871514857058908
Iran,-0.0223311901561181,58.08333333333333,23874,3857271,1.0,82,England,1.2452804301035594,1.0211299526849187,-12.123489618616873,-2.1041061039444293,0.4483775811,0.4495937407,True,103.08333333333331,-0.01831157592801684,0.5753658666300634,-0.11136752612315647,1.0,0.06031901069452536,-0.008719355428458008,0.05159965526606735
Iran,-0.0110858344044482,40.24999999999999,124161,3857271,1.0,82,England,1.2452804301035594,1.0211299526849187,-12.123489618616873,-2.1041061039444293,0.6873156342,0.4282339251,True,103.08333333333331,-0.009090384211647524,0.39871121030462064,-0.013386420316311008,1.0,0.04539824324701514,-0.0010480699420724348,0.04435017330494271
Iran,-0.0152701842776111,76.7,124167,3857271,0.9285714285714286,82,England,1.2452804301035594,1.0211299526849187,-12.123489618616873,-2.1041061039444293,0.918879056,0.6805585092,True,103.08333333333331,-0.012521551107641103,0.7597801200090537,0.17086441078137457,0.9285714285714286,0.0913114358756987,0.013377575847642719,0.10468901172334143
Iran,-0.0106740347089847,58.08333333333333,124175,3857271,0.9230769230769232,82,England,1.2452804301035594,1.0211299526849187,-12.123489618616873,-2.1041061039444293,0.3761061947,0.2328722604,True,103.08333333333331,-0.008752708461367453,0.5753658666300634,-0.18784807224774075,0.9230769230769232,0.06987787816117474,-0.01470728645500676,0.05517059170616798
Iran,-0.0058616051067076,45.0,125818,3857271,0.9,82,England,1.2452804301035594,1.0211299526849187,-12.123489618616873,-2.1041061039444293,0.8879056047,0.8521940899,True,103.08333333333331,-0.004806516187500232,0.4457640860548554,0.11951348980105549,0.9,0.05611244618864436,0.00935713158356775,0.06546957777221211
England,-0.0077321546996745,67.85,3233,3857272,0.9333333333333332,71,United States,0.9521582816949594,0.6760323800034211,-4.3716213976555345,-1.1297029512568464,0.4306784661,0.5235398776,True,94.56666666666666,-0.005489829836768895,0.4850419138163425,-0.08153087967487699,0.9333333333333332,0.06079691470593694,-0.006383339408059993,0.05441357529787695
England,0.0358670800415423,94.56666666666666,3244,3857272,1.0,71,United States,0.9521582816949594,0.6760323800034211,-4.3716213976555345,-1.1297029512568464,0.7817109145,0.462803409,True,94.56666666666666,0.025465626829495033,0.6760323800034211,0.09929993900623446,1.0,0.11785348940264977,0.007774541577426031,0.1256280309800758
England,0.0009517798243195,94.56666666666666,3308,3857272,0.9,71,United States,0.9521582816949594,0.6760323800034211,-4.3716213976555345,-1.1297029512568464,0.2713864307,0.5358781701,True,94.56666666666666,0.000675763675266845,0.6760323800034211,-0.21574329098999948,0.9,0.09306362624842157,-0.016891301270055822,0.07617232497836575
England,0.0141827085167079,94.56666666666666,3336,3857272,0.9655172413793104,71,United States,0.9521582816949594,0.6760323800034211,-4.3716213976555345,-1.1297029512568464,0.6637168142,0.4822305225,True,94.56666666666666,0.010069723046862608,0.6760323800034211,0.027369279243451644,0.9655172413793104,0.10245758562001735,0.0021428371613505083,0.10460042278136786
England,-0.0277376960734747,94.56666666666666,3382,3857272,0.9523809523809524,71,United States,0.9521582816949594,0.6760323800034211,-4.3716213976555345,-1.1297029512568464,0.1342182891,0.315251099,True,94.56666666666666,-0.019693764212167036,0.6760323800034211,-0.38696365869647376,0.9523809523809524,0.0726940983609877,-0.030296746237676416,0.04239735212331128
England,-0.0136855230254472,26.28333333333333,3532,3857272,1.0,71,United States,0.9521582816949594,0.6760323800034211,-4.3716213976555345,-1.1297029512568464,0.6946902655,0.4822045634,True,94.56666666666666,-0.009716721348067512,0.18789267946164878,0.013362679972452253,1.0,0.01596104729448889,0.001046211227029511,0.017007258521518402
England,0.0577728220226123,94.56666666666666,3943,3857272,0.8,71,United States,0.9521582816949594,0.6760323800034211,-4.3716213976555345,-1.1297029512568464,0.9557522124,0.7569595248,True,94.56666666666666,0.04101870363605473,0.6760323800034211,0.32166936665062656,0.8,0.13340656620920946,0.02518462639793346,0.1585911926071429
England,-0.028713346538576,94.56666666666666,7843,3857272,0.8620689655172413,71,United States,0.9521582816949594,0.6760323800034211,-4.3716213976555345,-1.1297029512568464,0.5324483776,0.586076757,True,94.56666666666666,-0.020386476042388958,0.6760323800034211,-0.023034284770586368,0.8620689655172413,0.07200138653076578,-0.001803435192885179,0.0701979513378806
England,0.009819040470566,26.71666666666667,9638,3857272,0.8,71,United States,0.9521582816949594,0.6760323800034211,-4.3716213976555345,-1.1297029512568464,0.3480825959,0.5433548794,True,94.56666666666666,0.00697151873410186,0.19099046618707863,-0.04569625932090641,0.8,0.03307263676455076,-0.0035777209087804527,0.029494915855770305
England,-0.0176757605956693,94.56666666666666,10955,3857272,0.9411764705882352,71,United States,0.9521582816949594,0.6760323800034211,-4.3716213976555345,-1.1297029512568464,0.4675516224,0.3068550895,True,94.56666666666666,-0.012549790022925205,0.6760323800034211,-0.16701613614187355,0.9411764705882352,0.07983807255022952,-0.013076280887287541,0.06676179166294198
England,0.0185613990406541,77.7,22084,3857272,0.8333333333333334,71,United States,0.9521582816949594,0.6760323800034211,-4.3716213976555345,-1.1297029512568464,0.2861356932,0.6234613015,True,94.56666666666666,0.013178593318864411,0.5554569889982287,-0.14323790660935815,0.8333333333333334,0.08908839510174199,-0.011214599641677573,0.07787379546006441
England,-0.0249046950091003,68.28333333333333,30714,3857272,0.8823529411764706,71,United States,0.9521582816949594,0.6760323800034211,-4.3716213976555345,-1.1297029512568464,0.784660767,0.8155913125,True,94.56666666666666,-0.017682333456461214,0.4881397005417724,0.16487791954227,0.8823529411764706,0.04902776047413712,0.012908872387126059,0.06193663286126318
United States,-0.013979190343233,82.35,3377,3857272,0.8666666666666667,66,England,1.2452804301035594,0.8218850838683492,-4.246359983400517,-2.6993662302261647,0.3613569322,0.3548396678,True,94.56666666666666,-0.00922626562653378,0.7157092350006192,-0.2802032918347027,0.8666666666666667,0.08858391092927008,-0.02193810151649503,0.06664580941277505
United States,-0.0280354284763982,94.56666666666666,4614,3857272,0.9444444444444444,66,England,1.2452804301035594,0.8218850838683492,-4.246359983400517,-2.6993662302261647,0.2418879056,0.4402512238,True,94.56666666666666,-0.01850338279442281,0.8218850838683492,-0.36948614358066756,0.9444444444444444,0.09381698591183729,-0.028928370090643776,0.06488861582119351
United States,-0.0088103828625281,94.56666666666666,8246,3857272,0.9166666666666666,66,England,1.2452804301035594,0.8218850838683492,-4.246359983400517,-2.6993662302261647,0.4351032448,0.5270393589,True,94.56666666666666,-0.005814852689268546,0.8218850838683492,-0.2136714545103419,0.9166666666666666,0.10650551601699156,-0.016729089903020494,0.08977642611397106
United States,0.0241658017149326,76.7,8526,3857272,0.9565217391304348,66,England,1.2452804301035594,0.8218850838683492,-4.246359983400517,-2.6993662302261647,0.6740412979,0.5551789827,True,94.56666666666666,0.015949429131855517,0.6666047155379174,-0.03947702339805552,0.9565217391304348,0.10704888926336927,-0.003090795048141303,0.10395809421522796
United States,0.0280177637367177,94.56666666666666,12524,3857272,0.9375,66,England,1.2452804301035594,0.8218850838683492,-4.246359983400517,-2.6993662302261647,0.6799410029,0.4647031631,True,94.56666666666666,0.018491724066233683,0.8218850838683492,-0.07647764809458743,0.9375,0.13081209277249378,-0.0059877041295845765,0.1248243886429092
United States,0.0143077258025043,94.56666666666666,12751,3857272,0.9285714285714286,66,England,1.2452804301035594,0.8218850838683492,-4.246359983400517,-2.6993662302261647,0.9159292035,0.8420840335,True,94.56666666666666,0.009443099029652837,0.8218850838683492,0.2087213650402969,0.9285714285714286,0.12176346773591293,0.01634152998322611,0.13810499771913903
United States,0.0213226852178314,94.56666666666666,18242,3857272,0.8695652173913043,66,England,1.2452804301035594,0.8218850838683492,-4.246359983400517,-2.6993662302261647,0.6401179941,0.385639846,True,94.56666666666666,0.014072972243768724,0.8218850838683492,-0.1299828687030316,0.8695652173913043,0.12639334095002883,-0.010176816090706572,0.11621652485932225
United States,0.0145833464440378,77.21666666666667,21881,3857272,0.8333333333333334,66,England,1.2452804301035594,0.8218850838683492,-4.246359983400517,-2.6993662302261647,0.3038348083,0.3576904222,True,94.56666666666666,0.009625008653064948,0.6710950993235922,-0.2924227724398013,0.8333333333333334,0.10133813311836334,-0.022894807643101266,0.07844332547526207
United States,-0.025258738177467,82.5,22008,3857272,0.875,66,England,1.2452804301035594,0.8218850838683492,-4.246359983400517,-2.6993662302261647,0.116519174,0.3895227227,True,94.56666666666666,-0.01667076719712822,0.7170128948093635,-0.4088370475410386,0.875,0.08131756997170989,-0.03200929080430097,0.04930827916740892
United States,0.0055399255772463,94.56666666666666,38792,3857272,1.0,66,England,1.2452804301035594,0.8218850838683492,-4.246359983400517,-2.6993662302261647,0.7197640118,0.7109273675,True,94.56666666666666,0.003656350880982558,0.8218850838683492,0.035477191337660974,1.0,0.11597671958724265,0.0027776341241017963,0.11875435371134445
Iran,-0.0144793633279787,102.13333333333334,5220,3857273,0.9565217391304348,94,Wales,0.9088508136605026,0.8634082729774775,0.6951668123846511,-5.8265596203029,0.7418879056,0.4754002937,True,102.13333333333334,-0.013610601528299977,0.8543197648408725,-0.23858742562185337,0.9565217391304348,0.10314235197260921,-0.018679848939601874,0.08446250303300734
Iran,-0.0092319210514684,24.73333333333333,5222,3857273,1.0,94,Wales,0.9088508136605026,0.8634082729774775,0.6951668123846511,-5.8265596203029,0.814159292,0.3745273703,True,102.13333333333334,-0.008678005788380296,0.20688814148561596,-0.05488615304860312,1.0,0.019595718590756324,-0.004297230020197117,0.015298488570559206
Iran,0.0074266300083175,67.3,5224,3857273,0.6521739130434783,94,Wales,0.9088508136605026,0.8634082729774775,0.6951668123846511,-5.8265596203029,0.6666666667,0.3230939808,True,102.13333333333334,0.006981032207818451,0.5629476518321544,-0.22612238803097884,0.6521739130434783,0.08391452212894626,-0.017703917292671578,0.06621060483627468
Iran,-0.0076075811621043,102.13333333333334,5226,3857273,0.9142857142857144,94,Wales,0.9088508136605026,0.8634082729774775,0.6951668123846511,-5.8265596203029,0.5781710914,0.4947078457,True,102.13333333333334,-0.007151126292378042,0.8543197648408725,-0.34055776380633374,0.9142857142857144,0.10960182720853114,-0.026663465463572372,0.08293836174495876
Iran,-0.0503584197902418,102.13333333333334,5228,3857273,0.8125,94,Wales,0.9088508136605026,0.8634082729774775,0.6951668123846511,-5.8265596203029,0.604719764,0.4833574952,True,102.13333333333334,-0.04733691460282729,0.8543197648408725,-0.3269655628313508,0.8125,0.0694160388980819,-0.025599284229764152,0.04381675466831775
Iran,-0.0145955996547624,75.8,5230,3857273,0.8666666666666667,94,Wales,0.9088508136605026,0.8634082729774775,0.6951668123846511,-5.8265596203029,0.4616519174,0.5363074931,True,102.13333333333334,-0.013719863675476656,0.6340480239060522,-0.2992081241131568,0.8666666666666667,0.07293033745411455,-0.02342605669753067,0.04950428075658388
Iran,-0.0073322983557522,34.83333333333334,5231,3857273,1.0,94,Wales,0.9088508136605026,0.8634082729774775,0.6951668123846511,-5.8265596203029,0.8761061947,0.5912311285,True,102.13333333333334,-0.0068923604544070685,0.29137211300871796,-0.03677970714314008,1.0,0.0329271031253743,-0.0028796126689659184,0.030047490456408383
Iran,-0.0172652696651403,102.13333333333334,5235,3857273,0.7368421052631579,94,Wales,0.9088508136605026,0.8634082729774775,0.6951668123846511,-5.8265596203029,0.3407079646,0.4454240662,True,102.13333333333334,-0.016229353485231884,0.8543197648408725,-0.5161392127150797,0.7368421052631579,0.1005236000156773,-0.04041035482148069,0.060113245194196606
Iran,-0.0088671915967553,26.41666666666667,5239,3857273,1.0,94,Wales,0.9088508136605026,0.8634082729774775,0.6951668123846511,-5.8265596203029,0.3112094395,0.7046495177,True,102.13333333333334,-0.008335160100949982,0.220968803406133,-0.11456184655886328,1.0,0.021862854144960767,-0.00896945001348555,0.012893404131475217
Iran,-0.0238854825755832,102.13333333333334,5720,3857273,0.9130434782608696,94,Wales,0.9088508136605026,0.8634082729774775,0.6951668123846511,-5.8265596203029,0.3215339233,0.649313283,True,102.13333333333334,-0.022452353621048207,0.8543197648408725,-0.45587468965059474,0.9130434782608696,0.09430059987986097,-0.03569203329079806,0.05860856658906292
Iran,-0.0281575441613621,82.18333333333334,5722,3857273,0.9,94,Wales,0.9088508136605026,0.8634082729774775,0.6951668123846511,-5.8265596203029,0.9646017699,0.7614734064,True,102.13333333333334,-0.026468091511680374,0.6874430092086067,0.009642780535006834,0.9,0.06747916921171765,0.0007549672128871926,0.06823413642460484
Iran,-0.0106532318698596,75.71666666666667,23874,3857273,0.7647058823529411,94,Wales,0.9088508136605026,0.8634082729774775,0.6951668123846511,-5.8265596203029,0.4483775811,0.4495937407,True,102.13333333333334,-0.010014037957668025,0.6333509614347395,-0.3284460558963698,0.7647058823529411,0.0765409012973304,-0.02571519724042933,0.05082570405690107
Iran,0.0021199587468213,26.333333333333343,124161,3857273,1.0,94,Wales,0.9088508136605026,0.8634082729774775,0.6951668123846511,-5.8265596203029,0.6873156342,0.4282339251,True,102.13333333333334,0.001992761222012022,0.22027174093482033,-0.07522882292866236,1.0,0.032095513593329995,-0.005889929213783159,0.026205584379546835
Iran,-0.0358302360832564,77.4,124167,3857273,0.9487179487179488,94,Wales,0.9088508136605026,0.8634082729774775,0.6951668123846511,-5.8265596203029,0.918879056,0.6805585092,True,102.13333333333334,-0.03368042191826102,0.6474316233552565,-0.03592349893684399,0.9487179487179488,0.05479880720351154,-0.0028125771162213755,0.05198623008729016
Wales,-0.0155426100027047,102.13333333333334,3086,3857273,0.9523809523809524,78,Iran,0.8959245443211505,0.6988211445704974,-9.477022102440486,-3.6026373424261924,0.5457227139,0.4161639594,True,102.13333333333334,-0.012123235802109666,0.6988211445704974,-0.24114357309394405,0.9523809523809524,0.08337898240150224,-0.018879978718116176,0.06449900368338607
Wales,-0.0140143369894499,86.8,3517,3857273,0.95,78,Iran,0.8959245443211505,0.6988211445704974,-9.477022102440486,-3.6026373424261924,0.6725663717,0.5800352844,True,102.13333333333334,-0.010931182851770922,0.593906742970488,-0.0783077529875657,0.95,0.07023323496879219,-0.006130989480249466,0.06410224548854272
Wales,0.018631156612269,102.13333333333334,3853,3857273,0.896551724137931,78,Iran,0.8959245443211505,0.6988211445704974,-9.477022102440486,-3.6026373424261924,0.2802359882,0.4049229365,True,102.13333333333334,0.014532302157569819,0.6988211445704974,-0.42925836912560483,0.896551724137931,0.11003452036118172,-0.033608147916541785,0.07642637244463993
Wales,-0.0092528218457584,102.13333333333334,4767,3857273,0.8636363636363636,78,Iran,0.8959245443211505,0.6988211445704974,-9.477022102440486,-3.6026373424261924,0.5575221239,0.5690763166,True,102.13333333333334,-0.007217201039691552,0.6988211445704974,-0.17592828887563916,0.8636363636363636,0.08828501716392036,-0.013774044679153332,0.07451097248476703
Wales,-0.0052650298710124,56.88333333333333,4774,3857273,0.4166666666666667,78,Iran,0.8959245443211505,0.6988211445704974,-9.477022102440486,-3.6026373424261924,0.04572271386,0.1886447572,True,102.13333333333334,-0.004106723299389672,0.3892096224574262,-0.37449476159677814,0.4166666666666667,0.04908339920859457,-0.02932051241622216,0.01976288679237241
Wales,0.1158901333318744,76.86666666666666,4934,3857273,0.9444444444444444,78,Iran,0.8959245443211505,0.6988211445704974,-9.477022102440486,-3.6026373424261924,0.895280236,0.5698266334,True,102.13333333333334,0.09039430399886203,0.5259404567165687,0.043907839682263666,0.9444444444444444,0.16227032070171094,0.0034376992433326997,0.16570801994504364
Wales,0.0231248606776264,102.13333333333334,6399,3857273,1.0,78,Iran,0.8959245443211505,0.6988211445704974,-9.477022102440486,-3.6026373424261924,0.4646017699,0.4377217129,True,102.13333333333334,0.01803739132854859,0.6988211445704974,-0.28930012216309764,1.0,0.1135396095321605,-0.022650324366968847,0.09088928516519165
Wales,0.0006831164405948,56.9,9540,3857273,1.0,78,Iran,0.8959245443211505,0.6988211445704974,-9.477022102440486,-3.6026373424261924,0.5383480826,0.50667722,True,102.13333333333334,0.000532830823663944,0.3893236598504696,-0.11838038667408322,1.0,0.053738537897281925,-0.00926841695332408,0.044470120943957844
Wales,-0.0153376896129006,25.26666666666668,10931,3857273,1.0,78,Iran,0.8959245443211505,0.6988211445704974,-9.477022102440486,-3.6026373424261924,0.9601769912,0.5345892028,True,102.13333333333334,-0.011963397898062469,0.17288068785392863,0.02230327070603924,1.0,0.011662803602700542,0.0017462015299506224,0.013409005132651164
Wales,0.1063966592446804,102.13333333333334,11250,3857273,1.0,78,Iran,0.8959245443211505,0.6988211445704974,-9.477022102440486,-3.6026373424261924,0.6533923304,0.5144938931,True,102.13333333333334,0.08298939421085072,0.6988211445704974,-0.1298730894300095,1.0,0.17849161241446262,-0.010168221085201117,0.1683233913292615
Wales,0.0081005477080631,45.23333333333334,11252,3857273,1.0,78,Iran,0.8959245443211505,0.6988211445704974,-9.477022102440486,-3.6026373424261924,0.0604719764,0.4223022793,True,102.13333333333334,0.006318427212289218,0.30949748472002775,-0.25466847077648946,1.0,0.048614938342283136,-0.019938890540376016,0.02867604780190712
Wales,-0.0006619084100924,45.25000000000001,29377,3857273,1.0,78,Iran,0.8959245443211505,0.6988211445704974,-9.477022102440486,-3.6026373424261924,0.02212389381,0.1956711766,True,102.13333333333334,-0.000516288559872072,0.30961152211307125,-0.30398798036658237,1.0,0.0417958071357556,-0.02380028845988899,0.017995518675866608
Wales,-0.0183524746929882,102.13333333333334,34794,3857273,0.8333333333333334,78,Iran,0.8959245443211505,0.6988211445704974,-9.477022102440486,-3.6026373424261924,0.1681415929,0.4430600443,True,102.13333333333334,-0.014314930260530797,0.6988211445704974,-0.49268782535956424,0.8333333333333334,0.08118728794308111,-0.038574263199789655,0.042613024743291456
Ecuador,0.0624040680735287,96.13333333333334,23830,3857274,1.0,79,Netherlands,1.1268362245861638,0.901468979668931,15.316131574894651,6.176185841844938,0.9528023599,0.729475617,True,96.13333333333334,0.049299213778087665,0.8902006174230696,0.8585871593764225,1.0,0.17095571239817423,0.06722180935072895,0.23817752174890316
Ecuador,-0.0279144144562188,96.13333333333334,24085,3857274,0.8235294117647058,79,Netherlands,1.1268362245861638,0.901468979668931,15.316131574894651,6.176185841844938,0.1135693215,0.4315287292,True,96.13333333333334,-0.022052387420412854,0.8902006174230696,0.08764530795878894,0.8235294117647058,0.09960411119967372,0.00686205950991704,0.10646617070959076
Ecuador,-0.0017338469423956,89.03333333333333,28559,3857274,0.7142857142857143,79,Netherlands,1.1268362245861638,0.901468979668931,15.316131574894651,6.176185841844938,0.4660766962,0.4266189719,True,96.13333333333334,-0.001369739084492524,0.8244541779254572,0.3310594929604794,0.7142857142857143,0.11130172687051829,0.025919812422656487,0.13722153929317477
Ecuador,-0.0306205915102536,96.13333333333334,30111,3857274,0.9090909090909092,79,Netherlands,1.1268362245861638,0.901468979668931,15.316131574894651,6.176185841844938,0.7802359882,0.4729768655,True,96.13333333333334,-0.024190267293100344,0.8902006174230696,0.6189900785416226,0.9090909090909092,0.09746623132698623,0.04846291095238144,0.14592914227936768
Ecuador,-0.0216917156607522,89.15,31152,3857274,0.925925925925926,79,Netherlands,1.1268362245861638,0.901468979668931,15.316131574894651,6.176185841844938,0.4587020649,0.6170396784,True,96.13333333333334,-0.017136455371994236,0.8255345184805823,0.3995493385900993,0.925925925925926,0.09568265196483708,0.03128212339492747,0.12696477535976455
Ecuador,-0.003877645151411,73.38333333333334,34396,3857274,0.95,79,Netherlands,1.1268362245861638,0.901468979668931,15.316131574894651,6.176185841844938,0.3879056047,0.5557670554,True,96.13333333333334,-0.0030633396696146896,0.6795342091736781,0.26778656693314373,0.95,0.08980308949547566,0.0209659524399828,0.11076904193545846
Ecuador,-0.020861352594925,96.13333333333334,37726,3857274,0.951219512195122,79,Netherlands,1.1268362245861638,0.901468979668931,15.316131574894651,6.176185841844938,0.9041297935,0.7545855186,True,96.13333333333334,-0.01648046854999075,0.8902006174230696,0.8314780719060291,0.951219512195122,0.10517603007009582,0.06509934351868629,0.17027537358878211
Ecuador,-0.016944673656987,96.13333333333334,37737,3857274,0.7142857142857143,79,Netherlands,1.1268362245861638,0.901468979668931,15.316131574894651,6.176185841844938,0.2168141593,0.5654427967,True,96.13333333333334,-0.013386292189019731,0.8902006174230696,0.22287699194474084,0.7142857142857143,0.10827020643106683,0.01744982381527187,0.1257200302463387
Ecuador,-0.027613609869396,96.13333333333334,38004,3857274,0.8679245283018868,79,Netherlands,1.1268362245861638,0.901468979668931,15.316131574894651,6.176185841844938,0.6032448378,0.5827864458,True,96.13333333333334,-0.02181475179682284,0.8902006174230696,0.5280942635474053,0.8679245283018868,0.09984174682326373,0.04134635781087147,0.1411881046341352
Ecuador,0.0196145924149066,22.75,40211,3857274,1.0,79,Netherlands,1.1268362245861638,0.901468979668931,15.316131574894651,6.176185841844938,0.5235988201,0.5361085568,True,96.13333333333334,0.015495528007776213,0.21066640824939145,0.10585087036912208,1.0,0.04428559746277243,0.008287437041021797,0.052573034503794226
Ecuador,0.1486968634459688,96.13333333333334,51969,3857274,0.9130434782608696,79,Netherlands,1.1268362245861638,0.901468979668931,15.316131574894651,6.176185841844938,0.5663716814,0.5717678221,True,96.13333333333334,0.11747052212231536,0.8902006174230696,0.49508209828807687,0.9130434782608696,0.23912702074240194,0.03876171925078741,0.27788873999318936
Netherlands,0.0044601059301428,51.13333333333334,2988,3857274,0.9166666666666666,88,Ecuador,0.6972277687610157,0.6275049918849142,-1.1457603465644506,-1.0119941153820315,0.4424778761,0.5290209839,True,96.13333333333334,0.003924893218525664,0.32635288127804096,-0.05128100378052202,0.9166666666666666,0.04852489469436643,-0.004014970200523273,0.04450992449384316
Netherlands,0.0056364708812058,96.13333333333334,3306,3857274,0.68,88,Ecuador,0.6972277687610157,0.6275049918849142,-1.1457603465644506,-1.0119941153820315,0.4837758112,0.3478771477,True,96.13333333333334,0.004960094375461104,0.6135604365096937,-0.1347502284684836,0.68,0.08881042309535991,-0.010550069459056854,0.07826035363630306
Netherlands,-0.0122753411060163,96.13333333333334,3311,3857274,0.78125,88,Ecuador,0.6972277687610157,0.6275049918849142,-1.1457603465644506,-1.0119941153820315,0.1253687316,0.4101641711,True,96.13333333333334,-0.010802300173294343,0.6135604365096937,-0.35621118728009116,0.78125,0.07304802854660447,-0.027889027058510943,0.04515900148809353
Netherlands,-0.0273175156711445,96.13333333333334,3669,3857274,0.935483870967742,88,Ecuador,0.6972277687610157,0.6275049918849142,-1.1457603465644506,-1.0119941153820315,0.703539823,0.447794578,True,96.13333333333334,-0.024039413790607162,0.6135604365096937,0.051738251565247986,0.935483870967742,0.05981091492929165,0.004050769738258284,0.06386168466754993
Netherlands,-0.0029770312529859,68.93333333333334,4318,3857274,0.875,88,Ecuador,0.6972277687610157,0.6275049918849142,-1.1457603465644506,-1.0119941153820315,0.8643067847,0.5964518954,True,96.13333333333334,-0.002619787502627592,0.4399594253474503,0.15481282219985837,0.875,0.05750589897197392,0.012120840505610941,0.06962673947758485
Netherlands,0.0016626207878336,27.200000000000003,7745,3857274,1.0,88,Ecuador,0.6972277687610157,0.6275049918849142,-1.1457603465644506,-1.0119941153820315,0.7477876106,0.4862020094,True,96.13333333333334,0.001463106293293568,0.17360101116224344,0.02716223369458927,1.0,0.025187748538590876,0.0021266268369116337,0.02731437537550251
Netherlands,-0.0347610048018362,79.03333333333333,7891,3857274,0.8604651162790697,88,Ecuador,0.6972277687610157,0.6275049918849142,-1.1457603465644506,-1.0119941153820315,0.7861356932,0.7761150665,True,96.13333333333334,-0.030589684225615855,0.5044215655216656,0.18790340223932944,0.8604651162790697,0.0383455201415409,0.014711618434707753,0.05305713857624865
Netherlands,0.0572288842103373,96.13333333333334,8118,3857274,0.6486486486486487,88,Ecuador,0.6972277687610157,0.6275049918849142,-1.1457603465644506,-1.0119941153820315,0.9026548673,0.7395062986,True,96.13333333333334,0.050361418105096825,0.6135604365096937,0.2945517321740482,0.6486486486486487,0.13421174682499565,0.02306149139070688,0.15727323821570252
Netherlands,-0.0295468741614086,96.13333333333334,8125,3857274,0.8421052631578947,88,Ecuador,0.6972277687610157,0.6275049918849142,-1.1457603465644506,-1.0119941153820315,0.07522123894,0.3321846448,True,96.13333333333334,-0.026001249262039568,0.6135604365096937,-0.41902019302778415,0.8421052631578947,0.05784907945785924,-0.03280656509034772,0.025042514367511523
Netherlands,-0.0133650408398353,45.0,8259,3857274,1.0,88,Ecuador,0.6972277687610157,0.6275049918849142,-1.1457603465644506,-1.0119941153820315,0.5162241888,0.4249877942,True,96.13333333333334,-0.011761235939055063,0.2872075552316527,-0.03947278516401166,1.0,0.027489091305002974,-0.003090463221887243,0.02439862808311573
Netherlands,-0.0074547598184049,78.93333333333334,20750,3857274,0.9545454545454546,88,Ecuador,0.6972277687610157,0.6275049918849142,-1.1457603465644506,-1.0119941153820315,0.5265486726,0.590365244,True,96.13333333333334,-0.006560188640196312,0.5037833265100398,-0.013615875980351154,0.9545454545454546,0.062287792777529195,-0.0010660348332708473,0.06122175794425835
Netherlands,-0.0377425386998462,96.13333333333334,21809,3857274,0.8846153846153846,88,Ecuador,0.6972277687610157,0.6275049918849142,-1.1457603465644506,-1.0119941153820315,0.5191740413,0.5915461318,True,96.13333333333334,-0.03321343405586465,0.6135604365096937,-0.02117663647207072,0.8846153846153846,0.050636894664034156,-0.0016579933720987847,0.04897890129193537
France,-0.0046338968412265,39.96666666666667,3026,3857275,1.0,85,Tunisia,0.7937444980266843,0.6826202683029485,-6.581989441879621,-5.999342683442719,0.8289085546,0.7639210465,True,102.68333333333334,-0.003938812315042525,0.2626017546384988,-0.03429581387904057,1.0,0.03194883972151842,-0.002685139926596785,0.029263699794921636
France,-0.0676811974999192,62.56666666666667,5485,3857275,0.9,85,Tunisia,0.7937444980266843,0.6826202683029485,-6.581989441879621,-5.999342683442719,0.7669616519,0.3702074329,True,102.68333333333334,-0.057529017874931324,0.4110954907893763,-0.16500829930603567,0.9,-0.0013479312422166462,-0.01291908027752756,-0.014267011519744206
France,-0.0127570149630283,62.71666666666667,7153,3857275,0.8823529411764706,85,Tunisia,0.7937444980266843,0.6826202683029485,-6.581989441879621,-5.999342683442719,0.7212389381,0.4640242338,True,102.68333333333334,-0.010843462718574054,0.4120810686841829,-0.16345115702790958,0.8823529411764706,0.045472314851725704,-0.012797166130304375,0.03267514872142133
France,-0.0209155085840972,78.1,7345,3857275,1.0,85,Tunisia,0.7937444980266843,0.6826202683029485,-6.581989441879621,-5.999342683442719,0.3244837758,0.3615126446,True,102.68333333333334,-0.01777818229648262,0.5131575572293599,-0.43279128355387153,1.0,0.05235089920615481,-0.03388475221647316,0.018466146989681645
France,0.0941831181614886,102.68333333333334,7439,3857275,1.0,85,Tunisia,0.7937444980266843,0.6826202683029485,-6.581989441879621,-5.999342683442719,0.215339233,0.3655912127,True,102.68333333333334,0.08005565043726531,0.6746828233226817,-0.6403438209652239,1.0,0.17225908004412602,-0.05013477057251184,0.12212430947161418
France,-0.0086238551178355,62.583333333333336,8217,3857275,0.9411764705882352,85,Tunisia,0.7937444980266843,0.6826202683029485,-6.581989441879621,-5.999342683442719,0.203539823,0.528790098,True,102.68333333333334,-0.007330276850160174,0.4112049994443548,-0.35935372954496797,0.9411764705882352,0.04886577544228618,-0.028135067748380548,0.020730707693905632
France,-0.0090124821824035,102.68333333333334,10481,3857275,1.0,85,Tunisia,0.7937444980266843,0.6826202683029485,-6.581989441879621,-5.999342683442719,0.9572271386,0.6781218518,True,102.68333333333334,-0.007660609855042976,0.6746828233226817,-0.03334841217158796,1.0,0.08454281975181772,-0.0026109645138137796,0.08193185523800395
France,0.044105009452015,102.68333333333334,11135,3857275,0.9411764705882352,85,Tunisia,0.7937444980266843,0.6826202683029485,-6.581989441879621,-5.999342683442719,0.7935103245,0.6030504894,True,102.68333333333334,0.03748925803421275,0.6746828233226817,-0.16948941900699555,0.9411764705882352,0.12969268764107345,-0.013269922904191692,0.11642276473688175
France,-0.0163861382157087,72.26666666666667,11990,3857275,0.8846153846153846,85,Tunisia,0.7937444980266843,0.6826202683029485,-6.581989441879621,-5.999342683442719,0.912979351,0.8590555194,True,102.68333333333334,-0.013928217483352394,0.4748295279868767,0.0014892404576721252,0.8846153846153846,0.05096288311319816,0.00011659787481067822,0.05107948098800884
France,-0.0037950371666963,102.68333333333334,22097,3857275,1.0,85,Tunisia,0.7937444980266843,0.6826202683029485,-6.581989441879621,-5.999342683442719,0.3525073746,0.6622860749,True,102.68333333333334,-0.003225781591691855,0.6746828233226817,-0.44232306264703264,1.0,0.08897764801516884,-0.03463102873595792,0.054346619279210924
France,-0.057068448536319,102.68333333333334,24778,3857275,0.9565217391304348,85,Tunisia,0.7937444980266843,0.6826202683029485,-6.581989441879621,-5.999342683442719,0.2743362832,0.6963353791,True,102.68333333333334,-0.04850818125587114,0.6746828233226817,-0.4822282986008894,0.9565217391304348,0.04369524835098956,-0.037755350051611264,0.005939898299378299
Tunisia,0.0078148759032715,59.06666666666667,3196,3857275,0.9375,96,France,1.3015141674773683,1.2624687424530472,7.995730074479946,-3.024629189479595,0.6238938053,0.6771394012,True,102.68333333333334,0.007502280867140641,0.7187248110953095,-0.027860898972930023,0.9375,0.10572457175068384,-0.0021813277995660326,0.1035432439511178
Tunisia,-0.0238330429762259,102.68333333333334,3767,3857275,0.9375,96,France,1.3015141674773683,1.2624687424530472,7.995730074479946,-3.024629189479595,0.9705014749,0.7367865876,True,102.68333333333334,-0.022879721257176865,1.2494536007782735,0.21816588169374648,0.9375,0.14787296896108207,0.017080974419303018,0.16495394338038508
Tunisia,-0.0227356394790729,102.68333333333334,5647,3857275,0.7575757575757576,96,France,1.3015141674773683,1.2624687424530472,7.995730074479946,-3.024629189479595,0.1873156342,0.2514821626,True,102.68333333333334,-0.021826213899909987,1.2494536007782735,-0.51710250828627,0.7575757575757576,0.14892647631834893,-0.04048577462077281,0.10844070169757612
Tunisia,-0.0262832383748805,102.68333333333334,5651,3857275,0.9130434782608696,96,France,1.3015141674773683,1.2624687424530472,7.995730074479946,-3.024629189479595,0.6430678466,0.6133370175,True,102.68333333333334,-0.025231908839885277,1.2494536007782735,-0.059120837593728964,0.9130434782608696,0.14552078137837365,-0.0046287783715138016,0.14089200300685986
Tunisia,-0.0078490816321786,43.61666666666667,16352,3857275,0.8823529411764706,96,France,1.3015141674773683,1.2624687424530472,7.995730074479946,-3.024629189479595,0.1637168142,0.4366082188,True,102.68333333333334,-0.007535118366891456,0.530728789682964,-0.1968988106400854,0.8823529411764706,0.06499528096782425,-0.0154159006056486,0.04957938036217566
Tunisia,0.0266634803423712,102.68333333333334,25582,3857275,0.9047619047619048,96,France,1.3015141674773683,1.2624687424530472,7.995730074479946,-3.024629189479595,0.8421828909,0.5037493373,True,102.68333333333334,0.025596941128676352,1.2494536007782735,0.03950565637094744,0.9047619047619048,0.19634963134693528,0.003093036824324263,0.19944266817125955
Tunisia,-0.0335016159548324,102.68333333333334,32450,3857275,0.8076923076923077,96,France,1.3015141674773683,1.2624687424530472,7.995730074479946,-3.024629189479595,0.6002949853,0.4634543824,True,102.68333333333334,-0.03216155131663911,1.2494536007782735,-0.14604263284361396,0.8076923076923077,0.1385911389016198,-0.011434191526020526,0.1271569473755993
Tunisia,-0.0138321565851482,82.93333333333334,35592,3857275,0.84375,96,France,1.3015141674773683,1.2624687424530472,7.995730074479946,-3.024629189479595,0.389380531,0.5805949018,True,102.68333333333334,-0.013278870321742273,1.0091350620796444,-0.20200600961869614,0.84375,0.12463143425966602,-0.01581576118160428,0.10881567307806174
Tunisia,-0.0345580970581025,102.68333333333334,44955,3857275,0.9,96,France,1.3015141674773683,1.2624687424530472,7.995730074479946,-3.024629189479595,0.8569321534,0.7305386905,True,102.68333333333334,-0.0331757731757784,1.2494536007782735,0.1358516035313005,0.9,0.13757691704248054,0.010636299987533538,0.14821321703001408
Tunisia,-0.005309286692432,73.86666666666666,102816,3857275,0.7142857142857143,96,France,1.3015141674773683,1.2624687424530472,7.995730074479946,-3.024629189479595,0.4705014749,0.6821984231,True,102.68333333333334,-0.005096915224734719,0.8988116147783326,-0.11113862735914003,0.7142857142857143,0.1177363785664231,-0.008701434138921712,0.10903494442750139
Tunisia,0.0345592291410051,102.68333333333334,105944,3857275,0.7692307692307693,96,France,1.3015141674773683,1.2624687424530472,7.995730074479946,-3.024629189479595,0.1710914454,0.2788804555,True,102.68333333333334,0.033176859975364896,1.2494536007782735,-0.5181381890883496,0.7692307692307693,0.20392955019362383,-0.04056686171445375,0.16336268847917007
Canada,-0.010942685890195,75.4,9922,3857276,0.7368421052631579,78,Morocco,0.87190571165222,0.6888055122052538,11.469302176233615,8.060506082883046,0.3362831858,0.4126634797,True,93.9,-0.0085352949943521,0.5460971109019208,0.3022106419163341,0.7368421052631579,0.06609536816019707,0.023661134379665986,0.08975650253986306
Canada,0.0651552701231113,93.9,11846,3857276,0.9,78,Morocco,0.87190571165222,0.6888055122052538,11.469302176233615,8.060506082883046,0.7286135693,0.4006576629,True,93.9,0.050821110696026815,0.6800864550887316,0.6767694841977725,0.9,0.14376301083146667,0.05298666389813601,0.1967496747296027
Canada,-0.0026570185479054,93.9,12365,3857276,0.8125,78,Morocco,0.87190571165222,0.6888055122052538,11.469302176233615,8.060506082883046,0.4896755162,0.6345046362,True,93.9,-0.002072474467366212,0.6800864550887316,0.588779383746439,0.8125,0.09086942566807366,0.04609760937094405,0.1369670350390177
Canada,-0.0052644707503695,65.06666666666666,12770,3857276,0.875,78,Morocco,0.87190571165222,0.6888055122052538,11.469302176233615,8.060506082883046,0.7699115044,0.653607511,True,93.9,-0.00410628718528821,0.4712562159507291,0.5647151483019306,0.875,0.060296477835790445,0.044213535716270874,0.10451001355206133
Canada,-0.0028406857881924,28.833333333333343,16120,3857276,1.0,78,Morocco,0.87190571165222,0.6888055122052538,11.469302176233615,8.060506082883046,0.2625368732,0.3306825137,True,93.9,-0.0022157349147900723,0.20883023913800247,0.08738414121333671,1.0,0.026323400199571127,0.0068416118465903595,0.033165012046161485
Canada,-0.0155430773113082,59.85,16252,3857276,0.7272727272727273,78,Morocco,0.87190571165222,0.6888055122052538,11.469302176233615,8.060506082883046,0.9793510324,0.8771966609,True,93.9,-0.012123600302820397,0.4334736351124663,0.6831100494260438,0.7272727272727273,0.04711572582184494,0.05348308905695189,0.10059881487879684
Canada,-0.0056899787503188,59.78333333333333,16459,3857276,0.9230769230769232,78,Morocco,0.87190571165222,0.6888055122052538,11.469302176233615,8.060506082883046,0.4410029499,0.6655244679,True,93.9,-0.0044381834252486645,0.43299079062891016,0.35901198444804977,0.9230769230769232,0.05473515625984589,0.028108311322430423,0.08284346758227631
Canada,0.0004141350057379,34.116666666666674,23640,3857276,1.0,78,Morocco,0.87190571165222,0.6888055122052538,11.469302176233615,8.060506082883046,0.517699115,0.4269809011,True,93.9,0.000323025304475562,0.2470956644598214,0.19023972064572742,1.0,0.03409158575482086,0.014894537022276133,0.04898612277709699
Canada,-0.0082347760718588,93.9,23828,3857276,0.8125,78,Morocco,0.87190571165222,0.6888055122052538,11.469302176233615,8.060506082883046,0.3908554572,0.3665701688,True,93.9,-0.006423125336049863,0.6800864550887316,0.3995239881400046,0.8125,0.08651877479938999,0.03128013861900273,0.11779891341839271
Canada,-0.0187325910222673,93.9,24024,3857276,0.8518518518518519,78,Morocco,0.87190571165222,0.6888055122052538,11.469302176233615,8.060506082883046,0.08259587021,0.3881299191,True,93.9,-0.014611420997368493,0.6800864550887316,0.16857192601165544,0.8518518518518519,0.07833047913807137,0.013198089149703475,0.09152856828777484
Canada,0.0067562563138687,60.2,29758,3857276,0.9375,78,Morocco,0.87190571165222,0.6888055122052538,11.469302176233615,8.060506082883046,0.185840708,0.2655140344,True,93.9,0.005269879924817585,0.43600856865113563,0.1266505474075778,0.9375,0.0648556348572295,0.009915916932860955,0.07477155179009046
Canada,-0.0196027965255749,34.050000000000004,31684,3857276,1.0,78,Morocco,0.87190571165222,0.6888055122052538,11.469302176233615,8.060506082883046,0.9247787611,0.7177211537,True,93.9,-0.015290181289948421,0.2466128199762653,0.3489876981463752,1.0,0.0184123927208261,0.027323474680874198,0.0457358674017003
Canada,0.0094869952376999,93.9,44703,3857276,0.7333333333333333,78,Morocco,0.87190571165222,0.6888055122052538,11.469302176233615,8.060506082883046,0.3982300885,0.4501808149,True,93.9,0.007399856285405921,0.6800864550887316,0.4403157836274336,0.7333333333333333,0.10034175642084578,0.03447387179959376,0.13481562822043955
Canada,-0.0070193162066069,33.7,133229,3857276,0.6,78,Morocco,0.87190571165222,0.6888055122052538,11.469302176233615,8.060506082883046,0.8436578171,0.573140158,True,93.9,-0.005475066641153382,0.2440778864375959,0.30098210519270685,0.6,0.027881078561874557,0.02356494791738996,0.051446026479264516
Morocco,-0.0200244789175353,64.16666666666667,3625,3857276,0.6410256410256411,89,Canada,0.7150238901604417,0.6435215011443975,0.32558284595590736,-3.0980519265105175,0.2477876106,0.5847363707,True,93.9,-0.017821786236606418,0.4348649910604816,-0.23223322062808208,0.6410256410256411,0.04160768522120839,-0.018182355875558186,0.023425329345650205
Morocco,-0.018536348882824,64.46666666666667,3634,3857276,0.8333333333333334,89,Canada,0.7150238901604417,0.6435215011443975,0.32558284595590736,-3.0980519265105175,0.7876106195,0.5693813356,True,93.9,-0.01649735050571336,0.4368981260836215,9.139123609702704e-05,0.8333333333333334,0.043209973026449675,7.155341402617435e-06,0.04321712836785229
Morocco,-0.0512906601592911,93.9,5219,3857276,0.8076923076923077,89,Canada,0.7150238901604417,0.6435215011443975,0.32558284595590736,-3.0980519265105175,0.7610619469,0.5835607247,True,93.9,-0.04564868754176908,0.6363712622427931,-0.011963863345523101,0.8076923076923077,0.04131901172922538,-0.000936692952052799,0.04038231877717258
Morocco,-0.0415428620993348,93.9,5234,3857276,0.8333333333333334,89,Canada,0.7150238901604417,0.6435215011443975,0.32558284595590736,-3.0980519265105175,0.9380530973,0.7846760658,True,93.9,-0.03697314726840797,0.6363712622427931,0.17050125665988436,0.8333333333333334,0.04999455200258649,0.013349143233838574,0.06334369523642507
Morocco,-0.0252560900157098,75.6,5237,3857276,0.8387096774193549,89,Canada,0.7150238901604417,0.6435215011443975,0.32558284595590736,-3.0980519265105175,0.2684365782,0.5733153816,True,93.9,-0.022477920113981722,0.5123500258312582,-0.26614670391508705,0.8387096774193549,0.04754080262177099,-0.020837561795006024,0.026703240826764965
Morocco,-0.0157277515333756,84.91666666666667,5245,3857276,0.6896551724137931,89,Canada,0.7150238901604417,0.6435215011443975,0.32558284595590736,-3.0980519265105175,0.2920353982,0.6030365114,True,93.9,-0.013997698864704282,0.5754901634943257,-0.27603948114044735,0.6896551724137931,0.0646498744021961,-0.021612102128308226,0.04303777227388788
Morocco,-0.0275047037545734,93.9,6301,3857276,0.6774193548387096,89,Canada,0.7150238901604417,0.6435215011443975,0.32558284595590736,-3.0980519265105175,0.3451327434,0.466162362,True,93.9,-0.024479186341570328,0.6363712622427931,-0.3184199065221021,0.6774193548387096,0.06248851292942413,-0.02493021473236521,0.03755829819705892
Morocco,-0.0276086885416694,93.9,12149,3857276,0.75,89,Canada,0.7150238901604417,0.6435215011443975,0.32558284595590736,-3.0980519265105175,0.598820059,0.3714592088,True,93.9,-0.024571732802085765,0.6363712622427931,-0.18877907240756614,0.75,0.062395966468908694,-0.014780177732922834,0.04761578873598586
Morocco,-0.0212415692748436,93.9,15890,3857276,0.6363636363636364,89,Canada,0.7150238901604417,0.6435215011443975,0.32558284595590736,-3.0980519265105175,0.2404129794,0.5371449225,True,93.9,-0.018904996654610803,0.6363712622427931,-0.36095168091694607,0.6363636363636364,0.06806270261638366,-0.02826017698313414,0.039802525633249514
Morocco,-0.0049792572416925,29.73333333333333,21736,3857276,0.625,89,Canada,0.7150238901604417,0.6435215011443975,0.32558284595590736,-3.0980519265105175,0.4056047198,0.7083534266,True,93.9,-0.004431538945106325,0.20150627118231146,-0.062168672870736574,0.625,0.023106688868073315,-0.004867404118109212,0.018239284749964103
Morocco,-0.0133539088327165,29.433333333333337,23774,3857276,0.7692307692307693,89,Canada,0.7150238901604417,0.6435215011443975,0.32558284595590736,-3.0980519265105175,0.7684365782,0.7345391318,True,93.9,-0.011884978861117685,0.19947313615917156,0.014026793139453986,0.7692307692307693,0.015375396877713735,0.0010982069833274772,0.01647360386104121
Morocco,-0.0123614262486529,75.8,46258,3857276,0.7777777777777778,89,Canada,0.7150238901604417,0.6435215011443975,0.32558284595590736,-3.0980519265105175,0.7758112094,0.6536686645,True,93.9,-0.011001669361301081,0.5137054491800181,0.017448103635008816,0.7777777777777778,0.059202288090683786,0.0013660734187268492,0.06056836150941063
Croatia,0.007332551501666,45.0,3441,3857277,0.6666666666666666,73,Morocco,0.87190571165222,0.6452102266226427,5.722812754170634,4.856774164864503,0.3200589971,0.5196095757,True,96.05,0.005352762596216179,0.2981999232459701,0.0927121116867958,0.6666666666666666,0.04610532762577076,0.007258757399586171,0.05336408502535693
Croatia,0.065981982908645,96.05,3471,3857277,0.9583333333333334,73,Morocco,0.87190571165222,0.6452102266226427,5.722812754170634,4.856774164864503,0.6415929204,0.4851239595,True,96.05,0.04816684752331085,0.6364911695061206,0.42637542913307785,0.9583333333333334,0.13515093354750457,0.03338243240189562,0.1685333659494002
Croatia,-0.0025472442954015,78.71666666666667,5456,3857277,1.0,73,Morocco,0.87190571165222,0.6452102266226427,5.722812754170634,4.856774164864503,0.8716814159,0.8199589248,True,96.05,-0.001859488335643095,0.5216289768484136,0.6030773943458928,1.0,0.06942731338087034,0.04721705092340012,0.11664436430427046
Croatia,0.0224065535370974,69.96666666666667,5460,3857277,1.0,73,Morocco,0.87190571165222,0.6452102266226427,5.722812754170634,4.856774164864503,0.3348082596,0.2768182077,True,96.05,0.0163567840820811,0.463645658439475,0.0804321027705922,1.0,0.07971947593173671,0.006297312298555513,0.08601678823029223
Croatia,-0.0317159694852124,96.05,5463,3857277,0.9411764705882352,73,Morocco,0.87190571165222,0.6452102266226427,5.722812754170634,4.856774164864503,0.7536873156,0.6496819516,True,96.05,-0.023152657724205054,0.6364911695061206,0.5777390390632485,0.9411764705882352,0.06383142829998867,0.045233221944047546,0.10906465024403622
Croatia,0.0010949114236297,96.05,5469,3857277,0.925,73,Morocco,0.87190571165222,0.6452102266226427,5.722812754170634,4.856774164864503,0.9336283186,0.7238709555,True,96.05,0.000799285339249681,0.6364911695061206,0.7435724219283106,0.925,0.0877833713634434,0.05821690091618356,0.14600027227962697
Croatia,0.0010370838473979,89.26666666666667,5474,3857277,0.8181818181818182,73,Morocco,0.87190571165222,0.6452102266226427,5.722812754170634,4.856774164864503,0.2610619469,0.4245165374,True,96.05,0.000757071208600467,0.5915402921871911,0.10667268477410322,0.8181818181818182,0.08159808539315393,0.00835177978205865,0.08994986517521258
Croatia,-0.0122635222082112,51.05,11603,3857277,0.9285714285714286,73,Morocco,0.87190571165222,0.6452102266226427,5.722812754170634,4.856774164864503,0.2876106195,0.617016465,True,96.05,-0.008952371211994176,0.3382912462601505,0.11319406033952079,0.9285714285714286,0.03727914978264496,0.008862361218288595,0.046141511000933555
Croatia,-0.0326686663205803,96.05,12625,3857277,0.8148148148148148,73,Morocco,0.87190571165222,0.6452102266226427,5.722812754170634,4.856774164864503,0.2182890855,0.3414902199,True,96.05,-0.023848126414023615,0.6364911695061206,0.04880449910305207,0.8148148148148148,0.0631359596101701,0.0038210759365955643,0.06695703554676566
Croatia,0.0063717502525011,26.08333333333333,22041,3857277,1.0,73,Morocco,0.87190571165222,0.6452102266226427,5.722812754170634,4.856774164864503,0.1932153392,0.5052217653,True,96.05,0.0046513776843258026,0.1728455110666456,0.026174185144921272,1.0,0.02827277185886392,0.0020492690398496733,0.03032204089871359
Croatia,-0.0153824046317498,96.05,29163,3857277,0.9166666666666666,73,Morocco,0.87190571165222,0.6452102266226427,5.722812754170634,4.856774164864503,0.1091445428,0.2717599346,True,96.05,-0.011229155381177353,0.6364911695061206,-0.061825752655159105,0.9166666666666666,0.07575493064301636,-0.004840555687985005,0.07091437495503136
Croatia,-0.0272157858747536,96.05,33018,3857277,0.9230769230769232,73,Morocco,0.87190571165222,0.6452102266226427,5.722812754170634,4.856774164864503,0.7654867257,0.6361837382,True,96.05,-0.01986752368857013,0.6364911695061206,0.58115628477863,0.9230769230769232,0.06711656233562359,0.04550077013350662,0.11261733246913021
Morocco,-0.0091900283483114,64.76666666666667,3625,3857277,0.9,91,Croatia,1.0246561782916976,0.9426836840283619,4.008587325156671,3.92104909292295,0.2477876106,0.5847363707,True,96.05,-0.008362925796963374,0.6287438238844003,0.07383667182682055,0.9,0.07756239333413772,0.005780932806215889,0.08334332614035361
Morocco,-0.0203761766218858,96.05,5219,3857277,1.0,91,Croatia,1.0246561782916976,0.9426836840283619,4.008587325156671,3.92104909292295,0.7610619469,0.5835607247,True,96.05,-0.01854232072591608,0.9324371222454448,0.49014616011103657,1.0,0.10888629845898759,0.038375267285508816,0.1472615657444964
Morocco,-0.0089575988849111,96.05,5234,3857277,0.9090909090909092,91,Croatia,1.0246561782916976,0.9426836840283619,4.008587325156671,3.92104909292295,0.9380530973,0.7846760658,True,96.05,-0.008151414985269102,0.9324371222454448,0.7019745778590711,0.9090909090909092,0.11927720419963457,0.05496005935631832,0.1742372635559529
Morocco,-0.030892502488694,96.05,5237,3857277,0.9166666666666666,91,Croatia,1.0246561782916976,0.9426836840283619,4.008587325156671,3.92104909292295,0.2684365782,0.5733153816,True,96.05,-0.02811217726471154,0.9324371222454448,0.12026687705897227,0.9166666666666666,0.09931644192019212,0.009416116922523591,0.10873255884271571
Morocco,0.0139414546540722,96.05,5245,3857277,0.9705882352941176,91,Croatia,1.0246561782916976,0.9426836840283619,4.008587325156671,3.92104909292295,0.2920353982,0.6030365114,True,96.05,0.012686723735205702,0.9324371222454448,0.14967243522571383,0.9705882352941176,0.14011534292010938,0.011718381524724389,0.15183372444483378
Morocco,0.0383290887594041,80.76666666666667,6301,3857277,0.90625,91,Croatia,1.0246561782916976,0.9426836840283619,4.008587325156671,3.92104909292295,0.3451327434,0.466162362,True,96.05,0.03487947077105773,0.7840691123375717,0.11299219926753652,0.90625,0.1420318373457659,0.008846556804784304,0.1508783941505502
Morocco,-0.0216712296691453,96.05,12149,3857277,0.8235294117647058,91,Croatia,1.0246561782916976,0.9426836840283619,4.008587325156671,3.92104909292295,0.598820059,0.3714592088,True,96.05,-0.01972081899892222,0.9324371222454448,0.2848768682688996,0.8235294117647058,0.10770780018598144,0.022304012257897004,0.13001181244387844
Morocco,-0.0448432906816398,59.86666666666667,15890,3857277,0.8076923076923077,91,Croatia,1.0246561782916976,0.9426836840283619,4.008587325156671,3.92104909292295,0.2404129794,0.5371449225,True,96.05,-0.040807394520292216,0.5811754542956165,0.05297766191026873,0.8076923076923077,0.03861714133120422,0.004147807534608297,0.042764948865812516
Morocco,-0.0209947956831114,96.05,23774,3857277,0.9302325581395348,91,Croatia,1.0246561782916976,0.9426836840283619,4.008587325156671,3.92104909292295,0.7684365782,0.7345391318,True,96.05,-0.019105264071631375,0.9324371222454448,0.5559857152132671,0.9302325581395348,0.10832335511327229,0.04353007768825626,0.15185343280152855
Morocco,-0.0217625028270203,36.18333333333333,31295,3857277,0.7333333333333333,91,Croatia,1.0246561782916976,0.9426836840283619,4.008587325156671,3.92104909292295,0.08849557522,0.4097605576,True,96.05,-0.019803877572588474,0.3512616679498283,-0.029660357240448035,0.7333333333333333,0.028200205760818754,-0.0023222137181040433,0.02587799204271471
Morocco,-0.0188031132242179,81.21666666666667,46258,3857277,0.935483870967742,91,Croatia,1.0246561782916976,0.9426836840283619,4.008587325156671,3.92104909292295,0.7758112094,0.6536686645,True,96.05,-0.017110833034038292,0.7884376360753171,0.4474130249438025,0.935483870967742,0.09063854425002132,0.03502953979145095,0.12566808404147228
Morocco,-0.0114979399584082,31.28333333333333,149714,3857277,1.0,91,Croatia,1.0246561782916976,0.9426836840283619,4.008587325156671,3.92104909292295,0.4026548673,0.5996144081,True,96.05,-0.010463125362151462,0.3036932983610446,0.07505431054114978,1.0,0.031040174691651105,0.005876266025003081,0.03691644071665419
Iran,0.0245295571924053,99.88333333333334,5220,3857278,0.896551724137931,91,United States,0.9521582816949594,0.8759856191593627,-4.138181895070659,-1.7214347330697883,0.7418879056,0.4754002937,True,99.88333333333334,0.022321897045088822,0.8664640363424131,0.04461997765532545,0.896551724137931,0.14073450963885054,0.0034934550306558437,0.14422796466950638
Iran,-0.0203280742748138,45.0,5224,3857278,0.7857142857142857,91,United States,0.9521582816949594,0.8759856191593627,-4.138181895070659,-1.7214347330697883,0.6666666667,0.3230939808,True,99.88333333333334,-0.018498547590080558,0.3903642413022718,-0.029479701338891842,0.7857142857142857,0.034849367311163656,-0.002308069531995653,0.032541297779168005
Iran,-0.0178259009908073,99.88333333333334,5226,3857278,0.8,91,United States,0.9521582816949594,0.8759856191593627,-4.138181895070659,-1.7214347330697883,0.5781710914,0.4947078457,True,99.88333333333334,-0.016221569901634644,0.8664640363424131,-0.06269591011229367,0.8,0.10219104269212706,-0.004908683376653325,0.09728235931547373
Iran,0.0510471032198332,99.88333333333334,5228,3857278,0.8421052631578947,91,United States,0.9521582816949594,0.8759856191593627,-4.138181895070659,-1.7214347330697883,0.604719764,0.4833574952,True,99.88333333333334,0.04645286393004821,0.8664640363424131,-0.04839117071143724,0.8421052631578947,0.16486547652380992,-0.0037887150026624794,0.16107676152114744
Iran,-0.0046226982258692,71.05,5230,3857278,0.68,91,United States,0.9521582816949594,0.8759856191593627,-4.138181895070659,-1.7214347330697883,0.4616519174,0.5363074931,True,99.88333333333334,-0.004206655385540972,0.6163417632116981,-0.09145873905480066,0.68,0.0800237746974235,-0.007160626446667435,0.07286314825075607
Iran,0.0241469213248611,22.950000000000003,5231,3857278,0.0,91,United States,0.9521582816949594,0.8759856191593627,-4.138181895070659,-1.7214347330697883,0.8761061947,0.5912311285,True,99.88333333333334,0.021973698405623604,0.19908576306415868,0.04186863466530738,0.0,0.049181135005258156,0.003278042708314818,0.052459177713572974
Iran,0.0132117521613028,99.88333333333334,5235,3857278,0.851063829787234,91,United States,0.9521582816949594,0.8759856191593627,-4.138181895070659,-1.7214347330697883,0.3407079646,0.4454240662,True,99.88333333333334,0.012022694466785548,0.8664640363424131,-0.24748179393546546,0.851063829787234,0.13043530706054726,-0.01937622032664549,0.11105908673390177
Iran,-0.0020664364201792,54.88333333333334,5240,3857278,1.0,91,United States,0.9521582816949594,0.8759856191593627,-4.138181895070659,-1.7214347330697883,0.3672566372,0.583545998,True,99.88333333333334,-0.001880457142363072,0.47609979504014127,-0.09717010674020066,1.0,0.06318424055015442,-0.007607789516237114,0.05557645103391731
Iran,-0.0221943244671944,47.016666666666666,5720,3857278,0.8260869565217391,91,United States,0.9521582816949594,0.8759856191593627,-4.138181895070659,-1.7214347330697883,0.3215339233,0.649313283,True,99.88333333333334,-0.0201968352651469,0.40785834248655883,-0.08663903790988182,0.8260869565217391,0.035541856563153076,-0.006783275087573581,0.028758581475579494
Iran,0.022521946094521,99.88333333333334,5722,3857278,1.0,91,United States,0.9521582816949594,0.8759856191593627,-4.138181895070659,-1.7214347330697883,0.9646017699,0.7614734064,True,99.88333333333334,0.02049497094601411,0.8664640363424131,0.30832654947232063,1.0,0.1389075835397758,0.02413997029893806,0.16304755383871386
Iran,-0.0049127005949296,76.93333333333334,23874,3857278,0.7924528301886793,91,United States,0.9521582816949594,0.8759856191593627,-4.138181895070659,-1.7214347330697883,0.4483775811,0.4495937407,True,99.88333333333334,-0.004470557541385936,0.6673782732782545,-0.13136109457834005,0.7924528301886793,0.08673461845274123,-0.010284722243297432,0.0764498962094438
Iran,-0.0151140124591739,29.283333333333346,124161,3857278,1.0,91,United States,0.9521582816949594,0.8759856191593627,-4.138181895070659,-1.7214347330697883,0.6873156342,0.4282339251,True,99.88333333333334,-0.013753751337848247,0.2540259155437377,-0.0033288049955465665,1.0,0.020961910321961427,-0.00026062385435499016,0.020701286467606436
Iran,0.0051891555903013,70.6,124167,3857278,0.7692307692307693,91,United States,0.9521582816949594,0.8759856191593627,-4.138181895070659,-1.7214347330697883,0.918879056,0.6805585092,True,99.88333333333334,0.0047221315871741835,0.6124381207986753,0.17375648018158663,0.7692307692307693,0.08841908252112622,0.013604006135735227,0.10202308865686145
Iran,-0.0016439345707747,52.866666666666674,125818,3857278,0.8636363636363636,91,United States,0.9521582816949594,0.8759856191593627,-4.138181895070659,-1.7214347330697883,0.8879056047,0.8521940899,True,99.88333333333334,-0.001495980459404977,0.45860569385585426,0.15287604703825547,0.8636363636363636,0.06117794030605675,0.011969203564332837,0.07314714387038959
United States,-0.0060111896325116,81.13333333333334,3377,3857278,0.5,88,Iran,0.8959245443211505,0.8063320898890355,0.09562747020909201,3.5541067143490084,0.3613569322,0.3548396678,True,99.88333333333334,-0.005289846876610208,0.6404133822701015,0.058725855221087975,0.5,0.08223025615585094,0.004597853811950326,0.08682810996780127
United States,-0.0164277826870904,99.88333333333334,4614,3857278,0.8095238095238095,88,Iran,0.8959245443211505,0.8063320898890355,0.09562747020909201,3.5541067143490084,0.2418879056,0.4402512238,True,99.88333333333334,-0.014456448764639553,0.7884135990026125,0.016040077852887552,0.8095238095238095,0.09328964356764055,0.0012558341265909063,0.09454547769423145
United States,-0.0113594879476372,45.0,8246,3857278,0.7142857142857143,88,Iran,0.8959245443211505,0.8063320898890355,0.09562747020909201,3.5541067143490084,0.4351032448,0.5270393589,True,99.88333333333334,-0.009996349393920736,0.35520052015802667,0.08999335979157444,0.7142857142857143,0.0385460249256448,0.007045896748717319,0.04559192167436212
United States,0.0061597676720366,64.8,8526,3857278,0.875,88,Iran,0.8959245443211505,0.8063320898890355,0.09562747020909201,3.5541067143490084,0.6740412979,0.5551789827,True,99.88333333333334,0.005420595551392207,0.5114887490275584,0.2557996116325419,0.875,0.07532161457156658,0.0200274515375258,0.09534906610909238
United States,-0.0354500649315148,99.88333333333334,12751,3857278,0.8260869565217391,88,Iran,0.8959245443211505,0.8063320898890355,0.09562747020909201,3.5541067143490084,0.9159292035,0.8420840335,True,99.88333333333334,-0.031196057139733023,0.7884135990026125,0.6977702262262853,0.8260869565217391,0.07655003519254708,0.05463088587542464,0.13118092106797172
United States,-0.0062277781153747,35.08333333333334,13035,3857278,1.0,88,Iran,0.8959245443211505,0.8063320898890355,0.09562747020909201,3.5541067143490084,0.8967551622,0.5920613193,True,99.88333333333334,-0.005480444741529736,0.2769248499750542,0.20372609336424174,1.0,0.032364628570576,0.01595043258956516,0.048315061160141164
United States,-0.0134822549466174,99.88333333333334,15971,3857278,0.8695652173913043,88,Iran,0.8959245443211505,0.8063320898890355,0.09562747020909201,3.5541067143490084,0.5707964602,0.4501980377,True,99.88333333333334,-0.011864384353023312,0.7884135990026125,0.2719643028434564,0.8695652173913043,0.0958817079792568,0.021293042082325808,0.11717475006158261
United States,0.0031185837546293,99.88333333333334,18242,3857278,0.8,88,Iran,0.8959245443211505,0.8063320898890355,0.09562747020909201,3.5541067143490084,0.6401179941,0.385639846,True,99.88333333333334,0.002744353704073784,0.7884135990026125,0.29842417125157605,0.8,0.1104904460363539,0.02336467826992943,0.13385512430628332
United States,-0.0295267319330206,81.15,21881,3857278,0.8,88,Iran,0.8959245443211505,0.8063320898890355,0.09562747020909201,3.5541067143490084,0.3038348083,0.3576904222,True,99.88333333333334,-0.025983524101058128,0.6405449380183081,0.023911839305161914,0.8,0.061554557588558406,0.001872142024770423,0.06342669961332884
United States,-0.0050277381955508,22.96666666666667,22008,3857278,0.7142857142857143,88,Iran,0.8959245443211505,0.8063320898890355,0.09562747020909201,3.5541067143490084,0.116519174,0.3895227227,True,99.88333333333334,-0.004424409612084704,0.18128382102880028,-0.023191239665187616,0.7142857142857143,0.020350179948049118,-0.0018157237437752384,0.01853445620427388
United States,-0.0014234348948223,76.91666666666667,22168,3857278,0.8181818181818182,88,Iran,0.8959245443211505,0.8063320898890355,0.09562747020909201,3.5541067143490084,0.4469026549,0.5072380855,True,99.88333333333334,-0.0012526227074436238,0.6071297779738123,0.1544924545264687,0.8181818181818182,0.08171888006470267,0.012095757793357968,0.09381463785806063
United States,-0.0153062347957902,54.88333333333334,24243,3857278,0.7916666666666666,88,Iran,0.8959245443211505,0.8063320898890355,0.09562747020909201,3.5541067143490084,0.697640118,0.8451691682,True,99.88333333333334,-0.013469486620295377,0.4332130788445859,0.2922723574967463,0.7916666666666666,0.045734231392419195,0.022883031128026327,0.06861726252044552
United States,-0.0208317022249567,99.88333333333334,38792,3857278,0.8461538461538461,88,Iran,0.8959245443211505,0.8063320898890355,0.09562747020909201,3.5541067143490084,0.7197640118,0.7109273675,True,99.88333333333334,-0.018331897957961897,0.7884135990026125,0.49350830557982195,0.8461538461538461,0.08941419437431822,0.038638501482810644,0.12805269585712886
Australia,0.0003853778907208,97.21666666666668,3281,3857279,1.0,73,France,1.3015141674773683,0.9501053422584788,-18.934237523291507,-2.505269733130635,0.907079646,0.684984779,True,97.21666666666668,0.00028132586022618403,0.9501053422584788,0.17197881446796973,1.0,0.13012451738036057,0.013464826432911728,0.1435893438132723
Australia,-0.0194965140077575,97.21666666666668,5479,3857279,1.0,73,France,1.3015141674773683,0.9501053422584788,-18.934237523291507,-2.505269733130635,0.3849557522,0.376795793,True,97.21666666666668,-0.014232455225662974,0.9501053422584788,-0.28966635065256296,1.0,0.1156107362944714,-0.022678997683857866,0.09293173861061353
Australia,-0.0007795740818205,97.21666666666668,5481,3857279,0.75,73,France,1.3015141674773683,0.9501053422584788,-18.934237523291507,-2.505269733130635,0.3259587021,0.5258856783,True,97.21666666666668,-0.000569089079728965,0.9501053422584788,-0.2753876268857771,0.75,0.1292741024404054,-0.021561066165385452,0.10771303627501996
Australia,0.1852353892317974,84.05,5490,3857279,0.8857142857142857,73,France,1.3015141674773683,0.9501053422584788,-18.934237523291507,-2.505269733130635,0.8112094395,0.6644738747,True,97.21666666666668,0.13522183413921207,0.8214265799776286,0.08666999041056067,0.8857142857142857,0.24747954283731555,0.0067856984677474395,0.254265241305063
Australia,-0.0142361092502867,72.66666666666667,8346,3857279,0.8666666666666667,73,France,1.3015141674773683,0.9501053422584788,-18.934237523291507,-2.505269733130635,0.1238938053,0.3713743427,True,97.21666666666668,-0.010392359752709291,0.7101764601829191,-0.34890326698490853,0.8666666666666667,0.0866616973410308,-0.027316864268201017,0.059344833072829783
Australia,0.0281873654582148,97.21666666666668,22293,3857279,1.0,73,France,1.3015141674773683,0.9501053422584788,-18.934237523291507,-2.505269733130635,0.5722713864,0.4027630926,True,97.21666666666668,0.020576776784496806,0.9501053422584788,-0.15461030079710605,1.0,0.15041996830463117,-0.012104984392487673,0.1383149839121435
Australia,-0.0278059044534575,72.41666666666667,33477,3857279,0.9473684210526316,73,France,1.3015141674773683,0.9501053422584788,-18.934237523291507,-2.505269733130635,0.5294985251,0.5289738083,True,97.21666666666668,-0.020298310251023976,0.7077331925446751,-0.10258152127633145,0.9473684210526316,0.0764218452701459,-0.008031468198468682,0.06839037707167721
Australia,-0.0098273000535073,55.583333333333336,33492,3857279,0.9473684210526316,73,France,1.3015141674773683,0.9501053422584788,-18.934237523291507,-2.505269733130635,0.1312684366,0.3248911467,True,97.21666666666668,-0.0071739290390603295,0.5432198382362465,-0.27365136084136077,0.9473684210526316,0.0670635205957156,-0.02142512778831414,0.045638392807401465
Australia,-0.0128123131031051,97.21666666666668,33495,3857279,1.0,73,France,1.3015141674773683,0.9501053422584788,-18.934237523291507,-2.505269733130635,0.6460176991,0.4218459989,True,97.21666666666668,-0.009352988565266722,0.9501053422584788,-0.09823795415562245,1.0,0.12049020295486765,-0.0076913950472437586,0.1127988079076239
Australia,0.0031945770760062,84.11666666666666,33572,3857279,0.7307692307692307,73,France,1.3015141674773683,0.9501053422584788,-18.934237523291507,-2.505269733130635,0.1887905605,0.4242347318,True,97.21666666666668,0.002332041265484526,0.8220781180144936,-0.349682333461115,0.7307692307692307,0.11467879038294006,-0.027377860123500238,0.08730093025943982
Australia,-0.002768659522816,24.55,227697,3857279,1.0,73,France,1.3015141674773683,0.9501053422584788,-18.934237523291507,-2.505269733130635,0.03539823009,0.3643688903,True,97.21666666666668,-0.00202112145165568,0.23992888207555957,-0.13350763116373282,1.0,0.030768012974738614,-0.010452782144417356,0.02031523083032126
France,0.0094988946130492,97.21666666666668,3009,3857279,0.9230769230769232,65,Australia,0.7341728707692982,0.4772123660000438,8.071895900371423,7.217910820147417,0.2581120944,0.2078280052,True,97.21666666666668,0.006174281498481981,0.4772123660000438,0.16776509956010716,0.9230769230769232,0.07139102524084377,0.01313491986827083,0.0845259451091146
France,-0.0188883252356382,97.21666666666668,3026,3857279,0.9523809523809524,65,Australia,0.7341728707692982,0.4772123660000438,8.071895900371423,7.217910820147417,0.8289085546,0.7639210465,True,97.21666666666668,-0.01227741140316483,0.4772123660000438,0.8569835123395736,0.9523809523809524,0.05293933233919696,0.06709625418233439,0.12003558652153135
France,-0.0074423436639166,88.58333333333333,3604,3857279,0.875,65,Australia,0.7341728707692982,0.4772123660000438,8.071895900371423,7.217910820147417,0.5044247788,0.4255429188,True,97.21666666666668,-0.0048375233815457904,0.43483348624896834,0.4152222593002101,0.875,0.05458764256919188,0.03250921149709446,0.08709685406628634
France,-0.0109666727560507,88.56666666666666,5476,3857279,1.0,65,Australia,0.7341728707692982,0.4772123660000438,8.071895900371423,7.217910820147417,0.290560472,0.34410909,True,97.21666666666668,-0.007128337291432954,0.43475167373979634,0.22919737224948653,1.0,0.05228564800719734,0.01794466862541123,0.07023031663260856
France,0.0049628449966511,76.31666666666666,5477,3857279,0.8125,65,Australia,0.7341728707692982,0.4772123660000438,8.071895900371423,7.217910820147417,0.1991150442,0.4308400652,True,97.21666666666668,0.0032258492478232153,0.3746194794984056,0.16967748160017423,0.8125,0.05442205524752741,0.0132846469862451,0.06770670223377251
France,0.0289619458091639,97.21666666666668,5487,3857279,0.96,65,Australia,0.7341728707692982,0.4772123660000438,8.071895900371423,7.217910820147417,0.8333333333,0.7558138316,True,97.21666666666668,0.018825264775956533,0.4772123660000438,0.8570305214120378,0.96,0.08404200851831832,0.06709993468800285,0.15114194320632118
France,-0.0265234341042611,85.18333333333334,6704,3857279,0.9523809523809524,65,Australia,0.7341728707692982,0.4772123660000438,8.071895900371423,7.217910820147417,0.06932153392,0.4034422715,True,97.21666666666668,-0.017240232167769716,0.4181437343778885,0.08908139616985972,0.9523809523809524,0.03990408075306194,0.00697449590834343,0.04687857666140537
France,-0.0103826340128067,20.90000000000001,8217,3857279,0.75,65,Australia,0.7341728707692982,0.4772123660000438,8.071895900371423,7.217910820147417,0.203539823,0.528790098,True,97.21666666666668,-0.006748712108324355,0.10259288650163811,0.05620130309149344,0.75,0.007271825634333233,0.0044001977439573755,0.011672023378290607
France,-0.0461531232842764,97.21666666666668,8519,3857279,0.48,65,Australia,0.7341728707692982,0.4772123660000438,8.071895900371423,7.217910820147417,0.6356932153,0.5886506978,True,97.21666666666668,-0.02999953013477966,0.4772123660000438,0.6292124469079113,0.48,0.035217213607582135,0.04926325613565982,0.08448046974324196
France,-0.0094126607096875,76.15,10481,3857279,0.9230769230769232,65,Australia,0.7341728707692982,0.4772123660000438,8.071895900371423,7.217910820147417,0.9572271386,0.6781218518,True,97.21666666666668,-0.006118229461296875,0.37380135440668605,0.7222210646320709,0.9230769230769232,0.044966170017333496,0.05654522803606555,0.10151139805339904
France,-0.0210575163466176,97.21666666666668,11135,3857279,0.8235294117647058,65,Australia,0.7341728707692982,0.4772123660000438,8.071895900371423,7.217910820147417,0.7935103245,0.6030504894,True,97.21666666666668,-0.01368738562530144,0.4772123660000438,0.7603436647061423,0.8235294117647058,0.05152935811706035,0.059529980517100255,0.1110593386341606
France,-0.0092719284720516,21.066666666666663,11990,3857279,1.0,65,Australia,0.7341728707692982,0.4772123660000438,8.071895900371423,7.217910820147417,0.912979351,0.8590555194,True,97.21666666666668,-0.00602675350683354,0.10341101159335765,0.20892688060930986,1.0,0.008105590756897865,0.016357620520159866,0.02446321127705773
Brazil,0.006220161709367,63.55,3202,3857280,0.8,72,Cameroon,0.7030212883253687,0.5202357533607729,3.184779380725394,2.274042924113814,0.07374631268,0.4754477189,True,100.1,0.00447851643074424,0.32135306761853716,-0.11281034272837182,0.8,0.048395233923555554,-0.008832318616533514,0.03956291530702204
Brazil,0.0180593500041936,100.1,3247,3857280,0.6,72,Cameroon,0.7030212883253687,0.5202357533607729,3.184779380725394,2.274042924113814,0.9365781711,0.8193206813,True,100.1,0.01300273200301939,0.5061753275942654,0.6096241371316805,0.6,0.08217760880916278,0.047729618448558664,0.12990722725772144
Brazil,-0.0026961165888306,100.1,4324,3857280,0.75,72,Cameroon,0.7030212883253687,0.5202357533607729,3.184779380725394,2.274042924113814,0.4852507375,0.6882398957,True,100.1,-0.001941203943958032,0.5061753275942654,0.2175345748177625,0.75,0.06723367286218536,0.017031547182946465,0.08426522004513182
Brazil,-0.0084888081589537,45.95,4372,3857280,0.0,72,Cameroon,0.7030212883253687,0.5202357533607729,3.184779380725394,2.274042924113814,0.6961651917,0.4704341254,True,100.1,-0.006111941874446664,0.23235520782174324,0.13214795667331947,0.0,0.02564215991618559,0.01034632844501659,0.03598848836120218
Brazil,-0.0122487798576074,54.41666666666666,9904,3857280,0.75,72,Cameroon,0.7030212883253687,0.5202357533607729,3.184779380725394,2.274042924113814,0.9498525074,0.8420221311,True,100.1,-0.008819121497477328,0.27516857219368573,0.34181924620385623,0.75,0.028785935574127425,0.02676223135856566,0.055548166932693085
Brazil,-0.002582584063718,21.416666666666657,10595,3857280,1.0,72,Cameroon,0.7030212883253687,0.5202357533607729,3.184779380725394,2.274042924113814,0.06489675516,0.3811783817,True,100.1,-0.0018594605258769597,0.10829758507469711,-0.04759900123599961,1.0,0.012940692104142058,-0.0037266932674550595,0.009213998836686998
Brazil,-0.0310394336569422,54.15,11183,3857280,0.4666666666666667,72,Cameroon,0.7030212883253687,0.5202357533607729,3.184779380725394,2.274042924113814,0.1799410029,0.422202936,True,100.1,-0.022348392232998383,0.27382011977252224,-0.06461801076185157,0.4666666666666667,0.015072382782512755,-0.005059171398756212,0.010013211383756541
Brazil,-0.0224622238431064,100.1,11493,3857280,0.8125,72,Cameroon,0.7030212883253687,0.5202357533607729,3.184779380725394,2.274042924113814,0.4336283186,0.4894718529,True,100.1,-0.016172801167036607,0.5061753275942654,0.09834617763775867,0.8125,0.05300207563910678,0.007699868244407244,0.06070194388351402
Brazil,-0.0130126396685574,100.1,13620,3857280,0.8,72,Cameroon,0.7030212883253687,0.5202357533607729,3.184779380725394,2.274042924113814,0.395280236,0.5746737395,True,100.1,-0.009369100561361327,0.5061753275942654,0.10400305621454481,0.8,0.05980577624478206,0.008142765169962386,0.06794854141474445
Brazil,-0.0028481078076315,54.41666666666666,25104,3857280,0.9523809523809524,72,Cameroon,0.7030212883253687,0.5202357533607729,3.184779380725394,2.274042924113814,0.5103244838,0.6275768114,True,100.1,-0.00205063762149468,0.27516857219368573,0.11515663041552984,0.9523809523809524,0.03555441945011007,0.009016017734166078,0.04457043718427615
Brazil,0.0010181655659098,45.68333333333333,25142,3857280,1.0,72,Cameroon,0.7030212883253687,0.5202357533607729,3.184779380725394,2.274042924113814,0.9351032448,0.6605133704,True,100.1,0.000733079207455056,0.23100675540057966,0.2483944002635866,1.0,0.03230289894199369,0.01944767148676508,0.05175057042875877
Brazil,0.0059333671486071,45.68333333333333,25154,3857280,0.75,72,Cameroon,0.7030212883253687,0.5202357533607729,3.184779380725394,2.274042924113814,0.7640117994,0.499035521,True,100.1,0.004272024346997112,0.23100675540057966,0.15992304387445797,0.75,0.03584184408153574,0.012520937739069905,0.048362781820605646
Brazil,0.0037073140008986,36.55,25305,3857280,0.75,72,Cameroon,0.7030212883253687,0.5202357533607729,3.184779380725394,2.274042924113814,0.4159292035,0.4902830736,True,100.1,0.002669266080646992,0.1848222599757283,0.031174375756631695,0.75,0.02792742539397907,0.002440751554288653,0.030368176948267725
Brazil,-0.0084757861501049,78.68333333333334,25363,3857280,0.8181818181818182,72,Cameroon,0.7030212883253687,0.5202357533607729,3.184779380725394,2.274042924113814,0.2315634218,0.4948975466,True,100.1,-0.006102566028075528,0.3978777425195683,-0.04029454132594194,0.8181818181818182,0.048272158148048847,-0.003154801402870737,0.04511735674517811
Brazil,-0.0193833329099975,100.1,29976,3857280,0.71875,72,Cameroon,0.7030212883253687,0.5202357533607729,3.184779380725394,2.274042924113814,0.0796460177,0.2564835255,True,100.1,-0.0139559996951982,0.5061753275942654,-0.26183599674569,0.71875,0.05521887711094518,-0.020500061364975734,0.03471881574596945
Cameroon,-0.0357317498671302,100.1,3141,3857280,0.9696969696969696,87,Brazil,1.6029923560741046,1.4266631969059531,-11.819067637836971,-6.381346867180333,0.8377581121,0.8140125522,True,100.1,-0.031086622384403274,1.394603349784471,-0.10170334085591914,0.9696969696969696,0.15950250682756867,-0.007962712363779314,0.15153979446378935
Cameroon,-0.0095323209054829,100.1,3499,3857280,0.8333333333333334,87,Brazil,1.6029923560741046,1.4266631969059531,-11.819067637836971,-6.381346867180333,0.5973451327,0.472739989,True,100.1,-0.008293119187770124,1.394603349784471,-0.37465440183490695,0.8333333333333334,0.18229601002420182,-0.02933301121210445,0.15296299881209735
Cameroon,-0.0018966609341339,36.95,3551,3857280,0.875,87,Brazil,1.6029923560741046,1.4266631969059531,-11.819067637836971,-6.381346867180333,0.1002949853,0.2400022664,True,100.1,-0.001650095012696493,0.5147911465987633,-0.28612866500015743,0.875,0.06870223590021424,-0.022402019828002752,0.046300216072211485
Cameroon,-0.0169156101465619,63.15,4935,3857280,1.0,87,Brazil,1.6029923560741046,1.4266631969059531,-11.819067637836971,-6.381346867180333,0.2286135693,0.3598859598,True,100.1,-0.014716580827508851,0.8798122031857077,-0.4107156001544531,1.0,0.10552021747155237,-0.03215636929744542,0.07336384817410695
Cameroon,0.2088570956773159,100.1,7551,3857280,0.8571428571428571,87,Brazil,1.6029923560741046,1.4266631969059531,-11.819067637836971,-6.381346867180333,0.4631268437,0.5519318535,True,100.1,0.18170567323926484,1.394603349784471,-0.4335826733256849,0.8571428571428571,0.3722948024512368,-0.03394671290594072,0.3383480895452961
Cameroon,0.017686126631627,100.1,11174,3857280,0.9090909090909092,87,Brazil,1.6029923560741046,1.4266631969059531,-11.819067637836971,-6.381346867180333,0.4100294985,0.2488949926,True,100.1,0.015386930169515492,1.394603349784471,-0.5727502144868372,0.9090909090909092,0.20597605938148744,-0.04484262931649961,0.16113343006498781
Cameroon,0.0201798323596804,67.41666666666667,12623,3857280,0.8181818181818182,87,Brazil,1.6029923560741046,1.4266631969059531,-11.819067637836971,-6.381346867180333,0.7920353982,0.7538242192,True,100.1,0.01755645415292195,0.9392558358105538,-0.10235757790142083,0.8181818181818182,0.14591693161919345,-0.00801393488377931,0.13790299673541415
Cameroon,0.0048077287804652,100.1,13454,3857280,0.6666666666666666,87,Brazil,1.6029923560741046,1.4266631969059531,-11.819067637836971,-6.381346867180333,0.3687315634,0.5285874176,True,100.1,0.0041827240390047244,1.394603349784471,-0.502413462393116,0.6666666666666666,0.19477185325097665,-0.03933571753944998,0.15543613571152667
Cameroon,-0.0246088369886159,84.95,16015,3857280,0.8947368421052632,87,Brazil,1.6029923560741046,1.4266631969059531,-11.819067637836971,-6.381346867180333,0.209439528,0.4329766958,True,100.1,-0.02140968818009583,1.1835320136282799,-0.5414770729580226,0.8947368421052632,0.1403340333639303,-0.04239414504243341,0.09793988832149689
Cameroon,0.076060834709194,100.1,16346,3857280,0.65625,87,Brazil,1.6029923560741046,1.4266631969059531,-11.819067637836971,-6.381346867180333,0.3097345133,0.4909742336,True,100.1,0.06617292619699879,1.394603349784471,-0.5534099796888527,0.65625,0.25676205540897074,-0.043328414292211716,0.21343364111675903
Cameroon,0.1313352768071458,100.1,74588,3857280,0.9393939393939394,87,Brazil,1.6029923560741046,1.4266631969059531,-11.819067637836971,-6.381346867180333,0.412979351,0.5323936652,True,100.1,0.11426169082221684,1.394603349784471,-0.4726217612566464,0.9393939393939394,0.3048508200341888,-0.037003220445638155,0.26784759958855064
Canada,0.0037617905554795,34.6,9922,3857281,1.0,89,Croatia,1.0246561782916976,0.9221905604625279,-6.417022349883927,3.0994004519454683,0.3362831858,0.4126634797,True,96.01666666666668,0.0033479935943767553,0.3286227636276466,0.019289986021083158,1.0,0.048258201481590206,0.0015102808707612818,0.049768482352351484
Canada,0.0045346796845433,45.0,11187,3857281,0.75,89,Croatia,1.0246561782916976,0.9221905604625279,-6.417022349883927,3.0994004519454683,0.8185840708,0.6344674448,True,96.01666666666668,0.004035864919243537,0.4273995480706387,0.23153519350709167,0.75,0.0624450948303593,0.018127704876487884,0.08057279970684719
Canada,-0.014357938515044,96.01666666666668,11846,3857281,0.925925925925926,89,Croatia,1.0246561782916976,0.9221905604625279,-6.417022349883927,3.0994004519454683,0.7286135693,0.4006576629,True,96.01666666666668,-0.01277856527838916,0.911943998679611,0.33600212158260523,0.925925925925926,0.1118494249134397,0.02630678820641886,0.13815621311985857
Canada,-0.0210737195505622,96.01666666666668,12365,3857281,0.8529411764705882,89,Croatia,1.0246561782916976,0.9221905604625279,-6.417022349883927,3.0994004519454683,0.4896755162,0.6345046362,True,96.01666666666668,-0.018755610400000358,0.911943998679611,0.25326594306756156,0.8529411764705882,0.10587237979182851,0.019829081711733455,0.12570146150356196
Canada,-0.0007844525795518,51.016666666666666,12770,3857281,0.8461538461538461,89,Croatia,1.0246561782916976,0.9221905604625279,-6.417022349883927,3.0994004519454683,0.7699115044,0.653607511,True,96.01666666666668,-0.0006981627958011021,0.48454445060897217,0.24756935721562523,0.8461538461538461,0.06552059748491199,0.019383075963910437,0.08490367344882242
Canada,-0.0315967345287386,61.41666666666666,16120,3857281,0.6842105263157895,89,Croatia,1.0246561782916976,0.9221905604625279,-6.417022349883927,3.0994004519454683,0.2625368732,0.3306825137,True,96.01666666666668,-0.02812109373057736,0.5833212350519641,-0.020961327379096978,0.6842105263157895,0.05159668857403801,-0.0016411360657189978,0.04995555250831901
Canada,-0.0025182321925756,45.0,16459,3857281,0.9333333333333332,89,Croatia,1.0246561782916976,0.9221905604625279,-6.417022349883927,3.0994004519454683,0.4410029499,0.6655244679,True,96.01666666666668,-0.002241226651392284,0.4273995480706387,0.10772945515498174,0.9333333333333332,0.05616800325972348,0.008434518053060173,0.06460252131278366
Canada,-0.0068562300845564,72.45,23640,3857281,0.88,89,Croatia,1.0246561782916976,0.9221905604625279,-6.417022349883927,3.0994004519454683,0.517699115,0.4269809011,True,96.01666666666668,-0.006102044775255195,0.6881132723937282,0.14485906393514833,0.88,0.08793681538164118,0.011341525752197271,0.09927834113383845
Canada,-0.0673616926324981,96.01666666666668,23828,3857281,1.0,89,Croatia,1.0246561782916976,0.9221905604625279,-6.417022349883927,3.0994004519454683,0.3908554572,0.3665701688,True,96.01666666666668,-0.05995190644292331,0.911943998679611,0.07531105819401113,1.0,0.06467608374890556,0.005896367702023767,0.07057245145092933
Canada,0.0132246186502901,96.01666666666668,24024,3857281,1.0,89,Croatia,1.0246561782916976,0.9221905604625279,-6.417022349883927,3.0994004519454683,0.08259587021,0.3881299191,True,96.01666666666668,0.011769910598758189,0.911943998679611,-0.14185076958725265,1.0,0.13639790079058706,-0.01110599580405317,0.1252919049865339
Canada,-0.0015946133847488,23.55,29758,3857281,1.0,89,Croatia,1.0246561782916976,0.9221905604625279,-6.417022349883927,3.0994004519454683,0.185840708,0.2655140344,True,96.01666666666668,-0.001419205912426432,0.22367243015696758,-0.028108755744875286,1.0,0.02914829107439082,-0.002200733378240296,0.026947557696150523
Canada,-0.0223861070434009,72.46666666666667,31684,3857281,0.9333333333333332,89,Croatia,1.0246561782916976,0.9221905604625279,-6.417022349883927,3.0994004519454683,0.9247787611,0.7177211537,True,96.01666666666668,-0.0199236352686268,0.6882715685226433,0.45629753649159893,0.9333333333333332,0.0741368579363848,0.03572513945762122,0.10986199739400603
Canada,0.0276739463314482,96.01666666666668,44703,3857281,0.8148148148148148,89,Croatia,1.0246561782916976,0.9221905604625279,-6.417022349883927,3.0994004519454683,0.3982300885,0.4501808149,True,96.01666666666668,0.024629812234988897,0.911943998679611,0.11366716025646693,0.8148148148148148,0.14925780242681777,0.008899401875225392,0.15815720430204316
Canada,-0.0097037594850555,51.016666666666666,133229,3857281,0.6363636363636364,89,Croatia,1.0246561782916976,0.9221905604625279,-6.417022349883927,3.0994004519454683,0.8436578171,0.573140158,True,96.01666666666668,-0.008636345941699396,0.48454445060897217,0.25940061144621973,0.6363636363636364,0.0575824143390137,0.020309386481815985,0.07789180082082968
Croatia,-0.0008632010677867,23.83333333333333,3441,3857281,0.7142857142857143,96,Canada,0.7150238901604417,0.6935731734556283,7.48480392270276,4.056854982071552,0.3200589971,0.5196095757,True,96.01666666666668,-0.0008286730250752321,0.1703844465218285,0.03623642366008072,0.7142857142857143,0.02245638741800896,0.00283707709372142,0.02529346451173038
Croatia,-0.0204845067729584,96.01666666666668,3471,3857281,0.9,96,Canada,0.7150238901604417,0.6935731734556283,7.48480392270276,4.056854982071552,0.6415929204,0.4851239595,True,96.01666666666668,-0.019665126502040064,0.6864229345540239,0.37138068025384985,0.9,0.07414272889139215,0.02907670003206186,0.10321942892345401
Croatia,-0.0079991935934128,85.7,5456,3857281,0.896551724137931,96,Canada,0.7150238901604417,0.6935731734556283,7.48480392270276,4.056854982071552,0.8716814159,0.8199589248,True,96.01666666666668,-0.007679225849676288,0.6126691077029666,0.6039849588153163,0.896551724137931,0.07604929219112017,0.047288107338664224,0.1233373995297844
Croatia,-0.0073064898858553,72.18333333333334,5460,3857281,0.7058823529411765,96,Canada,0.7150238901604417,0.6935731734556283,7.48480392270276,4.056854982071552,0.3348082596,0.2768182077,True,96.01666666666668,-0.007014230290421089,0.5160384880321953,0.04487810658290259,0.7058823529411765,0.06350856465992692,0.0035136648525335673,0.0670222295124605
Croatia,-0.0225088899468322,85.41666666666667,5463,3857281,0.9333333333333332,96,Canada,0.7150238901604417,0.6935731734556283,7.48480392270276,4.056854982071552,0.7536873156,0.6496819516,True,96.01666666666668,-0.021608534348958913,0.6106435583387212,0.46321328772339776,0.9333333333333332,0.06184316828796872,0.036266597952247084,0.0981097662402158
Croatia,0.0149280213427341,96.01666666666668,5469,3857281,0.9636363636363636,96,Canada,0.7150238901604417,0.6935731734556283,7.48480392270276,4.056854982071552,0.9336283186,0.7238709555,True,96.01666666666668,0.014330900489024736,0.6864229345540239,0.6842872265934948,0.9636363636363636,0.10813875588245694,0.05357525439888398,0.16171401028134091
Croatia,0.0039122429721419,85.33333333333333,5474,3857281,0.6,96,Canada,0.7150238901604417,0.6935731734556283,7.48480392270276,4.056854982071552,0.2610619469,0.4245165374,True,96.01666666666668,0.003755753253256224,0.6100478085257076,0.056877806524753716,0.6,0.08712603959492829,0.004453163577791607,0.09157920317271989
Croatia,0.0023093969573227,36.05,7693,3857281,1.0,96,Canada,0.7150238901604417,0.6935731734556283,7.48480392270276,4.056854982071552,0.3731563422,0.5268861006,True,96.01666666666668,0.002217021079029792,0.2577213691095909,0.07073671638132384,1.0,0.037437710406576015,0.005538226388262609,0.042975936794838625
Croatia,-0.0211864930061339,96.01666666666668,12625,3857281,0.75,96,Canada,0.7150238901604417,0.6935731734556283,7.48480392270276,4.056854982071552,0.2182890855,0.3414902199,True,96.01666666666668,-0.020339033285888545,0.6864229345540239,-0.0010831778452446428,0.75,0.07346882210754367,-8.480580429231176e-05,0.07338401630325136
Croatia,0.0048051360305287,59.96666666666667,22041,3857281,1.0,96,Canada,0.7150238901604417,0.6935731734556283,7.48480392270276,4.056854982071552,0.1932153392,0.5052217653,True,96.01666666666668,0.004612930589307552,0.4287015654444329,0.028637422243789873,1.0,0.06320009665519352,0.002242124538371277,0.0654422211935648
Croatia,0.0020471348527033,96.01666666666668,29163,3857281,0.84,96,Canada,0.7150238901604417,0.6935731734556283,7.48480392270276,4.056854982071552,0.1091445428,0.2717599346,True,96.01666666666668,0.001965249458595168,0.6864229345540239,-0.11021703089124218,0.84,0.09577310485202738,-0.008629279109130295,0.08714382574289709
Croatia,0.0164562958180589,96.01666666666668,33018,3857281,0.9393939393939394,96,Canada,0.7150238901604417,0.6935731734556283,7.48480392270276,4.056854982071552,0.7654867257,0.6361837382,True,96.01666666666668,0.015798043985336546,0.6864229345540239,0.5240679505610127,0.9393939393939394,0.10960589937876876,0.04103112360197156,0.15063702298074033
United States,0.0039025350437968,87.55,3377,3857282,0.8,89,Wales,0.9088508136605026,0.8179657322944522,1.2565614586210416,2.23197565668531,0.3613569322,0.3548396678,True,100.58333333333331,0.003473256188979152,0.7040649641261263,-0.012076382678147146,0.8,0.09969210468249139,-0.000945502486464446,0.09874660219602693
United States,-0.0072642775040034,26.33333333333333,3658,3857282,1.0,89,Wales,0.9088508136605026,0.8179657322944522,1.2565614586210416,2.23197565668531,0.4542772861,0.5410839606,True,100.58333333333331,-0.006465206978563026,0.21176901643237755,0.034518295548669135,1.0,0.02247554699435708,0.002702558799237118,0.025178105793594197
United States,0.0047534477094943,100.58333333333331,4614,3857282,0.8787878787878788,89,Wales,0.9088508136605026,0.8179657322944522,1.2565614586210416,2.23197565668531,0.2418879056,0.4402512238,True,100.58333333333331,0.004230568461449927,0.8088772241578472,-0.06929337796693044,0.8787878787878788,0.11477325847826818,-0.005425222345910748,0.10934803613235743
United States,0.0015078043978698,100.58333333333331,8246,3857282,0.92,89,Wales,0.9088508136605026,0.8179657322944522,1.2565614586210416,2.23197565668531,0.4351032448,0.5270393589,True,100.58333333333331,0.001341945914104122,0.8088772241578472,0.11168138243222953,0.92,0.11188463593092238,0.008743928343090642,0.12062856427401301
United States,-0.010780432691465,65.2,8526,3857282,0.9333333333333332,89,Wales,0.9088508136605026,0.8179657322944522,1.2565614586210416,2.23197565668531,0.6740412979,0.5551789827,True,100.58333333333331,-0.009594585095403849,0.5243293622047223,0.19661963548467143,0.9333333333333332,0.06206125638691481,0.015394043000549628,0.07745529938746444
United States,-0.0896048133229107,100.58333333333331,12524,3857282,0.9444444444444444,89,Wales,0.9088508136605026,0.8179657322944522,1.2565614586210416,2.23197565668531,0.6799410029,0.4647031631,True,100.58333333333331,-0.07974828385739052,0.8088772241578472,0.27102846576872874,0.9444444444444444,0.03079440615942773,0.021219772105325014,0.05201417826475274
United States,-0.0228705275552696,100.58333333333331,12751,3857282,1.0,89,Wales,0.9088508136605026,0.8179657322944522,1.2565614586210416,2.23197565668531,0.9159292035,0.8420840335,True,100.58333333333331,-0.020354769524189943,0.8088772241578472,0.6022797962826771,1.0,0.0901879204926283,0.04715460416495694,0.13734252465758523
United States,-0.0087636378692048,26.33333333333333,13035,3857282,1.0,89,Wales,0.9088508136605026,0.8179657322944522,1.2565614586210416,2.23197565668531,0.8967551622,0.5920613193,True,100.58333333333331,-0.007799637703592271,0.21176901643237755,0.12731068484276764,1.0,0.021141116269327832,0.009967601415128124,0.031108717684455958
United States,0.0700673690234634,100.58333333333331,18242,3857282,0.925925925925926,89,Wales,0.9088508136605026,0.8179657322944522,1.2565614586210416,2.23197565668531,0.6401179941,0.385639846,True,100.58333333333331,0.06235995843088243,0.8088772241578472,0.2088835259206827,0.925925925925926,0.17290264844770067,0.01635422612905871,0.18925687457675938
United States,-0.0002041613503244,74.25,21881,3857282,0.7619047619047619,89,Wales,0.9088508136605026,0.8179657322944522,1.2565614586210416,2.23197565668531,0.3038348083,0.3576904222,True,100.58333333333331,-0.00018170360178871602,0.5971082077254698,-0.041413511991497176,0.7619047619047619,0.08142023244210944,-0.0032424095529898726,0.07817782288911956
United States,0.0028619346716153,27.09999999999999,22008,3857282,1.0,89,Wales,0.9088508136605026,0.8179657322944522,1.2565614586210416,2.23197565668531,0.116519174,0.3895227227,True,100.58333333333331,0.002547121857737617,0.217934443493067,-0.04969654037124124,1.0,0.03233045474379337,-0.0038909169858220008,0.028439537757971367
United States,0.0012908410000924,73.48333333333333,22168,3857282,0.7222222222222222,89,Wales,0.9088508136605026,0.8179657322944522,1.2565614586210416,2.23197565668531,0.4469026549,0.5072380855,True,100.58333333333331,0.0011488484900822361,0.5909427806647803,0.08221786200537393,0.7222222222222222,0.08190820562084475,0.006437125671625272,0.08834533129247002
United States,-0.0140953442519992,35.383333333333326,24243,3857282,1.0,89,Wales,0.9088508136605026,0.8179657322944522,1.2565614586210416,2.23197565668531,0.697640118,0.8451691682,True,100.58333333333331,-0.012544856384279289,0.28454786195312504,0.15439443336833752,1.0,0.026341992150220317,0.0120880833720342,0.03843007552225452
United States,-0.0143360902663032,74.25,38792,3857282,0.88,89,Wales,0.9088508136605026,0.8179657322944522,1.2565614586210416,2.23197565668531,0.7197640118,0.7109273675,True,100.58333333333331,-0.012759120337009848,0.5971082077254698,0.29606087248962787,0.88,0.06884281570688831,0.023179647295403935,0.09202246300229225
Wales,0.0001423503333722,100.58333333333331,3086,3857282,0.9736842105263158,83,United States,0.9521582816949594,0.8093345394407154,1.1959013861058576,-2.076531673775662,0.5457227139,0.4161639594,True,100.58333333333331,0.000118150776698926,0.7902913738068164,-0.13881844172122998,0.9736842105263158,0.10812086336221785,-0.010868584187221255,0.0972522791749966
Wales,-0.0036943258805473,100.58333333333331,3517,3857282,0.9333333333333332,83,United States,0.9521582816949594,0.8093345394407154,1.1959013861058576,-2.076531673775662,0.6725663717,0.5800352844,True,100.58333333333331,-0.003066290480854259,0.7902913738068164,0.011863562191732957,0.9333333333333332,0.10493642210466467,0.0009288400218475114,0.10586526212651218
Wales,-0.0014744624475176,55.58333333333333,3853,3857282,0.9,83,United States,0.9521582816949594,0.8093345394407154,1.1959013861058576,-2.076531673775662,0.2802359882,0.4049229365,True,100.58333333333331,-0.001223803831439608,0.43672273929506755,-0.18183812909880886,0.9,0.05845955101076514,-0.014236746861962255,0.044222804148802884
Wales,0.056581109457027,100.58333333333331,4767,3857282,0.935483870967742,83,United States,0.9521582816949594,0.8093345394407154,1.1959013861058576,-2.076531673775662,0.5575221239,0.5690763166,True,100.58333333333331,0.04696232084933241,0.7902913738068164,-0.07286814154605314,0.935483870967742,0.15496503343485135,-0.005705103163094461,0.14925993027175688
Wales,-0.0128682767702265,100.58333333333331,4774,3857282,0.8235294117647058,83,United States,0.9521582816949594,0.8093345394407154,1.1959013861058576,-2.076531673775662,0.04572271386,0.1886447572,True,100.58333333333331,-0.010680669719287996,0.7902913738068164,-0.5749361908437932,0.8235294117647058,0.09732204286623093,-0.045013777096090474,0.05230826577014046
Wales,-0.0310794827982315,94.7,4934,3857282,0.9444444444444444,83,United States,0.9521582816949594,0.8093345394407154,1.1959013861058576,-2.076531673775662,0.895280236,0.5698266334,True,100.58333333333331,-0.025795970722532147,0.7440655486280583,0.15444606850607234,0.9444444444444444,0.07588943323950906,0.012092126068627904,0.08798155930813696
Wales,-0.0074277070538182,100.58333333333331,6399,3857282,0.875,83,United States,0.9521582816949594,0.8093345394407154,1.1959013861058576,-2.076531673775662,0.4646017699,0.4377217129,True,100.58333333333331,-0.006164996854669106,0.7902913738068164,-0.18751774441659225,0.875,0.10183771573084982,-0.014681423926961461,0.08715629180388836
Wales,-0.0289469915043458,92.58333333333331,9540,3857282,0.8620689655172413,83,United States,0.9521582816949594,0.8093345394407154,1.1959013861058576,-2.076531673775662,0.5383480826,0.50667722,True,100.58333333333331,-0.024026002948607014,0.7274347276713943,-0.10110393851882468,0.8620689655172413,0.07538660159365604,-0.007915783046017552,0.06747081854763849
Wales,-0.0153010229813463,100.58333333333331,11250,3857282,1.0,83,United States,0.9521582816949594,0.8093345394407154,1.1959013861058576,-2.076531673775662,0.6533923304,0.5144938931,True,100.58333333333331,-0.012699849074517428,0.7902913738068164,-0.02629387196379511,1.0,0.09530286351100149,-0.0020586397419761478,0.09324422376902534
Wales,0.0030783466244696,45.0,11252,3857282,0.8235294117647058,83,United States,0.9521582816949594,0.8093345394407154,1.1959013861058576,-2.076531673775662,0.0604719764,0.4223022793,True,100.58333333333331,0.002555027698309768,0.3535686345117489,-0.21316327319035266,0.8235294117647058,0.05087438544162396,-0.016689302599617626,0.03418508284200633
Wales,-0.0062518833330544,22.266666666666666,29377,3857282,1.0,83,United States,0.9521582816949594,0.8093345394407154,1.1959013861058576,-2.076531673775662,0.02212389381,0.1956711766,True,100.58333333333331,-0.005189063166435152,0.17495099841025796,-0.13034986085040515,1.0,0.018720070887293647,-0.010205549197059894,0.008514521690233753
Wales,-0.0029377400006927,78.31666666666666,34794,3857282,0.8076923076923077,83,United States,0.9521582816949594,0.8093345394407154,1.1959013861058576,-2.076531673775662,0.1681415929,0.4430600443,True,100.58333333333331,-0.002438324200574941,0.6153403753965585,-0.3061534765959151,0.8076923076923077,0.0816552543312152,-0.023969832778235948,0.05768542155297926
Belgium,-0.0081498392965161,35.56666666666667,2954,3857283,0.8333333333333334,67,Morocco,0.87190571165222,0.5841768268069873,7.844271052590418,5.660582889233902,0.8598820059,0.6813979355,True,95.23333333333332,-0.005460392328665787,0.2181717445582974,0.2713178950094979,0.8333333333333334,0.02435537056940042,0.02124243253884191,0.04559780310824233
Belgium,-0.0208772160010969,95.23333333333332,3077,3857283,0.8461538461538461,67,Morocco,0.87190571165222,0.5841768268069873,7.844271052590418,5.660582889233902,0.4513274336,0.3089535303,True,95.23333333333332,-0.013987734720734923,0.5841768268069873,0.2646118414357627,0.8461538461538461,0.06584697436996342,0.02071739201161483,0.08656436638157824
Belgium,0.0086898807686555,95.23333333333332,3089,3857283,0.5454545454545454,67,Morocco,0.87190571165222,0.5841768268069873,7.844271052590418,5.660582889233902,0.6386430678,0.4791206767,True,95.23333333333332,0.005822220114999185,0.5841768268069873,0.4761294009640582,0.5454545454545454,0.08565692920569752,0.0372778458987534,0.12293477510445092
Belgium,-0.0203849676501697,80.7,3176,3857283,0.8181818181818182,67,Morocco,0.87190571165222,0.5841768268069873,7.844271052590418,5.660582889233902,0.04719764012,0.3363353492,True,95.23333333333332,-0.013657928325613699,0.495026985544178,-0.025973708970988996,0.8181818181818182,0.05399339498855525,-0.002033573054886159,0.05195982193366909
Belgium,-0.0053502828600046,74.01666666666667,3457,3857283,0.7727272727272727,67,Morocco,0.87190571165222,0.5841768268069873,7.844271052590418,5.660582889233902,0.1430678466,0.23108433,True,95.23333333333332,-0.0035846895162030823,0.45403032689006495,-0.0007223251569483113,0.7727272727272727,0.05846395295348389,-5.655337778971697e-05,0.05840739957569417
Belgium,-0.0062448879344391,59.65,3621,3857283,0.8,67,Morocco,0.87190571165222,0.5841768268069873,7.844271052590418,5.660582889233902,0.7595870206,0.3731220865,True,95.23333333333332,-0.004184074916074197,0.365902846192196,0.32856086174091387,0.8,0.04582089950387844,0.0257241857939035,0.07154508529778193
Belgium,-0.0002629172183897,35.583333333333336,5630,3857283,1.0,67,Morocco,0.87190571165222,0.5841768268069873,7.844271052590418,5.660582889233902,0.6445427729,0.7622996035,True,95.23333333333332,-0.00017615453632109898,0.21827398061479142,0.22277615096736408,1.0,0.02965358013442461,0.017441928620378803,0.04709550875480341
Belgium,-0.0087102399653376,74.05,5632,3857283,0.8235294117647058,67,Morocco,0.87190571165222,0.5841768268069873,7.844271052590418,5.660582889233902,0.2566371681,0.4780186646,True,95.23333333333332,-0.005835860776776192,0.4542347990030531,0.14463640263684144,0.8235294117647058,0.0562407252382698,0.01132409281579575,0.06756481805406554
Belgium,0.0052450372654495,95.23333333333332,5642,3857283,0.7083333333333334,67,Morocco,0.87190571165222,0.5841768268069873,7.844271052590418,5.660582889233902,0.9174041298,0.6749820533,True,95.23333333333332,0.003514174967851165,0.5841768268069873,0.7674792077864288,0.7083333333333334,0.08334888405854951,0.06008864728880611,0.14343753134735562
Belgium,-0.0068345868949917,95.23333333333332,6989,3857283,0.8260869565217391,67,Morocco,0.87190571165222,0.5841768268069873,7.844271052590418,5.660582889233902,0.2020648968,0.317124894,True,95.23333333333332,-0.004579173219644439,0.5841768268069873,0.0789376005059022,0.8260869565217391,0.07525553587105391,0.00618030245836155,0.08143583832941546
Belgium,0.0098760718978954,21.183333333333337,16559,3857283,0.8,67,Morocco,0.87190571165222,0.5841768268069873,7.844271052590418,5.660582889233902,0.6843657817,0.4454537694,True,95.23333333333332,0.0066169681715899185,0.1299420278039344,0.11056268621867889,0.8,0.024375091247242284,0.008656341680784512,0.033031432928026794
Belgium,-0.0200946434214794,95.23333333333332,20005,3857283,0.5714285714285714,67,Morocco,0.87190571165222,0.5841768268069873,7.844271052590418,5.660582889233902,0.4572271386,0.2705882823,True,95.23333333333332,-0.013463411092391197,0.5841768268069873,0.25342077095299687,0.5714285714285714,0.06637129799830714,0.019841203731592764,0.0862125017298999
Belgium,0.019981034556212,59.66666666666666,48347,3857283,0.8333333333333334,67,Morocco,0.87190571165222,0.5841768268069873,7.844271052590418,5.660582889233902,0.982300885,0.9137822154,True,95.23333333333332,0.013387293152662039,0.36600508224869,0.5727700575446868,0.8333333333333334,0.06340623934529419,0.04484418289930962,0.10825042224460381
Morocco,-0.0062305648020232,71.63333333333334,3625,3857283,0.7777777777777778,87,Belgium,1.4761921103685727,1.284287136020658,-4.1837171924859975,-5.778652856408798,0.2477876106,0.5847363707,True,95.23333333333332,-0.005420591377760183,0.9660248706014682,-0.3871243085532547,0.7777777777777778,0.12659819296941321,-0.030309324080154975,0.09628886888925824
Morocco,-0.0092354945039552,28.59999999999999,3634,3857283,0.9,87,Belgium,1.4761921103685727,1.284287136020658,-4.1837171924859975,-5.778652856408798,0.7876106195,0.5693813356,True,95.23333333333332,-0.008034880218441025,0.3856907114825777,-0.05625205544161986,0.9,0.04467434126591204,-0.004404171324003434,0.04027016994190861
Morocco,9.070341489440716e-05,95.23333333333332,5219,3857283,0.9642857142857144,87,Belgium,1.4761921103685727,1.284287136020658,-4.1837171924859975,-5.778652856408798,0.7610619469,0.5835607247,True,95.23333333333332,7.891197095813422e-05,1.284287136020658,-0.19895798549440752,0.9642857142857144,0.1755920189415837,-0.015577120649490846,0.16001489829209284
Morocco,-0.0229814430873441,95.23333333333332,5234,3857283,1.0,87,Belgium,1.4761921103685727,1.284287136020658,-4.1837171924859975,-5.778652856408798,0.9380530973,0.7846760658,True,95.23333333333332,-0.019993855485989368,1.284287136020658,-0.023267800669161176,1.0,0.1555192514846362,-0.0018217179741298467,0.15369753351050636
Morocco,-0.0246827642502516,95.23333333333332,5237,3857283,0.675,87,Belgium,1.4761921103685727,1.284287136020658,-4.1837171924859975,-5.778652856408798,0.2684365782,0.5733153816,True,95.23333333333332,-0.02147400489771889,1.284287136020658,-0.5057353305423418,0.675,0.15403910207290666,-0.03959579828370161,0.11444330378920506
Morocco,0.0016350338327271,66.63333333333334,5245,3857283,0.68,87,Belgium,1.4761921103685727,1.284287136020658,-4.1837171924859975,-5.778652856408798,0.2920353982,0.6030365114,True,95.23333333333332,0.0014224794344725772,0.8985964245380805,-0.3367908503441994,0.68,0.12422636492074508,-0.02636854055603451,0.09785782436471058
Morocco,-0.0146445532880035,71.66666666666667,6301,3857283,0.7714285714285715,87,Belgium,1.4761921103685727,1.284287136020658,-4.1837171924859975,-5.778652856408798,0.3451327434,0.466162362,True,95.23333333333332,-0.012740761360563046,0.966474393575224,-0.3717801574722338,0.7714285714285715,0.11933945564568302,-0.029107976508912118,0.0902314791367709
Morocco,-0.0320902029132897,95.23333333333332,12149,3857283,0.9411764705882352,87,Belgium,1.4761921103685727,1.284287136020658,-4.1837171924859975,-5.778652856408798,0.598820059,0.3714592088,True,95.23333333333332,-0.02791847653456204,1.284287136020658,-0.3692080407329337,0.9411764705882352,0.14759463043606352,-0.028906596440285624,0.1186880339957779
Morocco,-0.0332495652804067,95.23333333333332,15890,3857283,0.7407407407407407,87,Belgium,1.4761921103685727,1.284287136020658,-4.1837171924859975,-5.778652856408798,0.2404129794,0.5371449225,True,95.23333333333332,-0.02892712179395383,1.284287136020658,-0.5349878753115166,0.7407407407407407,0.14658598517667173,-0.04188608292868198,0.10469990224798975
Morocco,-0.0120298735121574,23.59999999999999,21736,3857283,0.75,87,Belgium,1.4761921103685727,1.284287136020658,-4.1837171924859975,-5.778652856408798,0.4056047198,0.7083534266,True,95.23333333333332,-0.010465989955576937,0.31826226541918995,-0.09329680914328792,0.75,0.033028332667875235,-0.007304535420511519,0.025723797247363716
Morocco,-0.030044830800055,66.6,23774,3857283,0.8888888888888888,87,Belgium,1.4761921103685727,1.284287136020658,-4.1837171924859975,-5.778652856408798,0.7684365782,0.7345391318,True,95.23333333333332,-0.026139002796047847,0.8981469015643245,-0.10094952922157624,0.8888888888888888,0.09660345003115198,-0.00790369379890005,0.08869975623225193
Morocco,-0.0113313991544221,28.63333333333334,31295,3857283,0.75,87,Belgium,1.4761921103685727,1.284287136020658,-4.1837171924859975,-5.778652856408798,0.08849557522,0.4097605576,True,95.23333333333332,-0.009858317264347227,0.38614023445633383,-0.2016821359132297,0.75,0.04291233687907854,-0.015790403969765252,0.02712193290931329
Morocco,-0.0194395270384713,77.61666666666666,46258,3857283,0.9473684210526316,87,Belgium,1.4761921103685727,1.284287136020658,-4.1837171924859975,-5.778652856408798,0.7758112094,0.6536686645,True,95.23333333333332,-0.01691238852347003,1.0467142443906554,-0.13580315296568557,0.9473684210526316,0.12613355812724808,-0.010632506622294922,0.11550105150495316
Morocco,0.014379876319709,23.566666666666663,59493,3857283,0.8333333333333334,87,Belgium,1.4761921103685727,1.284287136020658,-4.1837171924859975,-5.778652856408798,0.06784660767,0.2973880191,True,95.23333333333332,0.012510492398146831,0.3178127424454341,-0.17836269601591465,0.8333333333333334,0.05594338236252634,-0.013964642978788402,0.04197873938373794
Germany,0.0600367246824601,98.15,3167,3857284,0.8461538461538461,72,Japan,0.8499782354004932,0.6119843294883551,1.3246477925057953,9.601588789842015,0.7389380531,0.4737646232,True,98.15,0.04322644177137128,0.6119843294883551,0.8299936886094557,0.8461538461538461,0.12686137672730974,0.06498312592810629,0.19184450265541603
Germany,0.0053403571419702,66.61666666666666,5562,3857284,0.875,72,Japan,0.8499782354004932,0.6119843294883551,1.3246477925057953,9.601588789842015,0.4218289086,0.5695303506,True,98.15,0.003845057142218544,0.4153678663550612,0.4140303310392822,0.875,0.06061001469339633,0.03241589124015743,0.09302590593355375
Germany,-0.0046495259459533,98.15,5579,3857284,0.9523809523809524,72,Japan,0.8499782354004932,0.6119843294883551,1.3246477925057953,9.601588789842015,0.8997050147,0.6066802652,True,98.15,-0.0033476586810863764,0.6119843294883551,1.0224652840407837,0.9523809523809524,0.08028727627485209,0.08005240427942968,0.16033968055428177
Germany,-0.0141615599761739,98.15,6322,3857284,0.875,72,Japan,0.8499782354004932,0.6119843294883551,1.3246477925057953,9.601588789842015,0.6312684366,0.4499082447,True,98.15,-0.010196323182845208,0.6119843294883551,0.7301568520488384,0.875,0.07343861177309326,0.05716654875225854,0.1306051605253518
Germany,-0.017700946685141,31.06666666666668,6324,3857284,0.8,72,Japan,0.8499782354004932,0.6119843294883551,1.3246477925057953,9.601588789842015,0.8938053097,0.5959649133,True,98.15,-0.012744681613301521,0.19370670575077167,0.32057320685096674,0.8,0.013727642848893985,0.025098804190757447,0.038826447039651435
Germany,-0.0220864825158344,89.01666666666667,8400,3857284,0.8333333333333334,72,Japan,0.8499782354004932,0.6119843294883551,1.3246477925057953,9.601588789842015,0.3628318584,0.5252262183,True,98.15,-0.01590226741140077,0.5550362207161326,0.4909990858370065,0.8333333333333334,0.0599500313829051,0.03844204584132035,0.09839207722422544
Germany,0.004953256076245,78.23333333333333,8966,3857284,0.9375,72,Japan,0.8499782354004932,0.6119843294883551,1.3246477925057953,9.601588789842015,0.3805309735,0.5148238728,True,98.15,0.0035663443748964003,0.48780004119856324,0.43950863086879455,0.9375,0.0702300198177857,0.03441067697043098,0.10464069678821669
Germany,0.00499342384473,67.08333333333333,10287,3857284,0.8333333333333334,72,Japan,0.8499782354004932,0.6119843294883551,1.3246477925057953,9.601588789842015,0.9719764012,0.8083929144,True,98.15,0.0035952651682056,0.4182776237375835,0.8012504600046578,0.8333333333333334,0.060757875661948554,0.06273271743748847,0.12349059309943702
Germany,-0.0109097678649067,98.15,12034,3857284,0.925925925925926,72,Japan,0.8499782354004932,0.6119843294883551,1.3246477925057953,9.601588789842015,0.110619469,0.6030250295,True,98.15,-0.007855032862732824,0.6119843294883551,0.36714379879704073,0.925925925925926,0.07577990209320563,0.028744979676800415,0.10452488177000605
Germany,-0.0024287997982287,98.15,24118,3857284,0.9473684210526316,72,Japan,0.8499782354004932,0.6119843294883551,1.3246477925057953,9.601588789842015,0.5545722714,0.407933439,True,98.15,-0.001748735854724664,0.6119843294883551,0.6478968258904219,0.9473684210526316,0.0818861991012138,0.05072612190075151,0.1326123210019653
Germany,0.0086844433523917,78.21666666666667,39565,3857284,0.8888888888888888,72,Japan,0.8499782354004932,0.6119843294883551,1.3246477925057953,9.601588789842015,0.7079646018,0.6406506939,True,98.15,0.0062527992137220234,0.4876961212920446,0.700306269955959,0.8888888888888888,0.07290227276580544,0.054829441661217025,0.12773171442702247
Japan,-0.02681344357315,98.15,3300,3857284,0.8333333333333334,100,Germany,1.0465836545434244,1.0465836545434244,-7.1480206129519885,-6.212484733898396,0.7713864307,0.5045952533,True,98.15,-0.02681344357315,1.0465836545434244,-0.2435828944732654,0.8333333333333334,0.11621465642226533,-0.019070961770815208,0.09714369465145012
Japan,-0.0116566537336865,73.88333333333334,3530,3857284,0.9230769230769232,100,Germany,1.0465836545434244,1.0465836545434244,-7.1480206129519885,-6.212484733898396,0.07079646018,0.435430576,True,98.15,-0.0116566537336865,0.7878256648991341,-0.534104253131278,0.9230769230769232,0.09600909041297273,-0.041816901039470854,0.05419218937350188
Japan,-0.0046978274532079,56.55,5690,3857284,0.8,100,Germany,1.0465836545434244,1.0465836545434244,-7.1480206129519885,-6.212484733898396,0.2433628319,0.43228279,True,98.15,-0.0046978274532079,0.6029985294389266,-0.34663001308503255,0.8,0.07770909108719695,-0.027138883222718985,0.05057020786447797
Japan,-0.009538054872418,27.516666666666666,8361,3857284,0.9333333333333332,100,Germany,1.0465836545434244,1.0465836545434244,-7.1480206129519885,-6.212484733898396,0.4808259587,0.6329892759,True,98.15,-0.009538054872418,0.2934130775430792,-0.10749141249495336,0.9333333333333332,0.0305603307775108,-0.008415880855735455,0.022144449921775344
Japan,-0.0134570297096075,24.266666666666666,8776,3857284,1.0,100,Germany,1.0465836545434244,1.0465836545434244,-7.1480206129519885,-6.212484733898396,0.3746312684,0.4410057839,True,98.15,-0.0134570297096075,0.25875798964429036,-0.12751662893694973,1.0,0.021905326139148612,-0.009983725502804991,0.011921600636343621
Japan,-0.0004001866469177,41.50000000000001,8949,3857284,1.0,100,Germany,1.0465836545434244,1.0465836545434244,-7.1480206129519885,-6.212484733898396,0.1194690265,0.3560699776,True,98.15,-0.0004001866469177,0.442518814707612,-0.29841836853103965,1.0,0.060075270814210546,-0.023364223954523762,0.036711046859686784
Japan,-0.0059304463969417,98.15,9411,3857284,0.9310344827586208,100,Germany,1.0465836545434244,1.0465836545434244,-7.1480206129519885,-6.212484733898396,0.6563421829,0.5969393766,True,98.15,-0.0059304463969417,1.0465836545434244,-0.2848331739916423,0.9310344827586208,0.13709765359847362,-0.02230059127920727,0.11479706231926634
Japan,0.0218939433797127,98.15,23527,3857284,0.967741935483871,100,Germany,1.0465836545434244,1.0465836545434244,-7.1480206129519885,-6.212484733898396,0.1401179941,0.304962574,True,98.15,0.0218939433797127,1.0465836545434244,-0.7101161195287462,0.967741935483871,0.16492204337512803,-0.0555974892968469,0.10932455407828112
Japan,-0.0061150677921212,98.15,23721,3857284,0.9076923076923076,100,Germany,1.0465836545434244,1.0465836545434244,-7.1480206129519885,-6.212484733898396,0.9292035398,0.873363955,True,98.15,-0.0061150677921212,1.0465836545434244,-0.018523716713418792,0.9076923076923076,0.13691303220329412,-0.0014502869508096487,0.13546274525248447
Japan,-0.0203089768436924,53.150000000000006,23730,3857284,0.8333333333333334,100,Germany,1.0465836545434244,1.0465836545434244,-7.1480206129519885,-6.212484733898396,0.4233038348,0.3863559666,True,98.15,-0.0203089768436924,0.5667439759448091,-0.2727114431800059,0.8333333333333334,0.05714332590471642,-0.021351538327830162,0.03579178757688626
Japan,-0.0242474345807454,98.15,29595,3857284,0.8888888888888888,100,Germany,1.0465836545434244,1.0465836545434244,-7.1480206129519885,-6.212484733898396,0.6814159292,0.443282194,True,98.15,-0.024247434580745398,1.0465836545434244,-0.3212488000450321,0.8888888888888888,0.11878066541466993,-0.025151698758762744,0.09362896665590718
Japan,-0.0162117993602082,56.65,30628,3857284,0.8378378378378378,100,Germany,1.0465836545434244,1.0465836545434244,-7.1480206129519885,-6.212484733898396,0.3938053097,0.5656147755,True,98.15,-0.0162117993602082,0.6040648398358124,-0.2662396756815616,0.8378378378378378,0.0663408431740789,-0.020844840881692448,0.045496002292386456
Japan,-0.0051215478351122,45.0,31090,3857284,0.8095238095238095,100,Germany,1.0465836545434244,1.0465836545434244,-7.1480206129519885,-6.212484733898396,0.4749262537,0.6160547317,True,98.15,-0.0051215478351122005,0.4798396785986153,-0.18013681134720305,0.8095238095238095,0.06045424941189432,-0.014103544709688607,0.04635070470220571
Japan,-0.0210343082823583,70.63333333333334,37208,3857284,0.896551724137931,100,Germany,1.0465836545434244,1.0465836545434244,-7.1480206129519885,-6.212484733898396,0.9410029499,0.6818210183,True,98.15,-0.0210343082823583,0.7531705770003452,-0.05484061308621402,0.896551724137931,0.08189540606312823,-0.004293664536325005,0.07760174152680323
Japan,-0.0065604537085865,41.60000000000001,37211,3857284,1.0,100,Germany,1.0465836545434244,1.0465836545434244,-7.1480206129519885,-6.212484733898396,0.1209439528,0.5249751142,True,98.15,-0.0065604537085865,0.4435851251044978,-0.2743994520107214,1.0,0.05406072774642398,-0.021483698477864455,0.03257702926855953
Netherlands,0.0074014373852464,38.73333333333333,2988,3857285,1.0,82,Senegal,0.9224761319972314,0.7841047121976468,0.014665412633757535,-0.44205321691129107,0.4424778761,0.5290209839,True,100.11666666666666,0.006069178655902048,0.2926492950265496,-0.023097162439279926,1.0,0.04606318434377554,-0.0018083581067806144,0.04425482623699493
Netherlands,0.0047148745626611,61.38333333333333,3264,3857285,0.8333333333333334,82,Senegal,0.9224761319972314,0.7841047121976468,0.014665412633757535,-0.44205321691129107,0.5014749263,0.6580442642,True,100.11666666666666,0.0038661971413821022,0.46378113321118014,0.019917147778645866,0.8333333333333334,0.06724740322935031,0.0015593835712134614,0.06880678680056378
Netherlands,-0.0064870161014969,100.11666666666666,3306,3857285,0.9583333333333334,82,Senegal,0.9224761319972314,0.7841047121976468,0.014665412633757535,-0.44205321691129107,0.4837758112,0.3478771477,True,100.11666666666666,-0.005319353203227458,0.7564304282377298,-0.10005716016078199,0.9583333333333334,0.09805585857261424,-0.007833827085637337,0.09022203148697691
Netherlands,-0.0221439299077808,100.11666666666666,3311,3857285,0.7857142857142857,82,Senegal,0.9224761319972314,0.7841047121976468,0.014665412633757535,-0.44205321691129107,0.1253687316,0.4101641711,True,100.11666666666666,-0.018158022524380257,0.7564304282377298,-0.33316956261790254,0.7857142857142857,0.08521718925146145,-0.026085017199689343,0.059132172051772104
Netherlands,-0.0185210755446672,100.11666666666666,3669,3857285,0.8636363636363636,82,Senegal,0.9224761319972314,0.7841047121976468,0.014665412633757535,-0.44205321691129107,0.703539823,0.447794578,True,100.11666666666666,-0.015187281946627105,0.7564304282377298,0.09624280099048067,0.8636363636363636,0.0881879298292146,0.0075351874866857,0.0957231173159003
Netherlands,-0.0104715995491639,22.03333333333333,4318,3857285,1.0,82,Senegal,0.9224761319972314,0.7841047121976468,0.014665412633757535,-0.44205321691129107,0.8643067847,0.5964518954,True,100.11666666666666,-0.008586711630314398,0.1664726196321423,0.059209592300201314,1.0,0.014163751157710031,0.004635727289736382,0.018799478447446415
Netherlands,-0.0141696330031568,78.23333333333333,7745,3857285,0.85,82,Senegal,0.9224761319972314,0.7841047121976468,0.014665412633757535,-0.44205321691129107,0.7477876106,0.4862020094,True,100.11666666666666,-0.011619099062588576,0.5910911320372738,0.11161286788369394,0.85,0.06916053204708364,0.008738564098040955,0.0778990961451246
Netherlands,-0.0127327194889866,21.88333333333333,7891,3857285,0.875,82,Senegal,0.9224761319972314,0.7841047121976468,0.014665412633757535,-0.44205321691129107,0.7861356932,0.7761150665,True,100.11666666666666,-0.010440829980969011,0.16533929620045598,0.06171917586058458,0.875,0.012154750685200484,0.004832211415784028,0.016986962100984514
Netherlands,-0.0011987439561105,100.11666666666666,8069,3857285,0.8095238095238095,82,Senegal,0.9224761319972314,0.7841047121976468,0.014665412633757535,-0.44205321691129107,0.3657817109,0.2723996757,True,100.11666666666666,-0.00098297004401061,0.7564304282377298,-0.2138879654955031,0.8095238095238095,0.10239224173183109,-0.016746041309768082,0.085646200422063
Netherlands,-0.0086398926329542,100.11666666666666,8118,3857285,0.7777777777777778,82,Senegal,0.9224761319972314,0.7841047121976468,0.014665412633757535,-0.44205321691129107,0.9026548673,0.7395062986,True,100.11666666666666,-0.007084711959022443,0.7564304282377298,0.3518311183057858,0.7777777777777778,0.09629049981681927,0.027546096048748765,0.12383659586556803
Netherlands,-0.022012800092002,100.11666666666666,8125,3857285,0.6666666666666666,82,Senegal,0.9224761319972314,0.7841047121976468,0.014665412633757535,-0.44205321691129107,0.07522123894,0.3321846448,True,100.11666666666666,-0.018050496075441638,0.7564304282377298,-0.3992830586686583,0.6666666666666666,0.08532471570040007,-0.031261275403063685,0.05406344029733638
Netherlands,0.0005352574021193,78.08333333333333,8259,3857285,1.0,82,Senegal,0.9224761319972314,0.7841047121976468,0.014665412633757535,-0.44205321691129107,0.5162241888,0.4249877942,True,100.11666666666666,0.00043891106973782603,0.5899578086055874,-0.036640465290388634,1.0,0.08106366005755511,-0.002868710934439516,0.07819494912311559
Netherlands,0.0091586483012235,93.58333333333331,20750,3857285,0.9333333333333332,82,Senegal,0.9224761319972314,0.7841047121976468,0.014665412633757535,-0.44205321691129107,0.5265486726,0.590365244,True,100.11666666666666,0.00751009160700327,0.7070678965465044,0.02273968377392974,0.9333333333333332,0.10413932651983014,0.0017803698444048108,0.10591969636423496
Senegal,-0.0340054928492493,100.11666666666666,2941,3857285,1.0,84,Netherlands,1.1268362245861638,0.9803475153899626,-9.01800788833061,-3.8177043987120918,0.08997050147,0.3345898518,True,100.11666666666666,-0.028564613993369414,0.9465424286523776,-0.5931189914229216,1.0,0.10079166302039348,-0.04643737252335055,0.054354290497042934
Senegal,-0.0384081554229094,100.11666666666666,3404,3857285,0.875,84,Netherlands,1.1268362245861638,0.9803475153899626,-9.01800788833061,-3.8177043987120918,0.1740412979,0.2949753239,True,100.11666666666666,-0.032262850555243895,0.9465424286523776,-0.5507364070135591,0.875,0.09709342645851901,-0.04311909088141853,0.053974335577100484
Senegal,-0.0254897283591279,100.11666666666666,3436,3857285,0.9230769230769232,84,Netherlands,1.1268362245861638,0.9803475153899626,-9.01800788833061,-3.8177043987120918,0.8230088496,0.7143934016,True,100.11666666666666,-0.021411371821667434,0.9465424286523776,0.04022131099926951,0.9230769230769232,0.10794490519209546,0.0031490679429598744,0.11109397313505533
Senegal,0.0600711553364985,73.18333333333334,3684,3857285,0.9,84,Netherlands,1.1268362245861638,0.9803475153899626,-9.01800788833061,-3.8177043987120918,0.9469026549,0.6033854611,True,100.11666666666666,0.05045977048265873,0.6919040792762761,0.06106347861307451,0.9,0.14501668947174362,0.004780874571431578,0.1497975640431752
Senegal,-0.0191528006994987,100.11666666666666,4506,3857285,0.90625,84,Netherlands,1.1268362245861638,0.9803475153899626,-9.01800788833061,-3.8177043987120918,0.8982300885,0.6672367676,True,100.11666666666666,-0.016088352587578906,0.9465424286523776,0.07388235610400568,0.90625,0.113267924426184,0.005784509589001104,0.1190524340151851
Senegal,0.132771792563876,100.11666666666666,5675,3857285,0.896551724137931,84,Netherlands,1.1268362245861638,0.9803475153899626,-9.01800788833061,-3.8177043987120918,0.7020648968,0.5902334518,True,100.11666666666666,0.11152830575365584,0.9465424286523776,-0.08664246359127942,0.896551724137931,0.24088458276741875,-0.006783543296222279,0.23410103947119648
Senegal,-0.0177118850925063,61.41666666666666,8553,3857285,0.7741935483870968,84,Netherlands,1.1268362245861638,0.9803475153899626,-9.01800788833061,-3.8177043987120918,0.4970501475,0.4314139103,True,100.11666666666666,-0.014877983477705293,0.5806573746602316,-0.17354880330475103,0.7741935483870968,0.06447575063178636,-0.01358774638240822,0.05088800424937814
Senegal,-0.0317063399792904,100.11666666666666,15970,3857285,0.9130434782608696,84,Netherlands,1.1268362245861638,0.9803475153899626,-9.01800788833061,-3.8177043987120918,0.3584070796,0.206800875,True,100.11666666666666,-0.026633325582603937,0.9465424286523776,-0.45826518895482615,0.9130434782608696,0.10272295143115896,-0.03587919389147465,0.06684375753968431
Senegal,0.0068270529091552,68.18333333333334,20611,3857285,0.7692307692307693,84,Netherlands,1.1268362245861638,0.9803475153899626,-9.01800788833061,-3.8177043987120918,0.407079646,0.3071688447,True,100.11666666666666,0.0057347244436903675,0.6446321084762572,-0.26484034161853803,0.7692307692307693,0.0938313665717583,-0.020735282094823487,0.07309608447693482
Senegal,-0.0080791537946469,73.2,20758,3857285,1.0,84,Netherlands,1.1268362245861638,0.9803475153899626,-9.01800788833061,-3.8177043987120918,0.302359882,0.5006255136,True,100.11666666666666,-0.006786489187503396,0.6920616525122761,-0.28459831264088326,1.0,0.08779196405778489,-0.022282203157777587,0.0655097609000073
Senegal,-0.0093643679211543,26.933333333333323,21026,3857285,0.9285714285714286,84,Netherlands,1.1268362245861638,0.9803475153899626,-9.01800788833061,-3.8177043987120918,0.8348082596,0.6700857747,True,100.11666666666666,-0.007866069053769612,0.2546383493761015,0.008628913349137499,0.9285714285714286,0.026933288970908402,0.0006755879839630522,0.027608876954871454
Senegal,-0.0231260778437123,38.7,32915,3857285,0.9090909090909092,84,Netherlands,1.1268362245861638,0.9803475153899626,-9.01800788833061,-3.8177043987120918,0.1120943953,0.2476666796,True,100.11666666666666,-0.019425905388718332,0.36588505399214605,-0.2357143627621121,0.9090909090909092,0.03057663751555294,-0.01845490674043079,0.012121730775122151
Senegal,-0.0006768606897369,31.933333333333323,88123,3857285,1.0,84,Netherlands,1.1268362245861638,0.9803475153899626,-9.01800788833061,-3.8177043987120918,0.314159292,0.551592888,True,100.11666666666666,-0.0005685629793789961,0.3019103201761204,-0.11569969788224993,1.0,0.040691071906315976,-0.009058536396731397,0.03163253550958458
Ecuador,-0.0025641462453502,67.1,12803,3857286,1.0,78,Qatar,0.6650128640561372,0.518710033963787,12.372082911206245,12.765291828840276,0.3820058997,0.5925413124,True,95.31666666666666,-0.002000034071373156,0.36515590081101706,0.561847815556273,1.0,0.04790286138125892,0.043989042147890824,0.09189190352914975
Ecuador,-0.0076938586458861,95.31666666666666,23830,3857286,1.0,78,Qatar,0.6650128640561372,0.518710033963787,12.372082911206245,12.765291828840276,0.9528023599,0.729475617,True,95.31666666666666,-0.006001209743791158,0.518710033963787,1.3442543279914838,1.0,0.06488668372208138,0.10524640063422924,0.17013308435631064
Ecuador,-0.0253690440615716,95.31666666666666,24085,3857286,0.9444444444444444,78,Qatar,0.6650128640561372,0.518710033963787,12.372082911206245,12.765291828840276,0.1135693215,0.4315287292,True,95.31666666666666,-0.019787854368025846,0.518710033963787,0.49719140637645853,0.9444444444444444,0.051100039097846696,0.0389268644019007,0.0900269034997474
Ecuador,-0.0067917097154334,75.95,28559,3857286,0.8275862068965517,78,Qatar,0.6650128640561372,0.518710033963787,12.372082911206245,12.765291828840276,0.4660766962,0.4266189719,True,95.31666666666666,-0.0052975335780380516,0.41331729756478014,0.6323918880432274,0.8275862068965517,0.05118718936722881,0.04951218576791208,0.10069937513514089
Ecuador,-0.0050303634168328,95.31666666666666,30111,3857286,1.0,78,Qatar,0.6650128640561372,0.518710033963787,12.372082911206245,12.765291828840276,0.7802359882,0.4729768655,True,95.31666666666666,-0.003923683465129584,0.518710033963787,1.0809999684971086,1.0,0.06696421000074296,0.08463529065963822,0.1515995006603812
Ecuador,-0.0005967121171129,95.31666666666666,31152,3857286,0.926829268292683,78,Qatar,0.6650128640561372,0.518710033963787,12.372082911206245,12.765291828840276,0.4587020649,0.6170396784,True,95.31666666666666,-0.000465435451348062,0.518710033963787,0.8742800604385798,0.926829268292683,0.07042245801452449,0.06845046178495165,0.13887291979947614
Ecuador,0.0005735462116017,89.16666666666667,34396,3857286,0.8888888888888888,78,Qatar,0.6650128640561372,0.518710033963787,12.372082911206245,12.765291828840276,0.3879056047,0.5557670554,True,95.31666666666666,0.000447366045049326,0.4852419446942229,0.7355988280688962,0.8888888888888888,0.0667614471855316,0.0575926202005868,0.1243540673861184
Ecuador,-0.008995191405095,89.9,37726,3857286,0.9333333333333332,78,Qatar,0.6650128640561372,0.518710033963787,12.372082911206245,12.765291828840276,0.9041297935,0.7545855186,True,95.31666666666666,-0.007016249295974101,0.48923271956647446,1.2397697777006083,0.9333333333333332,0.059843218680056064,0.09706593759905989,0.15690915627911595
Ecuador,-0.0181798586741767,95.31666666666666,37737,3857286,0.9285714285714286,78,Qatar,0.6650128640561372,0.518710033963787,12.372082911206245,12.765291828840276,0.2168141593,0.5654427967,True,95.31666666666666,-0.014180289765857827,0.518710033963787,0.6457755636918544,0.9285714285714286,0.056707603700014715,0.05056004082029536,0.10726764452031007
Ecuador,-0.0118905403324735,95.31666666666666,38004,3857286,1.0,78,Qatar,0.6650128640561372,0.518710033963787,12.372082911206245,12.765291828840276,0.6032448378,0.5827864458,True,95.31666666666666,-0.00927462145932933,0.518710033963787,0.9811293044904774,1.0,0.061613272006543214,0.07681606501403182,0.13842933702057503
Ecuador,0.0001591707997273,28.21666666666667,40211,3857286,0.9230769230769232,78,Qatar,0.6650128640561372,0.518710033963787,12.372082911206245,12.765291828840276,0.5235988201,0.5361085568,True,95.31666666666666,0.000124153223787294,0.15355413315276997,0.26416133597560276,0.9230769230769232,0.021109151237027758,0.020682120354190637,0.0417912715912184
Qatar,-0.0060755127037953,95.31666666666666,40784,3857286,0.7777777777777778,79,Ecuador,0.6972277687610157,0.5508099373212023,-8.7288578301065,-6.998752820733268,0.5368731563,0.3072110282,True,95.31666666666666,-0.004799655035998287,0.5508099373212023,-0.509490065198862,0.7777777777777778,0.07047507188300178,-0.03988976966970101,0.030585302213300775
Qatar,-0.0007952013052376,71.01666666666667,124488,3857286,0.8666666666666667,79,Ecuador,0.6972277687610157,0.5508099373212023,-8.7288578301065,-6.998752820733268,0.6504424779,0.6318900095,True,95.31666666666666,-0.000628209031137704,0.4103866310413784,-0.2504079926507203,0.8666666666666667,0.05545600348885868,-0.019605322718884936,0.03585068076997375
Qatar,-0.0129514551821185,95.31666666666666,124492,3857286,0.9333333333333332,79,Ecuador,0.6972277687610157,0.5508099373212023,-8.7288578301065,-6.998752820733268,0.8746312684,0.4966585195,True,95.31666666666666,-0.010231649593873616,0.5508099373212023,-0.2450781644004652,0.9333333333333332,0.06504307732512646,-0.01918803171400782,0.04585504561111864
Qatar,-0.0249309517743464,95.31666666666666,124493,3857286,1.0,79,Ecuador,0.6972277687610157,0.5508099373212023,-8.7288578301065,-6.998752820733268,0.8525073746,0.5377519652,True,95.31666666666666,-0.019695451901733656,0.5508099373212023,-0.24507615249312897,1.0,0.055579275017266415,-0.019187874194704264,0.03639140082256215
Qatar,-0.0281356381231616,95.31666666666666,124494,3857286,0.95,79,Ecuador,0.6972277687610157,0.5508099373212023,-8.7288578301065,-6.998752820733268,0.5353982301,0.4736375735,True,95.31666666666666,-0.022227154117297664,0.5508099373212023,-0.4564960279065439,0.95,0.05304757280170241,-0.03574068004882093,0.017306892752881477
Qatar,-0.0008959991708206,71.16666666666667,124495,3857286,0.9583333333333334,79,Ecuador,0.6972277687610157,0.5508099373212023,-8.7288578301065,-6.998752820733268,0.1843657817,0.4935154761,True,95.31666666666666,-0.0007078393449482741,0.41125344157397,-0.49361450375847704,0.9583333333333334,0.05549483314047407,-0.03864681611183926,0.01684801702863481
Qatar,-0.0140378205521634,95.31666666666666,124503,3857286,0.9545454545454546,79,Ecuador,0.6972277687610157,0.5508099373212023,-8.7288578301065,-6.998752820733268,0.3466076696,0.2912469536,True,95.31666666666666,-0.011089878236209084,0.5508099373212023,-0.6290561056530634,0.9545454545454546,0.06418484868279098,-0.04925101562878492,0.014933833054006057
Qatar,-0.0216059419902873,95.31666666666666,124506,3857286,1.0,79,Ecuador,0.6972277687610157,0.5508099373212023,-8.7288578301065,-6.998752820733268,0.191740413,0.3679120527,True,95.31666666666666,-0.017068694172326968,0.5508099373212023,-0.6973500305287599,1.0,0.0582060327466731,-0.05459798727595157,0.0036080454707215354
Qatar,-0.0193526349082805,95.31666666666666,124514,3857286,1.0,79,Ecuador,0.6972277687610157,0.5508099373212023,-8.7288578301065,-6.998752820733268,0.6828908555,0.443166127,True,95.31666666666666,-0.015288581577541595,0.5508099373212023,-0.37768085683986713,1.0,0.05998614534145848,-0.029569963021982146,0.03041618231947633
Qatar,-0.0098944569564015,95.31666666666666,124900,3857286,0.9117647058823528,79,Ecuador,0.6972277687610157,0.5508099373212023,-8.7288578301065,-6.998752820733268,0.104719764,0.2750542395,True,95.31666666666666,-0.007816620995557185,0.5508099373212023,-0.7797342899536128,0.9117647058823528,0.06745810592344288,-0.06104814078695985,0.00640996513648303
Qatar,0.0015428495106463,24.14999999999999,124901,3857286,1.0,79,Ecuador,0.6972277687610157,0.5508099373212023,-8.7288578301065,-6.998752820733268,0.7728613569,0.7589254246,True,95.31666666666666,0.001218851113410577,0.1395564957472324,-0.05608466223350672,1.0,0.020290905546988314,-0.0043910655208249175,0.015899840026163396
South Korea,-0.0112512579562138,97.78333333333332,3083,3857287,0.8,76,Uruguay,0.985809127618053,0.7590730282659008,-7.922776195104237,-2.864017375674905,0.2654867257,0.2457636807,True,97.78333333333332,-0.008550956046722487,0.7492149369897203,-0.4410727457648328,0.8,0.09383817305980163,-0.03453313702844126,0.05930503603136037
South Korea,0.0010458057398862,97.78333333333332,5604,3857287,0.9230769230769232,76,Uruguay,0.985809127618053,0.7590730282659008,-7.922776195104237,-2.864017375674905,0.5693215339,0.370053925,True,97.78333333333332,0.000794812362313512,0.7492149369897203,-0.19245886270630863,0.9230769230769232,0.10318394146883764,-0.015068281461485913,0.08811566000735173
South Korea,-0.0272029123268509,97.78333333333332,5618,3857287,0.96875,76,Uruguay,0.985809127618053,0.7590730282659008,-7.922776195104237,-2.864017375674905,0.9454277286,0.6615692054,True,97.78333333333332,-0.02067421336840668,0.7492149369897203,0.1649960102626296,0.96875,0.08171491573811744,0.012918118125084534,0.09463303386320197
South Korea,0.0006088252704893,73.63333333333334,5623,3857287,0.8484848484848485,76,Uruguay,0.985809127618053,0.7590730282659008,-7.922776195104237,-2.864017375674905,0.7168141593,0.7344642499,True,97.78333333333332,0.00046270720557186804,0.5641778748288027,0.028629106113198133,0.8484848484848485,0.07756432172621679,0.002241473439249809,0.0798057951654666
South Korea,-0.0143170963754195,23.73333333333333,22740,3857287,0.8571428571428571,76,Uruguay,0.985809127618053,0.7590730282659008,-7.922776195104237,-2.864017375674905,0.6755162242,0.7170666858,True,97.78333333333332,-0.01088099324531882,0.18184456626442164,0.0009817070094313846,0.8571428571428571,0.013970228818374779,7.686129556631126e-05,0.01404709011394109
South Korea,-0.0221836496379878,97.78333333333332,23763,3857287,0.925925925925926,76,Uruguay,0.985809127618053,0.7590730282659008,-7.922776195104237,-2.864017375674905,0.8775811209,0.588436286,True,97.78333333333332,-0.01685957372487073,0.7492149369897203,0.09309554344151141,0.925925925925926,0.08552955538165338,0.007288777620635398,0.09281833300228878
South Korea,-0.005423748482321,73.56666666666666,29966,3857287,0.95,76,Uruguay,0.985809127618053,0.7590730282659008,-7.922776195104237,-2.864017375674905,0.004424778761,0.3353519001,True,97.78333333333332,-0.00412204884656396,0.5636670754853631,-0.43920386662307265,0.95,0.07290975887053122,-0.0343868159054254,0.03852294296510582
South Korea,-0.0272879607815376,97.78333333333332,40538,3857287,0.8333333333333334,76,Uruguay,0.985809127618053,0.7590730282659008,-7.922776195104237,-2.864017375674905,0.08702064897,0.3989753159,True,97.78333333333332,-0.020738850193968577,0.7492149369897203,-0.5054238972548344,0.8333333333333334,0.08165027891255554,-0.03957141507595192,0.04207886383660362
South Korea,0.0013159451699929,24.21666666666667,40542,3857287,0.6666666666666666,76,Uruguay,0.985809127618053,0.7590730282659008,-7.922776195104237,-2.864017375674905,0.1061946903,0.3931587387,True,97.78333333333332,0.001000118329194604,0.18554786150435723,-0.12250741156682822,0.6666666666666666,0.026357439718623542,-0.009591536251692467,0.016765903466931076
South Korea,0.0068724209873358,24.14999999999999,40558,3857287,1.0,76,Uruguay,0.985809127618053,0.7590730282659008,-7.922776195104237,-2.864017375674905,0.9837758112,0.7943318387,True,97.78333333333332,0.005223039950375208,0.18503706216091778,0.05893961748384218,1.0,0.030510554536254435,0.0046145900115502365,0.035125144547804674
South Korea,-0.0225148176960094,97.78333333333332,40672,3857287,0.88,76,Uruguay,0.985809127618053,0.7590730282659008,-7.922776195104237,-2.864017375674905,0.2979351032,0.4227393401,True,97.78333333333332,-0.017111261448967144,0.7492149369897203,-0.35541451304601457,0.88,0.08527786765755697,-0.02782665262990124,0.05745121502765574
South Korea,-0.0066940187015175,74.05,41711,3857287,0.8571428571428571,76,Uruguay,0.985809127618053,0.7590730282659008,-7.922776195104237,-2.864017375674905,0.1519174041,0.4975226568,True,97.78333333333332,-0.0050874542131533,0.5673703707252987,-0.3228503037075428,0.8571428571428571,0.07245045282967721,-0.02527708611483965,0.047173366714837565
South Korea,-0.0218173008884429,97.78333333333332,43565,3857287,0.7142857142857143,76,Uruguay,0.985809127618053,0.7590730282659008,-7.922776195104237,-2.864017375674905,0.616519174,0.4772958045,True,97.78333333333332,-0.016581148675216605,0.7492149369897203,-0.12208899968310061,0.7142857142857143,0.08580798043130751,-0.009558777313277356,0.07624920311803016
Uruguay,0.011410886879358,34.18333333333333,4319,3857287,1.0,76,South Korea,0.8111311847268484,0.6245710122396733,9.957048542657704,-2.1787372748325367,0.6283185841,0.5488604471,True,97.78333333333332,0.00867227402831208,0.2155034677867432,-0.014358056394612989,1.0,0.038123385180442323,-0.001124142749009523,0.0369992424314328
Uruguay,-0.0178059567761276,63.6,5246,3857287,0.9375,76,South Korea,0.8111311847268484,0.6245710122396733,9.957048542657704,-2.1787372748325367,0.1533923304,0.2053955912,True,97.78333333333332,-0.013532527149856977,0.4009562326056617,-0.3181703658231677,0.9375,0.04126290929896264,-0.02491067731312265,0.01635223198583999
Uruguay,0.0530189921905274,97.78333333333332,5248,3857287,0.8571428571428571,76,South Korea,0.8111311847268484,0.6245710122396733,9.957048542657704,-2.1787372748325367,0.5280235988,0.4053560036,True,97.78333333333332,0.04029443406480082,0.6164597003924048,-0.1616547151522161,0.8571428571428571,0.12454098166575067,-0.012656516375694444,0.11188446529005623
Uruguay,0.0450265081759372,97.78333333333332,5249,3857287,0.88,76,South Korea,0.8111311847268484,0.6245710122396733,9.957048542657704,-2.1787372748325367,0.7994100295,0.4799813195,True,97.78333333333332,0.03422014621371227,0.6164597003924048,0.049927095050384285,0.88,0.11846669381466213,0.003908967922779325,0.12237566173744145
Uruguay,-0.02511878380883,77.83333333333333,5255,3857287,0.9655172413793104,76,South Korea,0.8111311847268484,0.6245710122396733,9.957048542657704,-2.1787372748325367,0.8702064897,0.7989720211,True,97.78333333333332,-0.0190902756947108,0.4906880519571384,0.17085358053500038,0.9655172413793104,0.047968080756019695,0.013376727909551592,0.061344808665571286
Uruguay,-0.0504552483042094,97.78333333333332,5259,3857287,0.96,76,South Korea,0.8111311847268484,0.6245710122396733,9.957048542657704,-2.1787372748325367,0.6607669617,0.4666136503,True,97.78333333333332,-0.038345988711199146,0.6164597003924048,-0.04911126551033748,0.96,0.045900558889750705,-0.0038450937578738665,0.042055465131876836
Uruguay,-0.0075955209532184,97.78333333333332,5260,3857287,0.9629629629629628,76,South Korea,0.8111311847268484,0.6245710122396733,9.957048542657704,-2.1787372748325367,0.9100294985,0.87700696,True,97.78333333333332,-0.0057725959244459835,0.6164597003924048,0.2702237385668702,0.9629629629629628,0.07847395167650387,0.021156767181536067,0.09963071885803994
Uruguay,-0.0150688337872938,97.78333333333332,6773,3857287,1.0,76,South Korea,0.8111311847268484,0.6245710122396733,9.957048542657704,-2.1787372748325367,0.8908554572,0.6274891995,True,97.78333333333332,-0.011452313678343288,0.6164597003924048,0.16596409250944374,1.0,0.07279423392260656,0.012993912690051505,0.08578814661265807
Uruguay,-0.035227383527076,78.28333333333333,7104,3857287,0.8333333333333334,76,South Korea,0.8111311847268484,0.6245710122396733,9.957048542657704,-2.1787372748325367,0.2935103245,0.6120497975,True,97.78333333333332,-0.026772811480577762,0.49352500643312186,-0.19640551740500187,0.8333333333333334,0.04067324852993212,-0.015377278942791596,0.025295969587140525
Uruguay,-0.0085087696759324,97.78333333333332,32478,3857287,0.8666666666666667,76,South Korea,0.8111311847268484,0.6245710122396733,9.957048542657704,-2.1787372748325367,0.3289085546,0.5698885358,True,97.78333333333332,-0.006466664953708624,0.6164597003924048,-0.23670752019661656,0.8666666666666667,0.07777988264724123,-0.018532664530060448,0.05924721811718078
Uruguay,-0.0185958301623745,87.36666666666666,36288,3857287,0.8823529411764706,76,South Korea,0.8111311847268484,0.6245710122396733,9.957048542657704,-2.1787372748325367,0.02654867257,0.4516185476,True,97.78333333333332,-0.014132830923404621,0.5507894578927879,-0.4335859131147258,0.8823529411764706,0.061139097238207644,-0.033946966560422814,0.02719213067778483
Australia,-0.0028131342740003,96.28333333333332,3281,3857288,1.0,104,Tunisia,0.7937444980266843,0.8254942779477517,-7.633498076468226,-4.693897398339447,0.907079646,0.684984779,True,96.28333333333332,-0.0029256596449603123,0.8254942779477517,0.008014602399176562,1.0,0.10988794834461042,0.0006274914184491547,0.11051543976305958
Australia,-0.0375446354113084,96.28333333333332,5479,3857288,0.8857142857142857,104,Tunisia,0.7937444980266843,0.8254942779477517,-7.633498076468226,-4.693897398339447,0.3849557522,0.376795793,True,96.28333333333332,-0.03904642082776073,0.8254942779477517,-0.43024123296023575,0.8857142857142857,0.07376718716181001,-0.033685099784022864,0.040082087377787144
Australia,-0.0118902274766461,84.46666666666667,5481,3857288,0.8125,104,Tunisia,0.7937444980266843,0.8254942779477517,-7.633498076468226,-4.693897398339447,0.3259587021,0.5258856783,True,96.28333333333332,-0.012365836575711943,0.7241829670485037,-0.3655468858887092,0.8125,0.08660237621486182,-0.028619951747019187,0.05798242446784263
Australia,-0.0213907745502738,96.28333333333332,5490,3857288,0.9705882352941176,104,Tunisia,0.7937444980266843,0.8254942779477517,-7.633498076468226,-4.693897398339447,0.8112094395,0.6644738747,True,96.28333333333332,-0.022246405532284755,0.8254942779477517,-0.060082826127609956,0.9705882352941176,0.09056720245728599,-0.004704095838256609,0.08586310661902938
Australia,-0.0169523785654779,84.53333333333333,8346,3857288,0.8918918918918919,104,Tunisia,0.7937444980266843,0.8254942779477517,-7.633498076468226,-4.693897398339447,0.1238938053,0.3713743427,True,96.28333333333332,-0.017630473708097016,0.7247545400295996,-0.5253559848724578,0.8918918918918919,0.08141585132619464,-0.04113196833971961,0.04028388298647503
Australia,0.0013966176931932,33.2,8859,3857288,0.7142857142857143,104,Tunisia,0.7937444980266843,0.8254942779477517,-7.633498076468226,-4.693897398339447,0.5560471976,0.6626604844,True,96.28333333333332,0.0014524824009209281,0.28464334458575763,-0.07697184475141841,0.7142857142857143,0.04035237977243295,-0.0060263965245085675,0.03432598324792439
Australia,0.0068877382584263,33.266666666666666,9980,3857288,1.0,104,Tunisia,0.7937444980266843,0.8254942779477517,-7.633498076468226,-4.693897398339447,0.09439528024,0.3171882941,True,96.28333333333332,0.007163247788763353,0.28521491756685347,-0.21965746730574653,1.0,0.04614125740399327,-0.017197755904496646,0.02894350149949662
Australia,-0.0217402845574288,21.46666666666667,15957,3857288,0.75,104,Tunisia,0.7937444980266843,0.8254942779477517,-7.633498076468226,-4.693897398339447,0.1651917404,0.3062305744,True,96.28333333333332,-0.02260989593972595,0.1840464999128794,-0.1325272363442071,0.75,0.0025422465374364406,-0.010376023584815246,-0.007833777047378806
Australia,-0.0084415501657911,96.28333333333332,22293,3857288,0.8636363636363636,104,Tunisia,0.7937444980266843,0.8254942779477517,-7.633498076468226,-4.693897398339447,0.5722713864,0.4027630926,True,96.28333333333332,-0.008779212172422744,0.8254942779477517,-0.30202782053493327,0.8636363636363636,0.10403439581714799,-0.023646820650522062,0.08038757516662592
Australia,-0.0185422974255093,74.81666666666666,28370,3857288,0.84375,104,Tunisia,0.7937444980266843,0.8254942779477517,-7.633498076468226,-4.693897398339447,0.098820059,0.4407372074,True,96.28333333333332,-0.019283989322529674,0.6414477780348723,-0.45889357772823763,0.84375,0.06837747618987869,-0.03592839265931446,0.03244908353056423
Australia,-0.0075379594133803,63.083333333333336,33477,3857288,0.92,104,Tunisia,0.7937444980266843,0.8254942779477517,-7.633498076468226,-4.693897398339447,0.5294985251,0.5289738083,True,96.28333333333332,-0.007839477789915512,0.5408509333619942,-0.18737324940203834,0.92,0.06607423282814323,-0.014670110903916105,0.05140412192422712
Australia,-0.0156977805982814,63.016666666666666,33492,3857288,0.8888888888888888,104,Tunisia,0.7937444980266843,0.8254942779477517,-7.633498076468226,-4.693897398339447,0.1312684366,0.3248911467,True,96.28333333333332,-0.01632569182221266,0.5402793603808983,-0.3989943651456031,0.8888888888888888,0.057509906552128176,-0.03123867257147498,0.026271233980653196
Australia,-0.0811648429319937,96.28333333333332,33495,3857288,0.972972972972973,104,Tunisia,0.7937444980266843,0.8254942779477517,-7.633498076468226,-4.693897398339447,0.6460176991,0.4218459989,True,96.28333333333332,-0.08441143664927346,0.8254942779477517,-0.24851158829608097,0.972972972972973,0.02840217134029728,-0.019456846550114787,0.008945324790182493
Tunisia,0.0079141975600633,29.5,3196,3857288,0.8888888888888888,86,Australia,0.7341728707692982,0.6387303975692894,-1.3991701728732986,-1.7757492602200773,0.6238938053,0.6771394012,True,96.28333333333332,0.006806209901654438,0.193449531570889,0.008754603437790477,0.8888888888888888,0.033243388454436196,0.0006854287032009722,0.03392881715763717
Tunisia,-0.0089756897355746,96.28333333333332,3557,3857288,0.95,86,Australia,0.7341728707692982,0.6387303975692894,-1.3991701728732986,-1.7757492602200773,0.5132743363,0.6167106972,True,96.28333333333332,-0.007719093172594156,0.6313886688615964,-0.0678101725875184,0.95,0.07856767547114606,-0.005309096978609396,0.07325857849253666
Tunisia,-0.0268216940342514,96.28333333333332,3767,3857288,0.896551724137931,86,Australia,0.7341728707692982,0.6387303975692894,-1.3991701728732986,-1.7757492602200773,0.9705014749,0.7367865876,True,96.28333333333332,-0.023066656869456206,0.6313886688615964,0.2835576188574249,0.896551724137931,0.06322011177428401,0.02220072358014806,0.08542083535443207
Tunisia,-0.0144935496762197,51.28333333333333,5650,3857288,0.9444444444444444,86,Australia,0.7341728707692982,0.6387303975692894,-1.3991701728732986,-1.7757492602200773,0.9734513274,0.8774390287,True,96.28333333333332,-0.012464452721548941,0.3362961630754946,0.17924805948337344,0.9444444444444444,0.03349441643489708,0.014033961199502117,0.047528377634399196
Tunisia,-0.0277774401954386,96.28333333333332,5651,3857288,0.8387096774193549,86,Australia,0.7341728707692982,0.6387303975692894,-1.3991701728732986,-1.7757492602200773,0.6430678466,0.6133370175,True,96.28333333333332,-0.023888598568077193,0.6313886688615964,0.01835268785641686,0.8387096774193549,0.06239817007566302,0.0014368964998888512,0.06383506657555187
Tunisia,-0.0337402832323922,72.71666666666667,5655,3857288,0.9166666666666666,86,Australia,0.7341728707692982,0.6387303975692894,-1.3991701728732986,-1.7757492602200773,0.3377581121,0.4587635299,True,96.28333333333332,-0.029016643579857292,0.47684763064620833,-0.18370386163511931,0.9166666666666666,0.03615025473979626,-0.014382821626167209,0.02176743311362905
Tunisia,-0.0267842000740349,45.0,9236,3857288,0.8461538461538461,86,Australia,0.7341728707692982,0.6387303975692894,-1.3991701728732986,-1.7757492602200773,0.2463126844,0.4078433311,True,96.28333333333332,-0.023034412063670014,0.29509250578610186,-0.15108580607040986,0.8461538461538461,0.017293487423624184,-0.011829039300614071,0.005464448123010113
Tunisia,-0.0035589650945564,72.71666666666667,16352,3857288,0.9090909090909092,86,Australia,0.7341728707692982,0.6387303975692894,-1.3991701728732986,-1.7757492602200773,0.1637168142,0.4366082188,True,96.28333333333332,-0.003060709981318504,0.47684763064620833,-0.27826588075619096,0.9090909090909092,0.06210618833833505,-0.021786414787044878,0.04031977355129017
Tunisia,-0.0198685391698475,96.28333333333332,23910,3857288,0.9310344827586208,86,Australia,0.7341728707692982,0.6387303975692894,-1.3991701728732986,-1.7757492602200773,0.6253687316,0.4141518825,True,96.28333333333332,-0.01708694368606885,0.6313886688615964,-0.06577402984673447,0.9310344827586208,0.06919982495767137,-0.005149680199966612,0.06405014475770475
Tunisia,-0.1150654263679848,96.28333333333332,30681,3857288,0.8823529411764706,86,Australia,0.7341728707692982,0.6387303975692894,-1.3991701728732986,-1.7757492602200773,0.2271386431,0.5865827091,True,96.28333333333332,-0.09895626667646691,0.6313886688615964,-0.2713786813914951,0.8823529411764706,-0.012669498032726698,-0.02124719171854442,-0.033916689751271115
Tunisia,-0.0285585201760698,96.28333333333332,32450,3857288,0.90625,86,Australia,0.7341728707692982,0.6387303975692894,-1.3991701728732986,-1.7757492602200773,0.6002949853,0.4634543824,True,96.28333333333332,-0.02456032735142003,0.6313886688615964,-0.06478179752739405,0.90625,0.06172644129232019,-0.005071994840857845,0.056654446451462344
Tunisia,-0.0143723580076508,66.78333333333333,44955,3857288,0.76,86,Australia,0.7341728707692982,0.6387303975692894,-1.3991701728732986,-1.7757492602200773,0.8569321534,0.7305386905,True,96.28333333333332,-0.01236022788657969,0.43793913729070744,0.14207259588818433,0.76,0.04748936220437877,0.011123363365572535,0.058612725569951306
Tunisia,0.0039274894597337,23.566666666666663,105944,3857288,1.0,86,Australia,0.7341728707692982,0.6387303975692894,-1.3991701728732986,-1.7757492602200773,0.1710914454,0.2788804555,True,96.28333333333332,0.003377640935370982,0.15454103821538814,-0.10296343299501949,1.0,0.02449751125945765,-0.008061369410549588,0.016436141848908063
Argentina,0.0213971129225244,68.8,2995,3857289,0.875,72,Mexico,1.004484855501983,0.7332739445164475,5.819816023608871,-0.9359579529333922,0.1076696165,0.4203980323,True,96.48333333333332,0.015405921304217567,0.5157176901241621,-0.25737370081829564,0.875,0.0858848754062308,-0.020150692517769006,0.06573418288846179
Argentina,0.0329919474546779,96.48333333333332,3090,3857289,0.8709677419354839,72,Mexico,1.004484855501983,0.7332739445164475,5.819816023608871,-0.9359579529333922,0.5678466077,0.4491953689,True,96.48333333333332,0.02375420216736809,0.7232290959614278,-0.035010332366219185,0.8709677419354839,0.12259205713261871,-0.002741082092745154,0.11985097503987356
Argentina,-0.0111465900248537,96.48333333333332,5503,3857289,0.7647058823529411,72,Mexico,1.004484855501983,0.7332739445164475,5.819816023608871,-0.9359579529333922,0.7433628319,0.5078645975,True,96.48333333333332,-0.008025544817894664,0.7232290959614278,0.10689339569695756,0.7647058823529411,0.09081231014735595,0.008369060016704268,0.09918137016406023
Argentina,-0.0189644128296834,96.48333333333332,7797,3857289,0.6363636363636364,72,Mexico,1.004484855501983,0.7332739445164475,5.819816023608871,-0.9359579529333922,0.7404129794,0.6602228286,True,96.48333333333332,-0.013654377237372046,0.7232290959614278,0.16108293445030109,0.6363636363636364,0.08518347772787857,0.012611749652928089,0.09779522738080666
Argentina,0.0162655632716602,62.43333333333333,11456,3857289,0.7391304347826086,72,Mexico,1.004484855501983,0.7332739445164475,5.819816023608871,-0.9359579529333922,0.4085545723,0.4773759282,True,96.48333333333332,0.011711205555595345,0.46799381472992035,-0.08655180343806092,0.7391304347826086,0.0756681246607653,-0.006776445193870284,0.06889167946689502
Argentina,-0.0289938462421272,96.48333333333332,19597,3857289,0.6666666666666666,72,Mexico,1.004484855501983,0.7332739445164475,5.819816023608871,-0.9359579529333922,0.08407079646,0.4874957193,True,96.48333333333332,-0.020875569294331587,0.7232290959614278,-0.3523485328092303,0.6666666666666666,0.07796228567091903,-0.02758660625056812,0.05037567942035091
Argentina,-0.033357960104086,27.683333333333337,20572,3857289,0.8333333333333334,72,Mexico,1.004484855501983,0.7332739445164475,5.819816023608871,-0.9359579529333922,0.5221238938,0.4123572127,True,96.48333333333332,-0.02401773127494192,0.20751140583726585,-0.022933547922646413,0.8333333333333334,0.004341169588295484,-0.0017955481506520628,0.002545621437643421
Argentina,-0.0240890851101965,56.766666666666666,26404,3857289,0.8235294117647058,72,Mexico,1.004484855501983,0.7332739445164475,5.819816023608871,-0.9359579529333922,0.8156342183,0.7434673021,True,96.48333333333332,-0.01734414127934148,0.42551706699682557,0.1431674869199962,0.8235294117647058,0.04080782521083706,0.011209086236450007,0.05201691144728707
Argentina,-0.0332413606088606,96.48333333333332,27768,3857289,0.8421052631578947,72,Mexico,1.004484855501983,0.7332739445164475,5.819816023608871,-0.9359579529333922,0.3554572271,0.397506632,True,96.48333333333332,-0.023933779638379633,0.7232290959614278,-0.19960307240947464,0.8421052631578947,0.07490407532687099,-0.01562762677358754,0.05927644855328345
Argentina,-0.0059191571375593,68.26666666666667,27886,3857289,0.7222222222222222,72,Mexico,1.004484855501983,0.7332739445164475,5.819816023608871,-0.9359579529333922,0.8510324484,0.636292317,True,96.48333333333332,-0.0042617931390426965,0.511719878572812,0.1613545240819935,0.7222222222222222,0.06567081248155958,0.012633013360687846,0.07830382584224743
Argentina,-0.0173153935016527,62.53333333333333,28263,3857289,0.9166666666666666,72,Mexico,1.004484855501983,0.7332739445164475,5.819816023608871,-0.9359579529333922,0.07817109145,0.2914553749,True,96.48333333333332,-0.012467083321189945,0.4687434043957985,-0.27786285298362157,0.9166666666666666,0.05159227612424456,-0.021754860324816036,0.029837415799428522
Argentina,0.0023856103022848,28.21666666666667,28268,3857289,0.875,72,Mexico,1.004484855501983,0.7332739445164475,5.819816023608871,-0.9359579529333922,0.7890855457,0.622759658,True,96.48333333333332,0.001717639417645056,0.21150921738861592,0.05281971052961256,0.875,0.030622888762293413,0.0041354409653192046,0.03475832972761262
Argentina,-0.0314751459844396,33.95,29201,3857289,0.6,72,Mexico,1.004484855501983,0.7332739445164475,5.819816023608871,-0.9359579529333922,0.1415929204,0.509514246,True,96.48333333333332,-0.022662105108796515,0.25448569156562945,-0.10725571702399019,0.6,0.012116390411019612,-0.008397427428100426,0.0037189629829191863
Argentina,-0.0112277793318775,34.050000000000004,29560,3857289,0.75,72,Mexico,1.004484855501983,0.7332739445164475,5.819816023608871,-0.9359579529333922,0.3790560472,0.6058950036,True,96.48333333333332,-0.0080840011189518,0.25523528123150757,-0.0376031821993946,0.75,0.026796934741128875,-0.0029440854282333944,0.02385284931289548
Argentina,-0.0108824495465043,39.71666666666667,38718,3857289,0.9333333333333332,72,Mexico,1.004484855501983,0.7332739445164475,5.819816023608871,-0.9359579529333922,0.889380531,0.7787828594,True,96.48333333333332,-0.007835363673483097,0.2977120289646023,0.1263299894978083,0.9333333333333332,0.03285052480158898,0.009890819326332522,0.04274134412792151
Mexico,0.0039055288239902,31.13333333333334,5568,3857289,1.0,82,Argentina,1.3740120640741063,1.1266898925407671,15.473018910539665,-1.5794661752984913,0.587020649,0.3916076847,True,96.48333333333332,0.0032025336356719643,0.36356136107551457,-0.027909945761392725,1.0,0.05288751627479311,-0.002185167845189007,0.050702348429604104
Mexico,-0.0174399358322037,72.3,5571,3857289,0.8333333333333334,82,Argentina,1.3740120640741063,1.1266898925407671,15.473018910539665,-1.5794661752984913,0.1017699115,0.5345063335,True,96.48333333333332,-0.014300747382407032,0.8442875719194763,-0.2720004994659446,0.8333333333333334,0.10108118767568047,-0.02129587604324576,0.07978531163243471
Mexico,0.2485389385065393,96.48333333333332,5573,3857289,0.875,82,Argentina,1.3740120640741063,1.1266898925407671,15.473018910539665,-1.5794661752984913,0.4778761062,0.4045944545,True,96.48333333333332,0.20380192957536225,1.1266898925407671,-0.1556666801780667,0.875,0.3577774994350369,-0.012187692050730026,0.3455898073843069
Mexico,-0.0006843464171673,96.48333333333332,5575,3857289,0.9736842105263158,82,Argentina,1.3740120640741063,1.1266898925407671,15.473018910539665,-1.5794661752984913,0.7772861357,0.690220023,True,96.48333333333332,-0.000561164062077186,1.1266898925407671,0.15122668447506818,0.9736842105263158,0.15341440579759744,0.011840069166546908,0.16525447496414433
Mexico,0.1263726234264892,96.48333333333332,5576,3857289,0.75,82,Argentina,1.3740120640741063,1.1266898925407671,15.473018910539665,-1.5794661752984913,0.2389380531,0.5736456109,True,96.48333333333332,0.10362555120972114,1.1266898925407671,-0.25582535334294565,0.75,0.25760112106939576,-0.020029466946596648,0.2375716541227991
Mexico,-0.0254696904933435,96.48333333333332,11388,3857289,0.8888888888888888,82,Argentina,1.3740120640741063,1.1266898925407671,15.473018910539665,-1.5794661752984913,0.2595870206,0.3298316056,True,96.48333333333332,-0.020885146204541672,1.1266898925407671,-0.3307429827425771,0.8888888888888888,0.13309042365513293,-0.025895031724164748,0.10719539193096819
Mexico,-0.0087649534623227,31.11666666666667,15452,3857289,0.8333333333333334,82,Argentina,1.3740120640741063,1.1266898925407671,15.473018910539665,-1.5794661752984913,0.05457227139,0.3628200827,True,96.48333333333332,-0.007187261839104614,0.36336673507922146,-0.1475609994257778,0.8333333333333334,0.0424711228435716,-0.011553069787587897,0.030918053055983705
Mexico,-0.0215367595160782,55.61666666666667,15872,3857289,0.9,82,Argentina,1.3740120640741063,1.1266898925407671,15.473018910539665,-1.5794661752984913,0.8849557522,0.7987818211,True,96.48333333333332,-0.017660142803184124,0.6494669496300812,0.15201830020884455,0.9,0.0710972378535328,0.011902047547371519,0.08299928540090432
Mexico,-0.0065793909143085,65.36666666666666,26301,3857289,0.7,82,Argentina,1.3740120640741063,1.1266898925407671,15.473018910539665,-1.5794661752984913,0.3318584071,0.5409978464,True,96.48333333333332,-0.00539510054973297,0.7633231574615458,-0.13875559845228214,0.7,0.09892208462726544,-0.010863663966602934,0.08805842066066251
Mexico,-0.0524639750408954,96.48333333333332,26368,3857289,0.8461538461538461,82,Argentina,1.3740120640741063,1.1266898925407671,15.473018910539665,-1.5794661752984913,0.4380530973,0.3517922237,True,96.48333333333332,-0.04302045953353423,1.1266898925407671,-0.20188603463317023,0.8461538461538461,0.11095511032614039,-0.015806367917896802,0.09514874240824359
Mexico,-0.0136485793367947,96.48333333333332,28825,3857289,0.8518518518518519,82,Argentina,1.3740120640741063,1.1266898925407671,15.473018910539665,-1.5794661752984913,0.7949852507,0.589010131,True,96.48333333333332,-0.011191835056171655,1.1266898925407671,0.12630830025063977,0.8518518518518519,0.14278373480350295,0.009889121198865553,0.15267285600236852
Mexico,-0.0163701886773804,65.35,30500,3857289,0.6875,82,Argentina,1.3740120640741063,1.1266898925407671,15.473018910539665,-1.5794661752984913,0.04277286136,0.2428887145,True,96.48333333333332,-0.013423554715451926,0.7631285314652527,-0.34493262101716204,0.6875,0.09086703250510157,-0.02700598842603614,0.06386104407906543
Cameroon,-0.0220212679192939,96.23333333333332,3141,3857290,0.8571428571428571,86,Switzerland,0.9684224409178886,0.8328432991893843,-5.055868495303217,-1.1664918085646971,0.8377581121,0.8140125522,True,96.23333333333332,-0.018938290410592754,0.8328432991893843,0.26669311746498203,0.8571428571428571,0.0948796487095604,0.020880342434195145,0.11575999114375554
Cameroon,-0.0055586202212476,73.66666666666667,3499,3857290,0.9285714285714286,86,Switzerland,0.9684224409178886,0.8328432991893843,-5.055868495303217,-1.1664918085646971,0.5973451327,0.472739989,True,96.23333333333332,-0.004780413390272936,0.6375419782502736,-0.016806915745426865,0.9285714285714286,0.08234727814264654,-0.001315872563052769,0.08103140557959378
Cameroon,-0.0092975775068724,73.45,3551,3857290,0.9090909090909092,86,Switzerland,0.9684224409178886,0.8328432991893843,-5.055868495303217,-1.1664918085646971,0.1002949853,0.2400022664,True,96.23333333333332,-0.007995916655910264,0.6356668547848315,-0.34000817503987696,0.9090909090909092,0.07887551696073591,-0.02662043622550772,0.05225508073522819
Cameroon,-0.0158247022364823,80.73333333333333,4935,3857290,0.9047619047619048,86,Switzerland,0.9684224409178886,0.8328432991893843,-5.055868495303217,-1.1664918085646971,0.2286135693,0.3598859598,True,96.23333333333332,-0.013609243923374776,0.6986998512769965,-0.2636154284053361,0.9047619047619048,0.08187639810953515,-0.02063937932992673,0.06123701877960842
Cameroon,0.0337400254572508,96.23333333333332,7426,3857290,0.8333333333333334,86,Switzerland,0.9684224409178886,0.8328432991893843,-5.055868495303217,-1.1664918085646971,0.7507374631,0.6842337134,True,96.23333333333332,0.029016421893235687,0.8328432991893843,0.15992256541093058,0.8333333333333334,0.14283436101338884,0.012520900278477038,0.1553552612918659
Cameroon,0.2676038825025656,96.23333333333332,7472,3857290,0.9375,86,Switzerland,0.9684224409178886,0.8328432991893843,-5.055868495303217,-1.1664918085646971,0.8038348083,0.4318195206,True,96.23333333333332,0.23013933895220642,0.8328432991893843,0.10356543089540211,0.9375,0.34395727807235954,0.008108501944092775,0.35206578001645233
Cameroon,-0.0234587693180833,96.23333333333332,8591,3857290,0.9545454545454546,86,Switzerland,0.9684224409178886,0.8328432991893843,-5.055868495303217,-1.1664918085646971,0.9144542773,0.6698139534,True,96.23333333333332,-0.020174541613551637,0.8328432991893843,0.26604716943735474,0.9545454545454546,0.0936433975066015,0.02082976889056659,0.11447316639716809
Cameroon,-0.0306180701339409,22.566666666666663,11174,3857290,1.0,86,Switzerland,0.9684224409178886,0.8328432991893843,-5.055868495303217,-1.1664918085646971,0.4100294985,0.2488949926,True,96.23333333333332,-0.026331540315189174,0.1953013209391109,-0.05427345916356058,1.0,0.0003587072720445221,-0.004249260060384767,-0.003890552788340245
Cameroon,-0.0374606615926325,96.23333333333332,13454,3857290,0.7741935483870968,86,Switzerland,0.9684224409178886,0.8328432991893843,-5.055868495303217,-1.1664918085646971,0.3687315634,0.5285874176,True,96.23333333333332,-0.03221616896966395,0.8328432991893843,-0.15706199083113281,0.7741935483870968,0.0816017701504892,-0.01229693583067844,0.06930483431981076
Cameroon,-0.0209154496475591,96.23333333333332,16346,3857290,0.9473684210526316,86,Switzerland,0.9684224409178886,0.8328432991893843,-5.055868495303217,-1.1664918085646971,0.3097345133,0.4909742336,True,96.23333333333332,-0.017987286696900827,0.8328432991893843,-0.21099133662973563,0.9473684210526316,0.09583065242325231,-0.016519254045076332,0.07931139837817598
Cameroon,-0.0123972423981624,28.34999999999999,28966,3857290,0.9166666666666666,86,Switzerland,0.9684224409178886,0.8328432991893843,-5.055868495303217,-1.1664918085646971,0.9513274336,0.7965051614,True,96.23333333333332,-0.010661628462419663,0.2453526934397545,0.09944436365886053,0.9166666666666666,0.022868734274570375,0.007785849091588514,0.030654583366158887
Cameroon,-0.0089779000795031,67.88333333333334,30016,3857290,0.9130434782608696,86,Switzerland,0.9684224409178886,0.8328432991893843,-5.055868495303217,-1.1664918085646971,0.8731563422,0.6262501535,True,96.23333333333332,-0.007720994068372666,0.5874906057496299,0.1565865623312772,0.9130434782608696,0.07256658231479045,0.012259712860793345,0.0848262951755838
Switzerland,-0.0041310277887254,96.23333333333332,3500,3857290,0.8,82,Cameroon,0.7030212883253687,0.5764774564268024,-6.6372377583649165,-1.2931803084418227,0.9233038348,0.6152632299,True,96.23333333333332,-0.003387442786754828,0.5764774564268024,0.24282105404186488,0.8,0.0753950557980196,0.019011314603167746,0.09440637040118735
Switzerland,-0.0102142855996202,71.16666666666667,3533,3857290,0.8125,82,Cameroon,0.7030212883253687,0.5764774564268024,-6.6372377583649165,-1.2931803084418227,0.2507374631,0.3752829288,True,96.23333333333332,-0.008375714191688565,0.4263177587361356,-0.22298435290853003,0.8125,0.049885676344679095,-0.017458229482839493,0.0324274468618396
Switzerland,0.0097092408415872,24.86666666666667,5543,3857290,0.5,82,Cameroon,0.7030212883253687,0.5764774564268024,-6.6372377583649165,-1.2931803084418227,0.494100295,0.518937885,True,96.23333333333332,0.007961577490101505,0.14896161499632654,-0.021650269515885768,0.5,0.028318953293441217,-0.0016950757694137693,0.026623877524027447
Switzerland,-0.0263086985799457,89.88333333333334,5544,3857290,1.0,82,Cameroon,0.7030212883253687,0.5764774564268024,-6.6372377583649165,-1.2931803084418227,0.2212389381,0.2032220189,True,96.23333333333332,-0.021573132835555474,0.538438330881494,-0.3590841167379136,1.0,0.052010866968339335,-0.028113958813176475,0.02389690815516286
Switzerland,-0.0078085617546175,71.36666666666666,5545,3857290,0.7391304347826086,82,Cameroon,0.7030212883253687,0.5764774564268024,-6.6372377583649165,-1.2931803084418227,0.3303834808,0.4762614357,True,96.23333333333332,-0.00640302063878635,0.4275158414304759,-0.15613447482191373,0.7391304347826086,0.05202210214264837,-0.012224317339171115,0.03979778480347726
Switzerland,-0.0232072731415335,96.23333333333332,5549,3857290,0.8421052631578947,82,Cameroon,0.7030212883253687,0.5764774564268024,-6.6372377583649165,-1.2931803084418227,0.5796460177,0.4160114499,True,96.23333333333332,-0.01902996397605747,0.5764774564268024,-0.06333442321831223,0.8421052631578947,0.05975253460871696,-0.004958674814111923,0.054793859794605035
Switzerland,-0.0275371889762424,96.23333333333332,6983,3857290,0.972972972972973,82,Cameroon,0.7030212883253687,0.5764774564268024,-6.6372377583649165,-1.2931803084418227,0.8628318584,0.7442939984,True,96.23333333333332,-0.022580494960518768,0.5764774564268024,0.248935463255263,0.972972972972973,0.05620200362425566,0.019490033211927174,0.07569203683618284
Switzerland,-0.0133859160401055,96.23333333333332,7796,3857290,0.935483870967742,82,Cameroon,0.7030212883253687,0.5764774564268024,-6.6372377583649165,-1.2931803084418227,0.09734513274,0.4282556409,True,96.23333333333332,-0.01097645115288651,0.5764774564268024,-0.38630029292064644,0.935483870967742,0.06780604743188792,-0.030244808997262933,0.037561238434624986
Switzerland,-0.0216906993813962,96.23333333333332,8814,3857290,0.926829268292683,82,Cameroon,0.7030212883253687,0.5764774564268024,-6.6372377583649165,-1.2931803084418227,0.7492625369,0.5476793097,True,96.23333333333332,-0.017786373492744884,0.5764774564268024,0.09995488281153782,0.926829268292683,0.06099612509202955,0.007825819432137391,0.06882194452416694
Switzerland,-0.0117628202846522,70.96666666666667,16026,3857290,0.8947368421052632,82,Cameroon,0.7030212883253687,0.5764774564268024,-6.6372377583649165,-1.2931803084418227,0.8554572271,0.7545403399,True,96.23333333333332,-0.009645512633414803,0.4251196760417951,0.18264597636457414,0.8947368421052632,0.04845214565788578,0.01429999606653133,0.06275214172441711
Switzerland,0.0039554195788718,25.066666666666663,29006,3857290,1.0,82,Cameroon,0.7030212883253687,0.5764774564268024,-6.6372377583649165,-1.2931803084418227,0.2994100295,0.440353812,True,96.23333333333332,0.003243444054674876,0.1501596976906669,-0.06373698467195216,1.0,0.023764552103081652,-0.004990192766591191,0.01877435933649046
Switzerland,-0.0078629506449477,80.51666666666667,30401,3857290,0.7857142857142857,82,Cameroon,0.7030212883253687,0.5764774564268024,-6.6372377583649165,-1.2931803084418227,0.1474926254,0.335372867,True,96.23333333333332,-0.006447619528857113,0.4823281246965505,-0.3231344350954686,0.7857142857142857,0.05946825346439631,-0.025299331760818767,0.03416892170357755
Costa Rica,-0.0009626803285508,98.06666666666666,5581,3857291,0.8823529411764706,81,Spain,1.1604870705092574,0.9515993978175911,-13.930765467440681,-0.038297880227193715,0.5309734513,0.6218525885,True,98.06666666666666,-0.0007797710661261479,0.9399945271124984,0.06579438867822869,0.8823529411764706,0.12768165734939974,0.00515127416450983,0.13283293151390957
Costa Rica,0.0237690379962121,71.2,5582,3857291,0.8888888888888888,81,Spain,1.1604870705092574,0.9515993978175911,-13.930765467440681,-0.038297880227193715,0.9085545723,0.5571438841,True,98.06666666666666,0.0192529207769318,0.682470533620767,0.2238939592267914,0.8888888888888888,0.1125206335898357,0.01752944576163266,0.13005007935146837
Costa Rica,-0.0518113262270255,98.06666666666666,5598,3857291,0.9655172413793104,81,Spain,1.1604870705092574,0.9515993978175911,-13.930765467440681,-0.038297880227193715,0.8584070796,0.5821511976,True,98.06666666666666,-0.041967174243890654,0.9399945271124984,0.2824154051550043,0.9655172413793104,0.08649425417163523,0.022111295650900115,0.10860554982253534
Costa Rica,0.0171591783028803,98.06666666666666,5600,3857291,0.6896551724137931,81,Spain,1.1604870705092574,0.9515993978175911,-13.930765467440681,-0.038297880227193715,0.4144542773,0.5572140235,True,98.06666666666666,0.013898934425333045,0.9399945271124984,-0.041310466767427875,0.6896551724137931,0.14236036284085893,-0.003234341779868364,0.13912602106099056
Costa Rica,-0.0376154537176758,81.06666666666666,5836,3857291,0.8571428571428571,81,Spain,1.1604870705092574,0.9515993978175911,-13.930765467440681,-0.038297880227193715,0.2256637168,0.4277312179,True,98.06666666666666,-0.030468517511317395,0.7770451019502367,-0.185401361288498,0.8571428571428571,0.07572393453034099,-0.014515724846097991,0.061208209684242995
Costa Rica,-0.013237595552549,98.06666666666666,5839,3857291,0.8,81,Spain,1.1604870705092574,0.9515993978175911,-13.930765467440681,-0.038297880227193715,0.9867256637,0.6593374748,True,98.06666666666666,-0.01072245239756469,0.9399945271124984,0.4026537789989014,0.8,0.11773897601796118,0.03152518095643673,0.1492641569743979
Costa Rica,-0.0332901981733488,53.06666666666666,6328,3857291,0.9166666666666666,81,Spain,1.1604870705092574,0.9515993978175911,-13.930765467440681,-0.038297880227193715,0.8790560472,0.7271560249,True,98.06666666666666,-0.026965060520412528,0.5086578134476878,0.19063615140203552,0.9166666666666666,0.042549077493699364,0.014925574980892546,0.05747465247459191
Costa Rica,-0.0075529450492073,26.86666666666666,108340,3857291,1.0,81,Spain,1.1604870705092574,0.9515993978175911,-13.930765467440681,-0.038297880227193715,0.7241887906,0.633480002,True,98.06666666666666,-0.006117885489857913,0.25752399349173133,0.0567049680787468,1.0,0.02907583011276406,0.0044396314477811935,0.03351546156054525
Costa Rica,-0.0368295619269734,98.06666666666666,130185,3857291,0.7647058823529411,81,Spain,1.1604870705092574,0.9515993978175911,-13.930765467440681,-0.038297880227193715,0.1828908555,0.344582094,True,98.06666666666666,-0.02983194516084845,0.9399945271124984,-0.28624389817192497,0.7647058823529411,0.09862948325467744,-0.022411041838428652,0.07621844141624878
Costa Rica,-0.0299046314932253,45.0,132271,3857291,0.6956521739130435,81,Spain,1.1604870705092574,0.9515993978175911,-13.930765467440681,-0.038297880227193715,0.6327433628,0.7001680849,True,98.06666666666666,-0.024222751509512492,0.4313367136648107,0.07694010688776577,0.6956521739130435,0.034724538891901496,0.006023911655504462,0.04074845054740596
Costa Rica,-0.0114344556043036,60.78333333333333,132296,3857291,0.8095238095238095,81,Spain,1.1604870705092574,0.9515993978175911,-13.930765467440681,-0.038297880227193715,0.1696165192,0.4181608104,True,98.06666666666666,-0.009261909039485917,0.582624072124283,-0.1658612649982797,0.8095238095238095,0.07036059766197955,-0.012985861962439296,0.057374735699540255
Costa Rica,-0.001775164744341,60.88333333333333,132728,3857291,0.64,81,Spain,1.1604870705092574,0.9515993978175911,-13.930765467440681,-0.038297880227193715,0.09587020649,0.4102974609,True,98.06666666666666,-0.0014378834429162098,0.5835825981546493,-0.20040005455221216,0.64,0.07831561723721908,-0.01569002530944958,0.06262559192776951
Spain,0.0069052342153365,41.66666666666666,3477,3857291,1.0,60,Costa Rica,0.7854812330822029,0.4791435521801437,13.837652692516745,13.039065535557507,0.5147492625,0.5853062221,True,98.06666666666666,0.0041431405292019,0.20024164677486472,0.3938903766202783,1.0,0.03150854238105517,0.03083906335320193,0.0623476057342571
Spain,-0.0324758024581067,98.06666666666666,3957,3857291,1.0,60,Costa Rica,0.7854812330822029,0.4791435521801437,13.837652692516745,13.039065535557507,0.296460177,0.3948605549,True,98.06666666666666,-0.019485481474864022,0.4712887398493217,0.6477347884087352,1.0,0.044921728323657845,0.050713435416237206,0.09563516373989506
Spain,-0.0249430714190465,98.06666666666666,4353,3857291,0.8947368421052632,60,Costa Rica,0.7854812330822029,0.4791435521801437,13.837652692516745,13.039065535557507,0.691740413,0.3464181985,True,98.06666666666666,-0.0149658428514279,0.4712887398493217,0.969162628305358,0.8947368421052632,0.049441366947093966,0.07587915183487103,0.12532051878196498
Spain,0.0141693764044711,34.666666666666664,5199,3857291,0.75,60,Costa Rica,0.7854812330822029,0.4791435521801437,13.837652692516745,13.039065535557507,0.9911504425,0.6310221281,True,98.06666666666666,0.00850162584268266,0.16660105011668747,0.481911740925422,0.75,0.03126964018342458,0.03773056563749979,0.06900020582092437
Spain,0.0266454997077464,63.4,5203,3857291,0.9333333333333332,60,Costa Rica,0.7854812330822029,0.4791435521801437,13.837652692516745,13.039065535557507,0.9970501475,0.7990009755,True,98.06666666666666,0.01598729982464784,0.3046876897326342,0.9355731744382947,0.9333333333333332,0.05762649528242778,0.0732493153186963,0.13087581060112408
Spain,-0.0101007535184966,63.3,5211,3857291,0.6,60,Costa Rica,0.7854812330822029,0.4791435521801437,13.837652692516745,13.039065535557507,0.2050147493,0.4962014902,True,98.06666666666666,-0.006060452111097961,0.3042071097803745,0.3973756783246004,0.6,0.035513066382237536,0.031111939885466715,0.06662500626770425
Spain,0.0195257542219974,68.43333333333334,5719,3857291,0.8333333333333334,60,Costa Rica,0.7854812330822029,0.4791435521801437,13.837652692516745,13.039065535557507,0.7182890855,0.5936006418,True,98.06666666666666,0.011715452533198438,0.3288768806630379,0.7732969780345591,0.8333333333333334,0.056660388534682256,0.060544140989352714,0.11720452952403497
Spain,0.0269900716979814,41.55,6583,3857291,1.0,60,Costa Rica,0.7854812330822029,0.4791435521801437,13.837652692516745,13.039065535557507,0.8274336283,0.4534646363,True,98.06666666666666,0.01619404301878884,0.19968097016389513,0.48194128302343797,1.0,0.04348282174545692,0.037732878592287154,0.08121570033774408
Spain,-0.0086061875595994,56.4,6748,3857291,0.8333333333333334,60,Costa Rica,0.7854812330822029,0.4791435521801437,13.837652692516745,13.039065535557507,0.0191740413,0.4792367437,True,98.06666666666666,-0.005163712535759639,0.27104709307445696,0.25643406446127703,0.8333333333333334,0.031878095410908955,0.02007712508159119,0.05195522049250015
Spain,-0.0389441702332597,98.06666666666666,6765,3857291,0.8333333333333334,60,Costa Rica,0.7854812330822029,0.4791435521801437,13.837652692516745,13.039065535557507,0.8495575221,0.5523369646,True,98.06666666666666,-0.023366502139955822,0.4712887398493217,1.2030940454394101,0.8333333333333334,0.041040707658566045,0.09419446548940101,0.13523517314796707
Spain,-0.002382266616828,98.06666666666666,16532,3857291,1.0,60,Costa Rica,0.7854812330822029,0.4791435521801437,13.837652692516745,13.039065535557507,0.1386430678,0.3715730293,True,98.06666666666666,-0.0014293599700968003,0.4712887398493217,0.499419657987588,1.0,0.06297784982842507,0.03910132205987171,0.10207917188829678
Spain,-0.0136006515256898,56.516666666666666,30486,3857291,1.0,60,Costa Rica,0.7854812330822029,0.4791435521801437,13.837652692516745,13.039065535557507,0.7227138643,0.7035677237,True,98.06666666666666,-0.00816039091541388,0.27160776968542655,0.6705684546560055,1.0,0.0289580401564399,0.0525011634791248,0.08145920363556469
Spain,0.0005604505219238,34.766666666666666,39161,3857291,0.25,60,Costa Rica,0.7854812330822029,0.4791435521801437,13.837652692516745,13.039065535557507,0.1032448378,0.5636603576,True,98.06666666666666,0.00033627031315427996,0.16708163006894716,0.19805323153780424,0.25,0.023169961618340652,0.015506284279163255,0.03867624589750391
Spain,0.0089501204343814,29.63333333333333,68574,3857291,0.8235294117647058,60,Costa Rica,0.7854812330822029,0.4791435521801437,13.837652692516745,13.039065535557507,0.02359882006,0.4628588216,True,98.06666666666666,0.00537007226062884,0.1424118591862838,0.1335779787468473,0.8235294117647058,0.024832346057666883,0.010458289904193126,0.03529063596186001
Spain,-0.0094367394681948,98.06666666666666,133353,3857291,0.6086956521739131,60,Costa Rica,0.7854812330822029,0.4791435521801437,13.837652692516745,13.039065535557507,0.7064896755,0.8007736799,True,98.06666666666666,-0.0056620436809168805,0.4712887398493217,1.1950023397448535,0.6086956521739131,0.05874516611760498,0.09356093738269516,0.15230610350030016
Costa Rica,-0.0193836385607868,100.03333333333332,5581,3857292,0.9230769230769232,90,Germany,1.0465836545434244,0.9523911256345161,-34.53868436526369,-17.660714023163955,0.5309734513,0.6218525885,True,100.03333333333332,-0.017445274704708122,0.941925289089082,-1.1355551057638804,0.9230769230769232,0.1112800152911657,-0.08890660428971077,0.02237341100145493
Costa Rica,0.0422317448051643,100.03333333333332,5582,3857292,0.8918918918918919,90,Germany,1.0465836545434244,0.9523911256345161,-34.53868436526369,-17.660714023163955,0.9085545723,0.5571438841,True,100.03333333333332,0.03800857032464787,0.941925289089082,-0.9633088779703909,0.8918918918918919,0.16673386032052168,-0.07542084112674242,0.09131301919377925
Costa Rica,-0.0202643002957505,73.23333333333333,5595,3857292,0.9166666666666666,90,Germany,1.0465836545434244,0.9523911256345161,-34.53868436526369,-17.660714023163955,0.3702064897,0.3659037198,True,100.03333333333332,-0.01823787026617545,0.6895734288999379,-0.9411828892027305,0.9166666666666666,0.07600053763816805,-0.07368851962345292,0.002312018014715131
Costa Rica,0.0168610632879511,100.03333333333332,5598,3857292,0.9130434782608696,90,Germany,1.0465836545434244,0.9523911256345161,-34.53868436526369,-17.660714023163955,0.8584070796,0.5821511976,True,100.03333333333332,0.015174956959155989,0.941925289089082,-0.9817437740884016,0.9130434782608696,0.14390024695502981,-0.07686417400065292,0.0670360729543769
Costa Rica,0.0437442868168539,92.48333333333332,5836,3857292,0.8095238095238095,90,Germany,1.0465836545434244,0.9523911256345161,-34.53868436526369,-17.660714023163955,0.2256637168,0.4277312179,True,100.03333333333332,0.03936985813516851,0.8708336269835582,-1.2402712094109494,0.8095238095238095,0.15837962724331642,-0.09710519645177723,0.061274430791539186
Costa Rica,0.0479333485964416,92.53333333333332,5839,3857292,0.8787878787878788,90,Germany,1.0465836545434244,0.9523911256345161,-34.53868436526369,-17.660714023163955,0.9867256637,0.6593374748,True,100.03333333333332,0.04314001373679744,0.8713044326928663,-0.8291634959299541,0.8787878787878788,0.16221412404287733,-0.06491812722248115,0.09729599682039618
Costa Rica,0.1752889016117354,100.03333333333332,6328,3857292,0.9230769230769232,90,Germany,1.0465836545434244,0.9523911256345161,-34.53868436526369,-17.660714023163955,0.8790560472,0.7271560249,True,100.03333333333332,0.15776001145056187,0.941925289089082,-0.9321268324521279,0.9230769230769232,0.2864853014464357,-0.07297948907983225,0.21350581236660343
Costa Rica,0.0409701114004095,100.03333333333332,27163,3857292,0.967741935483871,90,Germany,1.0465836545434244,0.9523911256345161,-34.53868436526369,-17.660714023163955,0.9115044248,0.5905187519,True,100.03333333333332,0.03687310026036855,0.941925289089082,-0.9527948630293421,0.967741935483871,0.16559839025624237,-0.07459766190706808,0.09100072834917429
Costa Rica,-0.0281221744993767,45.0,108340,3857292,0.9230769230769232,90,Germany,1.0465836545434244,0.9523911256345161,-34.53868436526369,-17.660714023163955,0.7241887906,0.633480002,True,100.03333333333332,-0.02530995704943903,0.42372513837729453,-0.4657326434348358,0.9230769230769232,0.0325971210893246,-0.036463847174380754,-0.0038667260850561505
Costa Rica,0.4578902746941064,73.5,130185,3857292,1.0,90,Germany,1.0465836545434244,0.9523911256345161,-34.53868436526369,-17.660714023163955,0.1828908555,0.344582094,True,100.03333333333332,0.4121012472246958,0.6920843926829144,-1.0180172780818404,1.0,0.5066828081846764,-0.07970415424412731,0.42697865394054907
Costa Rica,-0.0109069329642261,26.53333333333333,132728,3857292,1.0,90,Germany,1.0465836545434244,0.9523911256345161,-34.53868436526369,-17.660714023163955,0.09587020649,0.4102974609,True,100.03333333333332,-0.009816239667803489,0.24984089640616775,-0.37438500467595937,1.0,0.024327489368089733,-0.029311919160749343,-0.00498442979265961
Costa Rica,-0.0069244991291135,55.03333333333333,132756,3857292,0.8888888888888888,90,Germany,1.0465836545434244,0.9523911256345161,-34.53868436526369,-17.660714023163955,0.3997050147,0.6787922946,True,100.03333333333332,-0.00623204921620215,0.5182001507117876,-0.6525421598395441,0.8888888888888888,0.06458616264090805,-0.05108982143863554,0.013496341202272513
Germany,-0.0121590508319959,100.03333333333332,3053,3857292,0.8421052631578947,85,Costa Rica,0.7854812330822029,0.6833686727815165,10.662439175813176,8.425153687863661,0.5737463127,0.5106599393,True,100.03333333333332,-0.010335193207196516,0.6676590481198724,0.6306446490102735,0.8421052631578947,0.08090835400737613,0.04937538827696348,0.13028374228433962
Germany,-0.0748896811281135,100.03333333333332,3167,3857292,0.9411764705882352,85,Costa Rica,0.7854812330822029,0.6833686727815165,10.662439175813176,8.425153687863661,0.7389380531,0.4737646232,True,100.03333333333332,-0.06365622895889649,0.6676590481198724,0.7508821151900428,0.9411764705882352,0.02758731825567616,0.05878920251828222,0.08637652077395838
Germany,0.0009301742592308,65.85,5562,3857292,0.9523809523809524,85,Costa Rica,0.7854812330822029,0.6833686727815165,10.662439175813176,8.425153687863661,0.4218289086,0.5695303506,True,100.03333333333332,0.00079064812034618,0.4395069808599827,0.3496654809674982,0.9523809523809524,0.06085450267629029,0.02737654068248529,0.08823104335877557
Germany,-0.0208707888869306,100.03333333333332,5579,3857292,0.88,85,Costa Rica,0.7854812330822029,0.6833686727815165,10.662439175813176,8.425153687863661,0.8997050147,0.6066802652,True,100.03333333333332,-0.01774017055389101,0.6676590481198724,0.9431105465206617,0.88,0.07350337666068163,0.07383944269667198,0.1473428193573536
Germany,-0.0056540016123246,93.61666666666666,6322,3857292,0.9411764705882352,85,Costa Rica,0.7854812330822029,0.6833686727815165,10.662439175813176,8.425153687863661,0.6312684366,0.4499082447,True,100.03333333333332,-0.00480590137047591,0.624831868258801,0.6094018345218785,0.9411764705882352,0.08058480251227226,0.04771221359514211,0.12829701610741437
Germany,-0.0014866831684877,45.0,6324,3857292,0.875,85,Costa Rica,0.7854812330822029,0.6833686727815165,10.662439175813176,8.425153687863661,0.8938053097,0.5959649133,True,100.03333333333332,-0.0012636806932145451,0.3003464561685531,0.41991502699323463,0.875,0.039782233581918104,0.03287662478966789,0.07265885837158599
Germany,0.0015379640078772,34.16666666666667,8227,3857292,0.9285714285714286,85,Costa Rica,0.7854812330822029,0.6833686727815165,10.662439175813176,8.425153687863661,0.6681415929,0.8041461116,True,100.03333333333332,0.0013072694066956201,0.22804082783167928,0.2867316797393954,0.9285714285714286,0.0324717598748519,0.022449231973437324,0.054920991848289226
Germany,-0.0065404090470846,100.03333333333332,8400,3857292,0.8148148148148148,85,Costa Rica,0.7854812330822029,0.6833686727815165,10.662439175813176,8.425153687863661,0.3628318584,0.5252262183,True,100.03333333333332,-0.0055593476900219095,0.6676590481198724,0.46262988226841634,0.8148148148148148,0.08568419952455074,0.03622092108666547,0.12190512061121621
Germany,-0.0088534850555404,55.03333333333333,8507,3857292,0.6666666666666666,85,Costa Rica,0.7854812330822029,0.6833686727815165,10.662439175813176,8.425153687863661,0.2536873156,0.4275609863,True,100.03333333333332,-0.00752546229720934,0.36731259195131943,0.1808984042049925,0.6666666666666666,0.042672170642230674,0.014163172493927055,0.05683534313615773
Germany,0.0068735468590807,46.1,8546,3857292,0.5,85,Costa Rica,0.7854812330822029,0.6833686727815165,10.662439175813176,8.425153687863661,0.4395280236,0.2353001816,True,100.03333333333332,0.005842514830218594,0.3076882584304511,0.18292006380369097,0.5,0.047891773676521164,0.014321455336422022,0.06221322901294318
Germany,0.008488800692535,34.18333333333334,8966,3857292,1.0,85,Costa Rica,0.7854812330822029,0.6833686727815165,10.662439175813176,8.425153687863661,0.3805309735,0.5148238728,True,100.03333333333332,0.007215480588654749,0.22815206725988982,0.1615100216250256,1.0,0.038395173247283296,0.012645187810396369,0.051040361057679666
Germany,-0.0117833074694957,53.93333333333333,10287,3857292,1.0,85,Costa Rica,0.7854812330822029,0.6833686727815165,10.662439175813176,8.425153687863661,0.9719764012,0.8083929144,True,100.03333333333332,-0.010015811349071346,0.3599707896894214,0.5891708824383849,1.0,0.03917847701919875,0.04612826118088978,0.08530673820008852
Germany,-0.0281158531887944,65.86666666666666,12034,3857292,0.96,85,Costa Rica,0.7854812330822029,0.6833686727815165,10.662439175813176,8.425153687863661,0.110619469,0.6030250295,True,100.03333333333332,-0.023898475210475237,0.43961822028819325,0.1900390372055181,0.96,0.03618058153594114,0.014878824809706594,0.051059406345647734
Germany,-0.0002432461130376,100.03333333333332,39565,3857292,0.8636363636363636,85,Costa Rica,0.7854812330822029,0.6833686727815165,10.662439175813176,8.425153687863661,0.7079646018,0.6406506939,True,100.03333333333332,-0.00020675919608196,0.6676590481198724,0.7996044679710412,0.8636363636363636,0.09103678801849069,0.06260384693032067,0.15364063494881136
Ghana,-0.002229794014614,45.0,3347,3857293,0.9090909090909092,88,Uruguay,0.985809127618053,0.8872282148562476,-1.2107793228835873,-0.790562750057003,0.2005899705,0.5164158622,True,100.16666666666669,-0.00196221873286032,0.3897308630982518,-0.1169629411002597,0.9090909090909092,0.0512991375061057,-0.009157440152555475,0.04214169735355022
Ghana,-0.0026827310367068,45.0,3450,3857293,0.5555555555555556,88,Uruguay,0.985809127618053,0.8872282148562476,-1.2107793228835873,-0.790562750057003,0.3185840708,0.6754999865,True,100.16666666666669,-0.002360803312301984,0.3897308630982518,-0.05167576184101756,0.5555555555555556,0.05090055292666404,-0.0040458771978997155,0.046854675728764325
Ghana,-0.0197333874529772,100.16666666666669,3709,3857293,0.896551724137931,88,Uruguay,0.985809127618053,0.8872282148562476,-1.2107793228835873,-0.790562750057003,0.7374631268,0.4968369881,True,100.16666666666669,-0.017365380958619937,0.8675120323038865,0.11522935818081366,0.896551724137931,0.10119045274367112,0.009021711846777736,0.11021216459044886
Ghana,-0.0272325459740206,100.16666666666669,6383,3857293,0.9722222222222222,88,Uruguay,0.985809127618053,0.8872282148562476,-1.2107793228835873,-0.790562750057003,0.9764011799,0.8024792402,True,100.16666666666669,-0.02396464045713813,0.8675120323038865,0.4031702244371056,0.9722222222222222,0.09459119324515293,0.031565615286729104,0.12615680853188205
Ghana,-0.0012242397378884,71.75,6393,3857293,0.8076923076923077,88,Uruguay,0.985809127618053,0.8872282148562476,-1.2107793228835873,-0.790562750057003,0.07227138643,0.291124896,True,100.16666666666669,-0.001077330969341792,0.621404209495546,-0.3140871590144693,0.8076923076923077,0.08384494258945405,-0.024590988686713104,0.05925395390274094
Ghana,-0.0176154772565148,100.16666666666669,12325,3857293,0.8636363636363636,88,Uruguay,0.985809127618053,0.8872282148562476,-1.2107793228835873,-0.790562750057003,0.1946902655,0.4645319331,True,100.16666666666669,-0.015501619985733024,0.8675120323038865,-0.284496469878701,0.8636363636363636,0.10305421371655804,-0.02227422952962766,0.08077998418693039
Ghana,-0.0031814368683179,97.13333333333334,17033,3857293,0.925925925925926,88,Uruguay,0.985809127618053,0.8872282148562476,-1.2107793228835873,-0.790562750057003,0.6578171091,0.7163997376,True,100.16666666666669,-0.002799664444119752,0.841241285235782,0.13843625106330346,0.925925925925926,0.11216595931910026,0.010838661136006017,0.12300462045510627
Ghana,-0.0182945361641308,28.23333333333333,28616,3857293,1.0,88,Uruguay,0.985809127618053,0.8872282148562476,-1.2107793228835873,-0.790562750057003,0.5088495575,0.649880139,True,100.16666666666669,-0.016099191824435102,0.24452003040312534,0.0030721892881748914,1.0,0.01731737760845691,0.00024053250781089588,0.017557910116267807
Ghana,-0.0182824734080487,100.16666666666669,30519,3857293,0.8846153846153846,88,Uruguay,0.985809127618053,0.8872282148562476,-1.2107793228835873,-0.790562750057003,0.6592920354,0.5527952419,True,100.16666666666669,-0.016088576599082857,0.8675120323038865,0.08094906694175022,0.8846153846153846,0.1024672571032082,0.006337787242275823,0.10880504434548402
Ghana,-0.0220871837470843,71.93333333333334,31029,3857293,0.9230769230769232,88,Uruguay,0.985809127618053,0.8872282148562476,-1.2107793228835873,-0.790562750057003,0.9587020649,0.63492073,True,100.16666666666669,-0.019436721697434184,0.622992001900761,0.23422619282926982,0.9230769230769232,0.06570254257196484,0.018338392680775313,0.08404093525274015
Ghana,0.0001934321107162,55.16666666666667,35658,3857293,1.0,88,Uruguay,0.985809127618053,0.8872282148562476,-1.2107793228835873,-0.790562750057003,0.4498525074,0.2834649757,True,100.16666666666669,0.000170220257430256,0.4777811692056346,-0.09472315928593049,1.0,0.06546469772075528,-0.007416209391300625,0.05804848832945465
Ghana,0.0035790237778384,55.16666666666667,44225,3857293,0.9230769230769232,88,Uruguay,0.985809127618053,0.8872282148562476,-1.2107793228835873,-0.790562750057003,0.06194690265,0.2143225134,True,100.16666666666669,0.0031495409244977923,0.4777811692056346,-0.26180358312962043,0.9230769230769232,0.06844401838782281,-0.020497523588937503,0.04794649479888531
Ghana,-0.0091512110049678,100.16666666666669,45047,3857293,0.7959183673469388,88,Uruguay,0.985809127618053,0.8872282148562476,-1.2107793228835873,-0.790562750057003,0.1327433628,0.6173025139,True,100.16666666666669,-0.008053065684371663,0.8675120323038865,-0.27000063343139336,0.7959183673469388,0.11050276801791939,-0.021139299495561023,0.08936346852235837
Uruguay,0.0084439086976245,34.95,4319,3857293,1.0,94,Ghana,0.6149010553062335,0.5903050130939842,-5.128773848718426,-8.25805686173073,0.6283185841,0.5488604471,True,100.16666666666669,0.007937274175767029,0.20167731484168744,-0.15970508381270787,1.0,0.03549887713866414,-0.012503872879018097,0.022995004259646044
Uruguay,-0.0012605919057536,65.21666666666667,5246,3857293,0.9166666666666666,94,Ghana,0.6149010553062335,0.5903050130939842,-5.128773848718426,-8.25805686173073,0.1533923304,0.2053955912,True,100.16666666666669,-0.001184956391408384,0.37632967714617205,-0.5646370383455533,0.9166666666666666,0.05024496845065951,-0.04420742021298312,0.006037548237676389
Uruguay,-0.0287232684625492,66.41666666666667,5255,3857293,0.9230769230769232,94,Ghana,0.6149010553062335,0.5903050130939842,-5.128773848718426,-8.25805686173073,0.8702064897,0.7989720211,True,100.16666666666669,-0.02699987235479625,0.3832542201450283,-0.14853859062832214,0.9230769230769232,0.02537637361904494,-0.011629608842152972,0.013746764776891969
Uruguay,-0.0175291716008138,79.51666666666667,5258,3857293,0.7894736842105263,94,Ghana,0.6149010553062335,0.5903050130939842,-5.128773848718426,-8.25805686173073,0.6194690265,0.7902385438,True,100.16666666666669,-0.016477421304764973,0.45884714788254194,-0.30368128871080025,0.7894736842105263,0.04622949702426797,-0.02377627649116887,0.022453220533099102
Uruguay,-0.0177669048359265,100.16666666666669,5259,3857293,0.95,94,Ghana,0.6149010553062335,0.5903050130939842,-5.128773848718426,-8.25805686173073,0.6607669617,0.4666136503,True,100.16666666666669,-0.01670089054577091,0.5780069919878595,-0.4650615062925156,0.95,0.06229063725919411,-0.03641130148634367,0.02587933577285044
Uruguay,-0.0171096212824581,33.75,5260,3857293,0.9047619047619048,94,Ghana,0.6149010553062335,0.5903050130939842,-5.128773848718426,-8.25805686173073,0.9100294985,0.87700696,True,100.16666666666669,-0.016083044005510614,0.19475277184283116,-0.05836725603008314,0.9047619047619048,0.0105322378256132,-0.004569777819678837,0.0059624600059343625
Uruguay,-0.0171366316111651,100.16666666666669,5264,3857293,0.9090909090909092,94,Ghana,0.6149010553062335,0.5903050130939842,-5.128773848718426,-8.25805686173073,0.3126843658,0.3960756387,True,100.16666666666669,-0.016108433714495194,0.5780069919878595,-0.7046532871407782,0.9090909090909092,0.06288309409046983,-0.055169784930099004,0.007713309160370822
Uruguay,0.0108027691952918,20.48333333333333,6297,3857293,1.0,94,Ghana,0.6149010553062335,0.5903050130939842,-5.128773848718426,-8.25805686173073,0.4985250737,0.3025743403,True,100.16666666666669,0.010154603043574293,0.11819810202214295,-0.126901053390272,1.0,0.02630777902898228,-0.009935529927565087,0.016372249101417193
Uruguay,-0.0328933433589632,100.16666666666669,6300,3857293,0.8181818181818182,94,Ghana,0.6149010553062335,0.5903050130939842,-5.128773848718426,-8.25805686173073,0.715339233,0.3056659648,True,100.16666666666669,-0.030919742757425407,0.5780069919878595,-0.4849777263592878,0.8181818181818182,0.04807178504753961,-0.037970612423730704,0.010101172623808906
Uruguay,-0.0241590096530089,100.16666666666669,6773,3857293,0.9393939393939394,94,Ghana,0.6149010553062335,0.5903050130939842,-5.128773848718426,-8.25805686173073,0.8908554572,0.6274891995,True,100.16666666666669,-0.022709469073828363,0.5780069919878595,-0.2685088546468851,0.9393939393939394,0.056282058731136654,-0.021022502886212116,0.03525955584492454
Uruguay,-0.0277084141175704,100.16666666666669,7104,3857293,0.7878787878787878,94,Ghana,0.6149010553062335,0.5903050130939842,-5.128773848718426,-8.25805686173073,0.2935103245,0.6120497975,True,100.16666666666669,-0.026045909270516178,0.5780069919878595,-0.6443807563314762,0.7878787878787878,0.05294561853444884,-0.05045083644490215,0.0024947820895466905
Uruguay,-0.0102882896913115,34.71666666666667,28729,3857293,1.0,94,Ghana,0.6149010553062335,0.5903050130939842,-5.128773848718426,-8.25805686173073,0.592920354,0.4956363814,True,100.16666666666669,-0.00967099230983281,0.20033087592524312,-0.172417160403042,1.0,0.017706603766330598,-0.013499146078337704,0.004207457687992893
Uruguay,0.0005304253558722,79.68333333333334,32478,3857293,0.8518518518518519,94,Ghana,0.6149010553062335,0.5903050130939842,-5.128773848718426,-8.25805686173073,0.3289085546,0.5698885358,True,100.16666666666669,0.0004985998345198681,0.4598088899657165,-0.5063417951446345,0.8518518518518519,0.06333695165407689,-0.03964328053105189,0.023693671123025
Uruguay,-0.0078355660369842,65.45,36288,3857293,0.8518518518518519,94,Ghana,0.6149010553062335,0.5903050130939842,-5.128773848718426,-8.25805686173073,0.02654867257,0.4516185476,True,100.16666666666669,-0.007365432074765149,0.3776761160626163,-0.5643304341747953,0.8518518518518519,0.04424849965403644,-0.044183415093773326,6.508456026311366e-05
Netherlands,0.0114922218797824,65.75,2988,3857294,0.7272727272727273,83,Qatar,0.6650128640561372,0.5519606771665939,8.179345866705312,12.437514509283117,0.4424778761,0.5290209839,True,96.05,0.009538544160219393,0.3778387769255966,0.5464988888417266,0.7272727272727273,0.06117470542994176,0.04278732067549784,0.1039620261054396
Netherlands,0.008359372891903,30.3,3264,3857294,1.0,83,Qatar,0.6650128640561372,0.5519606771665939,8.179345866705312,12.437514509283117,0.5014749263,0.6580442642,True,96.05,0.006938279500279489,0.17412190024099736,0.2862367653037017,1.0,0.030734107431421506,0.022410483381080912,0.05314459081250242
Netherlands,-0.0259839856203753,96.05,3306,3857294,0.85,83,Qatar,0.6650128640561372,0.5519606771665939,8.179345866705312,12.437514509283117,0.4837758112,0.3478771477,True,96.05,-0.0215667080649115,0.5519606771665939,0.7506215653741217,0.85,0.053865281135952875,0.05876880315653899,0.11263408429249186
Netherlands,-0.0151185427453488,96.05,3311,3857294,0.96,83,Qatar,0.6650128640561372,0.5519606771665939,8.179345866705312,12.437514509283117,0.1253687316,0.4101641711,True,96.05,-0.012548390478639504,0.5519606771665939,0.4749513530550642,0.96,0.06288359872222486,0.03718561238340252,0.10006921110562739
Netherlands,-0.0174839216878057,96.05,3669,3857294,0.9,83,Qatar,0.6650128640561372,0.5519606771665939,8.179345866705312,12.437514509283117,0.703539823,0.447794578,True,96.05,-0.014511655000878731,0.5519606771665939,0.9827587292418625,0.9,0.06092033419998564,0.07694363841038743,0.13786397261037306
Netherlands,0.0071313426365937,65.4,4318,3857294,0.9285714285714286,83,Qatar,0.6650128640561372,0.5519606771665939,8.179345866705312,12.437514509283117,0.8643067847,0.5964518954,True,96.05,0.005919014388372771,0.3758274678469052,0.8082932090773525,0.9285714285714286,0.05728030635856049,0.06328411903987621,0.1205644253984367
Netherlands,0.000472403440622,82.16666666666667,6994,3857294,0.9444444444444444,83,Qatar,0.6650128640561372,0.5519606771665939,8.179345866705312,12.437514509283117,0.9218289086,0.8313958887,True,96.05,0.00039209485571626,0.4721787503785022,1.1491052674217284,0.9444444444444444,0.06492093517503977,0.08996749411747963,0.1548884292925194
Netherlands,0.0058417797942274,30.64999999999999,7745,3857294,0.875,83,Qatar,0.6650128640561372,0.5519606771665939,8.179345866705312,12.437514509283117,0.7477876106,0.4862020094,True,96.05,0.004848677229208742,0.17613320931968868,0.3311842420096806,0.875,0.02891937445988539,0.025929579464605005,0.05484895392449039
Netherlands,0.0135666031029197,85.98333333333333,8118,3857294,0.9473684210526316,83,Qatar,0.6650128640561372,0.5519606771665939,8.179345866705312,12.437514509283117,0.9026548673,0.7395062986,True,96.05,0.011260280575423352,0.4941115969985178,1.1503309008101283,0.9473684210526316,0.07878650516110083,0.09006345326742633,0.16884995842852718
Netherlands,0.0287272819508453,96.05,8125,3857294,0.9090909090909092,83,Qatar,0.6650128640561372,0.5519606771665939,8.179345866705312,12.437514509283117,0.07522123894,0.3321846448,True,96.05,0.0238436440192016,0.5519606771665939,0.3967679475332603,0.9090909090909092,0.09927563322006597,0.031064358503721263,0.13033999172378724
Netherlands,-0.0029059736068,82.1,20750,3857294,0.6666666666666666,83,Qatar,0.6650128640561372,0.5519606771665939,8.179345866705312,12.437514509283117,0.5265486726,0.590365244,True,96.05,-0.0024119580936439997,0.47179564388732287,0.7673328219042616,0.6666666666666666,0.06206452616862529,0.06007718622308294,0.12214171239170823
Netherlands,-0.0114993813037204,96.05,21809,3857294,0.875,83,Qatar,0.6650128640561372,0.5519606771665939,8.179345866705312,12.437514509283117,0.5191740413,0.5915461318,True,96.05,-0.009544486482087933,0.5519606771665939,0.8919957217378308,0.875,0.06588750271877644,0.06983748323452149,0.13572498595329793
Qatar,0.0006275783738651,96.05,40784,3857294,0.7333333333333333,75,Netherlands,1.1268362245861638,0.8563955306854845,-1.3286052672106141,-6.93279043533958,0.5368731563,0.3072110282,True,96.05,0.00047068378039882494,0.845127168439623,-0.5054769855598839,0.7333333333333333,0.11596735968554431,-0.039575571546127154,0.07639178813941716
Qatar,0.1529120999588137,63.78333333333333,124488,3857294,0.967741935483871,75,Netherlands,1.1268362245861638,0.8563955306854845,-1.3286052672106141,-6.93279043533958,0.6504424779,0.6318900095,True,96.05,0.11468407496911028,0.5612184059723125,-0.2193492654861626,0.967741935483871,0.19138124288321606,-0.01717362569973949,0.17420761718347658
Qatar,0.1899316354201915,32.23333333333333,124492,3857294,1.0,75,Netherlands,1.1268362245861638,0.8563955306854845,-1.3286052672106141,-6.93279043533958,0.8746312684,0.4966585195,True,96.05,0.14244872656514362,0.2836154682912078,-0.07999596669538316,1.0,0.1812081524198289,-0.006263165670832858,0.17494498674899606
Qatar,-0.0038574845055328,96.05,124493,3857294,0.9565217391304348,75,Netherlands,1.1268362245861638,0.8563955306854845,-1.3286052672106141,-6.93279043533958,0.8525073746,0.5377519652,True,96.05,-0.0028931133791496,0.845127168439623,-0.2383727122265959,0.9565217391304348,0.11260356252599588,-0.018663038272492053,0.09394052425350383
Qatar,0.0661818588981158,96.05,124494,3857294,0.9545454545454546,75,Netherlands,1.1268362245861638,0.8563955306854845,-1.3286052672106141,-6.93279043533958,0.5353982301,0.4736375735,True,96.05,0.049636394173586854,0.845127168439623,-0.4519437441463927,0.9545454545454546,0.16513307007873235,-0.03538426573759648,0.12974880434113586
Qatar,-0.0014260319912089,64.2,124495,3857294,0.9166666666666666,75,Netherlands,1.1268362245861638,0.8563955306854845,-1.3286052672106141,-6.93279043533958,0.1843657817,0.4935154761,True,96.05,-0.001069523993406675,0.564884583173595,-0.4402425445006646,0.9166666666666666,0.07612867062512887,-0.03446813765069238,0.0416605329744365
Qatar,-0.0443547754742227,63.81666666666667,124500,3857294,0.9444444444444444,75,Netherlands,1.1268362245861638,0.8563955306854845,-1.3286052672106141,-6.93279043533958,0.9808259587,0.8410426757,True,96.05,-0.033266081605667026,0.5615117001484152,-0.04069245321550857,0.9444444444444444,0.04347116844479317,-0.0031859553246208166,0.04028521312017236
Qatar,0.0746457066526628,96.05,124506,3857294,1.0,75,Netherlands,1.1268362245861638,0.8563955306854845,-1.3286052672106141,-6.93279043533958,0.191740413,0.3679120527,True,96.05,0.05598427998949711,0.845127168439623,-0.6952483898494247,1.0,0.17148095589464257,-0.05443344243326767,0.1170475134613749
Qatar,-0.0036852122132229,84.46666666666667,124514,3857294,0.9,75,Netherlands,1.1268362245861638,0.8563955306854845,-1.3286052672106141,-6.93279043533958,0.6828908555,0.443166127,True,96.05,-0.002763909159917175,0.7432074422439718,-0.32742520063623176,0.9,0.09880422436208132,-0.025635270890585562,0.07316895347149575
Qatar,0.2365170929373792,84.58333333333333,124899,3857294,0.7,75,Netherlands,1.1268362245861638,0.8563955306854845,-1.3286052672106141,-6.93279043533958,0.03244837758,0.1953788875,True,96.05,0.17738781970303438,0.7442339718603308,-0.7471371017977577,0.7,0.2790962407022732,-0.058495992244260706,0.22060024845801246
Qatar,0.0071423424649171,96.05,124900,3857294,0.6818181818181818,75,Netherlands,1.1268362245861638,0.8563955306854845,-1.3286052672106141,-6.93279043533958,0.104719764,0.2750542395,True,96.05,0.005356756848687825,0.845127168439623,-0.7784708932441915,0.6818181818181818,0.1208534327538333,-0.060949225013753154,0.059904207740080144
Qatar,-0.0076433406247417,31.84999999999999,124901,3857294,1.0,75,Netherlands,1.1268362245861638,0.8563955306854845,-1.3286052672106141,-6.93279043533958,0.7728613569,0.7589254246,True,96.05,-0.005732505468556275,0.28024258526602797,-0.07109912796953653,1.0,0.03256597581805364,-0.005566600866524107,0.026999374951529535
Costa Rica,-0.0157750046864025,94.33333333333331,5581,3857295,0.9130434782608696,79,Japan,0.8499782354004932,0.6884823706743995,-11.947708043488758,-9.567439433907124,0.5309734513,0.6218525885,True,96.35,-0.012462253702257975,0.6574282445545346,-0.5735020269394868,0.9130434782608696,0.07738313256357049,-0.04490149135841068,0.03248164120515981
Costa Rica,-0.0349816898384663,88.81666666666666,5582,3857295,0.8846153846153846,79,Japan,0.8499782354004932,0.6884823706743995,-11.947708043488758,-9.567439433907124,0.9085545723,0.5571438841,True,96.35,-0.027635534972388374,0.6189814691221053,-0.3577505843805762,0.8846153846153846,0.05695564230863636,-0.028009551873346316,0.028946090435290044
Costa Rica,-0.0170323168725605,96.35,5598,3857295,0.8518518518518519,79,Japan,0.8499782354004932,0.6884823706743995,-11.947708043488758,-9.567439433907124,0.8584070796,0.5821511976,True,96.35,-0.013455530329322793,0.6714828059663897,-0.40925027729399527,0.8518518518518519,0.078310578858443,-0.032041644015466476,0.04626893484297653
Costa Rica,-0.0306447400967207,96.35,5600,3857295,0.9032258064516128,79,Japan,0.8499782354004932,0.6884823706743995,-11.947708043488758,-9.567439433907124,0.4144542773,0.5572140235,True,96.35,-0.024209344676409353,0.6714828059663897,-0.6730360525011649,0.9032258064516128,0.06755676451135645,-0.0526943603958153,0.014862404115541149
Costa Rica,0.0210163772848205,96.35,5836,3857295,0.8076923076923077,79,Japan,0.8499782354004932,0.6884823706743995,-11.947708043488758,-9.567439433907124,0.2256637168,0.4277312179,True,96.35,0.016602938055008194,0.6714828059663897,-0.8221281222323737,0.8076923076923077,0.10836904724277399,-0.06436730306415882,0.044001744178615174
Costa Rica,0.0156580810883221,96.35,5839,3857295,1.0,79,Japan,0.8499782354004932,0.6884823706743995,-11.947708043488758,-9.567439433907124,0.9867256637,0.6593374748,True,96.35,0.012369884059774459,0.6714828059663897,-0.3112748746309002,1.0,0.10413599324754026,-0.02437080504826967,0.07976518819927059
Costa Rica,-0.0492318589202401,96.35,6328,3857295,1.0,79,Japan,0.8499782354004932,0.6884823706743995,-11.947708043488758,-9.567439433907124,0.8790560472,0.7271560249,True,96.35,-0.03889316854698968,0.6714828059663897,-0.35231044138759343,1.0,0.05287294064077612,-0.02758362393915663,0.02528931670161949
Costa Rica,-0.0033396886790994,32.28333333333333,108340,3857295,0.9230769230769232,79,Japan,0.8499782354004932,0.6884823706743995,-11.947708043488758,-9.567439433907124,0.7241887906,0.633480002,True,96.35,-0.002638354056488526,0.2249891359897763,-0.15772030204675028,0.9230769230769232,0.028109086437665146,-0.012348477331790364,0.015760609105874783
Costa Rica,0.0585918434703647,96.35,130185,3857295,0.8857142857142857,79,Japan,0.8499782354004932,0.6884823706743995,-11.947708043488758,-9.567439433907124,0.1828908555,0.344582094,True,96.35,0.04628755634158812,0.6714828059663897,-0.8726183555574635,0.8857142857142857,0.13805366552935391,-0.06832036106367287,0.06973330446568105
Costa Rica,-0.0070896214647339,64.45,132296,3857295,0.9523809523809524,79,Japan,0.8499782354004932,0.6884823706743995,-11.947708043488758,-9.567439433907124,0.1696165192,0.4181608104,True,96.35,-0.005600800957139781,0.4491651981788668,-0.5735443818751688,0.9523809523809524,0.05578296382907202,-0.04490480747533647,0.010878156353735548
Costa Rica,-0.0107442498137721,64.06666666666666,132497,3857295,0.76,79,Japan,0.8499782354004932,0.6884823706743995,-11.947708043488758,-9.567439433907124,0.5486725664,0.5304097938,True,96.35,-0.008487957352879959,0.4464936699766134,-0.40159002954460804,0.76,0.05253071134073218,-0.03144189626922409,0.021088815071508088
Costa Rica,-0.0136736875171124,31.89999999999999,132728,3857295,1.0,79,Japan,0.8499782354004932,0.6884823706743995,-11.947708043488758,-9.567439433907124,0.09587020649,0.4102974609,True,96.35,-0.010802213138518797,0.22231760778752283,-0.29877011918351093,1.0,0.019580131263035212,-0.023391763750619236,-0.003811632487584024
Japan,-0.0049435044396763,96.35,3300,3857295,0.9375,85,Costa Rica,0.7854812330822029,0.6755138604506945,16.601630269392732,12.65454046910449,0.7713864307,0.5045952533,True,96.35,-0.004201978773724855,0.6676590481198724,1.0821682587405037,0.9375,0.08704156844084779,0.08472676021302039,0.17176832865386818
Japan,0.0020876313377933,45.0,5690,3857295,0.9047619047619048,85,Costa Rica,0.7854812330822029,0.6755138604506945,16.601630269392732,12.65454046910449,0.2433628319,0.43228279,True,96.35,0.0017744866371243047,0.3118283047783525,0.2794374960727224,0.9047619047619048,0.04438953204092056,0.02187814467210101,0.06626767671302157
Japan,0.0078973407419415,66.18333333333334,8361,3857295,0.7272727272727273,85,Costa Rica,0.7854812330822029,0.6755138604506945,16.601630269392732,12.65454046910449,0.4808259587,0.6329892759,True,96.35,0.006712739630650275,0.45861859195364363,0.6135420648201694,0.7272727272727273,0.06938842307452989,0.048036366791169356,0.11742478986569924
Japan,-0.0027204799499413,51.35,8949,3857295,1.0,85,Costa Rica,0.7854812330822029,0.6755138604506945,16.601630269392732,12.65454046910449,0.1194690265,0.3560699776,True,96.35,-0.002312407957450105,0.35583074334152,0.24385215823324322,1.0,0.04631609385332629,0.019092043377895652,0.06540813723122194
Japan,0.0058291295312653,96.35,9411,3857295,0.9428571428571428,85,Costa Rica,0.7854812330822029,0.6755138604506945,16.601630269392732,12.65454046910449,0.6563421829,0.5969393766,True,96.35,0.004954760101575505,0.6676590481198724,1.0264218009453976,0.9428571428571428,0.09619830731614815,0.08036217390753365,0.1765604812236818
Japan,-0.00435360215388,30.166666666666657,23527,3857295,1.0,85,Costa Rica,0.7854812330822029,0.6755138604506945,16.601630269392732,12.65454046910449,0.1401179941,0.304962574,True,96.35,-0.0037005618307979996,0.20904045616622882,0.14142041616639595,1.0,0.024867301939895038,0.011072301920684039,0.03593960386057908
Japan,0.0096874867649578,96.35,23721,3857295,0.8108108108108109,85,Costa Rica,0.7854812330822029,0.6755138604506945,16.601630269392732,12.65454046910449,0.9292035398,0.873363955,True,96.35,0.00823436375021413,0.6676590481198724,1.386317760292397,0.8108108108108109,0.09947791096478678,0.10853969473476402,0.2080176056995508
Japan,0.059407127556089,96.35,29595,3857295,0.8666666666666667,85,Costa Rica,0.7854812330822029,0.6755138604506945,16.601630269392732,12.65454046910449,0.6814159292,0.443282194,True,96.35,0.05049605842267565,0.6676590481198724,0.9772089911276294,0.8666666666666667,0.1417396056372483,0.07650912988858238,0.21824873552583068
Japan,0.0071594014430595,81.81666666666666,37122,3857295,0.65,85,Costa Rica,0.7854812330822029,0.6755138604506945,16.601630269392732,12.65454046910449,0.05309734513,0.3735429228,True,96.35,0.006085491226600574,0.5669500548729379,0.34725184547355387,0.65,0.083565957110762,0.027187568668119364,0.11075352577888135
Japan,-0.00777087023588,61.56666666666667,37209,3857295,0.9523809523809524,85,Costa Rica,0.7854812330822029,0.6755138604506945,16.601630269392732,12.65454046910449,0.1268436578,0.3215846111,True,96.35,-0.0066052397004980005,0.4266273177226793,0.2862646369491313,0.9523809523809524,0.05169845575195511,0.02241266555025838,0.07411112130221348
Japan,-0.0152440725267096,34.783333333333324,37211,3857295,1.0,85,Costa Rica,0.7854812330822029,0.6755138604506945,16.601630269392732,12.65454046910449,0.1209439528,0.5249751142,True,96.35,-0.012957461647703162,0.24103173039719314,0.19365545962877326,1.0,0.019982390114416385,0.015161967244359729,0.035144357358776114
Japan,-0.0007488045905938,96.35,37221,3857295,0.925925925925926,85,Costa Rica,0.7854812330822029,0.6755138604506945,16.601630269392732,12.65454046910449,0.9616519174,0.5980371454,True,96.35,-0.00063648390200473,0.6676590481198724,1.2874867216895116,0.925925925925926,0.09060706331256792,0.10080186501958073,0.19140892833214865
Japan,0.0098101575271345,45.0,38285,3857295,0.84375,85,Costa Rica,0.7854812330822029,0.6755138604506945,16.601630269392732,12.65454046910449,0.5752212389,0.6921449874,True,96.35,0.008338633898064324,0.3118283047783525,0.46748693468735436,0.84375,0.05095367930186058,0.036601196808409876,0.08755487611027046
Japan,0.002735466133141,51.35,95272,3857295,1.0,85,Costa Rica,0.7854812330822029,0.6755138604506945,16.601630269392732,12.65454046910449,0.1489675516,0.1058345988,True,96.35,0.0023251462131698504,0.35583074334152,0.19598338680573504,1.0,0.050953648023946245,0.015344228853053902,0.06629787687700014
Belgium,0.0049580970430494,22.36666666666667,2954,3857296,0.8,90,Croatia,1.0246561782916976,0.9221905604625279,-6.417022349883927,4.453177442016359,0.8598820059,0.6813979355,True,93.98333333333332,0.00446228733874446,0.21946794327730323,0.15100618960955642,0.8,0.034455191203221776,0.011822805847790765,0.04627799705101254
Belgium,0.0412757066200619,93.98333333333332,3077,3857296,0.8421052631578947,90,Croatia,1.0246561782916976,0.9221905604625279,-6.417022349883927,4.453177442016359,0.4513274336,0.3089535303,True,93.98333333333332,0.03714813595805571,0.9221905604625279,0.18730551554969946,0.8421052631578947,0.16317644064642198,0.014664807782318268,0.17784124842874025
Belgium,0.0010366541453318,93.98333333333332,3089,3857296,0.8666666666666667,90,Croatia,1.0246561782916976,0.9221905604625279,-6.417022349883927,4.453177442016359,0.6386430678,0.4791206767,True,93.98333333333332,0.00093298873079862,0.9221905604625279,0.3921111612647585,0.8666666666666667,0.12696129341916487,0.030699762323461968,0.15766105574262684
Belgium,0.0465277088726822,86.61666666666666,3176,3857296,0.9047619047619048,90,Croatia,1.0246561782916976,0.9221905604625279,-6.417022349883927,4.453177442016359,0.04719764012,0.3363353492,True,93.98333333333332,0.04187493798541398,0.8499067818272313,-0.09086069993130128,0.9047619047619048,0.15802480488831155,-0.007113803859694028,0.15091100102861751
Belgium,0.0109671582791704,48.98333333333333,3289,3857296,0.8888888888888888,90,Croatia,1.0246561782916976,0.9221905604625279,-6.417022349883927,4.453177442016359,0.6622418879,0.4466548753,True,93.98333333333332,0.00987044245125336,0.4806380665365082,0.20670595346658532,0.8888888888888888,0.07555534890259376,0.01618373632058889,0.09173908522318265
Belgium,0.0144881235738542,45.0,5630,3857296,0.875,90,Croatia,1.0246561782916976,0.9221905604625279,-6.417022349883927,4.453177442016359,0.6445427729,0.7622996035,True,93.98333333333332,0.01303931121646878,0.4415524939260198,0.24342471351679168,0.875,0.07338270945349466,0.019058577227227674,0.09244128668072234
Belgium,0.0148428636910457,35.9,5632,3857296,0.875,90,Croatia,1.0246561782916976,0.9221905604625279,-6.417022349883927,4.453177442016359,0.2566371681,0.4780186646,True,93.98333333333332,0.01335857732194113,0.3522607673765358,0.04247648880617068,0.875,0.06149919947103511,0.003325633747528403,0.06482483321856351
Belgium,0.0049973635129392,71.5,5633,3857296,0.75,90,Croatia,1.0246561782916976,0.9221905604625279,-6.417022349883927,4.453177442016359,0.1179941003,0.2443945897,True,93.98333333333332,0.00449762716164528,0.7015778514602314,-0.06311138658568574,0.75,0.10037658213825308,-0.004941212491466037,0.09543536964678705
Belgium,0.0440684444177618,93.98333333333332,5642,3857296,0.8888888888888888,90,Croatia,1.0246561782916976,0.9221905604625279,-6.417022349883927,4.453177442016359,0.9174041298,0.6749820533,True,93.98333333333332,0.039661599975985624,0.9221905604625279,0.6742158028287182,0.8888888888888888,0.16568990466435188,0.052786727199504564,0.21847663186385644
Belgium,0.0165004920532047,71.61666666666666,6331,3857296,0.9473684210526316,90,Croatia,1.0246561782916976,0.9221905604625279,-6.417022349883927,4.453177442016359,0.5766961652,0.3821406143,True,93.98333333333332,0.014850442847884228,0.7027226171852248,0.23491978326582372,0.9473684210526316,0.11088584367177319,0.018392696316212136,0.12927853998798533
Belgium,-0.044710138181145,93.98333333333332,6989,3857296,0.9545454545454546,90,Croatia,1.0246561782916976,0.9221905604625279,-6.417022349883927,4.453177442016359,0.2020648968,0.317124894,True,93.98333333333332,-0.040239124363030496,0.9221905604625279,0.007523123529397824,0.9545454545454546,0.08578918032533576,0.0005890118086350816,0.08637819213397084
Belgium,0.0204526835438186,58.083333333333336,16559,3857296,0.8333333333333334,90,Croatia,1.0246561782916976,0.9221905604625279,-6.417022349883927,4.453177442016359,0.6843657817,0.4454537694,True,93.98333333333332,0.01840741518943674,0.5699297930859922,0.25485271535859444,0.8333333333333334,0.09629509772870905,0.019953315696910105,0.11624841342561915
Belgium,-0.0436189000401478,93.98333333333332,20005,3857296,0.8461538461538461,90,Croatia,1.0246561782916976,0.9221905604625279,-6.417022349883927,4.453177442016359,0.4572271386,0.2705882823,True,93.98333333333332,-0.039257010036133015,0.9221905604625279,0.1764695621585155,0.8461538461538461,0.08677129465223324,0.013816422868753305,0.10058771752098654
Croatia,0.0227157699698038,93.98333333333332,3471,3857296,0.9230769230769232,72,Belgium,1.4761921103685727,1.0628583194653722,-6.8982137304290925,5.624254194473432,0.6415929204,0.4851239595,True,93.98333333333332,0.016355354378258736,1.0628583194653722,0.47711527303512824,0.9230769230769232,0.16160758083670748,0.037355033291648736,0.19896261412835622
Croatia,-0.0115343237058146,90.9,5456,3857296,0.782608695652174,72,Belgium,1.4761921103685727,1.0628583194653722,-6.8982137304290925,5.624254194473432,0.8716814159,0.8199589248,True,93.98333333333332,-0.008304713068186512,1.0279888764610998,0.7586763469339952,0.782608695652174,0.13218218941529986,0.05939944034283564,0.1915816297581355
Croatia,0.0030803208586469,63.7,5460,3857296,0.5,72,Belgium,1.4761921103685727,1.0628583194653722,-6.8982137304290925,5.624254194473432,0.3348082596,0.2768182077,True,93.98333333333332,0.002217831018225768,0.7203838441207046,0.11075351446449391,0.5,0.10066684849015184,0.008671282295512815,0.10933813078566465
Croatia,0.0218791223694085,93.98333333333332,5463,3857296,0.9583333333333334,72,Belgium,1.4761921103685727,1.0628583194653722,-6.8982137304290925,5.624254194473432,0.7536873156,0.6496819516,True,93.98333333333332,0.01575296810597412,1.0628583194653722,0.6274011902246043,0.9583333333333334,0.16100519456442286,0.04912144647764102,0.21012664104206388
Croatia,0.0241988657080048,93.98333333333332,5469,3857296,0.9629629629629628,72,Belgium,1.4761921103685727,1.0628583194653722,-6.8982137304290925,5.624254194473432,0.9336283186,0.7238709555,True,93.98333333333332,0.017423183309763456,1.0628583194653722,0.7920538571107005,0.9629629629629628,0.16267540976821218,0.06201268304184137,0.22468809281005356
Croatia,0.0313675406671136,93.98333333333332,5474,3857296,0.95,72,Belgium,1.4761921103685727,1.0628583194653722,-6.8982137304290925,5.624254194473432,0.2610619469,0.4245165374,True,93.98333333333332,0.022584629280321792,1.0628583194653722,0.16773707288260128,0.95,0.16783685573877052,0.013132725561086685,0.1809695812998572
Croatia,0.0006174666630785,30.71666666666667,7693,3857296,0.75,72,Belgium,1.4761921103685727,1.0628583194653722,-6.8982137304290925,5.624254194473432,0.3731563422,0.5268861006,True,93.98333333333332,0.00044457599741652,0.34737504571283584,0.09574469661190527,0.75,0.04791750619123122,0.007496189142478366,0.05541369533370959
Croatia,0.0140512790360381,30.28333333333333,11603,3857296,1.0,72,Belgium,1.4761921103685727,1.0628583194653722,-6.8982137304290925,5.624254194473432,0.2876106195,0.617016465,True,93.98333333333332,0.010116920905947431,0.34247447534466774,0.0854633130657444,1.0,0.056920129892470105,0.006691223453143219,0.06361135334561333
Croatia,-0.0404160324506773,93.98333333333332,12625,3857296,0.9545454545454546,72,Belgium,1.4761921103685727,1.0628583194653722,-6.8982137304290925,5.624254194473432,0.2182890855,0.3414902199,True,93.98333333333332,-0.029099543364487657,1.0628583194653722,0.10223260771138426,0.9545454545454546,0.11615268309396108,0.008004150527936784,0.12415683362189786
Croatia,-0.0043280837738151,63.266666666666666,22041,3857296,1.0,72,Belgium,1.4761921103685727,1.0628583194653722,-6.8982137304290925,5.624254194473432,0.1932153392,0.5052217653,True,93.98333333333332,-0.0031162203171468715,0.7154832737525365,0.10062119532363673,1.0,0.09466307594748719,0.007877987382900652,0.10254106333038784
Croatia,0.0573494162809403,93.98333333333332,29163,3857296,0.84375,72,Belgium,1.4761921103685727,1.0628583194653722,-6.8982137304290925,5.624254194473432,0.1091445428,0.2717599346,True,93.98333333333332,0.04129157972227701,1.0628583194653722,-0.007609968466969541,0.84375,0.18654380618072575,-0.0005958112043315673,0.18594799497639417
Croatia,0.0558901234301388,93.98333333333332,33018,3857296,0.9666666666666668,72,Belgium,1.4761921103685727,1.0628583194653722,-6.8982137304290925,5.624254194473432,0.7654867257,0.6361837382,True,93.98333333333332,0.04024088886969993,1.0628583194653722,0.6307941055153723,0.9666666666666668,0.18549311532814866,0.04938708975255889,0.23488020508070756
Poland,0.0275501949497031,97.08333333333331,3034,3857297,1.0,91,Saudi Arabia,0.6600224633202596,0.6270213401542466,-14.298478527742702,-9.213874911403453,0.7566371681,0.5092621436,True,97.08333333333331,0.025070677404229823,0.6006204416214362,-0.4643369125087024,1.0,0.10715260196954124,-0.03635457048977531,0.07079803147976593
Poland,-0.0078168355750848,97.08333333333331,3637,3857297,1.0,91,Saudi Arabia,0.6600224633202596,0.6270213401542466,-14.298478527742702,-9.213874911403453,0.9277286136,0.7336789882,True,97.08333333333331,-0.007113320373327169,0.6006204416214362,-0.29313956591976414,1.0,0.07496860419198424,-0.022950927926438488,0.05201767626554575
Poland,0.2808565925437851,97.08333333333331,4734,3857297,0.9565217391304348,91,Saudi Arabia,0.6600224633202596,0.6270213401542466,-14.298478527742702,-9.213874911403453,0.1563421829,0.2820931391,True,97.08333333333331,0.2555794992148444,0.6006204416214362,-0.8881012631381975,0.9565217391304348,0.33766142378015584,-0.06953257236944521,0.26812885141071063
Poland,0.0022318964481404,62.13333333333333,5660,3857297,0.8,91,Saudi Arabia,0.6600224633202596,0.6270213401542466,-14.298478527742702,-9.213874911403453,0.7979351032,0.6159426584,True,97.08333333333331,0.002031025767807764,0.38439708263771927,-0.26011649928547187,0.8,0.05456345748960709,-0.020365435859355786,0.034198021630251305
Poland,-0.0063310596809926,70.61666666666666,5665,3857297,0.6666666666666666,91,Saudi Arabia,0.6600224633202596,0.6270213401542466,-14.298478527742702,-9.213874911403453,0.8126843658,0.4893695143,True,97.08333333333331,-0.005761264309703266,0.43688048260086276,-0.3184119225677806,0.6666666666666666,0.05394364803076446,-0.024929589640492588,0.02901405839027187
Poland,-0.0080072981880959,97.08333333333331,5668,3857297,0.9333333333333332,91,Saudi Arabia,0.6600224633202596,0.6270213401542466,-14.298478527742702,-9.213874911403453,0.3067846608,0.4252573691,True,97.08333333333331,-0.007286641351167269,0.6006204416214362,-0.7546702470818821,0.9333333333333332,0.07479528321414414,-0.05908578869133142,0.015709494522812714
Poland,-0.0248749213809613,97.08333333333331,5673,3857297,0.9230769230769232,91,Saudi Arabia,0.6600224633202596,0.6270213401542466,-14.298478527742702,-9.213874911403453,0.3539823009,0.3793782205,True,97.08333333333331,-0.02263617845667478,0.6006204416214362,-0.7414793873420039,0.9230769230769232,0.05944574610863663,-0.05805302987480043,0.0013927162338361956
Poland,0.0237359853603222,97.08333333333331,7979,3857297,0.8,91,Saudi Arabia,0.6600224633202596,0.6270213401542466,-14.298478527742702,-9.213874911403453,0.3230088496,0.5161974566,True,97.08333333333331,0.021599746677893203,0.6006204416214362,-0.7164397260377592,0.8,0.10368167124320461,-0.05609258669786863,0.04758908454533598
Poland,-0.0666892574024921,97.08333333333331,11737,3857297,1.0,91,Saudi Arabia,0.6600224633202596,0.6270213401542466,-14.298478527742702,-9.213874911403453,0.9424778761,0.7898938374,True,97.08333333333331,-0.06068722423626781,0.6006204416214362,-0.2667391801520204,1.0,0.0213947003290436,-0.020883948844019076,0.0005107514850245243
Poland,-0.0085040303819508,34.95,31955,3857297,0.8,91,Saudi Arabia,0.6600224633202596,0.6270213401542466,-14.298478527742702,-9.213874911403453,0.08554572271,0.4183190608,True,97.08333333333331,-0.007738667647575228,0.2162233589837171,-0.3191768536550028,0.8,0.02181082519593689,-0.024989478786457735,-0.003178653590520844
Poland,0.0185607020575332,97.08333333333331,44166,3857297,1.0,91,Saudi Arabia,0.6600224633202596,0.6270213401542466,-14.298478527742702,-9.213874911403453,0.5589970501,0.426912509,True,97.08333333333331,0.01689023887235521,0.6006204416214362,-0.6062426199772674,1.0,0.09897216343766663,-0.04746486757383644,0.05150729586383019
Saudi Arabia,0.0024021349579176,97.08333333333331,5187,3857297,0.8,84,Poland,0.8298069126107784,0.7219320139713773,3.0226490074668155,0.48041822980559407,0.6017699115,0.6638381273,True,97.08333333333331,0.002017793364650784,0.6970378065930539,0.16656025632142513,0.8,0.0972762972302295,0.01304058845228853,0.11031688568251803
Saudi Arabia,-0.0229456880303183,64.75,5191,3857297,0.8125,84,Poland,0.8298069126107784,0.7219320139713773,3.0226490074668155,0.48041822980559407,0.06342182891,0.3724641241,True,97.08333333333331,-0.01927437794546737,0.4648913096333073,-0.21680805843242368,0.8125,0.04425854695028772,-0.016974665659140662,0.027283881291147057
Saudi Arabia,-0.0064265341813245,97.08333333333331,5713,3857297,0.96,84,Poland,0.8298069126107784,0.7219320139713773,3.0226490074668155,0.48041822980559407,0.8466076696,0.6418443115,True,97.08333333333331,-0.00539828871231258,0.6970378065930539,0.3313201459454864,0.96,0.08986021515326613,0.025940219861870423,0.11580043501513655
Saudi Arabia,-0.0089909040559332,97.08333333333331,5715,3857297,0.9393939393939394,84,Poland,0.8298069126107784,0.7219320139713773,3.0226490074668155,0.48041822980559407,0.7359882006,0.361951203,True,97.08333333333331,-0.007552359406983888,0.6970378065930539,0.14652260778981058,0.9393939393939394,0.08770614445859483,0.011471770453184763,0.09917791491177959
Saudi Arabia,-0.0059133925230064,97.08333333333331,51094,3857297,0.8709677419354839,84,Poland,0.8298069126107784,0.7219320139713773,3.0226490074668155,0.48041822980559407,0.5884955752,0.404777416,True,97.08333333333331,-0.004967249719325376,0.6970378065930539,0.05853159007998425,0.8709677419354839,0.09029125414625334,0.004582644110598338,0.09487389825685168
Saudi Arabia,0.0018343901549004,97.08333333333331,51099,3857297,0.9375,84,Poland,0.8298069126107784,0.7219320139713773,3.0226490074668155,0.48041822980559407,0.2079646018,0.3313958887,True,97.08333333333331,0.001540887730116336,0.6970378065930539,-0.2384981301699515,0.9375,0.09679939159569505,-0.01867285768451719,0.07812653391117785
Saudi Arabia,0.0029776669704728,85.0,51469,3857297,0.9523809523809524,84,Poland,0.8298069126107784,0.7219320139713773,3.0226490074668155,0.48041822980559407,0.3923303835,0.5973619602,True,97.08333333333331,0.0025012402551971517,0.6102820280900559,-0.006001480653046339,0.9523809523809524,0.08590353548514593,-0.0004698770344692484,0.08543365845067667
Saudi Arabia,-0.0024896406759179,45.0,51632,3857297,1.0,84,Poland,0.8298069126107784,0.7219320139713773,3.0226490074668155,0.48041822980559407,0.4601769912,0.5537674587,True,97.08333333333331,-0.0020912981677710363,0.32309048545944136,0.011366889638986789,1.0,0.04206285813043713,0.0008899537803217338,0.042952811910758865
Saudi Arabia,-0.026141179069201,97.08333333333331,51710,3857297,0.9565217391304348,84,Poland,0.8298069126107784,0.7219320139713773,3.0226490074668155,0.48041822980559407,0.308259587,0.5027606465,True,97.08333333333331,-0.021958590418128837,0.6970378065930539,-0.10232549341125068,0.9565217391304348,0.07329991344744988,-0.008011422876165663,0.06528849057128422
Saudi Arabia,0.0047038867576777,49.68333333333334,54144,3857297,0.8571428571428571,84,Poland,0.8298069126107784,0.7219320139713773,3.0226490074668155,0.48041822980559407,0.5412979351,0.3604720356,True,97.08333333333331,0.003951264876449268,0.3567158285757759,0.004240562614942876,0.8571428571428571,0.05270072410791541,0.00033200856608262317,0.05303273267399803
Saudi Arabia,-0.0084023501119889,84.93333333333334,56755,3857297,0.7857142857142857,84,Poland,0.8298069126107784,0.7219320139713773,3.0226490074668155,0.48041822980559407,0.9660766962,0.8051782339,True,97.08333333333331,-0.007057974094070676,0.6098033755190049,0.41817261783846466,0.7857142857142857,0.07627890757099186,0.032740205446874567,0.10901911301786643
Saudi Arabia,-0.0106254469583399,32.33333333333333,57620,3857297,0.8571428571428571,84,Poland,0.8298069126107784,0.7219320139713773,3.0226490074668155,0.48041822980559407,0.1224188791,0.2032534693,True,97.08333333333331,-0.008925375445005516,0.23214649695974673,-0.11582826703711863,0.8571428571428571,0.022800203524818125,-0.009068602528192348,0.013731600996625777
Ghana,-0.0317650112681889,91.71666666666668,2989,3857298,0.9230769230769232,92,Portugal,1.0971540748884356,1.020353289646245,-3.373799723123799,-7.75361443872117,0.790560472,0.4785183765,True,100.11666666666666,-0.029223810366733785,0.924692486129878,-0.3161092031047913,0.9230769230769232,0.09714641221130844,-0.024749301632409976,0.07239711057889847
Ghana,-0.0119387790386664,76.36666666666666,3347,3857298,0.8181818181818182,92,Portugal,1.0971540748884356,1.020353289646245,-3.373799723123799,-7.75361443872117,0.2005899705,0.5164158622,True,100.11666666666666,-0.010983676715573088,0.7699329404773941,-0.5353960370013469,0.8181818181818182,0.09423681389910789,-0.04191803934335509,0.052318774555752796
Ghana,0.0140881407765976,23.75,3450,3857298,0.0,92,Portugal,1.0971540748884356,1.020353289646245,-3.373799723123799,-7.75361443872117,0.3185840708,0.6754999865,True,100.11666666666666,0.012961089514469792,0.23944880841996655,-0.13623971020705164,0.0,0.045684616167878875,-0.010666686224597736,0.03501792994328114
Ghana,0.0496255392323908,100.11666666666666,3709,3857298,0.9230769230769232,92,Portugal,1.0971540748884356,1.020353289646245,-3.373799723123799,-7.75361443872117,0.7374631268,0.4968369881,True,100.11666666666666,0.045655496093799534,1.0093817488973607,-0.3721471568996194,0.9230769230769232,0.1835995133618896,-0.029136710185243195,0.1544628031766464
Ghana,0.0140388739449607,100.11666666666666,6383,3857298,0.9310344827586208,92,Portugal,1.0971540748884356,1.020353289646245,-3.373799723123799,-7.75361443872117,0.9764011799,0.8024792402,True,100.11666666666666,0.012915764029363843,1.0093817488973607,-0.11933707169832236,0.9310344827586208,0.1508597812974539,-0.009343319189638453,0.14151646210781543
Ghana,-0.0027045507232864,100.11666666666666,6393,3857298,1.0,92,Portugal,1.0971540748884356,1.020353289646245,-3.373799723123799,-7.75361443872117,0.07227138643,0.291124896,True,100.11666666666666,-0.002488186665423488,1.0093817488973607,-0.8583016507356405,1.0,0.13545583060266655,-0.06719945587477834,0.06825637472788822
Ghana,-0.0887019912776839,100.11666666666666,12325,3857298,0.7916666666666666,92,Portugal,1.0971540748884356,1.020353289646245,-3.373799723123799,-7.75361443872117,0.1946902655,0.4645319331,True,100.11666666666666,-0.08160583197546918,1.0093817488973607,-0.7231036639170624,0.7916666666666666,0.05633818529262087,-0.056614329839209075,-0.00027614454658820425
Ghana,-0.0186313067624673,75.66666666666667,17033,3857298,0.88,92,Portugal,1.0971540748884356,1.020353289646245,-3.373799723123799,-7.75361443872117,0.6578171091,0.7163997376,True,100.11666666666666,-0.01714080222146992,0.7628755019134373,-0.2629949807807357,0.88,0.08711520550237374,-0.020590802302565533,0.06652440319980821
Ghana,-0.0995978867283266,100.11666666666666,30519,3857298,0.7407407407407407,92,Portugal,1.0971540748884356,1.020353289646245,-3.373799723123799,-7.75361443872117,0.6592920354,0.5527952419,True,100.11666666666666,-0.09163005579006046,1.0093817488973607,-0.40224501505206056,0.7407407407407407,0.04631396147802959,-0.03149317738894342,0.014820784089086166
Ghana,0.0289693048911865,92.1,31029,3857298,0.8695652173913043,92,Portugal,1.0971540748884356,1.020353289646245,-3.373799723123799,-7.75361443872117,0.9587020649,0.63492073,True,100.11666666666666,0.02665176049989158,0.9285572739149017,-0.17198303645336466,0.8695652173913043,0.15355015228005897,-0.013465156987001898,0.14008499529305707
Ghana,0.0004985873558685,34.44999999999999,33602,3857298,0.9375,92,Portugal,1.0971540748884356,1.020353289646245,-3.373799723123799,-7.75361443872117,0.3156342183,0.4731386104,True,100.11666666666666,0.00045870036739902004,0.34732679789759346,-0.2217461597817747,0.9375,0.04792503692360712,-0.01736128698678984,0.030563749936817278
Ghana,0.0039470398637862,24.44999999999999,44225,3857298,0.8888888888888888,92,Portugal,1.0971540748884356,1.020353289646245,-3.373799723123799,-7.75361443872117,0.06194690265,0.2143225134,True,100.11666666666666,0.003631276674683304,0.24650624698392332,-0.21751748296830167,0.8888888888888888,0.03731928621892968,-0.017030209001920392,0.020289077217009288
Ghana,-0.0082528177418295,65.66666666666667,45047,3857298,0.75,92,Portugal,1.0971540748884356,1.020353289646245,-3.373799723123799,-7.75361443872117,0.1327433628,0.6173025139,True,100.11666666666666,-0.00759259232248314,0.6620549509997672,-0.46593692270350334,0.75,0.08288508838939881,-0.036479840917010974,0.04640524747238784
Portugal,-0.0079397993077802,87.51666666666667,3193,3857298,0.9230769230769232,91,Ghana,0.6149010553062335,0.5595599603286725,5.2421052721606936,13.94148333347211,0.7330383481,0.6690818579,True,100.11666666666666,-0.007225217370079981,0.4891375647887231,1.0711129711210552,0.9230769230769232,0.05962124657420539,0.08386120285107267,0.14348244942527805
Portugal,0.0076477632982617,100.11666666666666,5204,3857298,0.9,91,Ghana,0.6149010553062335,0.5595599603286725,5.2421052721606936,13.94148333347211,0.5914454277,0.6592990354,True,100.11666666666666,0.006959464601418147,0.5595599603286725,1.093640132987828,0.9,0.08342998619984172,0.08562493360768104,0.16905491980752277
Portugal,-0.0169445434209874,100.11666666666666,5206,3857298,0.7333333333333333,91,Ghana,0.6149010553062335,0.5595599603286725,5.2421052721606936,13.94148333347211,0.5516224189,0.444287858,True,100.11666666666666,-0.015419534513098535,0.5595599603286725,0.9541217037337949,0.7333333333333333,0.06105098708532504,0.07470154493385163,0.13575253201917667
Portugal,0.0151012369657259,87.3,5207,3857298,0.8461538461538461,91,Ghana,0.6149010553062335,0.5595599603286725,5.2421052721606936,13.94148333347211,0.51179941,0.4091717362,True,100.11666666666666,0.01374212563881057,0.4879265976696498,0.7860570435904176,0.8461538461538461,0.08042309652819672,0.061543171413615864,0.14196626794181258
Portugal,0.0100226408580726,100.11666666666666,5209,3857298,0.8333333333333334,91,Ghana,0.6149010553062335,0.5595599603286725,5.2421052721606936,13.94148333347211,0.1814159292,0.3137067844,True,100.11666666666666,0.009120603180846067,0.5595599603286725,0.5591264637695034,0.8333333333333334,0.08559112477926964,0.043775977942365846,0.12936710272163549
Portugal,-0.0250300359695947,44.29999999999999,5214,3857298,0.8571428571428571,91,Ghana,0.6149010553062335,0.5595599603286725,5.2421052721606936,13.94148333347211,0.9056047198,0.7149854679,True,100.11666666666666,-0.022777332732331176,0.24759620019204448,0.6204595380174998,0.8571428571428571,0.011059631877059505,0.04857796010453482,0.05963759198159432
Portugal,-0.0104349164623304,100.11666666666666,7005,3857298,0.7333333333333333,91,Ghana,0.6149010553062335,0.5595599603286725,5.2421052721606936,13.94148333347211,0.284660767,0.4526429321,True,100.11666666666666,-0.009495773980720663,0.5595599603286725,0.7187823544417368,0.7333333333333333,0.06697474761770292,0.05627599931734707,0.12325074693504999
Portugal,0.0117963900370066,76.76666666666667,9927,3857298,0.6666666666666666,91,Ghana,0.6149010553062335,0.5595599603286725,5.2421052721606936,13.94148333347211,0.8805309735,0.5901887723,True,100.11666666666666,0.010734714933676006,0.4290549654193217,1.0117431180907446,0.6666666666666666,0.0693701773079625,0.07921292818495386,0.14858310549291637
Portugal,-0.0047332471225337,55.81666666666667,11184,3857298,0.7407407407407407,91,Ghana,0.6149010553062335,0.5595599603286725,5.2421052721606936,13.94148333347211,0.883480826,0.8780123745,True,100.11666666666666,-0.004307254881505667,0.311963760136628,0.814583782670808,0.7407407407407407,0.03832630210752723,0.06377663017772402,0.10210293228525125
Portugal,-0.0001618976378552,87.38333333333334,12041,3857298,0.8333333333333334,91,Ghana,0.6149010553062335,0.5595599603286725,5.2421052721606936,13.94148333347211,0.5855457227,0.4387790454,True,100.11666666666666,-0.00014732685044823202,0.48839235425390887,0.8569992604877148,0.8333333333333334,0.06659729521389918,0.0670974871602568,0.133694782374156
Portugal,-0.0994571480760042,100.11666666666666,13621,3857298,0.9230769230769232,91,Ghana,0.6149010553062335,0.5595599603286725,5.2421052721606936,13.94148333347211,0.6209439528,0.3296790961,True,100.11666666666666,-0.09050600474916383,0.5595599603286725,0.9609444856312406,0.9230769230769232,-0.014035483150740255,0.0752357245322104,0.06120024138147015
Portugal,0.0177483990836467,23.34999999999999,18360,3857298,1.0,91,Ghana,0.6149010553062335,0.5595599603286725,5.2421052721606936,13.94148333347211,0.2374631268,0.200140129,True,100.11666666666666,0.016151043166118494,0.13050499490935075,0.12933649759231808,1.0,0.03398610239025557,0.010126209422414722,0.04411231181267029
Ghana,-0.0225457067025549,77.78333333333333,3347,3857299,1.0,83,South Korea,0.8111311847268484,0.6732388833232842,-18.231218670411316,-11.45166644729095,0.2005899705,0.5164158622,True,100.91666666666669,-0.018712936563120567,0.5189109609363777,-0.7230927618228622,1.0,0.052202415962524895,-0.056613476275898876,-0.004411060313373981
Ghana,-0.0269393294636414,77.8,3450,3857299,0.8863636363636364,83,South Korea,0.8111311847268484,0.6732388833232842,-18.231218670411316,-11.45166644729095,0.3185840708,0.6754999865,True,100.91666666666669,-0.022359643454822362,0.5190221482003451,-0.6312037465533583,0.8863636363636364,0.04857090413243133,-0.04941916199060369,-0.0008482578581723646
Ghana,0.2906634198664116,100.91666666666669,3709,3857299,0.8888888888888888,83,South Korea,0.8111311847268484,0.6732388833232842,-18.231218670411316,-11.45166644729095,0.7374631268,0.4968369881,True,100.91666666666669,0.24125063848912162,0.6732388833232842,-0.629583708280891,0.8888888888888888,0.33325673652700105,-0.04929232349470565,0.2839644130322954
Ghana,-0.0007206709212639,100.91666666666669,6383,3857299,0.85,83,South Korea,0.8111311847268484,0.6732388833232842,-18.231218670411316,-11.45166644729095,0.9764011799,0.8024792402,True,100.91666666666669,-0.000598156864649037,0.6732388833232842,-0.39302265009251114,0.85,0.09140794117323041,-0.03077112599054617,0.06063681518268424
Ghana,-0.0273755552276681,100.91666666666669,6393,3857299,0.875,83,South Korea,0.8111311847268484,0.6732388833232842,-18.231218670411316,-11.45166644729095,0.07227138643,0.291124896,True,100.91666666666669,-0.022721710838964522,0.6732388833232842,-1.0844912781799074,0.875,0.06928438719891492,-0.08490863757767496,-0.015624250378760043
Ghana,-0.0373231021464828,82.13333333333334,17033,3857299,0.8666666666666667,83,South Korea,0.8111311847268484,0.6732388833232842,-18.231218670411316,-11.45166644729095,0.6578171091,0.7163997376,True,100.91666666666669,-0.030978174781580728,0.5479308368318982,-0.49399320318218587,0.8666666666666667,0.04390308882381477,-0.03867646582204489,0.0052266230017698825
Ghana,-0.0329037154248153,87.51666666666667,23615,3857299,0.9285714285714286,83,South Korea,0.8111311847268484,0.6732388833232842,-18.231218670411316,-11.45166644729095,0.3436578171,0.3846429181,True,100.91666666666669,-0.0273100838025967,0.5838443230934046,-0.7769133201664657,0.9285714285714286,0.052479184702259596,-0.060827277137713694,-0.008348092435454098
Ghana,-0.023951964018361,23.13333333333334,28616,3857299,0.875,83,South Korea,0.8111311847268484,0.6732388833232842,-18.231218670411316,-11.45166644729095,0.5088495575,0.649880139,True,100.91666666666669,-0.019880130135239628,0.15432792238690646,-0.16396899628613812,0.875,0.0012106153769943402,-0.01283770958767013,-0.01162709421067579
Ghana,0.0099201714636013,100.91666666666669,30519,3857299,1.0,83,South Korea,0.8111311847268484,0.6732388833232842,-18.231218670411316,-11.45166644729095,0.6592920354,0.5527952419,True,100.91666666666669,0.008233742314789079,0.6732388833232842,-0.6577470672231422,1.0,0.10023984035266853,-0.05149733194937105,0.04874250840329748
Ghana,0.0098586398496967,100.91666666666669,31029,3857299,1.0,83,South Korea,0.8111311847268484,0.6732388833232842,-18.231218670411316,-11.45166644729095,0.9587020649,0.63492073,True,100.91666666666669,0.008182671075248261,0.6732388833232842,-0.4562926257174518,1.0,0.10018876911312771,-0.03572475497583638,0.06446401413729133
Ghana,0.0201575627527151,77.76666666666667,33602,3857299,0.84375,83,South Korea,0.8111311847268484,0.6732388833232842,-18.231218670411316,-11.45166644729095,0.3156342183,0.4731386104,True,100.91666666666669,0.016730777084753533,0.5187997736724101,-0.681492214545846,0.84375,0.08763093454879076,-0.0533564230723865,0.03427451147640426
Ghana,-0.0088695151650248,23.11666666666667,35658,3857299,0.9,83,South Korea,0.8111311847268484,0.6732388833232842,-18.231218670411316,-11.45166644729095,0.4498525074,0.2834649757,True,100.91666666666669,-0.0073616975869705845,0.1542167351229389,-0.19826926232090458,0.9,0.013713852863655143,-0.015523198089202071,-0.0018093452255469288
South Korea,-0.0111759662419561,100.91666666666669,3083,3857299,0.8181818181818182,71,Ghana,0.6149010553062335,0.4488777703735504,0.9831216908480322,-1.1156025905155755,0.2654867257,0.2457636807,True,100.91666666666669,-0.00793493603178883,0.4365797492674258,-0.3403376539854817,0.8181818181818182,0.051728877523025164,-0.02664623229131729,0.025082645231707876
South Korea,0.0105911799425518,56.31666666666667,3135,3857299,0.9,71,Ghana,0.6149010553062335,0.4488777703735504,0.9831216908480322,-1.1156025905155755,0.4115044248,0.5531474365,True,100.91666666666669,0.007519737759211778,0.24363385182074843,-0.06563091217759659,0.9,0.04081520035239369,-0.0051384750141395905,0.0356767253382541
South Korea,-0.0363828994457413,100.91666666666669,5604,3857299,0.875,71,Ghana,0.6149010553062335,0.4488777703735504,0.9831216908480322,-1.1156025905155755,0.5693215339,0.370053925,True,100.91666666666669,-0.025831858606476327,0.4365797492674258,-0.07526196714334692,0.875,0.03383195494833767,-0.005892524190957315,0.027939430757380354
South Korea,-0.0216343866380467,78.15,5618,3857299,0.7777777777777778,71,Ghana,0.6149010553062335,0.4488777703735504,0.9831216908480322,-1.1156025905155755,0.9454277286,0.6615692054,True,100.91666666666669,-0.015360414513013159,0.3380879346515209,0.2368595835886005,0.7777777777777778,0.030843321532985645,0.01854457010800153,0.049387891640987176
South Korea,-0.0167322584629863,45.0,22067,3857299,0.7894736842105263,71,Ghana,0.6149010553062335,0.4488777703735504,0.9831216908480322,-1.1156025905155755,0.7050147493,0.4835509402,True,100.91666666666669,-0.011879903508720271,0.19467635392601973,0.029182967664528575,0.7894736842105263,0.014724934905482497,0.0022848372086745404,0.017009772114157037
South Korea,-0.007202718916344,44.6,22740,3857299,1.0,71,Ghana,0.6149010553062335,0.4488777703735504,0.9831216908480322,-1.1156025905155755,0.6755162242,0.7170666858,True,100.91666666666669,-0.00511393043060424,0.19294589744667734,0.05933293739858326,1.0,0.02125442053102784,0.004645384411435942,0.025899804942463783
South Korea,-0.004337479954849,100.91666666666669,23763,3857299,0.8,71,Ghana,0.6149010553062335,0.4488777703735504,0.9831216908480322,-1.1156025905155755,0.8775811209,0.588436286,True,100.91666666666669,-0.0030796107679427905,0.4365797492674258,0.229200235084567,0.8,0.05658420278687121,0.017944892766841577,0.07452909555371279
South Korea,0.0121022755139955,22.766666666666666,29966,3857299,1.0,71,Ghana,0.6149010553062335,0.4488777703735504,0.9831216908480322,-1.1156025905155755,0.004424778761,0.3353519001,True,100.91666666666669,0.008592615614936804,0.0984918146159048,-0.1111062620991857,1.0,0.022052693123751983,-0.008698900148853871,0.013353792974898112
South Korea,-0.0046024301133882,100.91666666666669,40538,3857299,0.8666666666666667,71,Ghana,0.6149010553062335,0.4488777703735504,0.9831216908480322,-1.1156025905155755,0.08702064897,0.3989753159,True,100.91666666666669,-0.003267725380505622,0.4365797492674258,-0.40894977439662933,0.8666666666666667,0.05639608817430838,-0.03201811658641577,0.024377971587892608
South Korea,-0.0233267273430161,100.91666666666669,40542,3857299,0.7666666666666667,71,Ghana,0.6149010553062335,0.4488777703735504,0.9831216908480322,-1.1156025905155755,0.1061946903,0.3931587387,True,100.91666666666669,-0.01656197641354143,0.4365797492674258,-0.39748049351430004,0.7666666666666667,0.04310183714127257,-0.031120146235424435,0.011981690905848132
South Korea,-0.0222638622106848,100.91666666666669,40672,3857299,0.631578947368421,71,Ghana,0.6149010553062335,0.4488777703735504,0.9831216908480322,-1.1156025905155755,0.2979351032,0.4227393401,True,100.91666666666669,-0.015807342169586208,0.4365797492674258,-0.24900761805873034,0.631578947368421,0.04385647138522779,-0.01949568246534245,0.02436078891988534
South Korea,-0.0179773424443086,55.91666666666667,41711,3857299,0.8823529411764706,71,Ghana,0.6149010553062335,0.4488777703735504,0.9831216908480322,-1.1156025905155755,0.1519174041,0.4975226568,True,100.91666666666669,-0.012763913135459106,0.241903395341406,-0.1798643357407027,0.8823529411764706,0.020295062005152117,-0.014082211635844137,0.006212850369307981
South Korea,0.1916171411974854,91.7,43565,3857299,0.8636363636363636,71,Ghana,0.6149010553062335,0.4488777703735504,0.9831216908480322,-1.1156025905155755,0.616519174,0.4772958045,True,100.91666666666669,0.13604817025021465,0.39670714788924466,-0.00021136602854196496,0.8636363636363636,0.19026291875204562,-1.6548589993109182e-05,0.1902463701620525
Argentina,0.0162569187260764,103.83333333333331,2995,3857300,0.7142857142857143,63,Saudi Arabia,0.6600224633202596,0.43561482579137134,1.3758571190205848,0.8176472064779855,0.1076696165,0.4203980323,True,103.83333333333331,0.010241858797428132,0.4158141518917635,-0.2759644511787712,0.7142857142857143,0.06706780657341295,-0.021606227768641528,0.04546157880477142
Argentina,-0.1201845300079704,103.83333333333331,3090,3857300,0.9411764705882352,63,Saudi Arabia,0.6600224633202596,0.43561482579137134,1.3758571190205848,0.8176472064779855,0.5678466077,0.4491953689,True,103.83333333333331,-0.07571625390502136,0.4158141518917635,0.08559686455749141,0.9411764705882352,-0.01889030612903654,0.00670167966928701,-0.012188626459749531
Argentina,-0.0041672058963514,103.83333333333331,5503,3857300,0.9411764705882352,63,Saudi Arabia,0.6600224633202596,0.43561482579137134,1.3758571190205848,0.8176472064779855,0.7433628319,0.5078645975,True,103.83333333333331,-0.002625339714701382,0.4158141518917635,0.24301675496765288,0.9411764705882352,0.05420060806128344,0.019026636717153978,0.07322724477843742
Argentina,-0.0331446881124322,70.01666666666667,5507,3857300,0.7647058823529411,63,Saudi Arabia,0.6600224633202596,0.43561482579137134,1.3758571190205848,0.8176472064779855,0.1725663717,0.5207345516,True,103.83333333333331,-0.02088115351083229,0.2803908911873674,-0.1251342459261977,0.7647058823529411,0.01743759554324673,-0.009797200355299289,0.00764039518794744
Argentina,-0.0123715721708806,58.25,7006,3857300,0.8,63,Saudi Arabia,0.6600224633202596,0.43561482579137134,1.3758571190205848,0.8176472064779855,0.3967551622,0.5057194804,True,103.83333333333331,-0.007794090467654779,0.23326973689594122,-0.011956861238777969,0.8,0.024084992594474754,-0.0009361447324812221,0.023148847861993532
Argentina,0.0043708036176453,103.83333333333331,7797,3857300,0.8787878787878788,63,Saudi Arabia,0.6600224633202596,0.43561482579137134,1.3758571190205848,0.8176472064779855,0.7404129794,0.6602228286,True,103.83333333333331,0.002753606279116539,0.4158141518917635,0.30313153396860126,0.8787878787878788,0.05957955405510136,0.02373323425827943,0.08331278831338079
Argentina,0.0044084094077025,103.83333333333331,11456,3857300,1.0,63,Saudi Arabia,0.6600224633202596,0.43561482579137134,1.3758571190205848,0.8176472064779855,0.4085545723,0.4773759282,True,103.83333333333331,0.002777297926852575,0.4158141518917635,-0.02394546914061743,1.0,0.05960324570283739,-0.0018747750229032264,0.05772847067993417
Argentina,-0.0189434932302167,58.4,16308,3857300,0.9411764705882352,63,Saudi Arabia,0.6600224633202596,0.43561482579137134,1.3758571190205848,0.8176472064779855,0.9203539823,0.8037512343,True,103.83333333333331,-0.01193440073503652,0.23387043149738995,0.2804581760037976,0.9411764705882352,0.020026774386480463,0.021958057294815612,0.041984831681296075
Argentina,-0.0327849859400169,33.81666666666666,19597,3857300,1.0,63,Saudi Arabia,0.6600224633202596,0.43561482579137134,1.3758571190205848,0.8176472064779855,0.08407079646,0.4874957193,True,103.83333333333331,-0.020654541142210645,0.1354232607043962,-0.08677476368131325,1.0,-0.002147342420304829,-0.006793901535723319,-0.008941243956028147
Argentina,0.3043156867493913,58.23333333333333,20572,3857300,0.8947368421052632,63,Saudi Arabia,0.6600224633202596,0.43561482579137134,1.3758571190205848,0.8176472064779855,0.5221238938,0.4123572127,True,103.83333333333331,0.19171888265211653,0.23320299305133577,0.020059093363393635,0.8947368421052632,0.22358884437431412,0.001570496990430006,0.2251593413647441
Argentina,-0.0071546145032753,45.6,27768,3857300,0.6666666666666666,63,Saudi Arabia,0.6600224633202596,0.43561482579137134,1.3758571190205848,0.8176472064779855,0.3554572271,0.397506632,True,103.83333333333331,-0.0045074071370634385,0.1826111588404278,-0.042595927519157424,0.6666666666666666,0.020448578916723803,-0.0033349850245721017,0.017113593892151703
Argentina,0.0274596826916389,103.83333333333331,29201,3857300,0.7647058823529411,63,Saudi Arabia,0.6600224633202596,0.43561482579137134,1.3758571190205848,0.8176472064779855,0.1415929204,0.509514246,True,103.83333333333331,0.017299600095732507,0.4158141518917635,-0.2137064034999326,0.7647058823529411,0.07412554787171732,-0.016731826182371533,0.05739372168934579
Argentina,-0.0121539405106658,45.58333333333333,29560,3857300,1.0,63,Saudi Arabia,0.6600224633202596,0.43561482579137134,1.3758571190205848,0.8176472064779855,0.3790560472,0.6058950036,True,103.83333333333331,-0.007656982521719455,0.18254441499582236,0.002736370291775623,1.0,0.01728988219213584,0.00021424005711934334,0.017504122249255186
Argentina,-0.0317827012418997,45.43333333333333,38718,3857300,0.9,63,Saudi Arabia,0.6600224633202596,0.43561482579137134,1.3758571190205848,0.8176472064779855,0.889380531,0.7787828594,True,103.83333333333331,-0.02002310178239681,0.1819437203943736,0.20341477463656543,0.9,0.004841670872071033,0.015926058351107684,0.020767729223178717
Saudi Arabia,0.011028918296415,47.65,5178,3857300,0.6470588235294118,90,Argentina,1.3740120640741063,1.2915713402296598,-1.7349874417422084,-2.5366176260531876,0.8171091445,0.7305386905,True,103.83333333333331,0.009926026466773501,0.5674912427077181,0.06740642643132295,0.6470588235294118,0.08748045210313744,0.005277486271599089,0.09275793837473653
Saudi Arabia,-0.0436124035678288,98.6,5183,3857300,0.8421052631578947,90,Argentina,1.3740120640741063,1.2915713402296598,-1.7349874417422084,-2.5366176260531876,0.4247787611,0.3962401293,True,103.83333333333331,-0.039251163211045915,1.174284082496978,-0.2509205940794659,0.8421052631578947,0.12122871858843962,-0.01964545608815297,0.10158326250028665
Saudi Arabia,0.0092224106118321,103.83333333333331,5187,3857300,0.8378378378378378,90,Argentina,1.3740120640741063,1.2915713402296598,-1.7349874417422084,-2.5366176260531876,0.6017699115,0.6638381273,True,103.83333333333331,0.008300169550648889,1.2366108576666957,-0.03359783968243232,0.8378378378378378,0.1772977462259015,-0.002630493071162557,0.17466725315473894
Saudi Arabia,-0.0170235005868013,103.83333333333331,5713,3857300,0.8695652173913043,90,Argentina,1.3740120640741063,1.2915713402296598,-1.7349874417422084,-2.5366176260531876,0.8466076696,0.6418443115,True,103.83333333333331,-0.01532115052812117,1.2366108576666957,0.13376767772461878,0.8695652173913043,0.15367642614713145,0.01047314210455336,0.1641495682516848
Saudi Arabia,-0.0223143088214426,103.83333333333331,5715,3857300,0.8888888888888888,90,Argentina,1.3740120640741063,1.2915713402296598,-1.7349874417422084,-2.5366176260531876,0.7359882006,0.361951203,True,103.83333333333331,-0.02008287793929834,1.2366108576666957,-0.053952377560348846,0.8888888888888888,0.14891469873595428,-0.004224121452054308,0.14469057728389997
Saudi Arabia,0.1016232559400695,88.41666666666667,51099,3857300,0.6511627906976745,90,Argentina,1.3740120640741063,1.2915713402296598,-1.7349874417422084,-2.5366176260531876,0.2079646018,0.3313958887,True,103.83333333333331,0.09146093034606256,1.0530049117049474,-0.3789814527827474,0.6511627906976745,0.2353665714796445,-0.02967179125404903,0.20569478022559545
Saudi Arabia,-0.0164613472700431,77.35,51469,3857300,0.8918918918918919,90,Argentina,1.3740120640741063,1.2915713402296598,-1.7349874417422084,-2.5366176260531876,0.3923303835,0.5973619602,True,103.83333333333331,-0.014815212543038789,0.9212056164415947,-0.156255864054932,0.8918918918918919,0.1110784878341438,-0.012233821329290314,0.09884466650485349
Saudi Arabia,0.2151734108309418,103.83333333333331,51546,3857300,0.875,90,Argentina,1.3740120640741063,1.2915713402296598,-1.7349874417422084,-2.5366176260531876,0.7123893805,0.5766725873,True,103.83333333333331,0.1936560697478476,1.2366108576666957,0.012147942201110706,0.875,0.3626536464231002,0.0009511051332747934,0.363604751556375
Saudi Arabia,-0.0230648503388601,103.83333333333331,51710,3857300,0.8,90,Argentina,1.3740120640741063,1.2915713402296598,-1.7349874417422084,-2.5366176260531876,0.308259587,0.5027606465,True,103.83333333333331,-0.02075836530497409,1.2366108576666957,-0.306735936157705,0.8,0.1482392113702785,-0.0240154355865118,0.12422377578376671
Saudi Arabia,0.0031233468562403,40.083333333333336,54144,3857300,0.8,90,Argentina,1.3740120640741063,1.2915713402296598,-1.7349874417422084,-2.5366176260531876,0.5412979351,0.3604720356,True,103.83333333333331,0.00281101217061627,0.47737545950054633,-0.07503558041733091,0.8,0.06805004457896019,-0.005874799577713813,0.062175245001246375
Saudi Arabia,0.3217349807495203,103.83333333333331,56755,3857300,0.925,90,Argentina,1.3740120640741063,1.2915713402296598,-1.7349874417422084,-2.5366176260531876,0.9660766962,0.8051782339,True,103.83333333333331,0.28956148267456827,1.2366108576666957,0.282760750644739,0.925,0.4585590593498209,0.022138333964270583,0.48069739331409145
Saudi Arabia,-0.0106271772661167,26.48333333333333,57620,3857300,1.0,90,Argentina,1.3740120640741063,1.2915713402296598,-1.7349874417422084,-2.5366176260531876,0.1224188791,0.2032534693,True,103.83333333333331,-0.00956445953950503,0.3154052412251011,-0.1418305211783743,1.0,0.03353941675856503,-0.011104410484885033,0.02243500627368
Qatar,0.0262121051460556,96.03333333333332,40784,3857301,0.9,84,Senegal,0.9224761319972314,0.7748799508776745,-3.791972278740108,0.21297232084721995,0.5368731563,0.3072110282,True,96.03333333333332,0.022018168322686705,0.7748799508776745,-0.03232365310338076,0.9,0.1279147267272075,-0.002530732521102072,0.1253839942061054
Qatar,0.0047036349997377,74.28333333333333,124488,3857301,0.8076923076923077,84,Senegal,0.9224761319972314,0.7748799508776745,-3.791972278740108,0.21297232084721995,0.6504424779,0.6318900095,True,96.03333333333332,0.003951053399779667,0.5993821487438035,0.13031073611980715,0.8076923076923077,0.08586375052038869,0.01020248598425449,0.09606623650464319
Qatar,-0.0217757667705936,68.31666666666666,124492,3857301,0.7586206896551724,84,Senegal,0.9224761319972314,0.7748799508776745,-3.791972278740108,0.21297232084721995,0.8746312684,0.4966585195,True,96.03333333333332,-0.018291644087298622,0.551237924097117,0.19481591778855045,0.7586206896551724,0.05704157231327944,0.01525282359636096,0.0722943959096404
Qatar,-0.1137920202529178,96.03333333333332,124493,3857301,0.9743589743589745,84,Senegal,0.9224761319972314,0.7748799508776745,-3.791972278740108,0.21297232084721995,0.8525073746,0.5377519652,True,96.03333333333332,-0.09558529701245096,0.7748799508776745,0.2738567620789615,0.9743589743589745,0.010311261392069837,0.021441209373839396,0.03175247076590923
Qatar,-0.0014590230655233,96.03333333333332,124494,3857301,0.7692307692307693,84,Senegal,0.9224761319972314,0.7748799508776745,-3.791972278740108,0.21297232084721995,0.5353982301,0.4736375735,True,96.03333333333332,-0.001225579375039572,0.7748799508776745,0.029041258350458427,0.7692307692307693,0.10467097902948122,0.0022737422879205837,0.1069447213174018
Qatar,-0.0169691677412399,96.03333333333332,124495,3857301,0.8666666666666667,84,Senegal,0.9224761319972314,0.7748799508776745,-3.791972278740108,0.21297232084721995,0.1843657817,0.4935154761,True,96.03333333333332,-0.014254100902641516,0.7748799508776745,-0.2079045838140601,0.8666666666666667,0.09164245750187927,-0.016277581307460657,0.07536487619441862
Qatar,-0.0203127339911623,96.03333333333332,124500,3857301,0.868421052631579,84,Senegal,0.9224761319972314,0.7748799508776745,-3.791972278740108,0.21297232084721995,0.9808259587,0.8410426757,True,96.03333333333332,-0.017062696552576334,0.7748799508776745,0.4768964053248974,0.868421052631579,0.08883386185194446,0.03733789736860412,0.12617175922054857
Qatar,0.0319024850524457,82.23333333333333,124506,3857301,0.5925925925925926,84,Senegal,0.9224761319972314,0.7748799508776745,-3.791972278740108,0.21297232084721995,0.191740413,0.3679120527,True,96.03333333333332,0.02679808744405439,0.6635296212479082,-0.21395316684062413,0.5925925925925926,0.1174772993787829,-0.01675114615246608,0.10072615322631683
Qatar,-0.0021305296606856,27.71666666666667,124514,3857301,0.5,84,Senegal,0.9224761319972314,0.7748799508776745,-3.791972278740108,0.21297232084721995,0.6828908555,0.443166127,True,96.03333333333332,-0.0017896449149759038,0.2236420267805576,0.03472211776807442,0.5,0.028773697088966845,0.002718516757872623,0.031492213846839465
Qatar,-0.0250527483015674,96.03333333333332,124899,3857301,0.7586206896551724,84,Senegal,0.9224761319972314,0.7748799508776745,-3.791972278740108,0.21297232084721995,0.03244837758,0.1953788875,True,96.03333333333332,-0.021044308573316614,0.7748799508776745,-0.42544210377486374,0.7586206896551724,0.08485224983120418,-0.03330935907601728,0.0515428907551869
Qatar,-0.0094615224862278,82.13333333333334,124900,3857301,0.8421052631578947,84,Senegal,0.9224761319972314,0.7748799508776745,-3.791972278740108,0.21297232084721995,0.104719764,0.2750542395,True,96.03333333333332,-0.00794767888843135,0.6627227348013156,-0.2952825864674036,0.8421052631578947,0.08262126241970445,-0.023118712544592735,0.05950254987511172
Qatar,-0.0046749646073775,21.75,124901,3857301,0.8888888888888888,84,Senegal,0.9224761319972314,0.7748799508776745,-3.791972278740108,0.21297232084721995,0.7728613569,0.7589254246,True,96.03333333333332,-0.0039269702701971,0.17549780213387112,0.06824435503145734,0.8888888888888888,0.020056891013714676,0.005343090649666735,0.02539998166338141
Senegal,0.0476691479251768,73.95,2941,3857301,0.8888888888888888,93,Qatar,0.6650128640561372,0.625112092212769,1.1609536149705668,4.755272149516758,0.08997050147,0.3345898518,True,96.03333333333332,0.04433230757041442,0.4762436189465265,-0.043804853477946326,0.8888888888888888,0.10941666050976756,-0.0034296360910752127,0.10598702441869234
Senegal,0.0150523869211527,96.03333333333332,3404,3857301,0.7142857142857143,93,Qatar,0.6650128640561372,0.625112092212769,1.1609536149705668,4.755272149516758,0.1740412979,0.2949753239,True,96.03333333333332,0.013998719836672011,0.6184619635722076,-0.009656456259021784,0.7142857142857143,0.09851890050752005,-0.000756037933433647,0.0977628625740864
Senegal,-0.0268462479954099,96.03333333333332,3436,3857301,0.9666666666666668,93,Qatar,0.6650128640561372,0.625112092212769,1.1609536149705668,4.755272149516758,0.8230088496,0.7143934016,True,96.03333333333332,-0.02496701063573121,0.6184619635722076,0.6488856050779674,0.9666666666666668,0.05955317003511682,0.050803536902023404,0.11035670693714023
Senegal,-0.010458339290331,76.96666666666667,4506,3857301,0.7142857142857143,93,Qatar,0.6650128640561372,0.625112092212769,1.1609536149705668,4.755272149516758,0.8982300885,0.6672367676,True,96.03333333333332,-0.00972625554000783,0.49567118149539313,0.550117659162293,0.7142857142857143,0.058013104810213656,0.043070646935291744,0.1010837517455054
Senegal,-0.0474282339871968,96.03333333333332,5675,3857301,1.0,93,Qatar,0.6650128640561372,0.625112092212769,1.1609536149705668,4.755272149516758,0.7020648968,0.5902334518,True,96.03333333333332,-0.04410825760809302,0.6184619635722076,0.5075131699927933,1.0,0.04041192306275501,0.03973499158899312,0.08014691465174814
Senegal,-0.0010598077620364,96.03333333333332,8553,3857301,0.5833333333333334,93,Qatar,0.6650128640561372,0.625112092212769,1.1609536149705668,4.755272149516758,0.4970501475,0.4314139103,True,96.03333333333332,-0.000985621218693852,0.6184619635722076,0.28880441913236915,0.5833333333333334,0.08353455945215418,0.02261151403273276,0.10614607348488694
Senegal,0.01984090931692,73.78333333333333,13314,3857301,0.8421052631578947,93,Qatar,0.6650128640561372,0.625112092212769,1.1609536149705668,4.755272149516758,0.04867256637,0.28197208,True,96.03333333333332,0.0184520456647356,0.47517027294935155,-0.08397848300306743,0.8421052631578947,0.08338971311177557,-0.006574970883673167,0.0768147422281024
Senegal,-0.0165510491831356,96.03333333333332,20611,3857301,0.8571428571428571,93,Qatar,0.6650128640561372,0.625112092212769,1.1609536149705668,4.755272149516758,0.407079646,0.3071688447,True,96.03333333333332,-0.015392475740316108,0.6184619635722076,0.17071382092720078,0.8571428571428571,0.06912770493053193,0.013365785638160927,0.08249349056869286
Senegal,-0.0178071812721695,63.71666666666667,20758,3857301,0.7741935483870968,93,Qatar,0.6650128640561372,0.625112092212769,1.1609536149705668,4.755272149516758,0.302359882,0.5006255136,True,96.03333333333332,-0.016560678583117636,0.4103401747199844,0.11299094511470414,0.7741935483870968,0.039517185128206914,0.008846458612746752,0.048363643740953664
Senegal,-0.0078389347174488,32.31666666666666,31751,3857301,1.0,93,Qatar,0.6650128640561372,0.625112092212769,1.1609536149705668,4.755272149516758,0.9926253687,0.8870873133,True,96.03333333333332,-0.007290209287227385,0.2081217888522233,0.28488393279855007,1.0,0.021152107672296104,0.022304565364777453,0.043456673037073554
Senegal,-0.0251582836774041,76.95,32915,3857301,0.7727272727272727,93,Qatar,0.6650128640561372,0.625112092212769,1.1609536149705668,4.755272149516758,0.1120943953,0.2476666796,True,96.03333333333332,-0.023397203819985814,0.4955638468956756,-0.06046930423314206,0.7727272727272727,0.04432748798100437,-0.004734354568828795,0.039593133412175574
Senegal,0.017754215832494,22.08333333333333,80484,3857301,1.0,93,Qatar,0.6650128640561372,0.625112092212769,1.1609536149705668,4.755272149516758,0.3495575221,0.4417313896,True,96.03333333333332,0.01651142072421942,0.1422183446256812,0.04184175733051398,1.0,0.03594724845571432,0.0032759383872151986,0.03922318684292952
Senegal,-0.0015585613834308,22.25,88123,3857301,0.7692307692307693,93,Qatar,0.6650128640561372,0.625112092212769,1.1609536149705668,4.755272149516758,0.314159292,0.551592888,True,96.03333333333332,-0.001449462086590644,0.14329169062285618,0.04630124058364743,0.7692307692307693,0.018133051137217433,0.0036250870202586124,0.021758138157476046
Netherlands,-0.0157889708794968,82.01666666666667,2988,3869117,1.0,85,United States,0.9521582816949594,0.8093345394407154,-14.098216260952967,-11.082977656832565,0.4424778761,0.5290209839,True,96.16666666666669,-0.013420625247572282,0.6902487467223154,-0.6536275667443686,1.0,0.08091007286654887,-0.051174801763844535,0.02973527110270434
Netherlands,-0.0320579929453361,92.91666666666669,3306,3869117,0.9444444444444444,85,United States,0.9521582816949594,0.8093345394407154,-14.098216260952967,-11.082977656832565,0.4837758112,0.3478771477,True,96.16666666666669,-0.027249294003535686,0.781982678922355,-0.7707369534204263,0.9444444444444444,0.07961793663784322,-0.060343707655747536,0.019274228982095687
Netherlands,0.0072837659094896,96.16666666666669,3311,3869117,0.9565217391304348,85,United States,0.9521582816949594,0.8093345394407154,-14.098216260952967,-11.082977656832565,0.1253687316,0.4101641711,True,96.16666666666669,0.00619120102306616,0.8093345394407154,-0.9784963717312922,0.9565217391304348,0.11679638861064576,-0.0766099234452483,0.04018646516539745
Netherlands,0.2522779885354544,96.16666666666669,3669,3869117,0.9583333333333334,85,United States,0.9521582816949594,0.8093345394407154,-14.098216260952967,-11.082977656832565,0.703539823,0.447794578,True,96.16666666666669,0.21443629025513627,0.8093345394407154,-0.645446119637036,0.9583333333333334,0.32504147784271586,-0.05053424748620822,0.27450723035650765
Netherlands,-0.0172482748591431,45.0,4318,3869117,1.0,85,United States,0.9521582816949594,0.8093345394407154,-14.098216260952967,-11.082977656832565,0.8643067847,0.5964518954,True,96.16666666666669,-0.014661033630271636,0.3787180687157593,-0.23931486888053677,1.0,0.03709529331712262,-0.018736803031582712,0.01835849028553991
Netherlands,0.0853699608764366,45.0,6994,3869117,0.9,85,United States,0.9521582816949594,0.8093345394407154,-14.098216260952967,-11.082977656832565,0.9218289086,0.8313958887,True,96.16666666666669,0.0725644667449711,0.3787180687157593,-0.19138884818478696,0.9,0.12432079369236537,-0.014984506260118493,0.10933628743224688
Netherlands,-0.0320086332702218,51.16666666666667,7891,3869117,1.0,85,United States,0.9521582816949594,0.8093345394407154,-14.098216260952967,-11.082977656832565,0.7861356932,0.7761150665,True,96.16666666666669,-0.027207338279688527,0.430616470724956,-0.2666108828948571,1.0,0.031641522360496804,-0.02087390400038606,0.010767618360110743
Netherlands,-0.0547945240868073,96.16666666666669,8118,3869117,0.951219512195122,85,United States,0.9521582816949594,0.8093345394407154,-14.098216260952967,-11.082977656832565,0.9026548673,0.7395062986,True,96.16666666666669,-0.04657534547378621,0.8093345394407154,-0.44721299751892085,0.951219512195122,0.0640298421137934,-0.03501387894062938,0.029015963173164017
Netherlands,-0.0497459148025246,96.16666666666669,8125,3869117,0.8064516129032258,85,United States,0.9521582816949594,0.8093345394407154,-14.098216260952967,-11.082977656832565,0.07522123894,0.3321846448,True,96.16666666666669,-0.04228402758214591,0.8093345394407154,-1.0297736948654204,0.8064516129032258,0.0683211600054337,-0.08062460547501632,-0.012303445469582619
Netherlands,0.0144412782193361,51.16666666666667,8259,3869117,1.0,85,United States,0.9521582816949594,0.8093345394407154,-14.098216260952967,-11.082977656832565,0.5162241888,0.4249877942,True,96.16666666666669,0.012275086486435684,0.430616470724956,-0.40252048514857564,1.0,0.07112394712662101,-0.03151474491194623,0.03960920221467478
Netherlands,0.0375312336852062,92.91666666666669,20750,3869117,0.6956521739130435,85,United States,0.9521582816949594,0.8093345394407154,-14.098216260952967,-11.082977656832565,0.5265486726,0.590365244,True,96.16666666666669,0.03190154863242527,0.781982678922355,-0.6775253261418266,0.6956521739130435,0.13876877927380415,-0.05304584142310551,0.08572293785069865
Netherlands,-0.005165042924934,96.16666666666669,21809,3869117,0.9736842105263158,85,United States,0.9521582816949594,0.8093345394407154,-14.098216260952967,-11.082977656832565,0.5191740413,0.5915461318,True,96.16666666666669,-0.0043902864861939,0.8093345394407154,-0.7049738932527758,0.9736842105263158,0.1062149011013857,-0.05519488631054945,0.05102001479083625
United States,0.0107352877869949,66.85,3377,3869117,1.0,76,Netherlands,1.1268362245861638,0.8563955306854845,2.0845218254578244,4.143968452124195,0.3613569322,0.3548396678,True,96.16666666666669,0.008158818718116124,0.5953210526134276,0.08068791065049727,1.0,0.08951651876715346,0.006317340397445184,0.09583385916459863
United States,-0.0057269863899244,21.21666666666667,3658,3869117,0.9,76,Netherlands,1.1268362245861638,0.8563955306854845,2.0845218254578244,4.143968452124195,0.4542772861,0.5410839606,True,96.16666666666669,-0.004352509656342544,0.18894133631934518,0.05741315000812963,0.9,0.02146857041406996,0.004495077502526735,0.025963647916596697
United States,0.0385962666791461,91.23333333333332,4614,3869117,0.8888888888888888,76,Netherlands,1.1268362245861638,0.8563955306854845,2.0845218254578244,4.143968452124195,0.2418879056,0.4402512238,True,96.16666666666669,0.029333162676151034,0.8124625883834211,0.05810636267619079,0.8888888888888888,0.14036583534342362,0.004549351561139213,0.14491518690456284
United States,-0.0070308389162268,96.16666666666669,8246,3869117,0.9583333333333334,76,Netherlands,1.1268362245861638,0.8563955306854845,2.0845218254578244,4.143968452124195,0.4351032448,0.5270393589,True,96.16666666666669,-0.0053434375763323685,0.8563955306854845,0.24028177566576714,0.9583333333333334,0.11169319400754836,0.018812505565526834,0.1305056995730752
United States,-0.0111069479071923,66.85,8526,3869117,0.7,76,Netherlands,1.1268362245861638,0.8563955306854845,2.0845218254578244,4.143968452124195,0.6740412979,0.5551789827,True,96.16666666666669,-0.008441280409466147,0.5953210526134276,0.29882128479628867,0.7,0.07291641963957118,0.023395769686452187,0.09631218932602337
United States,0.3216845422013264,96.16666666666669,12524,3869117,1.0,76,Netherlands,1.1268362245861638,0.8563955306854845,2.0845218254578244,4.143968452124195,0.6799410029,0.4647031631,True,96.16666666666669,0.24448025207300808,0.8563955306854845,0.3979194872023256,1.0,0.36151688365688883,0.03115451659570802,0.39267140025259684
United States,0.002689334420382,96.16666666666669,12751,3869117,0.9705882352941176,76,Netherlands,1.1268362245861638,0.8563955306854845,2.0845218254578244,4.143968452124195,0.9159292035,0.8420840335,True,96.16666666666669,0.00204389415949032,0.8563955306854845,0.7256173690354619,0.9705882352941176,0.11908052574337104,0.056811136656534096,0.17589166239990514
United States,-0.0176932822600548,96.16666666666669,18242,3869117,0.875,76,Netherlands,1.1268362245861638,0.8563955306854845,2.0845218254578244,4.143968452124195,0.6401179941,0.385639846,True,96.16666666666669,-0.013446894517641647,0.8563955306854845,0.3364411978223082,0.875,0.10358973706623907,0.026341165029963698,0.12993090209620278
United States,-0.0239713789304219,74.95,21881,3869117,0.9,76,Netherlands,1.1268362245861638,0.8563955306854845,2.0845218254578244,4.143968452124195,0.3038348083,0.3576904222,True,96.16666666666669,-0.018218247987120642,0.6674541943661392,0.05790695903671744,0.9,0.07299730352634756,0.004533739548671831,0.07753104307501939
United States,0.0116835075132582,29.31666666666668,22008,3869117,0.8571428571428571,76,Netherlands,1.1268362245861638,0.8563955306854845,2.0845218254578244,4.143968452124195,0.116519174,0.3895227227,True,96.16666666666669,0.008879465710076234,0.26107447807205675,-0.01605801747849192,0.8571428571428571,0.0445583972449196,-0.0012572386829938652,0.043301158561925734
United States,0.0043558360306792,45.0,22433,3869117,0.75,76,Netherlands,1.1268362245861638,0.8563955306854845,2.0845218254578244,4.143968452124195,0.8215339233,0.6107161506,True,96.16666666666669,0.003310435383316192,0.40073967640395275,0.2630885753494119,0.75,0.05807627685237648,0.02059813015062744,0.07867440700300392
United States,0.0041830877006785,29.31666666666668,24243,3869117,1.0,76,Netherlands,1.1268362245861638,0.8563955306854845,2.0845218254578244,4.143968452124195,0.697640118,0.8451691682,True,96.16666666666669,0.00317914665251566,0.26107447807205675,0.17193189838682083,1.0,0.03885807818735903,0.01346115320786051,0.05231923139521954
United States,0.0053772803641331,51.16666666666667,34339,3869117,0.8333333333333334,76,Netherlands,1.1268362245861638,0.8563955306854845,2.0845218254578244,4.143968452124195,0.6297935103,0.4739338563,True,96.16666666666669,0.004086733076741156,0.45565585428153155,0.19378309070453634,0.8333333333333334,0.06635752319156157,0.015171959930307193,0.08152948312186876
United States,-0.0111956212971733,96.16666666666669,38792,3869117,0.96,76,Netherlands,1.1268362245861638,0.8563955306854845,2.0845218254578244,4.143968452124195,0.7197640118,0.7109273675,True,96.16666666666669,-0.008508672185851707,0.8563955306854845,0.5265572525986787,0.96,0.10852795939802902,0.04122601981625212,0.14975397921428113
England,-0.0028927603735192,94.2,3205,3869118,0.8,74,Senegal,0.9224761319972314,0.6918570989979236,3.92171166115165,5.645168351859198,0.3171091445,0.223624594,True,94.2,-0.0021406426764042077,0.6826323376779513,0.12950240642208757,0.8,0.09114918258472124,0.010139199008390441,0.10128838159311168
England,-0.0236271670628153,76.16666666666667,3244,3869118,0.7777777777777778,74,Senegal,0.9224761319972314,0.6918570989979236,3.92171166115165,5.645168351859198,0.7817109145,0.462803409,True,94.2,-0.01748410362648332,0.5519514832250951,0.4648557948479745,0.7777777777777778,0.05794662911296171,0.03639519561362569,0.09434182472658739
England,0.0088242501322471,29.88333333333334,3318,3869118,0.3333333333333333,74,Senegal,0.9224761319972314,0.6918570989979236,3.92171166115165,5.645168351859198,0.2728613569,0.3480136824,True,94.2,0.006529945097862854,0.21655339374673868,0.046495172487620876,0.3333333333333333,0.03612454111576766,0.003640270631303291,0.03976481174707095
England,0.0233400340652053,94.2,3336,3869118,1.0,74,Senegal,0.9224761319972314,0.6918570989979236,3.92171166115165,5.645168351859198,0.6637168142,0.4822305225,True,94.2,0.01727162520825192,0.6826323376779513,0.494198580915612,1.0,0.11056145046937738,0.038692545567345624,0.149253996036723
England,-0.0313729299956784,94.2,3382,3869118,0.9090909090909092,74,Senegal,0.9224761319972314,0.6918570989979236,3.92171166115165,5.645168351859198,0.1342182891,0.315251099,True,94.2,-0.02321596819680202,0.6826323376779513,0.029253873736720448,0.9090909090909092,0.07007385706432342,0.0022903886945250308,0.07236424575884845
England,-0.0075409711292054,81.15,3532,3869118,0.9230769230769232,74,Senegal,0.9224761319972314,0.6918570989979236,3.92171166115165,5.645168351859198,0.6946902655,0.4822045634,True,94.2,-0.005580318635611996,0.588063845037853,0.44575429649463955,0.9230769230769232,0.07478559771194991,0.03489967210550134,0.10968526981745125
England,0.0090885237423135,94.2,3943,3869118,1.0,74,Senegal,0.9224761319972314,0.6918570989979236,3.92171166115165,5.645168351859198,0.9557522124,0.7569595248,True,94.2,0.00672550756931199,0.6826323376779513,0.8244481349158077,1.0,0.10001533283043744,0.06454894501931029,0.16456427784974773
England,0.0115823631680038,64.45,4354,3869118,0.7777777777777778,74,Senegal,0.9224761319972314,0.6918570989979236,3.92171166115165,5.645168351859198,0.4764011799,0.3875183835,True,94.2,0.008570948744322812,0.46704516096968113,0.21573227894357774,0.7777777777777778,0.07239822303391448,0.016890439098199372,0.08928866213211385
England,-0.0192908884391,29.75,9638,3869118,0.8571428571428571,74,Senegal,0.9224761319972314,0.6918570989979236,3.92171166115165,5.645168351859198,0.3480825959,0.5433548794,True,94.2,-0.014275257444933999,0.21558717670827016,0.08905457131989933,0.8571428571428571,0.015187293526599779,0.006972395696466037,0.022159689223065816
England,0.0222306086185511,94.2,10955,3869118,0.9090909090909092,74,Senegal,0.9224761319972314,0.6918570989979236,3.92171166115165,5.645168351859198,0.4675516224,0.3068550895,True,94.2,0.016450650377727815,0.6826323376779513,0.27606851748029493,0.9090909090909092,0.10974047563885327,0.02161437548550925,0.13135485112436251
England,0.0007534136650321,64.31666666666666,22084,3869118,1.0,74,Senegal,0.9224761319972314,0.6918570989979236,3.92171166115165,5.645168351859198,0.2861356932,0.6234613015,True,94.2,0.000557526112123754,0.46607894393121263,0.18288597268606022,1.0,0.0642527553553444,0.014318786222884856,0.07857154157822926
England,-0.0169192971901243,75.91666666666667,30714,3869118,0.8260869565217391,74,Senegal,0.9224761319972314,0.6918570989979236,3.92171166115165,5.645168351859198,0.784660767,0.8155913125,True,94.2,-0.012520279920691983,0.5501398262779668,0.5800296412284487,0.8260869565217391,0.06266286835680737,0.04541256124625571,0.10807542960306307
Senegal,-0.0109334081917641,94.2,2941,3869118,0.9655172413793104,76,England,1.2452804301035594,0.9588659311797407,1.3752000561245148,2.682206421563361,0.08997050147,0.3345898518,True,94.2,-0.008309390225740716,0.946413126878705,-0.17638710748219819,0.9655172413793104,0.12102921616328603,-0.013809967202056048,0.10721924896122999
Senegal,-0.0478861654936675,94.2,3404,3869118,0.9318181818181818,76,England,1.2452804301035594,0.9588659311797407,1.3752000561245148,2.682206421563361,0.1740412979,0.2949753239,True,94.2,-0.0363934857751873,0.946413126878705,-0.13160769887537455,0.9318181818181818,0.09294512061383944,-0.01030402976130453,0.08264109085253492
Senegal,-0.0267304971039709,94.2,4506,3869118,0.7619047619047619,76,England,1.2452804301035594,0.9588659311797407,1.3752000561245148,2.682206421563361,0.8982300885,0.6672367676,True,94.2,-0.020315177799017883,0.946413126878705,0.528334567669172,0.7619047619047619,0.10902342859000887,0.04136517206599185,0.1503886006560007
Senegal,-0.0492461699331484,94.2,5675,3869118,0.8095238095238095,76,England,1.2452804301035594,0.9588659311797407,1.3752000561245148,2.682206421563361,0.7020648968,0.5902334518,True,94.2,-0.03742708914919279,0.946413126878705,0.35873173214496634,0.8095238095238095,0.09191151723983396,0.028086369383650837,0.11999788662348479
Senegal,-0.0366651771970019,94.2,8553,3869118,0.9333333333333332,76,England,1.2452804301035594,0.9588659311797407,1.3752000561245148,2.682206421563361,0.4970501475,0.4314139103,True,94.2,-0.027865534669721446,0.946413126878705,0.1513693523522813,0.9333333333333332,0.10147307171930531,0.011851239136581702,0.11332431085588701
Senegal,0.0109279325665117,23.083333333333343,13314,3869118,1.0,76,England,1.2452804301035594,0.9588659311797407,1.3752000561245148,2.682206421563361,0.04867256637,0.28197208,True,94.2,0.008305228750548892,0.23191475242869905,-0.05540112997330904,1.0,0.039999137074823866,-0.004337549375401251,0.03566158769942261
Senegal,0.0506755902893161,71.11666666666666,20611,3869118,0.9411764705882352,76,England,1.2452804301035594,0.9588659311797407,1.3752000561245148,2.682206421563361,0.407079646,0.3071688447,True,94.2,0.038513448619880236,0.7144983744500061,0.02974908716453084,0.9411764705882352,0.13615814668463205,0.002329160696026158,0.1384873073806582
Senegal,-0.0223578502734012,45.0,20758,3869118,0.8928571428571429,76,England,1.2452804301035594,0.9588659311797407,1.3752000561245148,2.682206421563361,0.302359882,0.5006255136,True,94.2,-0.01699196620778491,0.45210818162995464,0.018636329903326754,0.8928571428571429,0.044793992258310676,0.001459103833638258,0.046253096091948935
Senegal,-0.0069923466060538,49.2,21026,3869118,1.0,76,England,1.2452804301035594,0.9588659311797407,1.3752000561245148,2.682206421563361,0.8348082596,0.6700857747,True,94.2,-0.0053141834206008876,0.4943049452487504,0.2528751327650395,1.0,0.06223846450233028,0.01979848379821758,0.08203694830054786
Senegal,-0.0163049199655741,45.0,31751,3869118,0.9130434782608696,76,England,1.2452804301035594,0.9588659311797407,1.3752000561245148,2.682206421563361,0.9926253687,0.8870873133,True,94.2,-0.012391739173836316,0.45210818162995464,0.32493613263749554,0.9130434782608696,0.049394219292259275,0.0254403930000362,0.07483461229229547
Senegal,-0.0323849735490396,83.9,32915,3869118,0.8947368421052632,76,England,1.2452804301035594,0.9588659311797407,1.3752000561245148,2.682206421563361,0.1120943953,0.2476666796,True,94.2,-0.0246125798972701,0.8429305875278488,-0.1727900231970689,0.8947368421052632,0.09058390710951701,-0.013528338818271365,0.07705556829124564
Senegal,-0.0113928352583972,49.2,50498,3869118,1.0,76,England,1.2452804301035594,0.9588659311797407,1.3752000561245148,2.682206421563361,0.8362831858,0.5806198625,True,94.2,-0.008658554796381873,0.4943049452487504,0.235466823995315,1.0,0.05889409312654929,0.01843552605949837,0.07732961918604767
Senegal,-0.0061896152852162,45.016666666666666,80484,3869118,0.8421052631578947,76,England,1.2452804301035594,0.9588659311797407,1.3752000561245148,2.682206421563361,0.3495575221,0.4417313896,True,94.2,-0.004704107616764312,0.45227562910463237,0.02392500800843555,0.8421052631578947,0.057104734537652045,0.0018731730488792616,0.058977907586531306
Senegal,0.0002782097616209,49.18333333333334,88123,3869118,0.9,76,England,1.2452804301035594,0.9588659311797407,1.3752000561245148,2.682206421563361,0.314159292,0.551592888,True,94.2,0.000211439418831884,0.4941374977740726,0.034992880529574596,0.9,0.06774120365344227,0.0027397157270559742,0.07048091938049825
Argentina,-0.0583457341247074,97.36666666666666,3090,3869151,1.0,72,Australia,0.7341728707692982,0.5359461956615876,0.6746356263988229,8.229441810307545,0.5678466077,0.4491953689,True,97.36666666666666,-0.04200892856978933,0.5286044669538947,0.5843801948059623,1.0,0.030231156806365275,0.0457531813917633,0.07598433819812858
Argentina,-0.0110705617689854,97.36666666666666,5503,3869151,0.9090909090909092,72,Australia,0.7341728707692982,0.5359461956615876,0.6746356263988229,8.229441810307545,0.7433628319,0.5078645975,True,97.36666666666666,-0.007970804473669487,0.5286044669538947,0.7512410128513458,0.9090909090909092,0.06426928090248511,0.058817301878843424,0.12308658278132853
Argentina,-0.0233034603924943,26.05,5507,3869151,0.625,72,Australia,0.7341728707692982,0.5359461956615876,0.6746356263988229,8.229441810307545,0.1725663717,0.5207345516,True,97.36666666666666,-0.016778491482595897,0.1414256730313142,0.07944731548940925,0.625,0.0025490082508737473,0.006220209837676897,0.008769218088550645
Argentina,0.0169933490011434,49.11666666666667,7006,3869151,1.0,72,Australia,0.7341728707692982,0.5359461956615876,0.6746356263988229,8.229441810307545,0.3967551622,0.5057194804,True,97.36666666666666,0.012235211280823248,0.2666548038536679,0.23762542511952894,1.0,0.048676760682317195,0.018604530535807524,0.06728129121812472
Argentina,-0.0271268763461363,97.36666666666666,7797,3869151,0.9032258064516128,72,Australia,0.7341728707692982,0.5359461956615876,0.6746356263988229,8.229441810307545,0.7404129794,0.6602228286,True,97.36666666666666,-0.01953135096921814,0.5286044669538947,0.8149610495924475,0.9032258064516128,0.052708734406936464,0.06380616773230288,0.11651490213923935
Argentina,0.0197188257097804,26.36666666666666,11456,3869151,0.75,72,Australia,0.7341728707692982,0.5359461956615876,0.6746356263988229,8.229441810307545,0.4085545723,0.4773759282,True,97.36666666666666,0.014197554511041887,0.14314485907584068,0.1268059626771627,0.75,0.033760001458162145,0.009928084941091844,0.04368808639925399
Argentina,-0.0114658556543526,71.31666666666666,19597,3869151,0.6666666666666666,72,Australia,0.7341728707692982,0.5359461956615876,0.6746356263988229,8.229441810307545,0.08407079646,0.4874957193,True,97.36666666666666,-0.008255416071133871,0.38717879392258053,0.1547168684736194,0.6666666666666666,0.044657169571551095,0.012113327950803561,0.056770497522354656
Argentina,0.0384314999652457,97.36666666666666,20572,3869151,0.75,72,Australia,0.7341728707692982,0.5359461956615876,0.6746356263988229,8.229441810307545,0.5221238938,0.4123572127,True,97.36666666666666,0.0276706799749769,0.5286044669538947,0.5315613588846022,0.75,0.0999107653511315,0.041617808902601194,0.1415285742537327
Argentina,0.0523923178265152,48.24999999999999,27768,3869151,1.0,72,Australia,0.7341728707692982,0.5359461956615876,0.6746356263988229,8.229441810307545,0.3554572271,0.397506632,True,97.36666666666666,0.03772246883509094,0.2619496631002268,0.19368054037438256,1.0,0.0735210048097516,0.015163930904171445,0.08868493571392305
Argentina,-0.0040459143342219,79.28333333333333,27886,3869151,0.7368421052631579,72,Australia,0.7341728707692982,0.5359461956615876,0.6746356263988229,8.229441810307545,0.8510324484,0.636292317,True,97.36666666666666,-0.0029130583206397674,0.430429895463827,0.7277204777689912,0.7368421052631579,0.055910304591781916,0.05697579643834569,0.11288610103012761
Argentina,-0.0181177232736819,79.25,29201,3869151,0.625,72,Australia,0.7341728707692982,0.5359461956615876,0.6746356263988229,8.229441810307545,0.1415929204,0.509514246,True,97.36666666666666,-0.013044760757050966,0.4302489285117716,0.21742350737122826,0.625,0.04575387086972329,0.017022851321804748,0.06277672219152804
Argentina,-0.0021075328029655,71.0,29560,3869151,0.6190476190476191,72,Australia,0.7341728707692982,0.5359461956615876,0.6746356263988229,8.229441810307545,0.3790560472,0.6058950036,True,97.36666666666666,-0.0015174236181351602,0.38545960787805406,0.36478840682855296,0.6190476190476191,0.05116021481089919,0.028560567752952265,0.07972078256385146
Argentina,-0.0326489648409936,97.36666666666666,38718,3869151,0.9666666666666668,72,Australia,0.7341728707692982,0.5359461956615876,0.6746356263988229,8.229441810307545,0.889380531,0.7787828594,True,97.36666666666666,-0.02350725468551539,0.5286044669538947,0.9864143822616,0.9666666666666668,0.04873283069063922,0.07722985234645852,0.12596268303709773
Australia,-0.0371944280554539,97.36666666666666,3281,3869151,0.8947368421052632,82,Argentina,1.3740120640741063,1.1404300131815082,15.693412680742428,6.209543654576434,0.907079646,0.684984779,True,97.36666666666666,-0.030499431005472196,1.1266898925407671,0.8118107656471207,0.8947368421052632,0.12347613885420242,0.06355952091903441,0.18703565977323683
Australia,-0.0395069531188585,97.36666666666666,5479,3869151,0.7142857142857143,82,Argentina,1.3740120640741063,1.1404300131815082,15.693412680742428,6.209543654576434,0.3849557522,0.376795793,True,97.36666666666666,-0.03239570155746397,1.1266898925407671,0.2747554341485094,0.7142857142857143,0.12157986830221065,0.0215115695718324,0.14309143787404305
Australia,-0.0098697083975331,71.8,5481,3869151,0.775,82,Argentina,1.3740120640741063,1.1404300131815082,15.693412680742428,6.209543654576434,0.3259587021,0.5258856783,True,97.36666666666666,-0.008093160885977143,0.8308421871046945,0.21485917764801654,0.775,0.10545130247511124,0.01682208092606375,0.122273383401175
Australia,0.0237563055853903,97.36666666666666,5490,3869151,0.875,82,Argentina,1.3740120640741063,1.1404300131815082,15.693412680742428,6.209543654576434,0.8112094395,0.6644738747,True,97.36666666666666,0.019480170580020047,1.1266898925407671,0.7283615925821147,0.875,0.17345574043969467,0.05702599157260675,0.23048173201230143
Australia,0.0033432662763386,39.49999999999999,8346,3869151,0.75,82,Argentina,1.3740120640741063,1.1404300131815082,15.693412680742428,6.209543654576434,0.1238938053,0.3713743427,True,97.36666666666666,0.0027414783465976524,0.4570789190896299,0.02787539150285992,0.75,0.06520674718730782,0.002182462470721218,0.06738920965802904
Australia,-0.0040710820606755,39.49999999999999,8859,3869151,0.8333333333333334,82,Argentina,1.3740120640741063,1.1404300131815082,15.693412680742428,6.209543654576434,0.5560471976,0.6626604844,True,97.36666666666666,-0.00333828728975391,0.4570789190896299,0.21437897919830234,0.8333333333333334,0.059126981550956255,0.0167844845000228,0.07591146605097905
Australia,0.0063897197387891,25.566666666666663,9980,3869151,0.6666666666666666,82,Argentina,1.3740120640741063,1.1404300131815082,15.693412680742428,6.209543654576434,0.09439528024,0.3171882941,True,97.36666666666666,0.005239570185807062,0.2958477054360727,0.006016951101198056,0.6666666666666666,0.045670676684393306,0.0004710882702824888,0.0461417649546758
Australia,0.3325254545336463,71.81666666666666,15957,3869151,0.7058823529411765,82,Argentina,1.3740120640741063,1.1404300131815082,15.693412680742428,6.209543654576434,0.1651917404,0.3062305744,True,97.36666666666666,0.27267087271758994,0.8310350474081077,0.054262647737101155,0.7058823529411765,0.3862416927321976,0.004248413595770979,0.3904901063279686
Australia,0.1594495369048111,97.36666666666666,22293,3869151,0.875,82,Argentina,1.3740120640741063,1.1404300131815082,15.693412680742428,6.209543654576434,0.5722713864,0.4027630926,True,97.36666666666666,0.1307486202619451,1.1266898925407671,0.4318730151526938,0.875,0.2847241901216197,0.03381285775273392,0.3185370478743536
Australia,0.2827781297354156,25.55,28370,3869151,0.6923076923076923,82,Argentina,1.3740120640741063,1.1404300131815082,15.693412680742428,6.209543654576434,0.098820059,0.4407372074,True,97.36666666666666,0.2318780663830408,0.2956548451326594,0.020545019189851202,0.6923076923076923,0.27228281622810774,0.0016085418329459945,0.27389135806105375
Australia,-0.0120695667808235,57.86666666666667,33477,3869151,0.6774193548387096,82,Argentina,1.3740120640741063,1.1404300131815082,15.693412680742428,6.209543654576434,0.5294985251,0.5289738083,True,97.36666666666666,-0.00989704476027527,0.6696109734511372,0.26835305329237114,0.6774193548387096,0.08161325625868918,0.021010304650033822,0.102623560908723
Australia,-0.040484367225663,57.86666666666667,33488,3869151,0.9714285714285714,82,Argentina,1.3740120640741063,1.1404300131815082,15.693412680742428,6.209543654576434,0.6991150442,0.5995120695,True,97.36666666666666,-0.03319718112504366,0.6696109734511372,0.364653427919748,0.9714285714285714,0.05831311989392078,0.02854999977930513,0.08686311967322591
Australia,-0.0119735494915379,71.8,33492,3869151,0.8636363636363636,82,Argentina,1.3740120640741063,1.1404300131815082,15.693412680742428,6.209543654576434,0.1312684366,0.3248911467,True,97.36666666666666,-0.009818310583061079,0.8308421871046945,0.04050810666999821,0.8636363636363636,0.1037261527780273,0.003171522185012995,0.1068976749630403
Australia,0.6515120269213946,97.36666666666666,33495,3869151,0.9047619047619048,82,Argentina,1.3740120640741063,1.1404300131815082,15.693412680742428,6.209543654576434,0.6460176991,0.4218459989,True,97.36666666666666,0.5342398620755436,1.1266898925407671,0.4974538369619983,0.9047619047619048,0.6882154319352183,0.038947411015714216,0.7271628429509325
Australia,0.0153390373624447,25.566666666666663,227697,3869151,1.0,82,Argentina,1.3740120640741063,1.1404300131815082,15.693412680742428,6.209543654576434,0.03539823009,0.3643688903,True,97.36666666666666,0.012578010637204656,0.2958477054360727,-0.0008677708660014688,1.0,0.0530091171357909,-6.794083405211194e-05,0.052941176301738786
France,-0.0007509552096416,99.26666666666668,3009,3869152,0.6363636363636364,74,Poland,0.8298069126107784,0.614057115331976,-2.4642805841860236,-12.90869326117545,0.2581120944,0.2078280052,True,99.26666666666668,-0.000555706855134784,0.614057115331976,-1.0875257596430363,0.6363636363636364,0.08336249893120837,-0.08514621780720101,-0.0017837188759926431
France,-0.0209998543906998,99.26666666666668,3026,3869152,0.7692307692307693,74,Poland,0.8298069126107784,0.614057115331976,-2.4642805841860236,-12.90869326117545,0.8289085546,0.7639210465,True,99.26666666666668,-0.015539892249117853,0.614057115331976,-0.6035096646715101,0.7692307692307693,0.0683783135372253,-0.04725089488798692,0.02112741864923838
France,0.0051739037124948,75.8,3604,3869152,1.0,74,Poland,0.8298069126107784,0.614057115331976,-2.4642805841860236,-12.90869326117545,0.5044247788,0.4255429188,True,99.26666666666668,0.003828688747246152,0.4688938483092388,-0.6760342464586659,1.0,0.0679086081421905,-0.05292909954886065,0.014979508593329853
France,-0.0287547677498728,91.58333333333331,4445,3869152,0.7,74,Poland,0.8298069126107784,0.614057115331976,-2.4642805841860236,-12.90869326117545,0.1578171091,0.2644050333,True,99.26666666666668,-0.021278528134905873,0.566528517251378,-1.0391832211576575,0.7,0.05614432962129888,-0.08136131039261237,-0.025216980771313485
France,-0.0105666324606725,75.66666666666667,5477,3869152,0.9545454545454546,74,Poland,0.8298069126107784,0.614057115331976,-2.4642805841860236,-12.90869326117545,0.1991150442,0.4308400652,True,99.26666666666668,-0.007819308020897649,0.468069057019337,-0.8030753691282668,0.9545454545454546,0.05614789383773195,-0.06287559599308991,-0.006727702155357958
France,-0.0434771062597794,99.26666666666668,5485,3869152,0.9090909090909092,74,Poland,0.8298069126107784,0.614057115331976,-2.4642805841860236,-12.90869326117545,0.7669616519,0.3702074329,True,99.26666666666668,-0.03217305863223676,0.614057115331976,-0.7558766893806954,0.9090909090909092,0.05174514715410639,-0.059180245303357144,-0.007435098149250752
France,-0.0287906510670349,99.26666666666668,5487,3869152,0.9310344827586208,74,Poland,0.8298069126107784,0.614057115331976,-2.4642805841860236,-12.90869326117545,0.8333333333,0.7558138316,True,99.26666666666668,-0.021305081789605825,0.614057115331976,-0.6034766517002074,0.9310344827586208,0.06261312399673732,-0.047248310186318865,0.01536481381041846
France,-0.0283678521320835,99.26666666666668,6704,3869152,0.5,74,Poland,0.8298069126107784,0.614057115331976,-2.4642805841860236,-12.90869326117545,0.06932153392,0.4034422715,True,99.26666666666668,-0.02099221057774179,0.614057115331976,-1.1339454794596753,0.5,0.06292599520860137,-0.08878058098343888,-0.025854585774837513
France,0.0022352794760294,23.59999999999999,8217,3869152,0.625,74,Poland,0.8298069126107784,0.614057115331976,-2.4642805841860236,-12.90869326117545,0.203539823,0.528790098,True,99.26666666666668,0.0016541068122617561,0.14598805831263895,-0.24291533736979337,0.625,0.021605110739975293,-0.01901869637661468,0.0025864143633606146
France,-0.0912513566369635,99.26666666666668,8519,3869152,0.6551724137931034,74,Poland,0.8298069126107784,0.614057115331976,-2.4642805841860236,-12.90869326117545,0.6356932153,0.5886506978,True,99.26666666666668,-0.067526003911353,0.614057115331976,-0.7634660146377621,0.6551724137931034,0.01639220187499016,-0.05977444027815939,-0.04338223840316923
France,-0.0216187335026983,65.66666666666667,10481,3869152,0.7692307692307693,74,Poland,0.8298069126107784,0.614057115331976,-2.4642805841860236,-12.90869326117545,0.9572271386,0.6781218518,True,99.26666666666668,-0.01599786279199674,0.40620971027669334,-0.3690182295399157,0.7692307692307693,0.039515523843025424,-0.02889173545419895,0.010623788388826473
France,-0.0050122030480115,33.599999999999994,11990,3869152,0.9166666666666666,74,Poland,0.8298069126107784,0.614057115331976,-2.4642805841860236,-12.90869326117545,0.912979351,0.8590555194,True,99.26666666666668,-0.0037090302555285097,0.20784740505528262,-0.1788060848414332,0.9166666666666666,0.024695788895792468,-0.013999357449849092,0.010696431445943375
Poland,0.0105962454444747,99.26666666666668,3034,3869152,0.7777777777777778,77,France,1.3015141674773683,1.0021659089575734,-2.326936949218006,-2.921504547557966,0.7566371681,0.5092621436,True,99.26666666666668,0.00815910899224552,1.0021659089575734,-0.01782954131092765,0.7777777777777778,0.1451169959381407,-0.0013959375163315974,0.1437210584218091
Poland,-0.0193834272598773,70.46666666666667,3637,3869152,0.92,77,France,1.3015141674773683,1.0021659089575734,-2.326936949218006,-2.921504547557966,0.9277286136,0.7336789882,True,99.26666666666668,-0.01492523899010552,0.7114099165669275,0.1283760901019106,0.92,0.08229738458397855,0.010051015741127812,0.09234840032510636
Poland,-0.0038415987317862,63.78333333333333,4664,3869152,0.8823529411764706,77,France,1.3015141674773683,1.0021659089575734,-2.326936949218006,-2.921504547557966,0.5825958702,0.6884350879,True,99.26666666666668,-0.0029580310234753743,0.6439370271290519,-0.04537354122454948,0.8823529411764706,0.0850436199741641,-0.003552454173644219,0.08149116580051988
Poland,-0.0436778508381957,99.26666666666668,4734,3869152,0.84375,77,France,1.3015141674773683,1.0021659089575734,-2.326936949218006,-2.921504547557966,0.1563421829,0.2820931391,True,99.26666666666668,-0.03363194514541069,1.0021659089575734,-0.5096053886756942,0.84375,0.10332594180048449,-0.03989879875042813,0.06342714305005637
Poland,-0.0225180925322153,99.26666666666668,5660,3869152,0.84,77,France,1.3015141674773683,1.0021659089575734,-2.326936949218006,-2.921504547557966,0.7979351032,0.6159426584,True,99.26666666666668,-0.01733893124980578,1.0021659089575734,0.04936870826881384,0.84,0.1196189556960894,0.0038652498571586412,0.12348420555324803
Poland,0.004324572077972,35.483333333333334,5665,3869152,0.8571428571428571,77,France,1.3015141674773683,1.0021659089575734,-2.326936949218006,-2.921504547557966,0.8126843658,0.4893695143,True,99.26666666666668,0.00332992050003844,0.3582288818285214,0.004655369194121295,0.8571428571428571,0.05228615644829411,0.0003644852325205553,0.05265064168081467
Poland,0.0038482662490537,99.26666666666668,5668,3869152,0.6,77,France,1.3015141674773683,1.0021659089575734,-2.326936949218006,-2.921504547557966,0.3067846608,0.4252573691,True,99.26666666666668,0.002963165011771349,1.0021659089575734,-0.35475953888119977,0.6,0.13992105195766652,-0.02777537239823692,0.1121456795594296
Poland,-0.0118591369637079,99.26666666666668,5673,3869152,1.0,77,France,1.3015141674773683,1.0021659089575734,-2.326936949218006,-2.921504547557966,0.3539823009,0.3793782205,True,99.26666666666668,-0.009131535462055083,1.0021659089575734,-0.3394516296235848,1.0,0.12782635148384008,-0.026576862326852885,0.1012494891569872
Poland,-0.0108417964725645,86.23333333333333,7979,3869152,0.7222222222222222,77,France,1.3015141674773683,1.0021659089575734,-2.326936949218006,-2.921504547557966,0.3230088496,0.5161974566,True,99.26666666666668,-0.008348183283874665,0.8705853614752324,-0.2696398141503485,0.7222222222222222,0.11062765739074948,-0.021111049684629676,0.0895166077061198
Poland,-0.0240081645655493,28.8,11737,3869152,0.6666666666666666,77,France,1.3015141674773683,1.0021659089575734,-2.326936949218006,-2.921504547557966,0.9424778761,0.7898938374,True,99.26666666666668,-0.018486286715472963,0.29075599239064587,0.06135658478064843,0.6666666666666666,0.021248976656338125,0.004803822884484019,0.026052799540822145
Poland,-0.0179139187363701,70.28333333333333,31955,3869152,0.8888888888888888,77,France,1.3015141674773683,1.0021659089575734,-2.326936949218006,-2.921504547557966,0.08554572271,0.4183190608,True,99.26666666666668,-0.013793717427004979,0.7095590393005519,-0.35958204235562896,0.8888888888888888,0.08317596176218908,-0.02815294316156717,0.05502301860062191
Poland,-0.0452893643712938,86.21666666666667,44166,3869152,0.8,77,France,1.3015141674773683,1.0021659089575734,-2.326936949218006,-2.921504547557966,0.5589970501,0.426912509,True,99.26666666666668,-0.03487281056589622,0.8704170999055618,-0.15851668096518348,0.8,0.08408003516464702,-0.012410828639099382,0.07166920652554763
Poland,-0.0079407191384441,28.98333333333333,50502,3869152,0.7142857142857143,77,France,1.3015141674773683,1.0021659089575734,-2.326936949218006,-2.921504547557966,0.1607669617,0.6404849552,True,99.26666666666668,-0.006114353736601958,0.2926068696570215,-0.1095668377734059,0.7142857142857143,0.033873854020099126,-0.00857837320245439,0.025295480817644735
Croatia,-0.0177995742707779,22.58333333333333,3441,3869219,0.8,114,Japan,0.8499782354004932,0.9859747530645722,0.5905502205255486,-5.5674642824926135,0.3200589971,0.5196095757,True,121.0,-0.020291514668686804,0.18084867496186524,-0.0951038108948205,0.8,0.004423607007629029,-0.0074460119449521805,-0.0030224049373231516
Croatia,0.0496384996498651,121.0,3471,3869219,0.9642857142857144,114,Japan,0.8499782354004932,0.9859747530645722,0.5905502205255486,-5.5674642824926135,0.6415929204,0.4851239595,True,121.0,0.05658788960084622,0.9689751883565623,-0.2658049898973125,0.9642857142857144,0.18900986994774877,-0.020810807802351398,0.16819906214539737
Croatia,-0.0149449775315266,98.41666666666669,5456,3869219,0.7714285714285715,114,Japan,0.8499782354004932,0.9859747530645722,0.5905502205255486,-5.5674642824926135,0.8716814159,0.8199589248,True,121.0,-0.017037274385940323,0.7881265133946972,0.05236085639359367,0.7714285714285715,0.09066958428464642,0.004099515660690077,0.0947690999453365
Croatia,0.0091721815434757,67.83333333333333,5460,3869219,0.5714285714285714,114,Japan,0.8499782354004932,0.9859747530645722,0.5905502205255486,-5.5674642824926135,0.3348082596,0.2768182077,True,121.0,0.010456286959562298,0.5432133631695879,-0.33797652438182413,0.5714285714285714,0.08469285169949252,-0.0264613711478258,0.058231480551666714
Croatia,0.0156800102448407,98.35,5463,3869219,0.92,114,Japan,0.8499782354004932,0.9859747530645722,0.5905502205255486,-5.5674642824926135,0.7536873156,0.6496819516,True,121.0,0.0178752116791184,0.7875926427675033,-0.08479777058280216,0.92,0.12550911058091893,-0.006639115790671716,0.11886999479024722
Croatia,0.0476289591740086,121.0,5469,3869219,1.0,114,Japan,0.8499782354004932,0.9859747530645722,0.5905502205255486,-5.5674642824926135,0.9336283186,0.7238709555,True,121.0,0.0542970134583698,0.9689751883565623,0.07258830194381005,1.0,0.18671899380527235,0.00568319353611561,0.19240218734138795
Croatia,0.0462941699270627,105.0,5474,3869219,0.8846153846153846,114,Japan,0.8499782354004932,0.9859747530645722,0.5905502205255486,-5.5674642824926135,0.2610619469,0.4245165374,True,121.0,0.05277535371685148,0.8408462378300747,-0.5191198214857224,0.8846153846153846,0.16768698955507272,-0.040643717168379494,0.12704327238669322
Croatia,0.0013189387910802,61.31666666666667,7693,3869219,0.9166666666666666,114,Japan,0.8499782354004932,0.9859747530645722,0.5905502205255486,-5.5674642824926135,0.3731563422,0.5268861006,True,121.0,0.001503590221831428,0.49102750936140394,-0.2349731853670768,0.9166666666666666,0.06860833756291332,-0.018396877354596136,0.05021146020831718
Croatia,0.0068902750168407,43.68333333333333,8654,3869219,1.0,114,Japan,0.8499782354004932,0.9859747530645722,0.5905502205255486,-5.5674642824926135,0.1504424779,0.520473713,True,121.0,0.0078549135191984,0.34981872846867074,-0.23309321769394187,1.0,0.05566180201633773,-0.018249688071447768,0.03741211394488997
Croatia,-0.0247953722484775,121.0,11127,3869219,0.85,114,Japan,0.8499782354004932,0.9859747530645722,0.5905502205255486,-5.5674642824926135,0.2227138643,0.4850810272,True,121.0,-0.02826672436326435,0.9689751883565623,-0.6028391300493485,0.85,0.1041552559836382,-0.047198396373372815,0.056956859610265385
Croatia,0.0572120148477638,53.16666666666667,11603,3869219,0.9333333333333332,114,Japan,0.8499782354004932,0.9859747530645722,0.5905502205255486,-5.5674642824926135,0.2876106195,0.617016465,True,121.0,0.06522169692645073,0.42576182518697436,-0.2168265853078158,0.9333333333333332,0.12340711253342307,-0.01697611619339554,0.10643099634002753
Croatia,-0.0224670823514153,22.65000000000001,28914,3869219,1.0,114,Japan,0.8499782354004932,0.9859747530645722,0.5905502205255486,-5.5674642824926135,0.709439528,0.5677756179,True,121.0,-0.025612473880613443,0.18138254558905903,-0.03283519927205662,1.0,-0.0008243924355114292,-0.0025707832703466787,-0.003395175705858108
Croatia,0.2375216581439896,121.0,29163,3869219,0.8888888888888888,114,Japan,0.8499782354004932,0.9859747530645722,0.5905502205255486,-5.5674642824926135,0.1091445428,0.2717599346,True,121.0,0.27077469028414813,0.9689751883565623,-0.7866296154091172,0.8888888888888888,0.4031966706310507,-0.06158800007569856,0.34160867055535216
Croatia,0.0009384057187336,121.0,33018,3869219,0.8857142857142857,114,Japan,0.8499782354004932,0.9859747530645722,0.5905502205255486,-5.5674642824926135,0.7654867257,0.6361837382,True,121.0,0.001069782519356304,0.9689751883565623,-0.10068109387823515,0.8857142857142857,0.13349176286625886,-0.007882677051472593,0.12560908581478628
Japan,0.0158104228969454,121.0,3300,3869219,0.925,107,Croatia,1.0246561782916976,1.0963821107721166,-14.610168767329412,-2.8425255493619366,0.7713864307,0.5045952533,True,121.0,0.016917152499731577,1.0963821107721166,0.03904848514584949,0.925,0.1667508036292337,0.0030572432807118785,0.16980804690994558
Japan,0.0102316769256718,47.1,3530,3869219,0.8,107,Croatia,1.0246561782916976,1.0963821107721166,-14.610168767329412,-2.8425255493619366,0.07079646018,0.435430576,True,121.0,0.010947894310468826,0.4267735323749313,-0.22562082358882557,0.8,0.06927157173360561,-0.017664648047913692,0.05160692368569192
Japan,0.0026444969041104,63.28333333333333,5690,3869219,0.9130434782608696,107,Croatia,1.0246561782916976,1.0963821107721166,-14.610168767329412,-2.8425255493619366,0.2433628319,0.43228279,True,121.0,0.002829611687398128,0.5734108642702103,-0.22820992482973712,0.9130434782608696,0.08119302399300689,-0.017867357892925463,0.06332566610008142
Japan,-0.0062700240755108,86.15,8361,3869219,0.8571428571428571,107,Croatia,1.0246561782916976,1.0963821107721166,-14.610168767329412,-2.8425255493619366,0.4808259587,0.6329892759,True,121.0,-0.006708925760796556,0.7806059408513871,-0.10438778726535389,0.8571428571428571,0.09997015725413409,-0.008172887117473897,0.0917972701366602
Japan,-0.0109850810426853,34.849999999999994,8776,3869219,1.0,107,Croatia,1.0246561782916976,1.0963821107721166,-14.610168767329412,-2.8425255493619366,0.3746312684,0.4410057839,True,121.0,-0.011754036715673271,0.3157761699207294,-0.09283902126988625,1.0,0.0314005313988982,-0.007268693597333971,0.02413183780156423
Japan,-0.0020026041510282,57.516666666666666,8949,3869219,0.8846153846153846,107,Croatia,1.0246561782916976,1.0963821107721166,-14.610168767329412,-2.8425255493619366,0.1194690265,0.3560699776,True,121.0,-0.0021427864416001742,0.5211590446659193,-0.2731517684062619,0.8846153846153846,0.06907979345480642,-0.021386012938926367,0.04769378051588005
Japan,-0.0154703497461269,73.9,9411,3869219,0.96,107,Croatia,1.0246561782916976,1.0963821107721166,-14.610168767329412,-2.8425255493619366,0.6563421829,0.5969393766,True,121.0,-0.016553274228355782,0.6696085783971854,-0.00960236994286788,0.96,0.07495669947800958,-0.0007518033254578864,0.07420489615255169
Japan,0.05237829385579,121.0,23527,3869219,1.0,107,Croatia,1.0246561782916976,1.0963821107721166,-14.610168767329412,-2.8425255493619366,0.1401179941,0.304962574,True,121.0,0.056044774425695304,1.0963821107721166,-0.5804005668924322,1.0,0.20587842555519742,-0.045441602321463145,0.16043682323373426
Japan,0.0658764526232773,121.0,23721,3869219,0.9285714285714286,107,Croatia,1.0246561782916976,1.0963821107721166,-14.610168767329412,-2.8425255493619366,0.9292035398,0.873363955,True,121.0,0.07048780430690671,1.0963821107721166,0.3378754214251959,0.9285714285714286,0.22032145543640883,0.026453455441655453,0.24677491087806427
Japan,0.035717357880417,121.0,23730,3869219,0.95,107,Croatia,1.0246561782916976,1.0963821107721166,-14.610168767329412,-2.8425255493619366,0.4233038348,0.3863559666,True,121.0,0.03821757293204619,1.0963821107721166,-0.3062017546467316,0.95,0.1880512240615483,-0.023973612636684065,0.16407761142486424
Japan,-0.004181244838343,63.48333333333333,30628,3869219,0.96875,107,Croatia,1.0246561782916976,1.0963821107721166,-14.610168767329412,-2.8425255493619366,0.3938053097,0.5656147755,True,121.0,-0.00447393197702701,0.5752230661061971,-0.1311645677762252,0.96875,0.0741371392560685,-0.010269335468548009,0.0638678037875205
Japan,-0.0143484940048033,57.71666666666667,37211,3869219,0.9142857142857144,107,Croatia,1.0246561782916976,1.0963821107721166,-14.610168767329412,-2.8425255493619366,0.1209439528,0.5249751142,True,121.0,-0.015352888585139531,0.5229712465019063,-0.2371357623474487,0.9142857142857144,0.056117350238753846,-0.018566193114671583,0.03755115712408226
Japan,0.0147876025629375,121.0,37215,3869219,1.0,107,Croatia,1.0246561782916976,1.0963821107721166,-14.610168767329412,-2.8425255493619366,0.6474926254,0.2745355574,True,121.0,0.015822734742343126,1.0963821107721166,-0.1687071868043773,1.0,0.16565638587184525,-0.013208679193034173,0.15244770667881108
Japan,0.0198473453480164,105.0,37221,3869219,0.9583333333333334,107,Croatia,1.0246561782916976,1.0963821107721166,-14.610168767329412,-2.8425255493619366,0.9616519174,0.5980371454,True,121.0,0.02123665952237755,0.951405963893159,0.20893603710373607,0.9583333333333334,0.15125759645293724,0.016358337414322466,0.1676159338672597
Morocco,0.0600845766946857,65.86666666666666,3625,3869220,0.6818181818181818,118,Spain,1.1604870705092574,1.3925844846111088,-3.659743790009029,-11.028088641938137,0.2477876106,0.5847363707,True,123.05,0.07089980049972913,0.7330040613747867,-0.47887672627878897,0.6818181818181818,0.17107352071046128,-0.03749294366316138,0.1335805770472999
Morocco,0.0217972851997782,41.43333333333334,3634,3869220,1.0,118,Spain,1.1604870705092574,1.3925844846111088,-3.659743790009029,-11.028088641938137,0.7876106195,0.5693813356,True,123.05,0.025720796535738274,0.4610951661380871,-0.16675149437256068,1.0,0.08873493328773226,-0.013055561152117137,0.07567937213561512
Morocco,0.069168205175553,123.05,5219,3869220,0.8444444444444444,118,Spain,1.1604870705092574,1.3925844846111088,-3.659743790009029,-11.028088641938137,0.7610619469,0.5835607247,True,123.05,0.08161848210715254,1.3693747432009238,-0.5094350330383812,0.8444444444444444,0.2687598222680421,-0.039885461008245277,0.22887436125979685
Morocco,0.0518633947243741,123.05,5234,3869220,0.9,118,Spain,1.1604870705092574,1.3925844846111088,-3.659743790009029,-11.028088641938137,0.9380530973,0.7846760658,True,123.05,0.061198805774761444,1.3693747432009238,-0.2950790260503333,0.9,0.248340145935651,-0.0231027750833831,0.22523737085226792
Morocco,0.0083724561245727,123.05,5237,3869220,0.9696969696969696,118,Spain,1.1604870705092574,1.3925844846111088,-3.659743790009029,-11.028088641938137,0.2684365782,0.5733153816,True,123.05,0.009879498226995785,1.3693747432009238,-0.8837278074712775,0.9696969696969696,0.19702083838788537,-0.06919015913878487,0.1278306792491005
Morocco,0.0574574897805057,123.05,5245,3869220,0.9318181818181818,118,Spain,1.1604870705092574,1.3925844846111088,-3.659743790009029,-11.028088641938137,0.2920353982,0.6030365114,True,123.05,0.06779983794099673,1.3693747432009238,-0.8539713748883033,0.9318181818181818,0.2549411781018863,-0.06686042334410645,0.18808075475777986
Morocco,0.022874601899972,81.61666666666666,6301,3869220,0.9285714285714286,118,Spain,1.1604870705092574,1.3925844846111088,-3.659743790009029,-11.028088641938137,0.3451327434,0.466162362,True,123.05,0.02699203024196696,0.9082795770628368,-0.5766911275298331,0.9285714285714286,0.15111923365086255,-0.045151177263380714,0.10596805638748183
Morocco,-0.0018546784409264,39.05,7459,3869220,1.0,118,Spain,1.1604870705092574,1.3925844846111088,-3.659743790009029,-11.028088641938137,0.6519174041,0.4958330712,True,123.05,-0.002188520560293152,0.43457199286465725,-0.19895898427562947,1.0,0.057200909210391435,-0.015577198847586581,0.04162371036280485
Morocco,0.1110401403358803,84.0,12149,3869220,1.0,118,Spain,1.1604870705092574,1.3925844846111088,-3.659743790009029,-11.028088641938137,0.598820059,0.3714592088,True,123.05,0.13102736559633876,0.9348027503362666,-0.489564457669495,1.0,0.25877927598654377,-0.03832972375484088,0.22044955223170287
Morocco,-0.0050628786053784,82.83333333333333,15890,3869220,0.96,118,Spain,1.1604870705092574,1.3925844846111088,-3.659743790009029,-11.028088641938137,0.2404129794,0.5371449225,True,123.05,-0.0059741967543465125,0.9218193788038185,-0.6189230194905693,0.96,0.12000338154710563,-0.04845766066335031,0.07154572088375533
Morocco,-0.0163644909515268,81.58333333333333,23774,3869220,0.9545454545454546,118,Spain,1.1604870705092574,1.3925844846111088,-3.659743790009029,-11.028088641938137,0.7684365782,0.7345391318,True,123.05,-0.019310099322801623,0.907908623590481,-0.2935871982146723,0.9545454545454546,0.10476640888355818,-0.022985974633646874,0.0817804342499113
Morocco,-0.0132480069534426,40.21666666666667,31295,3869220,0.8421052631578947,118,Spain,1.1604870705092574,1.3925844846111088,-3.659743790009029,-11.028088641938137,0.08849557522,0.4097605576,True,123.05,-0.015632648205062268,0.4475553643971054,-0.3546465280408426,0.8421052631578947,0.04553111365437516,-0.02776652438195565,0.017764589272419515
Morocco,-0.0137230338096717,119.5,46258,3869220,0.9444444444444444,118,Spain,1.1604870705092574,1.3925844846111088,-3.659743790009029,-11.028088641938137,0.7758112094,0.6536686645,True,123.05,-0.016193179895412607,1.3298681983950458,-0.4564287635959553,0.9444444444444444,0.16554912119541473,-0.03573541368929865,0.1298137075061161
Morocco,-0.0195464070307893,57.18333333333334,149714,3869220,0.875,118,Spain,1.1604870705092574,1.3925844846111088,-3.659743790009029,-11.028088641938137,0.4026548673,0.5996144081,True,123.05,-0.023064760296331373,0.636370681826137,-0.35887197335898996,0.875,0.06390285965382603,-0.028097349361687146,0.03580551029213888
Morocco,0.0049308805622464,41.46666666666667,296254,3869220,0.8571428571428571,118,Spain,1.1604870705092574,1.3925844846111088,-3.659743790009029,-11.028088641938137,0.6548672566,0.5586654845,True,123.05,0.005818439063450752,0.4614661196104427,-0.20195821879478146,0.8571428571428571,0.06888327101798052,-0.01581201946986445,0.053071251548116066
Spain,0.0057309105812407,60.48333333333333,3477,3869220,1.0,101,Morocco,0.87190571165222,0.8893438258852643,14.970295531065176,10.313320859661117,0.5147492625,0.5853062221,True,123.05,0.005788219687053107,0.432857549216005,0.37022268185120044,1.0,0.06494335034886912,0.028986036263099972,0.09392938661196909
Spain,-0.0171190561820806,123.05,4353,3869220,0.8421052631578947,101,Morocco,0.87190571165222,0.8893438258852643,14.970295531065176,10.313320859661117,0.691740413,0.3464181985,True,123.05,-0.017290246743901408,0.8806247687687422,0.8023842212618542,0.8421052631578947,0.10305759830327073,0.06282148359506279,0.1658790818983335
Spain,0.0289661481339066,123.05,5203,3869220,0.9047619047619048,101,Morocco,0.87190571165222,0.8893438258852643,14.970295531065176,10.313320859661117,0.9970501475,0.7990009755,True,123.05,0.029255809615245668,0.8806247687687422,1.360786663926421,0.9047619047619048,0.14960365466241782,0.1065407753779043,0.2561444300403221
Spain,-0.0157067658045819,97.5,5211,3869220,0.72,101,Morocco,0.87190571165222,0.8893438258852643,14.970295531065176,10.313320859661117,0.2050147493,0.4962014902,True,123.05,-0.015863833462627718,0.6977725717590603,0.30851569292243985,0.72,0.0794950847990487,0.024154779005083966,0.10364986380413266
Spain,0.0214496345273959,62.56666666666667,5719,3869220,0.875,101,Morocco,0.87190571165222,0.8893438258852643,14.970295531065176,10.313320859661117,0.7182890855,0.5936006418,True,123.05,0.02166413087266986,0.44776721955273713,0.4905485537567679,0.875,0.08285684525802597,0.038406772099716546,0.12126361735774252
Spain,0.0157127396200436,60.5,6583,3869220,1.0,101,Morocco,0.87190571165222,0.8893438258852643,14.970295531065176,10.313320859661117,0.8274336283,0.4534646363,True,123.05,0.015869867016244033,0.43297682657869896,0.4911911818575179,1.0,0.07504129834784838,0.03845708571458986,0.11349838406243824
Spain,0.005658723929721,75.06666666666666,6748,3869220,0.9655172413793104,101,Morocco,0.87190571165222,0.8893438258852643,14.970295531065176,10.313320859661117,0.0191740413,0.4792367437,True,123.05,0.00571531116901821,0.5372252415731295,0.11655053340500032,0.9655172413793104,0.0791335278956149,0.00912515130317921,0.08825867919879411
Spain,0.0760572605748166,123.05,6765,3869220,0.9714285714285714,101,Morocco,0.87190571165222,0.8893438258852643,14.970295531065176,10.313320859661117,0.8495575221,0.5523369646,True,123.05,0.07681783318056476,0.8806247687687422,1.0756784342223003,0.9714285714285714,0.1971656782277369,0.08421864901927832,0.28138432724701523
Spain,-0.0115974683681162,123.05,6840,3869220,0.9032258064516128,101,Morocco,0.87190571165222,0.8893438258852643,14.970295531065176,10.313320859661117,0.1902654867,0.4541240963,True,123.05,-0.011713443051797364,0.8806247687687422,0.3513162309805768,0.9032258064516128,0.10863440199537477,0.02750578370860447,0.13614018570397923
Spain,-0.006276841307244,97.35,16532,3869220,0.9047619047619048,101,Morocco,0.87190571165222,0.8893438258852643,14.970295531065176,10.313320859661117,0.1386430678,0.3715730293,True,123.05,-0.0063396097203164406,0.6966990754948155,0.20063300629546216,0.9047619047619048,0.08887260251326508,0.01570826392098908,0.10458086643425415
Spain,-0.001310454344003,123.05,30486,3869220,0.9117647058823528,101,Morocco,0.87190571165222,0.8893438258852643,14.970295531065176,10.313320859661117,0.7227138643,0.7035677237,True,123.05,-0.0013235588874430302,0.8806247687687422,1.029489666374165,0.9117647058823528,0.11902428615972911,0.08060236788517953,0.19962665404490865
Spain,0.0159723491476887,25.700000000000003,30756,3869220,1.0,101,Morocco,0.87190571165222,0.8893438258852643,14.970295531065176,10.313320859661117,0.02507374631,0.4280252542,True,123.05,0.016132072639165586,0.1839256932739267,0.03529789806051363,1.0,0.041267705452756195,0.002763596622652299,0.04403130207540849
Spain,0.1060435350618354,25.55,39161,3869220,0.875,101,Morocco,0.87190571165222,0.8893438258852643,14.970295531065176,10.313320859661117,0.1032448378,0.5636603576,True,123.05,0.10710397041245376,0.18285219700968194,0.06702527030067,0.875,0.13209289719794948,0.005247644217163727,0.1373405414151132
Spain,0.0018932966043772,42.83333333333334,68574,3869220,1.0,101,Morocco,0.87190571165222,0.8893438258852643,14.970295531065176,10.313320859661117,0.02359882006,0.4628588216,True,123.05,0.001912229570420972,0.30654282212321116,0.06494844290976934,1.0,0.043804950926405316,0.0050850420941283775,0.04888999302053369
Spain,0.0083546455817662,62.55,133353,3869220,0.9166666666666666,101,Morocco,0.87190571165222,0.8893438258852643,14.970295531065176,10.313320859661117,0.7064896755,0.8007736799,True,123.05,0.008438192037583862,0.4476479421900432,0.5419941825114214,0.9166666666666666,0.06961460575315165,0.042434631368640834,0.11204923712179249
Brazil,-0.1017087815359154,71.73333333333333,3063,3869253,0.7692307692307693,76,South Korea,0.8111311847268484,0.6245710122396733,-1.7495555148312025,2.7589115102736965,0.4793510324,0.4673425009,True,93.96666666666668,-0.0772986739672957,0.4705999557447517,0.12039875246112833,0.7692307692307693,-0.012985594706123635,0.009426441911716562,-0.0035591527944070726
Brazil,0.0327554774329252,93.96666666666668,3280,3869253,0.7083333333333334,76,South Korea,0.8111311847268484,0.6245710122396733,-1.7495555148312025,2.7589115102736965,0.4262536873,0.580522516,True,93.96666666666668,0.024894162849023155,0.6164597003924048,0.16330967170451538,0.7083333333333334,0.109140710449973,0.012786088746568473,0.12192679919654148
Brazil,-0.0220932730591394,93.96666666666668,3295,3869253,1.0,76,South Korea,0.8111311847268484,0.6245710122396733,-1.7495555148312025,2.7589115102736965,0.6784660767,0.5796374118,True,93.96666666666668,-0.016790887524945942,0.6164597003924048,0.34279752053488244,1.0,0.06745566007600391,0.026838823897662935,0.09429448397366685
Brazil,0.0089832895905873,80.28333333333333,4320,3869253,0.7,76,South Korea,0.8111311847268484,0.6245710122396733,-1.7495555148312025,2.7589115102736965,0.6371681416,0.3770885813,True,93.96666666666668,0.0068273000888463475,0.5266914467524323,0.20128258009703254,0.7,0.07880594850916832,0.015759121339215677,0.094565069848384
Brazil,0.0067495560736579,31.41666666666667,4324,3869253,1.0,76,South Korea,0.8111311847268484,0.6245710122396733,-1.7495555148312025,2.7589115102736965,0.4852507375,0.6882398957,True,93.96666666666668,0.005129662615980004,0.20610616091516193,0.08249127167303383,1.0,0.033296520052622514,0.006458531876404095,0.039755051929026605
Brazil,-0.0367038479420987,93.96666666666668,4372,3869253,1.0,76,South Korea,0.8111311847268484,0.6245710122396733,-1.7495555148312025,2.7589115102736965,0.6961651917,0.4704341254,True,93.96666666666668,-0.027894924435995012,0.6164597003924048,0.3134912907222683,1.0,0.05635162316495484,0.02454433606175937,0.0808959592267142
Brazil,0.0227490503620946,93.96666666666668,5539,3869253,0.8378378378378378,76,South Korea,0.8111311847268484,0.6245710122396733,-1.7495555148312025,2.7589115102736965,0.9749262537,0.8034424712,True,93.96666666666668,0.0172892782751919,0.6164597003924048,0.6400979299625429,0.8378378378378378,0.10153582587614175,0.05011551890082915,0.1516513447769709
Brazil,-0.0238928731506152,93.96666666666668,10595,3869253,0.7,76,South Korea,0.8111311847268484,0.6245710122396733,-1.7495555148312025,2.7589115102736965,0.06489675516,0.3811783817,True,93.96666666666668,-0.01815858359446755,0.6164597003924048,-0.17087105717592213,0.7,0.0660879640064823,-0.013378096217254897,0.0527098677892274
Brazil,-0.0279317517959494,22.23333333333333,11493,3869253,0.6666666666666666,76,South Korea,0.8111311847268484,0.6245710122396733,-1.7495555148312025,2.7589115102736965,0.4336283186,0.4894718529,True,93.96666666666668,-0.02122813136492154,0.14585974464765303,0.03161359847627117,0.6666666666666666,-0.001294663025143774,0.0024751398462630604,0.0011804768211192865
Brazil,-0.0048249269046776,62.55,13620,3869253,0.5714285714285714,76,South Korea,0.8111311847268484,0.6245710122396733,-1.7495555148312025,2.7589115102736965,0.395280236,0.5746737395,True,93.96666666666668,-0.0036669444475549763,0.41035353947724273,0.09251370650750365,0.5714285714285714,0.05241274571675234,0.0072432235600791125,0.05965596927683146
Brazil,-0.0024206396255557,71.76666666666667,18395,3869253,0.8,76,South Korea,0.8111311847268484,0.6245710122396733,-1.7495555148312025,2.7589115102736965,0.05752212389,0.3916793217,True,93.96666666666668,-0.0018396861154223322,0.47081863602158475,-0.13143886866025647,0.8,0.06250327840562946,-0.010290811449791985,0.05221246695583747
Brazil,0.0131221775065801,93.96666666666668,22600,3869253,0.9411764705882352,76,South Korea,0.8111311847268484,0.6245710122396733,-1.7495555148312025,2.7589115102736965,0.8672566372,0.7848892297,True,93.96666666666668,0.009972854905000876,0.6164597003924048,0.5562063696817758,0.9411764705882352,0.09421940250595073,0.04354735350289254,0.13776675600884328
Brazil,0.0095422202218089,22.200000000000003,29976,3869253,1.0,76,South Korea,0.8111311847268484,0.6245710122396733,-1.7495555148312025,2.7589115102736965,0.0796460177,0.2564835255,True,93.96666666666668,0.007252087368574764,0.14564106437082,-0.049194722717402946,1.0,0.027155670448472814,-0.003851627916230455,0.02330404253224236
South Korea,-0.0684040142913489,93.96666666666668,3083,3869253,0.8333333333333334,85,Brazil,1.6029923560741046,1.3785734262237301,2.4677538235217122,-0.9794433878654071,0.2654867257,0.2457636807,True,93.96666666666668,-0.05814341214764657,1.362543502662989,-0.31319558610894704,0.8333333333333334,0.12806435777209615,-0.02452118430724763,0.10354317346484852
South Korea,-0.0059193958592132,93.96666666666668,5604,3869253,0.8823529411764706,85,Brazil,1.6029923560741046,1.3785734262237301,2.4677538235217122,-0.9794433878654071,0.5693215339,0.370053925,True,93.96666666666668,-0.00503148648033122,1.362543502662989,-0.06610142272855962,0.8823529411764706,0.1811762834394115,-0.005175312940503775,0.17600097049890773
South Korea,-0.0566508927436854,45.0,5618,3869253,0.7142857142857143,85,Brazil,1.6029923560741046,1.3785734262237301,2.4677538235217122,-0.9794433878654071,0.9454277286,0.6615692054,True,93.96666666666668,-0.04815325883213259,0.6525128515768127,0.1384807925609362,0.7142857142857143,0.04102038054057143,0.0108421484465596,0.05186252898713103
South Korea,0.2087252603967879,93.96666666666668,5620,3869253,0.6585365853658537,85,Brazil,1.6029923560741046,1.3785734262237301,2.4677538235217122,-0.9794433878654071,0.1622418879,0.5308765577,True,93.96666666666668,0.1774164713372697,1.362543502662989,-0.2796880309968338,0.6585365853658537,0.3636242412570124,-0.021897759932730517,0.3417264813242819
South Korea,-0.0118545987481726,73.46666666666667,5623,3869253,0.8285714285714286,85,Brazil,1.6029923560741046,1.3785734262237301,2.4677538235217122,-0.9794433878654071,0.7168141593,0.7344642499,True,93.96666666666668,-0.010076408935946711,1.0652876480557743,0.12741399992506067,0.8285714285714286,0.13550781415845303,0.00997569031639937,0.1454835044748524
South Korea,-0.0195687754244266,48.96666666666667,5986,3869253,1.0,85,Brazil,1.6029923560741046,1.3785734262237301,2.4677538235217122,-0.9794433878654071,0.06637168142,0.2259127356,True,93.96666666666668,-0.01663345911076261,0.7100306510861762,-0.23607179484876586,1.0,0.08040067143627606,-0.01848289135599658,0.06191778008027948
South Korea,-0.0030483583004663,20.5,22740,3869253,0.7777777777777778,85,Brazil,1.6029923560741046,1.3785734262237301,2.4677538235217122,-0.9794433878654071,0.6755162242,0.7170666858,True,93.96666666666668,-0.002591104555396355,0.29725585460721465,0.028186803535460173,0.7777777777777778,0.038032442269946586,0.0022068440143494517,0.04023928628429604
South Korea,0.018131902749729,64.43333333333334,23763,3869253,0.8695652173913043,85,Brazil,1.6029923560741046,1.3785734262237301,2.4677538235217122,-0.9794433878654071,0.8775811209,0.588436286,True,93.96666666666668,0.01541211733726965,0.9343017348873918,0.14928290532510488,0.8695652173913043,0.14309555800944512,0.011687883858378947,0.15478344186782406
South Korea,-0.0164430127888153,45.0,40538,3869253,0.8333333333333334,85,Brazil,1.6029923560741046,1.3785734262237301,2.4677538235217122,-0.9794433878654071,0.08702064897,0.3989753159,True,93.96666666666668,-0.013976560870493007,0.6525128515768127,-0.18061619530940953,0.8333333333333334,0.07519707850221101,-0.014141077366637082,0.061056001135573926
South Korea,-0.0170323366283623,79.51666666666667,40542,3869253,0.90625,85,Brazil,1.6029923560741046,1.3785734262237301,2.4677538235217122,-0.9794433878654071,0.1061946903,0.3931587387,True,93.96666666666668,-0.014477486134107953,1.153014375878879,-0.31010832880020467,0.90625,0.1430956373648442,-0.02427947207109487,0.11881616529374933
South Korea,-0.0011165294983445,48.96666666666667,40558,3869253,0.7777777777777778,85,Brazil,1.6029923560741046,1.3785734262237301,2.4677538235217122,-0.9794433878654071,0.9837758112,0.7943318387,True,93.96666666666668,-0.0009490500735928251,0.7100306510861762,0.18883276519485667,0.7777777777777778,0.09608508047344586,0.014784381530139386,0.11086946200358525
South Korea,0.0369198344093218,93.96666666666668,40672,3869253,0.5416666666666666,85,Brazil,1.6029923560741046,1.3785734262237301,2.4677538235217122,-0.9794433878654071,0.2979351032,0.4227393401,True,93.96666666666668,0.03138185924792353,1.362543502662989,-0.2280609625315642,0.5416666666666666,0.21758962916766625,-0.017855695110528973,0.19973393405713727
South Korea,0.0090106409448156,93.96666666666668,43565,3869253,0.9545454545454546,85,Brazil,1.6029923560741046,1.3785734262237301,2.4677538235217122,-0.9794433878654071,0.616519174,0.4772958045,True,93.96666666666668,0.007659044803093259,1.362543502662989,0.0038382854526560206,0.9545454545454546,0.19386681472283598,0.00030051287177356866,0.19416732759460956
Portugal,-0.0092626780045348,80.65,3193,3869254,0.8181818181818182,86,Switzerland,0.9684224409178886,0.8328432991893843,5.737833126617153,-3.5677155107176084,0.7330383481,0.6690818579,True,94.13333333333334,-0.007965903083899929,0.7135497033954373,-0.02850710772829118,0.8181818181818182,0.08954914780179785,-0.0022319217564861532,0.0873172260453117
Portugal,-0.0084691655884191,86.66666666666667,5204,3869254,0.875,86,Switzerland,0.9684224409178886,0.8328432991893843,5.737833126617153,-3.5677155107176084,0.5914454277,0.6592990354,True,94.13333333333334,-0.007283482406040427,0.7667820743245038,-0.11655106437660681,0.875,0.09750640488588526,-0.009125192874814324,0.08838121201107094
Portugal,-0.0297380438537136,94.13333333333334,5206,3869254,0.8,86,Switzerland,0.9684224409178886,0.8328432991893843,5.737833126617153,-3.5677155107176084,0.5516224189,0.444287858,True,94.13333333333334,-0.025574717714193694,0.8328432991893843,-0.2254639119593857,0.8,0.08824322140595944,-0.01765236288440533,0.07059085852155411
Portugal,0.0035815405541471,21.31666666666668,5207,3869254,1.0,86,Switzerland,0.9684224409178886,0.8328432991893843,5.737833126617153,-3.5677155107176084,0.51179941,0.4091717362,True,94.13333333333334,0.003080124876566506,0.18859889866558482,-0.059507849448657835,1.0,0.028854406770099785,-0.004659078891204075,0.02419532787889571
Portugal,-0.0181644685437215,94.13333333333334,5209,3869254,0.8421052631578947,86,Switzerland,0.9684224409178886,0.8328432991893843,5.737833126617153,-3.5677155107176084,0.1814159292,0.3137067844,True,94.13333333333334,-0.015621442947600492,0.8328432991893843,-0.5053823571183274,0.8421052631578947,0.09819649617255265,-0.03956816275252012,0.05862833342003253
Portugal,-0.0468066647831824,94.13333333333334,5214,3869254,0.875,86,Switzerland,0.9684224409178886,0.8328432991893843,5.737833126617153,-3.5677155107176084,0.9056047198,0.7149854679,True,94.13333333333334,-0.04025373171353686,0.8328432991893843,0.09208661141855329,0.875,0.07356420740661629,0.007209784782978247,0.08077399218959454
Portugal,0.0124710033980325,21.55000000000001,10868,3869254,0.8888888888888888,86,Switzerland,0.9684224409178886,0.8328432991893843,5.737833126617153,-3.5677155107176084,0.4454277286,0.4981104798,True,94.13333333333334,0.010725062922307951,0.19066331194261232,-0.06284772295769728,0.8888888888888888,0.036781471435473334,-0.0049205693384211735,0.03186090209705216
Portugal,-0.023008684246674,73.06666666666666,11184,3869254,0.84,86,Switzerland,0.9684224409178886,0.8328432991893843,5.737833126617153,-3.5677155107176084,0.883480826,0.8780123745,True,94.13333333333334,-0.019787468452139637,0.6464562718920432,0.10386285729291259,0.84,0.06855846729551464,0.00813178850314619,0.07669025579866083
Portugal,7.183715963085177e-05,72.81666666666666,12041,3869254,0.9333333333333332,86,Switzerland,0.9684224409178886,0.8328432991893843,5.737833126617153,-3.5677155107176084,0.5855457227,0.4387790454,True,94.13333333333334,6.177995728253252e-05,0.6442444005237995,-0.15919075568376895,0.9333333333333332,0.0881054371839024,-0.012463604320317127,0.07564183286358528
Portugal,-0.0184843040899602,94.13333333333334,16028,3869254,0.84375,86,Switzerland,0.9684224409178886,0.8328432991893843,5.737833126617153,-3.5677155107176084,0.2109144543,0.4082943698,True,94.13333333333334,-0.015896501517365772,0.8328432991893843,-0.4542746731173105,0.84375,0.09792143760278738,-0.03556676236730025,0.06235467523548713
Portugal,-0.0259367332943372,94.13333333333334,20016,3869254,0.9545454545454546,86,Switzerland,0.9684224409178886,0.8328432991893843,5.737833126617153,-3.5677155107176084,0.5073746313,0.4674710482,True,94.13333333333334,-0.022305590633129993,0.8328432991893843,-0.2456479917485734,0.9545454545454546,0.09151234848702315,-0.019232645501832436,0.07227970298519071
Portugal,-0.0228973364958321,21.06666666666668,34639,3869254,1.0,86,Switzerland,0.9684224409178886,0.8328432991893843,5.737833126617153,-3.5677155107176084,0.8053097345,0.6279462288,True,94.13333333333334,-0.019691709386415606,0.18638702729734105,-0.00031878567002772973,1.0,0.0057802939860832694,-2.495885164403369e-05,0.005755335134439236
Portugal,0.0071156532009204,72.58333333333333,38803,3869254,0.7894736842105263,86,Switzerland,0.9684224409178886,0.8328432991893843,5.737833126617153,-3.5677155107176084,0.4926253687,0.3992603664,True,94.13333333333334,0.006119461752791544,0.6421799872467719,-0.21463381856739422,0.7894736842105263,0.0938809923597793,-0.016804436770793536,0.07707655558898577
Switzerland,-0.0131161352128479,94.13333333333334,3500,3869254,1.0,77,Portugal,1.0971540748884356,0.8448086376640954,-3.7629392321772093,3.783121184824836,0.9233038348,0.6152632299,True,94.13333333333334,-0.010099424113892884,0.8448086376640954,0.6064888526585908,1.0,0.10535372077353031,0.04748414599674211,0.15283786677027242
Switzerland,0.0100861118397515,94.13333333333334,3533,3869254,1.0,77,Portugal,1.0971540748884356,0.8448086376640954,-3.7629392321772093,3.783121184824836,0.2507374631,0.3752829288,True,94.13333333333334,0.007766306116608655,0.8448086376640954,0.023624026442528756,1.0,0.12321945100403185,0.0018496081431844634,0.1250690591472163
Switzerland,-0.0160890687161711,94.13333333333334,3913,3869254,0.5789473684210527,77,Portugal,1.0971540748884356,0.8448086376640954,-3.7629392321772093,3.783121184824836,0.1548672566,0.2726048521,True,94.13333333333334,-0.012388582911451746,0.8448086376640954,-0.08626172467583451,0.5789473684210527,0.10306456197597146,-0.006753733907033382,0.09631082806893808
Switzerland,-0.0139615523621501,45.0,5537,3869254,0.5,77,Portugal,1.0971540748884356,0.8448086376640954,-3.7629392321772093,3.783121184824836,0.401179941,0.428482533,True,94.13333333333334,-0.010750395318855577,0.40385682041307674,0.07352992801460659,0.5,0.04444144094106698,0.005756916753985224,0.0501983576950522
Switzerland,0.0104491557331764,40.53333333333334,5538,3869254,1.0,77,Portugal,1.0971540748884356,0.8448086376640954,-3.7629392321772093,3.783121184824836,0.8259587021,0.4672761056,True,94.13333333333334,0.008045849914545827,0.36377029157207513,0.20573616699920277,1.0,0.05775938539015016,0.016107808326197903,0.07386719371634806
Switzerland,-0.0238570234709361,40.23333333333334,5543,3869254,1.0,77,Portugal,1.0971540748884356,0.8448086376640954,-3.7629392321772093,3.783121184824836,0.494100295,0.518937885,True,94.13333333333334,-0.0183699080726208,0.3610779127693213,0.10974579191935427,1.0,0.030975681827917382,0.008592384152129203,0.039568065980046585
Switzerland,-0.0046077804134482,94.13333333333334,5544,3869254,0.9130434782608696,77,Portugal,1.0971540748884356,0.8448086376640954,-3.7629392321772093,3.783121184824836,0.2212389381,0.2032220189,True,94.13333333333334,-0.0035479909183551137,0.8448086376640954,-0.06517145251896264,0.9130434782608696,0.11190515396906808,-0.005102502301014607,0.10680265166805347
Switzerland,-0.018282596059873,88.6,5545,3869254,0.7058823529411765,77,Portugal,1.0971540748884356,0.8448086376640954,-3.7629392321772093,3.783121184824836,0.3303834808,0.4762614357,True,94.13333333333334,-0.014077598966102209,0.7951492064133022,0.11393464531702284,0.7058823529411765,0.09458899420343421,0.008920344221670354,0.10350933842510457
Switzerland,-0.0012492654164704,94.13333333333334,5549,3869254,0.8636363636363636,77,Portugal,1.0971540748884356,0.8448086376640954,-3.7629392321772093,3.783121184824836,0.5796460177,0.4160114499,True,94.13333333333334,-0.0009619343706822081,0.8448086376640954,0.27866932477365136,0.8636363636363636,0.114491210516741,0.021818001838550646,0.13630921235529164
Switzerland,-0.003195866528066,53.6,6983,3869254,0.8,77,Portugal,1.0971540748884356,0.8448086376640954,-3.7629392321772093,3.783121184824836,0.8628318584,0.7442939984,True,94.13333333333334,-0.00246081722661082,0.4810383460920203,0.34906578292990553,0.8,0.06327879218520804,0.0273295882132912,0.09060838039849925
Switzerland,-0.0017027404813837,53.9,16026,3869254,0.9230769230769232,77,Portugal,1.0971540748884356,0.8448086376640954,-3.7629392321772093,3.783121184824836,0.8554572271,0.7545403399,True,94.13333333333334,-0.001311110170665449,0.4837307248947741,0.3502463785548674,0.9230769230769232,0.06479644481621957,0.02742202119828847,0.09221846601450805
Switzerland,-0.0040368322592578,28.41666666666667,29006,3869254,1.0,77,Portugal,1.0971540748884356,0.8448086376640954,-3.7629392321772093,3.783121184824836,0.2994100295,0.440353812,True,94.13333333333334,-0.0031083608396285057,0.25502810326085035,0.025502000813220252,1.0,0.03174426168747075,0.0019966413636717875,0.03374090305114254
Switzerland,-0.0099505258623189,49.13333333333334,29012,3869254,0.8888888888888888,77,Portugal,1.0971540748884356,0.8448086376640954,-3.7629392321772093,3.783121184824836,0.3643067847,0.3695327469,True,94.13333333333334,-0.007661904913985554,0.4409518172510187,0.054248453875738,0.8888888888888888,0.05259940371351509,0.004247302308428646,0.056846706021943735
Switzerland,-0.0100958357717596,65.71666666666667,30401,3869254,0.9090909090909092,77,Portugal,1.0971540748884356,0.8448086376640954,-3.7629392321772093,3.783121184824836,0.1474926254,0.335372867,True,94.13333333333334,-0.007773793544254892,0.5897805344032451,-0.04681121351381837,0.9090909090909092,0.07282672881606905,-0.0036650145951257714,0.06916171422094328
Argentina,-0.0520990821646581,121.05,3090,3869321,0.8863636363636364,105,Netherlands,1.1268362245861638,1.216983122553057,-3.97330801604453,-1.4128543793236714,0.5678466077,0.4491953689,True,121.05,-0.054704036272891,1.183178035815472,-0.06004115493811519,0.8863636363636364,0.10699130999431264,-0.0047008332542253384,0.1022904767400873
Argentina,-0.001935538220963,121.05,5503,3869321,0.78125,105,Netherlands,1.1268362245861638,1.216983122553057,-3.97330801604453,-1.4128543793236714,0.7433628319,0.5078645975,True,121.05,-0.00203231513201115,1.183178035815472,0.11737896085423868,0.78125,0.15966303113519248,0.009190011802716681,0.16885304293790915
Argentina,-0.0173038777499987,43.89999999999999,5507,3869321,0.8,105,Netherlands,1.1268362245861638,1.216983122553057,-3.97330801604453,-1.4128543793236714,0.1725663717,0.5207345516,True,121.05,-0.018169071637498636,0.42909141488888236,-0.13261087075067246,0.8,0.04047137199017785,-0.010382571616736268,0.030088800373441582
Argentina,-0.0337572334947932,43.58333333333333,7161,3869321,0.8333333333333334,105,Netherlands,1.1268362245861638,1.216983122553057,-3.97330801604453,-1.4128543793236714,0.2772861357,0.140404582,True,121.05,-0.035445095169532856,0.42599622245042806,-0.1625203611268097,0.8333333333333334,0.022772353610411723,-0.012724290844522534,0.010048062765889189
Argentina,-0.0120210797354233,65.78333333333333,7797,3869321,0.8620689655172413,105,Netherlands,1.1268362245861638,1.216983122553057,-3.97330801604453,-1.4128543793236714,0.7404129794,0.6602228286,True,121.05,-0.012622133722194465,0.6429855028725964,0.10060765147721532,0.8620689655172413,0.07524948017242934,0.007876926987514962,0.08312640715994431
Argentina,-0.0460862038423301,40.133333333333326,11456,3869321,1.0,105,Netherlands,1.1268362245861638,1.216983122553057,-3.97330801604453,-1.4128543793236714,0.4085545723,0.4773759282,True,121.05,-0.0483905140344466,0.39227491535779374,-0.060838506854603805,1.0,0.005218517193892415,-0.004763260740975274,0.00045525645291714066
Argentina,-0.0165108841668783,55.266666666666666,16308,3869321,0.6538461538461539,105,Netherlands,1.1268362245861638,1.216983122553057,-3.97330801604453,-1.4128543793236714,0.9203539823,0.8037512343,True,121.05,-0.017336428375222215,0.5401925329428755,0.18512875916134197,0.6538461538461539,0.0564873039973576,0.01449438186650627,0.07098168586386387
Argentina,-0.0252468795058311,77.15,19597,3869321,0.625,105,Netherlands,1.1268362245861638,1.216983122553057,-3.97330801604453,-1.4128543793236714,0.08407079646,0.4874957193,True,121.05,-0.026509223481122654,0.7540866209265896,-0.29113967476775454,0.625,0.0765456791584045,-0.022794349412219573,0.053751329746184934
Argentina,-0.0195082273270502,77.46666666666667,20572,3869321,1.0,105,Netherlands,1.1268362245861638,1.216983122553057,-3.97330801604453,-1.4128543793236714,0.5221238938,0.4123572127,True,121.05,-0.02048363869340271,0.7571818133650439,-0.07436446492284447,1.0,0.08299425879385634,-0.005822255584561793,0.07717200320929454
Argentina,-0.0336342997603799,111.01666666666668,27768,3869321,0.8333333333333334,105,Netherlands,1.1268362245861638,1.216983122553057,-3.97330801604453,-1.4128543793236714,0.3554572271,0.397506632,True,121.05,-0.03531601474839889,1.0851093069760236,-0.24379553859573996,0.8333333333333334,0.11297707371171999,-0.019087610427278832,0.09388946328444116
Argentina,-0.0206944524240484,121.05,27886,3869321,0.8648648648648649,105,Netherlands,1.1268362245861638,1.216983122553057,-3.97330801604453,-1.4128543793236714,0.8510324484,0.636292317,True,121.05,-0.021729175045250817,1.183178035815472,0.2688557589540489,0.8648648648648649,0.13996617122195282,0.02104966324488327,0.1610158344668361
Argentina,-0.0225468282960777,105.0,29201,3869321,0.88,105,Netherlands,1.1268362245861638,1.216983122553057,-3.97330801604453,-1.4128543793236714,0.1415929204,0.509514246,True,121.05,-0.023674169710881585,1.0263006506453909,-0.3446836058412023,0.88,0.11658201664233099,-0.026986492151836135,0.08959552449049485
Argentina,-0.00169261715695,80.91666666666667,29560,3869321,0.7,105,Netherlands,1.1268362245861638,1.216983122553057,-3.97330801604453,-1.4128543793236714,0.3790560472,0.6058950036,True,121.05,-0.0017772480147975,0.7909031204576782,-0.09992628512772703,0.7,0.1063090670240671,-0.007823580418860745,0.09848548660520635
Argentina,-0.0072637441547062,121.05,38718,3869321,0.925,105,Netherlands,1.1268362245861638,1.216983122553057,-3.97330801604453,-1.4128543793236714,0.889380531,0.7787828594,True,121.05,-0.00762693136244151,1.183178035815472,0.3674345875784037,0.925,0.15406841490476214,0.028767746553533476,0.18283616145829562
Netherlands,0.0032282914623527,77.95,2988,3869321,0.56,110,Argentina,1.3740120640741063,1.5251533911222581,9.04707121265687,-0.7008850604467288,0.4424778761,0.5290209839,True,121.05,0.00355112060858797,0.9732727338623234,-0.053611059775801134,0.56,0.13656041164552898,-0.004197398481893022,0.13236301316363597
Netherlands,0.0351340505958071,121.05,3306,3869321,0.8571428571428571,110,Argentina,1.3740120640741063,1.5251533911222581,9.04707121265687,-0.7008850604467288,0.4837758112,0.3478771477,True,121.05,0.03864745565538781,1.5114132704815169,-0.13193152765021643,0.8571428571428571,0.24520004936958545,-0.010329383455366891,0.23487066591421857
Netherlands,0.0690320391190813,64.01666666666667,3311,3869321,0.8333333333333334,110,Argentina,1.3740120640741063,1.5251533911222581,9.04707121265687,-0.7008850604467288,0.1253687316,0.4101641711,True,121.05,0.07593524303098943,0.7993030940271936,-0.21847222037658517,0.8333333333333334,0.18516951433158607,-0.017104958752529584,0.16806455557905647
Netherlands,0.035385069584929,121.05,3669,3869321,0.8888888888888888,110,Argentina,1.3740120640741063,1.5251533911222581,9.04707121265687,-0.7008850604467288,0.703539823,0.447794578,True,121.05,0.0389235765434219,1.5114132704815169,0.10484585119922318,0.8888888888888888,0.24547617025761956,0.008208750554396679,0.2536849208120162
Netherlands,-0.0237258022993631,45.0,6994,3869321,0.8095238095238095,110,Argentina,1.3740120640741063,1.5251533911222581,9.04707121265687,-0.7008850604467288,0.9218289086,0.8313958887,True,121.05,-0.026098382529299413,0.561863669323984,0.1756720233932338,0.8095238095238095,0.050686968293822396,0.013753980752953995,0.06444094904677639
Netherlands,0.0042203838210479,76.05,7745,3869321,0.9,110,Argentina,1.3740120640741063,1.5251533911222581,9.04707121265687,-0.7008850604467288,0.7477876106,0.4862020094,True,121.05,0.00464242220315269,0.949549601157533,0.10117580022820148,0.9,0.13440966509422855,0.00792140935206533,0.1423310744462939
Netherlands,0.0053539709293953,43.1,7829,3869321,0.6785714285714286,110,Argentina,1.3740120640741063,1.5251533911222581,9.04707121265687,-0.7008850604467288,0.7551622419,0.7261598459,True,121.05,0.00588936802233483,0.5381405366191936,0.09943036052690797,0.6785714285714286,0.0794326706995915,0.007784752737122752,0.08721742343671426
Netherlands,-0.014137246483025,76.05,7891,3869321,0.6666666666666666,110,Argentina,1.3740120640741063,1.5251533911222581,9.04707121265687,-0.7008850604467288,0.7861356932,0.7761150665,True,121.05,-0.0155509711313275,0.949549601157533,0.20691410632466947,0.6666666666666666,0.11421627175974836,0.01620003334016242,0.13041630509991078
Netherlands,-0.023639541126132,121.05,8118,3869321,0.8809523809523809,110,Argentina,1.3740120640741063,1.5251533911222581,9.04707121265687,-0.7008850604467288,0.9026548673,0.7395062986,True,121.05,-0.026003495238745202,1.5114132704815169,0.41313695570853015,0.8809523809523809,0.18054909847545245,0.03234594574247951,0.21289504421793196
Netherlands,-0.0597613912927773,121.05,8125,3869321,0.8888888888888888,110,Argentina,1.3740120640741063,1.5251533911222581,9.04707121265687,-0.7008850604467288,0.07522123894,0.3321846448,True,121.05,-0.06573753042205503,1.5114132704815169,-0.492858363891252,0.8888888888888888,0.1408150632921426,-0.03858761526141657,0.10222744803072603
Netherlands,0.0183660251243357,45.0,8259,3869321,0.75,110,Argentina,1.3740120640741063,1.5251533911222581,9.04707121265687,-0.7008850604467288,0.5162241888,0.4249877942,True,121.05,0.020202627636769267,0.561863669323984,-0.02524506945114368,0.75,0.09698797845989107,-0.0019765253034103245,0.09501145315648074
Netherlands,0.0061574341467372,57.03333333333333,20033,3869321,0.7894736842105263,110,Argentina,1.3740120640741063,1.5251533911222581,9.04707121265687,-0.7008850604467288,0.1784660767,0.5385714229,True,121.05,0.00677317756141092,0.7121101764543234,-0.14479110700182474,0.7894736842105263,0.10409149997501196,-0.011336205164804306,0.09275529481020765
Netherlands,-0.0301428117936192,112.68333333333334,20750,3869321,0.8222222222222222,110,Argentina,1.3740120640741063,1.5251533911222581,9.04707121265687,-0.7008850604467288,0.5265486726,0.590365244,True,121.05,-0.03315709297298112,1.406948247518317,0.016850026679016694,0.8222222222222222,0.15911911329188058,0.0013192478697144855,0.16043836116159507
Netherlands,0.0655211834107518,121.05,21809,3869321,0.7954545454545454,110,Argentina,1.3740120640741063,1.5251533911222581,9.04707121265687,-0.7008850604467288,0.5191740413,0.5915461318,True,121.05,0.07207330175182698,1.5114132704815169,0.01226857208013818,0.7954545454545454,0.2786258954660246,0.0009605496708985282,0.27958644513692316
England,-0.0146869994461469,100.48333333333332,3205,3869354,0.875,81,France,1.3015141674773683,1.0802567590062155,4.457902439666489,1.4389248142063962,0.3171091445,0.223624594,True,100.48333333333332,-0.01189646955137899,1.0542264756566684,-0.15019284714456355,0.875,0.132176112820277,-0.011759126404741195,0.1204169864155358
England,-0.0306508125381907,21.63333333333334,3233,3869354,0.6666666666666666,81,France,1.3015141674773683,1.0802567590062155,4.457902439666489,1.4389248142063962,0.4306784661,0.5235398776,True,100.48333333333332,-0.02482715815593447,0.22696731885923968,0.011701501866709745,0.6666666666666666,0.006190624547400998,0.0009161517488480181,0.007106776296249016
England,0.2011856340974775,97.06666666666666,3244,3869354,0.7,81,France,1.3015141674773683,1.0802567590062155,4.457902439666489,1.4389248142063962,0.7817109145,0.462803409,True,100.48333333333332,0.16296036361895677,1.0183803274547083,0.2811728697105341,0.7,0.3021341436376206,0.02201401317951962,0.3241481568171402
England,-0.0339642353463431,100.48333333333332,3336,3869354,0.8823529411764706,81,France,1.3015141674773683,1.0802567590062155,4.457902439666489,1.4389248142063962,0.6637168142,0.4822305225,True,100.48333333333332,-0.027511030630537912,1.0542264756566684,0.2111049193283155,0.8823529411764706,0.11656155174111807,0.016528146834149746,0.1330896985752678
England,-0.0166063953041618,100.48333333333332,3382,3869354,0.9333333333333332,81,France,1.3015141674773683,1.0802567590062155,4.457902439666489,1.4389248142063962,0.1342182891,0.315251099,True,100.48333333333332,-0.013451180196371058,1.0542264756566684,-0.2495072175289167,0.9333333333333332,0.13062140217528492,-0.019534797865531972,0.11108660430975295
England,0.0052489146461289,78.8,3532,3869354,0.7391304347826086,81,France,1.3015141674773683,1.0802567590062155,4.457902439666489,1.4389248142063962,0.6946902655,0.4822045634,True,100.48333333333332,0.004251620863364409,0.8267345790188636,0.18360489424700288,0.7391304347826086,0.11723473074115336,0.014375073121168912,0.13160980386232227
England,-0.0266904986564201,100.48333333333332,3943,3869354,0.8636363636363636,81,France,1.3015141674773683,1.0802567590062155,4.457902439666489,1.4389248142063962,0.9557522124,0.7569595248,True,100.48333333333332,-0.021619303911700277,1.0542264756566684,0.5382770548864684,0.8636363636363636,0.12245327845995571,0.042143604369450215,0.16459688282940593
England,0.0703326886348198,84.46666666666667,4354,3869354,0.8888888888888888,81,France,1.3015141674773683,1.0802567590062155,4.457902439666489,1.4389248142063962,0.4764011799,0.3875183835,True,100.48333333333332,0.05696947779420403,0.8861867272562607,0.028485678812051683,0.8888888888888888,0.17807743059890674,0.0022302440112435032,0.18030767461015024
England,-0.0048650794177984,21.683333333333337,7843,3869354,0.5,81,France,1.3015141674773683,1.0802567590062155,4.457902439666489,1.4389248142063962,0.5324483776,0.586076757,True,100.48333333333332,-0.003940714328416703,0.22749189663780495,0.03346293166230646,0.5,0.027148758165450357,0.0026199306476395088,0.029768688813089864
England,0.023408861078062,100.48333333333332,10955,3869354,0.9411764705882352,81,France,1.3015141674773683,1.0802567590062155,4.457902439666489,1.4389248142063962,0.4675516224,0.3068550895,True,100.48333333333332,0.018961177473230218,1.0542264756566684,-0.004992507054660825,0.9411764705882352,0.16303375984488622,-0.00039088094172561803,0.1626428789031606
England,0.0006019133355835,78.85,22084,3869354,0.8181818181818182,81,France,1.3015141674773683,1.0802567590062155,4.457902439666489,1.4389248142063962,0.2861356932,0.6234613015,True,100.48333333333332,0.0004875498018226351,0.8272591567974288,-0.010298961573064952,0.8181818181818182,0.11354234947014316,-0.0008063419349036998,0.11273600753523946
England,-0.0114039376450303,100.48333333333332,30714,3869354,0.868421052631579,81,France,1.3015141674773683,1.0802567590062155,4.457902439666489,1.4389248142063962,0.784660767,0.8155913125,True,100.48333333333332,-0.009237189492474542,1.0542264756566684,0.4345254630205343,0.868421052631579,0.13483539287918145,0.03402052722803124,0.16885592010721268
France,-0.0017079322355282,100.48333333333332,3009,3869354,0.9230769230769232,95,England,1.2452804301035594,1.195469212899417,0.5289494057733712,-0.11358095266412127,0.2581120944,0.2078280052,True,100.48333333333332,-0.0016225356237517898,1.1830164085983814,-0.29676346445014756,0.9230769230769232,0.16005072236253168,-0.023234655691820802,0.1368160666707109
France,-0.0148288239654522,100.48333333333332,3026,3869354,0.8529411764705882,95,England,1.2452804301035594,1.195469212899417,0.5289494057733712,-0.11358095266412127,0.8289085546,0.7639210465,True,100.48333333333332,-0.01408738276717959,1.1830164085983814,0.33354384658939606,0.8529411764705882,0.14758587521910388,0.02611432120860679,0.17370019642771067
France,0.0059586268971596,100.48333333333332,3604,3869354,0.9,95,England,1.2452804301035594,1.195469212899417,0.5289494057733712,-0.11358095266412127,0.5044247788,0.4255429188,True,100.48333333333332,0.00566069555230162,1.1830164085983814,-0.03344916767959822,0.9,0.16733395353858507,-0.0026188530170094485,0.16471510052157562
France,0.174856054706161,100.48333333333332,4445,3869354,0.8571428571428571,95,England,1.2452804301035594,1.195469212899417,0.5289494057733712,-0.11358095266412127,0.1578171091,0.2644050333,True,100.48333333333332,0.16611325197085297,1.1830164085983814,-0.34734155555478424,0.8571428571428571,0.32778650995713643,-0.027194592385992908,0.3005919175711435
France,-0.0113089509320426,78.61666666666666,5477,3869354,0.7142857142857143,95,England,1.2452804301035594,1.195469212899417,0.5289494057733712,-0.11358095266412127,0.1991150442,0.4308400652,True,100.48333333333332,-0.01074350338544047,0.9255744566857795,-0.19756686889637912,0.7142857142857143,0.11574725095546168,-0.015468205236866674,0.100279045718595
France,0.0239784758895148,100.48333333333332,5485,3869354,0.8823529411764706,95,England,1.2452804301035594,1.195469212899417,0.5289494057733712,-0.11358095266412127,0.7669616519,0.3702074329,True,100.48333333333332,0.02277955209503906,1.1830164085983814,0.1351247224460303,0.8823529411764706,0.18445281008132253,0.010579389910087037,0.19503219999140955
France,-0.0053104426968958,100.48333333333332,5487,3869354,0.8888888888888888,95,England,1.2452804301035594,1.195469212899417,0.5289494057733712,-0.11358095266412127,0.8333333333,0.7558138316,True,100.48333333333332,-0.0050449205620510095,1.1830164085983814,0.3335868375506211,0.8888888888888888,0.15662833742423246,0.026117687122209986,0.18274602454644245
France,-0.066821253508698,100.48333333333332,6704,3869354,0.8108108108108109,95,England,1.2452804301035594,1.195469212899417,0.5289494057733712,-0.11358095266412127,0.06932153392,0.4034422715,True,100.48333333333332,-0.0634801908332631,1.1830164085983814,-0.35721329056296725,0.8108108108108109,0.09819306715302036,-0.027967485250082504,0.07022558190293784
France,-0.0219266852598178,21.86666666666667,8217,3869354,0.8888888888888888,95,England,1.2452804301035594,1.195469212899417,0.5289494057733712,-0.11358095266412127,0.203539823,0.528790098,True,100.48333333333332,-0.02083035099682691,0.25744195191260194,-0.04594124549686852,0.8888888888888888,0.014352152648554412,-0.003596901738395992,0.01075525091015842
France,0.0145008283948929,100.48333333333332,8519,3869354,0.9117647058823528,95,England,1.2452804301035594,1.195469212899417,0.5289494057733712,-0.11358095266412127,0.6356932153,0.5886506978,True,100.48333333333332,0.013775786975148254,1.1830164085983814,0.1252415651603875,0.9117647058823528,0.1754490449614317,0.009805602755709764,0.18525464771714148
France,-0.0586860588613785,100.48333333333332,10481,3869354,1.0,95,England,1.2452804301035594,1.195469212899417,0.5289494057733712,-0.11358095266412127,0.9572271386,0.6781218518,True,100.48333333333332,-0.055751755918309574,1.1830164085983814,0.3930225445322832,1.0,0.10592150206797388,0.030771117725864546,0.13669261979383843
Brazil,0.0759919907313064,122.05,3063,3869420,0.8214285714285714,138,Croatia,1.0246561782916976,1.4345186496083766,11.524115275467228,7.504056174138086,0.4793510324,0.4673425009,True,122.05,0.10486894720920283,1.4140255260425427,0.46584897461758734,0.8214285714285714,0.2981123477313644,0.036472955151949565,0.334585302883314
Brazil,-0.0042580638095611,83.3,3280,3869420,0.84375,138,Croatia,1.0246561782916976,1.4345186496083766,11.524115275467228,7.504056174138086,0.4262536873,0.580522516,True,122.05,-0.005876128057194317,0.9650825589458731,0.32316568439355126,0.84375,0.12601387819840637,0.025301778378305547,0.15131565657671192
Brazil,-0.004544904504587,122.05,3295,3869420,0.8333333333333334,138,Croatia,1.0246561782916976,1.4345186496083766,11.524115275467228,7.504056174138086,0.6784660767,0.5796374118,True,122.05,-0.006271968216330059,1.4140255260425427,0.7189174614965407,0.8333333333333334,0.18697143230583155,0.0562865773239953,0.24325800962982685
Brazil,-0.0084688862287595,122.05,4320,3869420,0.9130434782608696,138,Croatia,1.0246561782916976,1.4345186496083766,11.524115275467228,7.504056174138086,0.6371681416,0.3770885813,True,122.05,-0.011687062995688108,1.4140255260425427,0.5723274566680808,0.9130434782608696,0.1815563375264735,0.044809530119541426,0.2263658676460149
Brazil,-0.0043291025770959,122.05,4372,3869420,0.9473684210526316,138,Croatia,1.0246561782916976,1.4345186496083766,11.524115275467228,7.504056174138086,0.6961651917,0.4704341254,True,122.05,-0.005974161556392342,1.4140255260425427,0.6788460958080643,0.9473684210526316,0.18726923896576925,0.05314924912694834,0.2404184880927176
Brazil,0.0581087834945545,122.05,5539,3869420,0.9607843137254902,138,Croatia,1.0246561782916976,1.4345186496083766,11.524115275467228,7.504056174138086,0.9749262537,0.8034424712,True,122.05,0.0801901212224852,1.4140255260425427,1.1254260264563969,0.9607843137254902,0.2734335217446468,0.08811356303505166,0.36154708477969844
Brazil,-0.0046834326026432,55.18333333333333,10595,3869420,1.0,138,Croatia,1.0246561782916976,1.4345186496083766,11.524115275467228,7.504056174138086,0.06489675516,0.3811783817,True,122.05,-0.006463136991647616,0.6393334038955154,0.007488127211150664,1.0,0.08090937415526991,0.0005862718237570214,0.08149564597902693
Brazil,0.0423309216909421,105.01666666666668,13620,3869420,0.875,138,Croatia,1.0246561782916976,1.4345186496083766,11.524115275467228,7.504056174138086,0.395280236,0.5746737395,True,122.05,0.0584166719335001,1.2166837142692972,0.3787924305700207,0.875,0.2246909675350487,0.029656992040005117,0.2543479595750538
Brazil,0.0050493788034677,63.7,18395,3869420,0.8571428571428571,138,Croatia,1.0246561782916976,1.4345186496083766,11.524115275467228,7.504056174138086,0.05752212389,0.3916793217,True,122.05,0.006968142748785425,0.7380043097821383,0.007768484257512087,0.8571428571428571,0.10782520635600946,0.0006082219632563457,0.1084334283192658
Brazil,-0.0102865525508414,105.0,22600,3869420,0.8823529411764706,138,Croatia,1.0246561782916976,1.4345186496083766,11.524115275467228,7.504056174138086,0.8672566372,0.7848892297,True,122.05,-0.014195442520161132,1.2164906205200081,0.8695241887913046,0.8823529411764706,0.15205246452471366,0.06807810786179042,0.22013057238650408
Brazil,0.0030476246659816,58.35,25104,3869420,0.8,138,Croatia,1.0246561782916976,1.4345186496083766,11.524115275467228,7.504056174138086,0.5103244838,0.6275768114,True,122.05,0.004205722039054608,0.6760212162604045,0.2773647210892183,0.8,0.09659205895399216,0.021715859826297732,0.11830791878028989
Brazil,0.0066764688001342,38.75,25305,3869420,1.0,138,Croatia,1.0246561782916976,1.4345186496083766,11.524115275467228,7.504056174138086,0.4159292035,0.4902830736,True,122.05,0.009213526944185195,0.4489429670966697,0.13209642191904114,1.0,0.07056692121074613,0.010342293607796859,0.08090921481854299
Brazil,-0.0119608335011541,66.86666666666667,25363,3869420,0.7692307692307693,138,Croatia,1.0246561782916976,1.4345186496083766,11.524115275467228,7.504056174138086,0.2315634218,0.4948975466,True,122.05,-0.016505950231592657,0.7746921221470274,0.130798733606041,0.7692307692307693,0.08936493914365143,0.010240693024302784,0.0996056321679542
Croatia,-0.004680120154566,50.21666666666667,3441,3869420,1.0,115,Brazil,1.6029923560741046,1.8594711330459615,4.360755279769979,-7.795197933120434,0.3200589971,0.5196095757,True,122.05,-0.005382138177750901,0.7584717143491696,-0.26970464144049566,1.0,0.09827203961556949,-0.02111612524124779,0.0771559143743217
Croatia,0.0975331309673347,122.05,3471,3869420,1.0,115,Brazil,1.6029923560741046,1.8594711330459615,4.360755279769979,-7.795197933120434,0.6415929204,0.4851239595,True,122.05,0.1121631006124349,1.8434412094852204,-0.41785996485596083,1.0,0.3640912599156162,-0.03271572674491253,0.3313755331707037
Croatia,0.0125911102550013,105.0,5456,3869420,0.9375,115,Brazil,1.6029923560741046,1.8594711330459615,4.360755279769979,-7.795197933120434,0.8716814159,0.8199589248,True,122.05,0.014479776793251495,1.5859182875538562,-0.08254653774709536,0.9375,0.23121436693527558,-0.006462858851777016,0.22475150808349856
Croatia,-0.0002907627098474,71.9,5460,3869420,1.0,115,Brazil,1.6029923560741046,1.8594711330459615,4.360755279769979,-7.795197933120434,0.3348082596,0.2768182077,True,122.05,-0.00033437711632451004,1.0859764273821169,-0.4397581416177053,1.0,0.14807721365711865,-0.03443021204478082,0.11364700161233783
Croatia,0.0249431547929769,122.05,5463,3869420,0.9333333333333332,115,Brazil,1.6029923560741046,1.8594711330459615,4.360755279769979,-7.795197933120434,0.7536873156,0.6496819516,True,122.05,0.028684628011923438,1.8434412094852204,-0.26042691336075585,0.9333333333333332,0.28061278731510475,-0.020389739269394757,0.26022304804571
Croatia,0.0743025674258372,113.1,5469,3869420,0.8181818181818182,115,Brazil,1.6029923560741046,1.8594711330459615,4.360755279769979,-7.795197933120434,0.9336283186,0.7238709555,True,122.05,0.08544795253971278,1.7082605554508679,-0.08149489666780602,0.8181818181818182,0.3189020682069787,-0.006380522171842592,0.3125215460351361
Croatia,0.0047072785807639,122.05,5474,3869420,0.8235294117647058,115,Brazil,1.6029923560741046,1.8594711330459615,4.360755279769979,-7.795197933120434,0.2610619469,0.4245165374,True,122.05,0.005413370367878485,1.8434412094852204,-0.7419512371918715,0.8235294117647058,0.2573415296710598,-0.05808997265958772,0.19925155701147207
Croatia,-0.0220597038010861,50.14999999999999,7693,3869420,0.8235294117647058,115,Brazil,1.6029923560741046,1.8594711330459615,4.360755279769979,-7.795197933120434,0.3731563422,0.5268861006,True,122.05,-0.025368659371249012,0.7574647821031035,-0.25096982755234565,0.8235294117647058,0.07814790915848913,-0.019649310749955743,0.05849859840853339
Croatia,-0.0052248752162028,71.83333333333333,11603,3869420,1.0,115,Brazil,1.6029923560741046,1.8594711330459615,4.360755279769979,-7.795197933120434,0.2876106195,0.617016465,True,122.05,-0.00600860649863322,1.0849694951360507,-0.37656977369836486,1.0,0.14226537501122768,-0.029482972413870653,0.11278240259735703
Croatia,-0.0143038898143608,109.41666666666669,12625,3869420,0.9285714285714286,115,Brazil,1.6029923560741046,1.8594711330459615,4.360755279769979,-7.795197933120434,0.2182890855,0.3414902199,True,122.05,-0.01644947328651492,1.652627548855725,-0.7266691123043607,0.9285714285714286,0.20940173056783243,-0.05689348133725256,0.15250824923057987
Croatia,0.0847545669944169,122.05,29163,3869420,0.9032258064516128,115,Brazil,1.6029923560741046,1.8594711330459615,4.360755279769979,-7.795197933120434,0.1091445428,0.2717599346,True,122.05,0.09746775204357944,1.8434412094852204,-0.9256372425513404,0.9032258064516128,0.34939591134676073,-0.0724713962551131,0.2769245150916476
Croatia,0.0269802768515751,122.05,33018,3869420,0.8333333333333334,115,Brazil,1.6029923560741046,1.8594711330459615,4.360755279769979,-7.795197933120434,0.7654867257,0.6361837382,True,122.05,0.031027318379311365,1.8434412094852204,-0.2568726414923085,0.8333333333333334,0.2829554776824927,-0.020111462820332843,0.26284401486215986
Morocco,-0.0221566942010756,80.86666666666666,3625,3869486,0.76,111,Portugal,1.0971540748884356,1.228812563875048,-10.929483286871877,-11.788053675991803,0.2477876106,0.5847363707,True,98.03333333333332,-0.02459393056319392,1.0045842645712593,-0.7475937487723217,0.76,0.11269445343091822,-0.05853174474245439,0.054162708688463825
Morocco,-0.0307360819140275,56.95,5219,3869486,1.0,111,Portugal,1.0971540748884356,1.228812563875048,-10.929483286871877,-11.788053675991803,0.7610619469,0.5835607247,True,98.03333333333332,-0.03411705092457053,0.7074741203709796,-0.35934932426561916,1.0,0.06256769930376442,-0.02813472284356187,0.03443297646020255
Morocco,-0.0359333880360124,98.03333333333332,5234,3869486,0.8857142857142857,111,Portugal,1.0971540748884356,1.228812563875048,-10.929483286871877,-11.788053675991803,0.9380530973,0.7846760658,True,98.03333333333332,-0.03988606071997376,1.2178410231261636,-0.45846894411803646,0.8857142857142857,0.126546394896961,-0.03589514660004473,0.09065124829691629
Morocco,-0.0332176149859261,80.58333333333333,5237,3869486,0.7619047619047619,111,Portugal,1.0971540748884356,1.228812563875048,-10.929483286871877,-11.788053675991803,0.2684365782,0.5733153816,True,98.03333333333332,-0.03687155263437797,1.00106449282812,-0.7382853639808394,0.7619047619047619,0.09993581270188176,-0.05780295854878397,0.04213285415309779
Morocco,0.0046117197111429,98.03333333333332,5245,3869486,0.6923076923076923,111,Portugal,1.0971540748884356,1.228812563875048,-10.929483286871877,-11.788053675991803,0.2920353982,0.6030365114,True,98.03333333333332,0.005119008879368619,1.2178410231261636,-0.8759316555146452,0.6923076923076923,0.17155146449630337,-0.06857977097402514,0.10297169352227824
Morocco,-0.0162043748324234,64.0,6301,3869486,0.9,111,Portugal,1.0971540748884356,1.228812563875048,-10.929483286871877,-11.788053675991803,0.3451327434,0.466162362,True,98.03333333333332,-0.017986856063989975,0.7950543231561491,-0.5793918181490925,0.9,0.09066677018031971,-0.04536262383341212,0.04530414634690759
Morocco,-0.0508736172837958,98.03333333333332,7459,3869486,0.8076923076923077,111,Portugal,1.0971540748884356,1.228812563875048,-10.929483286871877,-11.788053675991803,0.6519174041,0.4958330712,True,98.03333333333332,-0.05646971518501334,1.2178410231261636,-0.7063493644402854,0.8076923076923077,0.10996274043192142,-0.05530257678894112,0.0546601636429803
Morocco,-0.0217741658304299,63.766666666666666,23774,3869486,0.9142857142857144,111,Portugal,1.0971540748884356,1.228812563875048,-10.929483286871877,-11.788053675991803,0.7684365782,0.7345391318,True,98.03333333333332,-0.024169324071777187,0.7921556876029757,-0.36999149165412126,0.9142857142857144,0.08408816916018345,-0.028967935569207577,0.05512023359097588
Morocco,-0.0299248135283915,98.03333333333332,31295,3869486,0.9,111,Portugal,1.0971540748884356,1.228812563875048,-10.929483286871877,-11.788053675991803,0.08849557522,0.4097605576,True,98.03333333333332,-0.03321654301651456,1.2178410231261636,-1.0485751755615191,0.9,0.1332159126004202,-0.08209663954524687,0.05111927305517333
Morocco,-0.0225895593798255,98.03333333333332,46258,3869486,0.918918918918919,111,Portugal,1.0971540748884356,1.228812563875048,-10.929483286871877,-11.788053675991803,0.7758112094,0.6536686645,True,98.03333333333332,-0.025074410911606306,1.2178410231261636,-0.589116557150982,0.918918918918919,0.14135804470532845,-0.046124007863014196,0.09523403684231425
Morocco,-0.0387530364259938,34.03333333333333,67700,3869486,1.0,111,Portugal,1.0971540748884356,1.228812563875048,-10.929483286871877,-11.788053675991803,0.8097345133,0.5742711244,True,98.03333333333332,-0.04301587043285312,0.42278669997001467,-0.20623847880376256,1.0,0.014762958939771975,-0.016147136084587933,-0.0013841771448159582
Morocco,-0.0102926605926507,41.08333333333333,139016,3869486,0.8666666666666667,111,Portugal,1.0971540748884356,1.228812563875048,-10.929483286871877,-11.788053675991803,0.5471976401,0.4054960328,True,98.03333333333332,-0.011424853257842276,0.5103669027551843,-0.3320845811609734,0.8666666666666667,0.058322852130757566,-0.026000070184292866,0.0323227819464647
Morocco,-0.0069738883517654,34.266666666666666,296254,3869486,0.92,111,Portugal,1.0971540748884356,1.228812563875048,-10.929483286871877,-11.788053675991803,0.6548672566,0.5586654845,True,98.03333333333332,-0.007741016070459595,0.42568533552318816,-0.23968216360334924,0.92,0.05043394631451455,-0.018765559827631652,0.031668386486882895
Portugal,0.000270952882731,98.03333333333332,3193,3869486,0.7692307692307693,65,Morocco,0.87190571165222,0.5754577696904652,9.042823743680422,14.607526916228208,0.7330383481,0.6690818579,True,98.03333333333332,0.00017611937377515,0.5667387125739429,1.2677914665049088,0.7692307692307693,0.07762770281997503,0.09925985420020755,0.17688755702018258
Portugal,0.0228252388615387,98.03333333333332,5204,3869486,1.0,65,Morocco,0.87190571165222,0.5754577696904652,9.042823743680422,14.607526916228208,0.5914454277,0.6592990354,True,98.03333333333332,0.014836405260000154,0.5667387125739429,1.1370994857135113,1.0,0.09228798870620003,0.0890275192293362,0.18131550793553625
Portugal,-0.0183073364865872,98.03333333333332,5206,3869486,0.8571428571428571,65,Morocco,0.87190571165222,0.5754577696904652,9.042823743680422,14.607526916228208,0.5516224189,0.444287858,True,98.03333333333332,-0.01189976871628168,0.5667387125739429,0.9986318137090525,0.8571428571428571,0.0655518147299182,0.07818639803730339,0.1437382127672216
Portugal,0.0097767508804276,47.25,5207,3869486,1.0,65,Morocco,0.87190571165222,0.5754577696904652,9.042823743680422,14.607526916228208,0.51179941,0.4091717362,True,98.03333333333332,0.00635488807227794,0.27315611189172534,0.456128551875291,1.0,0.043684918516000606,0.03571190905749631,0.07939682757349692
Portugal,-0.0046930011638165,50.71666666666667,5209,3869486,1.0,65,Morocco,0.87190571165222,0.5754577696904652,9.042823743680422,14.607526916228208,0.1814159292,0.3137067844,True,98.03333333333332,-0.003050450756480725,0.2931971952333405,0.3138249766349922,1.0,0.03701843200903887,0.024570461505825456,0.061588893514864324
Portugal,-0.009793225916695,47.31666666666666,7005,3869486,1.0,65,Morocco,0.87190571165222,0.5754577696904652,9.042823743680422,14.607526916228208,0.284660767,0.4526429321,True,98.03333333333332,-0.00636559684585175,0.27354151734060256,0.36926541857641015,1.0,0.031017103834828544,0.02891108875351557,0.059928192588344115
Portugal,-0.015753319317148,50.78333333333333,9927,3869486,0.9,65,Morocco,0.87190571165222,0.5754577696904652,9.042823743680422,14.607526916228208,0.8805309735,0.5901887723,True,98.03333333333332,-0.0102396575561462,0.2935826006822177,0.7051520193648197,0.9,0.029881895446331033,0.05520883243053674,0.08509072787686778
Portugal,-0.0039431138450768,68.48333333333333,11184,3869486,0.7777777777777778,65,Morocco,0.87190571165222,0.5754577696904652,9.042823743680422,14.607526916228208,0.883480826,0.8780123745,True,98.03333333333332,-0.00256302399929992,0.39590774735911793,1.0491056824644567,0.7777777777777778,0.05154247691542897,0.08213817479708364,0.13368065171251262
Portugal,0.0090687712709788,98.03333333333332,12041,3869486,1.0,65,Morocco,0.87190571165222,0.5754577696904652,9.042823743680422,14.607526916228208,0.5855457227,0.4387790454,True,98.03333333333332,0.00589470132613622,0.5667387125739429,1.0261806214837192,1.0,0.08334628477233609,0.08034329111897201,0.16368957589130811
Portugal,-0.0205347752063618,78.66666666666667,16028,3869486,1.0,65,Morocco,0.87190571165222,0.5754577696904652,9.042823743680422,14.607526916228208,0.2109144543,0.4082943698,True,98.03333333333332,-0.013347603884135171,0.4547784296751124,0.5442096905304092,1.0,0.04880327572587222,0.04260809128594915,0.09141136701182137
Portugal,0.0153592305665426,29.683333333333337,18360,3869486,1.0,65,Morocco,0.87190571165222,0.5754577696904652,9.042823743680422,14.607526916228208,0.2374631268,0.200140129,True,98.03333333333332,0.009983499868252692,0.1716017761125795,0.18229944852620034,1.0,0.03343492287363896,0.01427286518292622,0.04770778805656518
Portugal,0.0072959916107942,98.03333333333332,20016,3869486,0.7777777777777778,65,Morocco,0.87190571165222,0.5754577696904652,9.042823743680422,14.607526916228208,0.5073746313,0.4674710482,True,98.03333333333332,0.00474239454701623,0.5667387125739429,0.9703643976177636,0.7777777777777778,0.08219397799321611,0.0759732425823506,0.1581672205755667
Portugal,0.0172517054521248,68.35,38803,3869486,0.631578947368421,65,Morocco,0.87190571165222,0.5754577696904652,9.042823743680422,14.607526916228208,0.4926253687,0.3992603664,True,98.03333333333332,0.011213608543881119,0.3951369364613635,0.6446098392048588,0.631578947368421,0.06521376898469473,0.050468772149008446,0.11568254113370319
Argentina,0.0244581550374844,95.03333333333332,3090,3869519,0.7777777777777778,91,Croatia,1.0246561782916976,0.9426836840283619,4.5698944709062275,-1.8242527761628389,0.5678466077,0.4491953689,True,95.03333333333332,0.022256921084110804,0.9324371222454448,-0.09543958762986685,0.7777777777777778,0.14968554026901448,-0.007472301086853731,0.14221323918216075
Argentina,-0.0028291862430707,95.03333333333332,5503,3869519,0.8846153846153846,91,Croatia,1.0246561782916976,0.9426836840283619,4.5698944709062275,-1.8242527761628389,0.7433628319,0.5078645975,True,95.03333333333332,-0.0025745594811943367,0.9324371222454448,0.042004522962094865,0.8846153846153846,0.12485405970370933,0.003288681881146471,0.1281427415848558
Argentina,-0.0398913885996133,95.03333333333332,5507,3869519,0.8571428571428571,91,Croatia,1.0246561782916976,0.9426836840283619,4.5698944709062275,-1.8242527761628389,0.1725663717,0.5207345516,True,95.03333333333332,-0.03630116362564811,0.9324371222454448,-0.3321981720414219,0.8571428571428571,0.09112745555925555,-0.02600896361395356,0.06511849194530199
Argentina,-0.006835016868718,73.63333333333334,7797,3869519,0.8,91,Croatia,1.0246561782916976,0.9426836840283619,4.5698944709062275,-1.8242527761628389,0.7404129794,0.6602228286,True,95.03333333333332,-0.00621986535053338,0.7224670652543628,0.07321315868187987,0.8,0.0925138490582538,0.005732115768482275,0.09824596482673607
Argentina,0.0193904838964444,61.46666666666667,16308,3869519,0.8214285714285714,91,Croatia,1.0246561782916976,0.9426836840283619,4.5698944709062275,-1.8242527761628389,0.9203539823,0.8037512343,True,95.03333333333332,0.017645340345764406,0.603091565563171,0.1715259157008537,0.8214285714285714,0.10006497337872211,0.01342936739506592,0.11349434077378803
Argentina,0.0689292138842296,95.03333333333332,20572,3869519,0.8928571428571429,91,Croatia,1.0246561782916976,0.9426836840283619,4.5698944709062275,-1.8242527761628389,0.5221238938,0.4123572127,True,95.03333333333332,0.06272558463464893,0.9324371222454448,-0.13894673335019744,0.8928571428571429,0.19015420381955261,-0.010878628590203018,0.1792755752293496
Argentina,-0.0186009706479501,33.56666666666666,27768,3869519,0.6666666666666666,91,Croatia,1.0246561782916976,0.9426836840283619,4.5698944709062275,-1.8242527761628389,0.3554572271,0.397506632,True,95.03333333333332,-0.01692688328963459,0.32934555668227394,-0.09001882806389769,0.6666666666666666,0.028082102862311394,-0.007047890749358849,0.021034212112952547
Argentina,-0.0086874927244459,85.6,27886,3869519,0.8333333333333334,91,Croatia,1.0246561782916976,0.9426836840283619,4.5698944709062275,-1.8242527761628389,0.8510324484,0.636292317,True,95.03333333333332,-0.00790561837924577,0.8398802279643293,0.14353311413276626,0.8333333333333334,0.10687400072522027,0.01123771247727117,0.11811171320249143
Argentina,-0.007912810288748,21.39999999999999,28268,3869519,0.7777777777777778,91,Croatia,1.0246561782916976,0.9426836840283619,4.5698944709062275,-1.8242527761628389,0.7890855457,0.622759658,True,95.03333333333332,-0.007200657362760681,0.20997005699108223,0.02553695388711453,0.7777777777777778,0.021494247413355816,0.0019993779627973203,0.023493625376153137
Argentina,-0.0169493150322361,85.95,29201,3869519,0.6363636363636364,91,Croatia,1.0246561782916976,0.9426836840283619,4.5698944709062275,-1.8242527761628389,0.1415929204,0.509514246,True,95.03333333333332,-0.015423876679334848,0.8433143176814732,-0.32266323401201574,0.6363636363636364,0.09982505161539479,-0.025262439770236553,0.07456261184515824
Argentina,-0.0146171648132314,73.78333333333333,29560,3869519,0.7878787878787878,91,Croatia,1.0246561782916976,0.9426836840283619,4.5698944709062275,-1.8242527761628389,0.3790560472,0.6058950036,True,95.03333333333332,-0.013301619980040575,0.7239388179902815,-0.12789734776924472,0.7878787878787878,0.08563322693885957,-0.010013533319613424,0.07561969361924614
Argentina,0.019313978243603,95.03333333333332,38718,3869519,0.9069767441860463,91,Croatia,1.0246561782916976,0.9426836840283619,4.5698944709062275,-1.8242527761628389,0.889380531,0.7787828594,True,95.03333333333332,0.017575720201678732,0.9324371222454448,0.23571803205394043,0.9069767441860463,0.14500433938658241,0.01845519402219717,0.16345953340877958
Croatia,0.0072687801295166,50.03333333333333,3441,3869519,0.7777777777777778,91,Argentina,1.3740120640741063,1.2503509783074367,9.589877661544758,0.7154869841897904,0.3200589971,0.5196095757,True,95.03333333333332,0.006614589917860106,0.6582872039422879,-0.036745018464113335,0.7777777777777778,0.09657736319682435,-0.002876896770244747,0.0937004664265796
Croatia,-0.0194503341595892,95.03333333333332,3471,3869519,0.9230769230769232,91,Argentina,1.3740120640741063,1.2503509783074367,9.589877661544758,0.7154869841897904,0.6415929204,0.4851239595,True,95.03333333333332,-0.017699804085226173,1.2503509783074367,0.14084600284030518,0.9230769230769232,0.1531755234419737,0.011027329080508982,0.16420285252248268
Croatia,-0.0185080890652893,95.03333333333332,5456,3869519,0.8636363636363636,91,Argentina,1.3740120640741063,1.2503509783074367,9.589877661544758,0.7154869841897904,0.8716814159,0.8199589248,True,95.03333333333332,-0.016842361049413265,1.2503509783074367,0.4261700744385363,0.8636363636363636,0.15403296647778658,0.033366354460390206,0.1873993209381768
Croatia,0.0106750016129674,71.78333333333333,5460,3869519,0.7857142857142857,91,Argentina,1.3740120640741063,1.2503509783074367,9.589877661544758,0.7154869841897904,0.3348082596,0.2768182077,True,95.03333333333332,0.009714251467800335,0.94445136155211,-0.11362942549783352,0.7857142857142857,0.13878475930007847,-0.008896447488215232,0.12988831181186325
Croatia,0.0124285217501574,80.66666666666667,5463,3869519,0.8333333333333334,91,Argentina,1.3740120640741063,1.2503509783074367,9.589877661544758,0.7154869841897904,0.7536873156,0.6496819516,True,95.03333333333332,0.011309954792643233,1.0613291362693784,0.23799915768089497,0.8333333333333334,0.1563532001857768,0.018633791372886142,0.17498699155866296
Croatia,-0.0239656393505029,49.71666666666667,5469,3869519,0.7333333333333333,91,Argentina,1.3740120640741063,1.2503509783074367,9.589877661544758,0.7154869841897904,0.9336283186,0.7238709555,True,95.03333333333332,-0.021808731808957642,0.6541208292337924,0.22666340619313413,0.7333333333333333,0.0675846568290005,0.017746275507972746,0.08533093233697325
Croatia,-0.0086000308040907,95.03333333333332,5474,3869519,0.6956521739130435,91,Argentina,1.3740120640741063,1.2503509783074367,9.589877661544758,0.7154869841897904,0.2610619469,0.4245165374,True,95.03333333333332,-0.007826028031722537,1.2503509783074367,-0.14641193189373805,0.6956521739130435,0.16304929949547733,-0.01146310524790623,0.1515861942475711
Croatia,0.0070167014579685,45.31666666666666,7693,3869519,0.6,91,Argentina,1.3740120640741063,1.2503509783074367,9.589877661544758,0.7154869841897904,0.3731563422,0.5268861006,True,95.03333333333332,0.006385198326751334,0.5962301490736445,-0.014378407619685642,0.6,0.08786713721599308,-0.0011257361180192359,0.08674140109797385
Croatia,-0.0197781049483901,45.0,11603,3869519,0.75,91,Argentina,1.3740120640741063,1.2503509783074367,9.589877661544758,0.7154869841897904,0.2876106195,0.617016465,True,95.03333333333332,-0.01799807550303499,0.592063774365149,-0.026463624337317495,0.75,0.06291447874520067,-0.0020719302525144642,0.06084254849268621
Croatia,-0.092709458674439,45.0,12625,3869519,0.5,91,Argentina,1.3740120640741063,1.2503509783074367,9.589877661544758,0.7154869841897904,0.2182890855,0.3414902199,True,95.03333333333332,-0.0843656073937395,0.592063774365149,-0.09812851504618308,0.5,-0.003453053145503829,-0.0076828266743419445,-0.011135879819845772
Croatia,-0.0030292068300401,50.03333333333333,16527,3869519,1.0,91,Argentina,1.3740120640741063,1.2503509783074367,9.589877661544758,0.7154869841897904,0.3598820059,0.5098681879,True,95.03333333333332,-0.002756578215336491,0.6582872039422879,-0.024088139336319446,1.0,0.08720619506362774,-0.0018859451744606727,0.08532024988916707
Croatia,-0.0272628933879048,23.25,22041,3869519,1.0,91,Argentina,1.3740120640741063,1.2503509783074367,9.589877661544758,0.7154869841897904,0.1932153392,0.5052217653,True,95.03333333333332,-0.024809232982993364,0.30589961675532695,-0.03996846382251418,1.0,0.016995586711928388,-0.0031292716479360103,0.013866315063992378
Croatia,-0.0274098519576474,95.03333333333332,29163,3869519,0.9166666666666666,91,Argentina,1.3740120640741063,1.2503509783074367,9.589877661544758,0.7154869841897904,0.1091445428,0.2717599346,True,95.03333333333332,-0.024942965281459135,1.2503509783074367,-0.30922181615503924,0.9166666666666666,0.14593236224574072,-0.024210063877215516,0.1217222983685252
Croatia,-0.0053545103855319,95.03333333333332,33018,3869519,0.7941176470588235,91,Argentina,1.3740120640741063,1.2503509783074367,9.589877661544758,0.7154869841897904,0.7654867257,0.6361837382,True,95.03333333333332,-0.004872604450834029,1.2503509783074367,0.2835369358435023,0.7941176470588235,0.16600272307636582,0.022199104234222,0.18820182731058782
France,-0.0053213301765203,31.21666666666667,2972,3869552,0.8571428571428571,76,Morocco,0.87190571165222,0.6713673979722095,-4.7816257603914005,-0.05789911145410076,0.2551622419,0.4381730012,True,95.96666666666668,-0.004044210934155429,0.21555059785041716,-0.06390278580861296,0.8571428571428571,0.02541334110153982,-0.005003173920894549,0.020410167180645273
France,-0.0087845925099183,95.96666666666668,3009,3869552,0.625,76,Morocco,0.87190571165222,0.6713673979722095,-4.7816257603914005,-0.05789911145410076,0.2581120944,0.2078280052,True,95.96666666666668,-0.006676290307537908,0.6626483408556872,-0.28028453499489386,0.625,0.0838824841834035,-0.021944462329332465,0.06193802185407103
France,-0.002325071766602,64.75,3604,3869552,0.7619047619047619,76,Morocco,0.87190571165222,0.6713673979722095,-4.7816257603914005,-0.05789911145410076,0.5044247788,0.4255429188,True,95.96666666666668,-0.00176705454261752,0.44709774300527,-0.01928136501691073,0.7619047619047619,0.05933416791262864,-0.0015096059020145891,0.05782456201061405
France,-0.0020247312772446,95.96666666666668,4445,3869552,0.925925925925926,76,Morocco,0.87190571165222,0.6713673979722095,-4.7816257603914005,-0.05789911145410076,0.1578171091,0.2644050333,True,95.96666666666668,-0.0015387957707058962,0.6626483408556872,-0.3286331467957077,0.925925925925926,0.08901997872023551,-0.025729845245153374,0.06329013347508214
France,-0.0316073606305976,78.11666666666666,5477,3869552,0.6486486486486487,76,Morocco,0.87190571165222,0.6713673979722095,-4.7816257603914005,-0.05789911145410076,0.1991150442,0.4308400652,True,95.96666666666668,-0.02402159407925418,0.5393943684596397,-0.1937234177128576,0.6486486486486487,0.04969305962672747,-0.0151672879218498,0.034525771704877674
France,-0.0648390274066889,95.96666666666668,5485,3869552,1.0,76,Morocco,0.87190571165222,0.6713673979722095,-4.7816257603914005,-0.05789911145410076,0.7669616519,0.3702074329,True,95.96666666666668,-0.04927766082908356,0.6626483408556872,0.13256604583073156,1.0,0.04128111366185785,0.010379062116053056,0.051660175777910905
France,-0.04007676865609,95.96666666666668,5487,3869552,0.902439024390244,76,Morocco,0.87190571165222,0.6713673979722095,-4.7816257603914005,-0.05789911145410076,0.8333333333,0.7558138316,True,95.96666666666668,-0.030458344178628402,0.6626483408556872,0.32227996248506446,0.902439024390244,0.060100430312313005,0.025232432093982703,0.0853328624062957
France,-0.0284721338774335,95.96666666666668,6704,3869552,0.8409090909090909,76,Morocco,0.87190571165222,0.6713673979722095,-4.7816257603914005,-0.05789911145410076,0.06932153392,0.4034422715,True,95.96666666666668,-0.02163882174684946,0.6626483408556872,-0.33806973630090936,0.8409090909090909,0.06891995274409195,-0.02646866903690501,0.04245128370718694
France,-0.01222677452042,95.96666666666668,10481,3869552,1.0,76,Morocco,0.87190571165222,0.6713673979722095,-4.7816257603914005,-0.05789911145410076,0.9572271386,0.6781218518,True,95.96666666666668,-0.0092923486355192,0.6626483408556872,0.3790957469720332,1.0,0.08126642585542221,0.029680739748232945,0.11094716560365515
France,0.0075511264335443,95.96666666666668,11135,3869552,0.9615384615384616,76,Morocco,0.87190571165222,0.6713673979722095,-4.7816257603914005,-0.05789911145410076,0.7935103245,0.6030504894,True,95.96666666666668,0.005738856089493668,0.6626483408556872,0.23775509677024245,0.9615384615384616,0.09629763058043507,0.01861468298554692,0.11491231356598199
France,-0.0310884449526988,95.96666666666668,11990,3869552,0.8636363636363636,76,Morocco,0.87190571165222,0.6713673979722095,-4.7816257603914005,-0.05789911145410076,0.912979351,0.8590555194,True,95.96666666666668,-0.02362721816405109,0.6626483408556872,0.41591471015263626,0.8636363636363636,0.06693155632689032,0.03256342591048069,0.09949498223737102
Morocco,-0.0072574257747164,66.08333333333333,3625,3869552,0.9,71,France,1.3015141674773683,0.9370902005837052,10.515775893494839,7.347771246887612,0.2477876106,0.5847363707,True,95.96666666666668,-0.005152772300048644,0.6363246975640696,0.22762714672749546,0.9,0.08180856335395657,0.01782173014499697,0.09963029349895354
Morocco,0.0036847838581388,20.6,5219,3869552,0.3333333333333333,71,France,1.3015141674773683,0.9370902005837052,10.515775893494839,7.347771246887612,0.7610619469,0.5835607247,True,95.96666666666668,0.002616196539278548,0.1983599813844111,0.15729522212968744,0.3333333333333333,0.02972444644302393,0.01231519632958626,0.04203964277261019
Morocco,0.0878272163254861,95.96666666666668,5234,3869552,0.7941176470588235,71,France,1.3015141674773683,0.9370902005837052,10.515775893494839,7.347771246887612,0.9380530973,0.7846760658,True,95.96666666666668,0.06235732359109512,0.9240750589089315,0.9566009838069681,0.7941176470588235,0.18864316739834913,0.07489565649327322,0.26353882389162236
Morocco,-0.0066581464882278,95.96666666666668,5237,3869552,0.96,71,France,1.3015141674773683,0.9370902005837052,10.515775893494839,7.347771246887612,0.2684365782,0.5733153816,True,95.96666666666668,-0.004727284006641738,0.9240750589089315,0.3419375334570398,0.96,0.12155855980061225,0.026771492483770355,0.14833005228438262
Morocco,0.2624432912363731,95.96666666666668,5245,3869552,0.7714285714285715,71,France,1.3015141674773683,0.9370902005837052,10.515775893494839,7.347771246887612,0.2920353982,0.6030365114,True,95.96666666666668,0.1863347367778249,0.9240750589089315,0.37300901801427466,0.7714285714285715,0.3126205805850789,0.029204188324070988,0.3418247689091499
Morocco,0.0093722815398226,65.71666666666667,6301,3869552,0.8333333333333334,71,France,1.3015141674773683,0.9370902005837052,10.515775893494839,7.347771246887612,0.3451327434,0.466162362,True,95.96666666666668,0.0066543198932740456,0.6327940182837646,0.24436147359631302,0.8333333333333334,0.09313314624478541,0.01913191946952104,0.11226506571430646
Morocco,0.1135943544321979,95.96666666666668,7459,3869552,0.9166666666666666,71,France,1.3015141674773683,0.9370902005837052,10.515775893494839,7.347771246887612,0.6519174041,0.4958330712,True,95.96666666666668,0.08065199164686052,0.9240750589089315,0.6100765689833751,0.9166666666666666,0.2069378354541145,0.04776504092995345,0.25470287638406797
Morocco,-0.0058516934039167,45.0,15890,3869552,0.875,71,France,1.3015141674773683,0.9370902005837052,10.515775893494839,7.347771246887612,0.2404129794,0.5371449225,True,95.96666666666668,-0.004154702316780857,0.4333106389465291,0.14286357532947472,0.875,0.05506234844382799,0.011185291928819842,0.06624764037264784
Morocco,0.0001952471060864,29.88333333333334,21736,3869552,1.0,71,France,1.3015141674773683,0.9370902005837052,10.515775893494839,7.347771246887612,0.4056047198,0.7083534266,True,95.96666666666668,0.000138625445321344,0.2877503613448618,0.1577537069461406,1.0,0.03946313359857012,0.012351092718887263,0.051814226317457385
Morocco,-0.0098059130093073,56.91666666666666,23774,3869552,0.8888888888888888,71,France,1.3015141674773683,0.9370902005837052,10.515775893494839,7.347771246887612,0.7684365782,0.7345391318,True,95.96666666666668,-0.006962198236608183,0.5480577155564432,0.4758589273505002,0.8888888888888888,0.06793640485505077,0.03725666956797971,0.10519307442303048
Morocco,-0.0049936574669955,50.96666666666667,31295,3869552,0.8666666666666667,71,France,1.3015141674773683,0.9370902005837052,10.515775893494839,7.347771246887612,0.08849557522,0.4097605576,True,95.96666666666668,-0.0035454968015668047,0.4907644199624022,0.06992401250330293,0.8666666666666667,0.06352329624507833,0.005474596942433722,0.06899789318751205
Morocco,-0.0091106008259484,95.96666666666668,46258,3869552,0.7692307692307693,71,France,1.3015141674773683,0.9370902005837052,10.515775893494839,7.347771246887612,0.7758112094,0.6536686645,True,95.96666666666668,-0.006468526586423364,0.9240750589089315,0.7739621630582961,0.7692307692307693,0.11981731722083062,0.060596220665085444,0.18041353788591608
Morocco,0.0079138008358011,30.25,59493,3869552,0.625,71,France,1.3015141674773683,0.9370902005837052,10.515775893494839,7.347771246887612,0.06784660767,0.2973880191,True,95.96666666666668,0.0056187985934187815,0.2912810406251668,0.02143053897963447,0.625,0.0454258160491614,0.0016778722926844576,0.047103688341845855
Morocco,0.0651431604492007,95.96666666666668,139016,3869552,0.9285714285714286,71,France,1.3015141674773683,0.9370902005837052,10.515775893494839,7.347771246887612,0.5471976401,0.4054960328,True,95.96666666666668,0.046251643918932495,0.9240750589089315,0.4897506107536497,0.9285714285714286,0.1725374877261865,0.038344298334714845,0.21088178606090133
Croatia,0.0016693451000335,35.083333333333336,3441,3869684,1.0,87,Morocco,0.87190571165222,0.7585579691374313,2.7540395543799834,4.306283789653664,0.3200589971,0.5196095757,True,96.15,0.001452330237029145,0.27678358901617145,0.05911765674765068,1.0,0.039278098559548225,0.004628529331883621,0.04390662789143185
Croatia,-0.0064367899886125,96.15,5456,3869684,0.9310344827586208,87,Morocco,0.87190571165222,0.7585579691374313,2.7540395543799834,4.306283789653664,0.8716814159,0.8199589248,True,96.15,-0.005600007290092876,0.7585579691374313,0.6956300579873511,0.9310344827586208,0.09806595824559004,0.054463324574553794,0.15252928282014383
Croatia,-0.0028067894558003,61.06666666666667,5460,3869684,0.8333333333333334,87,Morocco,0.87190571165222,0.7585579691374313,2.7540395543799834,4.306283789653664,0.3348082596,0.2768182077,True,96.15,-0.002441906826546261,0.48177438012125995,0.047797891497991324,0.8333333333333334,0.0633982903866176,0.0037422650857932625,0.06714055547241085
Croatia,-0.0139291589059421,96.15,5463,3869684,0.8333333333333334,87,Morocco,0.87190571165222,0.7585579691374313,2.7540395543799834,4.306283789653664,0.7536873156,0.6496819516,True,96.15,-0.012118368248169626,0.7585579691374313,0.5387804667937239,0.8333333333333334,0.09154759728751329,0.04218301825875063,0.13373061554626392
Croatia,-0.0135756019941469,96.15,5474,3869684,0.8636363636363636,87,Morocco,0.87190571165222,0.7585579691374313,2.7540395543799834,4.306283789653664,0.2610619469,0.4245165374,True,96.15,-0.011810773734907803,0.7585579691374313,0.07958451014893814,0.8636363636363636,0.09185519180077512,0.00623095129024356,0.09808614309101868
Croatia,0.0004861149143198,29.183333333333337,7693,3869684,0.9473684210526316,87,Morocco,0.87190571165222,0.7585579691374313,2.7540395543799834,4.306283789653664,0.3731563422,0.5268861006,True,96.15,0.00042291997545822603,0.230236610150744,0.06212075470199711,0.9473684210526316,0.03188749020478407,0.00486365243609503,0.0367511426408791
Croatia,-0.0113735689665135,29.23333333333333,11603,3869684,1.0,87,Morocco,0.87190571165222,0.7585579691374313,2.7540395543799834,4.306283789653664,0.2876106195,0.617016465,True,96.15,-0.009895005000866744,0.23063107607333233,0.0538090147093824,1.0,0.021623473686875984,0.00421289707007934,0.025836370756955322
Croatia,0.0049903895226335,94.86666666666666,16527,3869684,0.7931034482758621,87,Morocco,0.87190571165222,0.7585579691374313,2.7540395543799834,4.306283789653664,0.3598820059,0.5098681879,True,96.15,0.004341638884691145,0.7484333437909965,0.18537650620621215,0.7931034482758621,0.10662395398767383,0.014513778854261788,0.12113773284193562
Croatia,0.0039484809953874,66.96666666666667,22041,3869684,0.8666666666666667,87,Morocco,0.87190571165222,0.7585579691374313,2.7540395543799834,4.306283789653664,0.1932153392,0.5052217653,True,96.15,0.003435178465987038,0.5283213589866873,0.04272211245846444,0.8666666666666667,0.07563657377234412,0.003344864487408688,0.0789814382597528
Croatia,-0.00971553560042,66.91666666666667,28914,3869684,0.9090909090909092,87,Morocco,0.87190571165222,0.7585579691374313,2.7540395543799834,4.306283789653664,0.709439528,0.5677756179,True,96.15,-0.008452515972365399,0.527926893064099,0.32897425875429054,0.9090909090909092,0.06369497087557478,0.02575655210047574,0.08945152297605052
Croatia,-0.0284195650382415,96.15,33018,3869684,0.9473684210526316,87,Morocco,0.87190571165222,0.7585579691374313,2.7540395543799834,4.306283789653664,0.7654867257,0.6361837382,True,96.15,-0.024725021583270106,0.7585579691374313,0.5421699264534601,0.9473684210526316,0.0789409439524128,0.04244839098015756,0.12138933493257037
Croatia,0.0008609358710702,96.15,37148,3869684,0.9166666666666666,87,Morocco,0.87190571165222,0.7585579691374313,2.7540395543799834,4.306283789653664,0.4557522124,0.3463575442,True,96.15,0.000749014207831074,0.7585579691374313,0.1937383796379016,0.9166666666666666,0.10441497974351399,0.015168459343599875,0.11958343908711387
Croatia,0.0066366610853636,96.15,49337,3869684,0.8823529411764706,87,Morocco,0.87190571165222,0.7585579691374313,2.7540395543799834,4.306283789653664,0.09144542773,0.3321454566,True,96.15,0.005773895144266333,0.7585579691374313,-0.08450090823890655,0.8823529411764706,0.10943986067994925,-0.006615873393360235,0.10282398728658901
Morocco,0.0744907008549648,63.28333333333333,3625,3869684,0.84,85,Croatia,1.0246561782916976,0.870957751547943,-3.868002742040794,1.9311890525490596,0.2477876106,0.5847363707,True,96.15,0.06331709572672008,0.5732408706235984,-0.012468155874635706,0.84,0.14165727637933995,-0.0009761757883365667,0.1406811005910034
Morocco,-0.0040797871929023,45.0,3634,3869684,0.8888888888888888,85,Croatia,1.0246561782916976,0.870957751547943,-3.868002742040794,1.9311890525490596,0.7876106195,0.5693813356,True,96.15,-0.0034678191139669544,0.40762453270574556,0.169871580862547,0.8888888888888888,0.052238919827848604,0.013299843700367655,0.06553876352821626
Morocco,-0.008917113119823,96.15,5234,3869684,0.9130434782608696,85,Croatia,1.0246561782916976,0.870957751547943,-3.868002742040794,1.9311890525490596,0.9380530973,0.7846760658,True,96.15,-0.00757954615184955,0.870957751547943,0.5543362237478446,0.9130434782608696,0.1114471860538297,0.043400933198260834,0.15484811925209052
Morocco,0.1147865155821841,96.15,5237,3869684,0.8518518518518519,85,Croatia,1.0246561782916976,0.870957751547943,-3.868002742040794,1.9311890525490596,0.2684365782,0.5733153816,True,96.15,0.09756853824485649,0.870957751547943,-0.008526443188110078,0.8518518518518519,0.21659527045053573,-0.0006675652345502533,0.21592770521598548
Morocco,0.0653163579026087,96.15,5245,3869684,0.9117647058823528,85,Croatia,1.0246561782916976,0.870957751547943,-3.868002742040794,1.9311890525490596,0.2920353982,0.6030365114,True,96.15,0.0555189042172174,0.870957751547943,0.019926490939644007,0.9117647058823528,0.17454563642289664,0.0015601150801586993,0.17610575150305532
Morocco,0.0169507455341893,96.15,6301,3869684,1.0,85,Croatia,1.0246561782916976,0.870957751547943,-3.868002742040794,1.9311890525490596,0.3451327434,0.466162362,True,96.15,0.014408133704060905,0.870957751547943,0.005123193494663433,1.0,0.13343486590974016,0.0004011128428886417,0.1338359787526288
Morocco,-0.0008050806398433,66.8,7459,3869684,0.8947368421052632,85,Croatia,1.0246561782916976,0.870957751547943,-3.868002742040794,1.9311890525490596,0.6519174041,0.4958330712,True,96.15,-0.000684318543866805,0.6050959729943066,0.1646657626838961,0.8947368421052632,0.08200924059642828,0.012892261880283147,0.09490150247671142
Morocco,0.0051703603533892,51.150000000000006,21214,3869684,0.9333333333333332,85,Croatia,1.0246561782916976,0.870957751547943,-3.868002742040794,1.9311890525490596,0.5,0.4531828307,True,96.15,0.00439480630038082,0.46333321884219747,0.05924583079085634,0.9333333333333332,0.0677147995642445,0.004638564528662409,0.07235336409290691
Morocco,-0.0129986412448285,29.35000000000001,23774,3869684,0.9545454545454546,85,Croatia,1.0246561782916976,0.870957751547943,-3.868002742040794,1.9311890525490596,0.7684365782,0.7345391318,True,96.15,-0.011048845058104224,0.2658617785536363,0.12609261350005796,0.9545454545454546,0.02528432800727993,0.009872234324342973,0.0351565623316229
Morocco,-0.021951414432819,96.15,31295,3869684,0.9130434782608696,85,Croatia,1.0246561782916976,0.870957751547943,-3.868002742040794,1.9311890525490596,0.08849557522,0.4097605576,True,96.15,-0.01865870226789615,0.870957751547943,-0.2010809784715907,0.9130434782608696,0.1003680299377831,-0.015743337238693967,0.08462469269908914
Morocco,0.000643475087256,41.116666666666674,46258,3869684,0.8333333333333334,85,Croatia,1.0246561782916976,0.870957751547943,-3.868002742040794,1.9311890525490596,0.7758112094,0.6536686645,True,96.15,0.0005469538241675999,0.3724480452537312,0.16553116536319445,0.8333333333333334,0.051446407516559815,0.012960017300666623,0.06440642481722644
Morocco,0.1143306279832258,32.75000000000001,67700,3869684,0.9,85,Croatia,1.0246561782916976,0.870957751547943,-3.868002742040794,1.9311890525490596,0.8097345133,0.5742711244,True,96.15,0.09718103378574193,0.29666007658029264,0.12968721712045378,0.9,0.13772316046006328,0.010153668488158308,0.14787682894822157
Morocco,0.0214984582471113,63.4,139016,3869684,1.0,85,Croatia,1.0246561782916976,0.870957751547943,-3.868002742040794,1.9311890525490596,0.5471976401,0.4054960328,True,96.15,0.018273689510044606,0.5742976749676503,0.08362976427231891,1.0,0.09675829504140251,0.00654766846739614,0.10330596350879866
Morocco,0.1415792749026847,55.03333333333333,156734,3869684,0.9375,85,Croatia,1.0246561782916976,0.870957751547943,-3.868002742040794,1.9311890525490596,0.6076696165,0.6980756347,True,96.15,0.120342383667282,0.4985097062942117,0.16224689442961743,0.9375,0.18846966218056904,0.012702880174700983,0.20117254235527002
Argentina,-0.0132008806886477,63.85,2995,3869685,0.8181818181818182,133,France,1.3015141674773683,1.7310138427448998,7.82055491408003,-1.976932997510214,0.1076696165,0.4203980323,True,124.11666666666666,-0.01755717131590144,0.8904947000880504,-0.26336037697165215,0.8181818181818182,0.10413951719691965,-0.020619410455873007,0.08352010674104664
Argentina,-0.0822688994588025,124.11666666666666,3090,3869685,0.9,133,France,1.3015141674773683,1.7310138427448998,7.82055491408003,-1.976932997510214,0.5678466077,0.4491953689,True,124.11666666666666,-0.10941763628020733,1.7310138427448998,-0.09724846337026555,0.9,0.1271459866263389,-0.007613924332475704,0.1195320622938632
Argentina,0.0039438924056159,124.11666666666666,5503,3869685,0.7777777777777778,133,France,1.3015141674773683,1.7310138427448998,7.82055491408003,-1.976932997510214,0.7433628319,0.5078645975,True,124.11666666666666,0.005245376899469147,1.7310138427448998,0.08330404522040263,0.7777777777777778,0.24180899980601536,0.006522166776891336,0.2483311665829067
Argentina,-0.0147657154173519,120.76666666666668,5507,3869685,0.8888888888888888,133,France,1.3015141674773683,1.7310138427448998,7.82055491408003,-1.976932997510214,0.1725663717,0.5207345516,True,124.11666666666666,-0.019638401505078028,1.6842925076580564,-0.39724538062677356,0.8888888888888888,0.21054019545756922,-0.031101738420296288,0.17943845703727293
Argentina,-0.0147222793903269,101.61666666666666,7797,3869685,0.7894736842105263,133,France,1.3015141674773683,1.7310138427448998,7.82055491408003,-1.976932997510214,0.7404129794,0.6602228286,True,124.11666666666666,-0.019580631589134777,1.4172138309675915,0.12465208950095757,0.7894736842105263,0.1740984887091346,0.009759450632465954,0.18385793934160055
Argentina,-0.0018611447460175,22.3,11456,3869685,0.0,133,France,1.3015141674773683,1.7310138427448998,7.82055491408003,-1.976932997510214,0.4085545723,0.4773759282,True,124.11666666666666,-0.0024753225122032753,0.3110106783392878,-0.04004619081599224,0.0,0.040027984517333304,-0.0031353571677110587,0.036892627349622245
Argentina,0.0051735772819595,22.5,16308,3869685,0.625,133,France,1.3015141674773683,1.7310138427448998,7.82055491408003,-1.976932997510214,0.9203539823,0.8037512343,True,124.11666666666666,0.006880857785006136,0.3138000117773083,0.06825181803802766,0.625,0.04976536039328295,0.005343674954707143,0.055109035347990096
Argentina,-0.0003412216023112,60.26666666666666,19597,3869685,0.8125,133,France,1.3015141674773683,1.7310138427448998,7.82055491408003,-1.976932997510214,0.08407079646,0.4874957193,True,124.11666666666666,-0.00045382473107389594,0.8405191426568493,-0.24327596820089353,0.8125,0.11441310966265122,-0.019046931433136856,0.09536617822951438
Argentina,0.0280407588237087,124.11666666666666,20572,3869685,0.7954545454545454,133,France,1.3015141674773683,1.7310138427448998,7.82055491408003,-1.976932997510214,0.5221238938,0.4123572127,True,124.11666666666666,0.037294209235532574,1.7310138427448998,-0.1544013254870426,0.7954545454545454,0.2738578321420788,-0.012088622980255165,0.26176920916182367
Argentina,-0.0079537912990902,115.36666666666666,27886,3869685,0.7142857142857143,133,France,1.3015141674773683,1.7310138427448998,7.82055491408003,-1.976932997510214,0.8510324484,0.636292317,True,124.11666666666666,-0.010578542427789968,1.608980504831502,0.22071503969785677,0.7142857142857143,0.20930777390887081,0.0172805569677791,0.22658833087664992
Argentina,-0.0717227846631633,34.11666666666666,28263,3869685,0.8571428571428571,133,France,1.3015141674773683,1.7310138427448998,7.82055491408003,-1.976932997510214,0.07817109145,0.2914553749,True,124.11666666666666,-0.09539130360200719,0.4758137956356666,-0.16442667935653654,0.8571428571428571,-0.030365691128568212,-0.01287354320545184,-0.04323923433402005
Argentina,0.0087530179455948,90.0,29201,3869685,0.8787878787878788,133,France,1.3015141674773683,1.7310138427448998,7.82055491408003,-1.976932997510214,0.1415929204,0.509514246,True,124.11666666666666,0.011641513867641085,1.2552000471092333,-0.3194417969891379,0.8787878787878788,0.18317952430074835,-0.02501022213219902,0.15816930216854933
Argentina,-0.0048470822306348,101.81666666666666,29560,3869685,0.8974358974358975,133,France,1.3015141674773683,1.7310138427448998,7.82055491408003,-1.976932997510214,0.3790560472,0.6058950036,True,124.11666666666666,-0.006446619366744284,1.420003164405612,-0.15444735761195752,0.8974358974358975,0.18761369651026535,-0.01209222699726293,0.17552146951300243
Argentina,0.035149821354926,124.11666666666666,38718,3869685,0.9245283018867924,133,France,1.3015141674773683,1.7310138427448998,7.82055491408003,-1.976932997510214,0.889380531,0.7787828594,True,124.11666666666666,0.04674926240205158,1.7310138427448998,0.33777446133206573,0.9245283018867924,0.28331288530859783,0.026445550920770982,0.3097584362293688
France,-0.005647750344483,83.1,2972,3869685,0.8787878787878788,113,Argentina,1.3740120640741063,1.5526336324037402,0.5535705005524694,-2.081923235843054,0.2551622419,0.4381730012,True,124.11666666666666,-0.00638195788926579,1.0395368995790315,-0.2555540560482175,0.8787878787878788,0.13568311925621782,-0.02000822612692631,0.11567489312929151
France,0.0017243648761301,124.11666666666666,3009,3869685,0.6666666666666666,113,Argentina,1.3740120640741063,1.5526336324037402,0.5535705005524694,-2.081923235843054,0.2581120944,0.2078280052,True,124.11666666666666,0.001948532310027013,1.5526336324037402,-0.48708985374792224,0.6666666666666666,0.21413437858006643,-0.03813597830777951,0.17599840027228691
France,-0.0144033282961681,95.16666666666669,3026,3869685,0.8333333333333334,113,Argentina,1.3740120640741063,1.5526336324037402,0.5535705005524694,-2.081923235843054,0.8289085546,0.7639210465,True,124.11666666666666,-0.016275760974669953,1.1904844959077963,0.20734851633321214,0.8333333333333334,0.1464180999360223,0.016234044828053195,0.1626521447640755
France,0.0266278256907689,41.016666666666666,3604,3869685,0.7857142857142857,113,Argentina,1.3740120640741063,1.5526336324037402,0.5535705005524694,-2.081923235843054,0.5044247788,0.4255429188,True,124.11666666666666,0.03008944303056886,0.5130967328247086,-0.05638921591015965,0.7857142857142857,0.10021021215512466,-0.004414910099637273,0.09579530205548738
France,-0.0099248438709431,120.58333333333331,4445,3869685,0.7818181818181819,113,Argentina,1.3740120640741063,1.5526336324037402,0.5535705005524694,-2.081923235843054,0.1578171091,0.2644050333,True,124.11666666666666,-0.011215073574165704,1.508433507511892,-0.5322786640033894,0.7818181818181819,0.19493030010164134,-0.041673969243942,0.15325633085769935
France,-0.061473101485499,40.53333333333333,5477,3869685,0.5333333333333333,113,Argentina,1.3740120640741063,1.5526336324037402,0.5535705005524694,-2.081923235843054,0.1991150442,0.4308400652,True,124.11666666666666,-0.06946460467861387,0.507050489325352,-0.1417057856736112,0.5333333333333333,-0.00017012661647665406,-0.011094644503378225,-0.01126477111985488
France,-0.0183217773279792,112.46666666666668,5485,3869685,0.84,113,Argentina,1.3740120640741063,1.5526336324037402,0.5535705005524694,-2.081923235843054,0.7669616519,0.3702074329,True,124.11666666666666,-0.0207036083806165,1.406898314953732,0.028961022327520625,0.84,0.17156577400560968,0.002267460327401977,0.17383323433301165
France,-0.0027468940712419,70.48333333333333,5487,3869685,0.875,113,Argentina,1.3740120640741063,1.5526336324037402,0.5535705005524694,-2.081923235843054,0.8333333333,0.7558138316,True,124.11666666666666,-0.003103990300503347,0.8817090951303099,0.15359797050490223,0.875,0.11739204083632986,0.012025725492375636,0.1294177663287055
France,-0.0174810629413698,70.45,6704,3869685,0.9166666666666666,113,Argentina,1.3740120640741063,1.5526336324037402,0.5535705005524694,-2.081923235843054,0.06932153392,0.4034422715,True,124.11666666666666,-0.019753601123747876,0.8812921128200095,-0.31771437553933185,0.9166666666666666,0.10068544442257371,-0.02487497622955641,0.0758104681930173
France,-0.0136228114728927,53.633333333333326,8217,3869685,0.7631578947368421,113,Argentina,1.3740120640741063,1.5526336324037402,0.5535705005524694,-2.081923235843054,0.203539823,0.528790098,True,124.11666666666666,-0.015393776964368751,0.6709245372734304,-0.166000389149091,0.7631578947368421,0.0762960381688375,-0.012996754481666711,0.06329928368717079
France,0.0660591588860717,124.11666666666666,8519,3869685,0.9583333333333334,113,Argentina,1.3740120640741063,1.5526336324037402,0.5535705005524694,-2.081923235843054,0.6356932153,0.5886506978,True,124.11666666666666,0.07464684954126102,1.5526336324037402,0.02008323323884123,0.9583333333333334,0.28683269581130044,0.0015723869862066342,0.2884050827975071
France,0.0011520740383203,124.11666666666666,10481,3869685,0.9333333333333332,113,Argentina,1.3740120640741063,1.5526336324037402,0.5535705005524694,-2.081923235843054,0.9572271386,0.6781218518,True,124.11666666666666,0.001301843663301939,1.5526336324037402,0.34190713678265044,0.9333333333333332,0.21348768993334136,0.026769112621192182,0.24025680255453355
France,-0.0002495471333769,28.94999999999999,11990,3869685,0.8461538461538461,113,Argentina,1.3740120640741063,1.5526336324037402,0.5535705005524694,-2.081923235843054,0.912979351,0.8590555194,True,124.11666666666666,-0.000281988260715897,0.3621491364959441,0.09054635162978944,0.8461538461538461,0.04920999709863127,0.007089192425242456,0.05629918952387372
France,-0.0115062189331485,83.58333333333333,22097,3869685,0.8035714285714286,113,Argentina,1.3740120640741063,1.5526336324037402,0.5535705005524694,-2.081923235843054,0.3525073746,0.6622860749,True,124.11666666666666,-0.013002027394457804,1.0455831430783882,-0.12923627032588303,0.8035714285714286,0.1298893408134444,-0.010118362277110413,0.11977097853633398
France,-0.018295177319568,53.66666666666666,24778,3869685,0.5714285714285714,113,Argentina,1.3740120640741063,1.5526336324037402,0.5535705005524694,-2.081923235843054,0.2743362832,0.6963353791,True,124.11666666666666,-0.020673550371111838,0.6713415195837307,-0.10550083520165876,0.5714285714285714,0.071073250352606,-0.008260031556282939,0.06281321879632307
