config_id,variance_share_target,mixture_bounds,attack_reliability_constant,defense_reliability_constant,bootstrap_se_shrinkage_constant,opposition_adjustment_variant,opposition_exposure_scale,prevention_weight,eligible_for_release,eligibility_reason,bootstrap_top50_jaccard_median,bootstrap_top50_jaccard_p10,realized_defensive_variance_share,defensive_variance_scale_factor,single_attribution_p95_absolute_rank_shift,single_attribution_max_absolute_rank_shift,leave_one_match_out_median_top50_jaccard,leave_one_match_out_p95_absolute_rank_shift,selection_status,single_attribution_count,single_attribution_granularity
1,0.35,"[0.25, 0.75]",40.0,180.0,0.5,fifa_log_rank,1.0,0.0,False,zero-prevention ablation; mandatory family passed,0.4084507042253521,0.2987012987012987,0.35,6.897581008753893,,,,,ineligible_ablation,,
2,0.35,"[0.25, 0.75]",40.0,180.0,0.5,fifa_log_rank,1.0,0.5,True,eligible,0.42857142857142855,0.3157894736842105,0.35000000000000003,6.302979592698429,,,,,rejected_by_preregistered_metrics,,
3,0.35,"[0.25, 0.75]",40.0,180.0,0.5,fifa_log_rank,1.0,0.75,True,eligible,0.42857142857142855,0.3157894736842105,0.3499999999999999,5.901050034693689,,,,,rejected_by_preregistered_metrics,,
4,0.35,"[0.25, 0.75]",40.0,180.0,0.5,fifa_log_rank,1.5,0.0,False,zero-prevention ablation; mandatory family passed,0.42857142857142855,0.3140806561859194,0.35,4.556655888036061,,,,,ineligible_ablation,,
5,0.35,"[0.25, 0.75]",40.0,180.0,0.5,fifa_log_rank,1.5,0.5,True,eligible,0.42857142857142855,0.3157894736842105,0.35,4.332495065267814,,,,,rejected_by_preregistered_metrics,,
6,0.35,"[0.25, 0.75]",40.0,180.0,0.5,fifa_log_rank,1.5,0.75,True,eligible,0.42857142857142855,0.3157894736842105,0.35,4.178741335270145,,,,,rejected_by_preregistered_metrics,,
7,0.35,"[0.25, 0.75]",40.0,180.0,0.5,fifa_log_rank,2.0,0.0,False,zero-prevention ablation; mandatory family passed,0.42857142857142855,0.2987012987012987,0.35,3.399459667233622,,,,,ineligible_ablation,,
8,0.35,"[0.25, 0.75]",40.0,180.0,0.5,fifa_log_rank,2.0,0.5,True,eligible,0.42857142857142855,0.3157894736842105,0.35000000000000003,3.285398150490469,,,,,rejected_by_preregistered_metrics,,
9,0.35,"[0.25, 0.75]",40.0,180.0,0.5,fifa_log_rank,2.0,0.75,True,eligible,0.42857142857142855,0.3157894736842105,0.35,3.208910667314624,,,,,rejected_by_preregistered_metrics,,
10,0.35,"[0.25, 0.75]",40.0,180.0,0.5,fifa_inverse_sqrt,1.0,0.0,False,zero-prevention ablation; mandatory family passed,0.4084507042253521,0.2987012987012987,0.35,11.187907255012602,,,,,ineligible_ablation,,
11,0.35,"[0.25, 0.75]",40.0,180.0,0.5,fifa_inverse_sqrt,1.0,0.5,True,eligible,0.4084507042253521,0.2987012987012987,0.35000000000000003,9.783091835255636,,,,,rejected_by_preregistered_metrics,,
12,0.35,"[0.25, 0.75]",40.0,180.0,0.5,fifa_inverse_sqrt,1.0,0.75,True,eligible,0.4084507042253521,0.3157894736842105,0.35,8.692830537765209,,,,,rejected_by_preregistered_metrics,,
13,0.35,"[0.25, 0.75]",40.0,180.0,0.5,fifa_inverse_sqrt,1.5,0.0,False,zero-prevention ablation; mandatory family passed,0.3888888888888889,0.2987012987012987,0.35,7.676480354357177,,,,,ineligible_ablation,,
14,0.35,"[0.25, 0.75]",40.0,180.0,0.5,fifa_inverse_sqrt,1.5,0.5,True,eligible,0.4084507042253521,0.2987012987012987,0.35,7.172471186205333,,,,,rejected_by_preregistered_metrics,,
15,0.35,"[0.25, 0.75]",40.0,180.0,0.5,fifa_inverse_sqrt,1.5,0.75,True,eligible,0.4084507042253521,0.2987012987012987,0.35,6.706924621583162,,,,,rejected_by_preregistered_metrics,,
16,0.35,"[0.25, 0.75]",40.0,180.0,0.5,fifa_inverse_sqrt,2.0,0.0,False,zero-prevention ablation; mandatory family passed,0.4084507042253521,0.2987012987012987,0.35000000000000003,5.805425236993288,,,,,ineligible_ablation,,
17,0.35,"[0.25, 0.75]",40.0,180.0,0.5,fifa_inverse_sqrt,2.0,0.5,True,eligible,0.4084507042253521,0.2987012987012987,0.35,5.575356623636663,,,,,rejected_by_preregistered_metrics,,
18,0.35,"[0.25, 0.75]",40.0,180.0,0.5,fifa_inverse_sqrt,2.0,0.75,True,eligible,0.4084507042253521,0.2987012987012987,0.35000000000000003,5.34780430814272,,,,,rejected_by_preregistered_metrics,,
19,0.35,"[0.25, 0.75]",40.0,180.0,0.5,cumulative_pre_match_xg,1.0,0.0,False,zero-prevention ablation; mandatory family passed,0.4084507042253521,0.3157894736842105,0.35000000000000003,7.657471692410748,,,,,ineligible_ablation,,
20,0.35,"[0.25, 0.75]",40.0,180.0,0.5,cumulative_pre_match_xg,1.0,0.5,True,eligible,0.42857142857142855,0.3157894736842105,0.35000000000000003,6.909248867742158,,,,,rejected_by_preregistered_metrics,,
21,0.35,"[0.25, 0.75]",40.0,180.0,0.5,cumulative_pre_match_xg,1.0,0.75,True,eligible,0.42857142857142855,0.3157894736842105,0.35,6.398159488316851,,,,,rejected_by_preregistered_metrics,,
22,0.35,"[0.25, 0.75]",40.0,180.0,0.5,cumulative_pre_match_xg,1.5,0.0,False,zero-prevention ablation; mandatory family passed,0.4185110663983903,0.3157894736842105,0.35,5.0838460782894925,,,,,ineligible_ablation,,
23,0.35,"[0.25, 0.75]",40.0,180.0,0.5,cumulative_pre_match_xg,1.5,0.5,True,eligible,0.42857142857142855,0.3157894736842105,0.35,4.802031883099716,,,,,rejected_by_preregistered_metrics,,
24,0.35,"[0.25, 0.75]",40.0,180.0,0.5,cumulative_pre_match_xg,1.5,0.75,True,eligible,0.42857142857142855,0.3157894736842105,0.35,4.603624361499067,,,,,rejected_by_preregistered_metrics,,
25,0.35,"[0.25, 0.75]",40.0,180.0,0.5,cumulative_pre_match_xg,2.0,0.0,False,zero-prevention ablation; mandatory family passed,0.42857142857142855,0.2987012987012987,0.35000000000000003,3.800934019741082,,,,,ineligible_ablation,,
26,0.35,"[0.25, 0.75]",40.0,180.0,0.5,cumulative_pre_match_xg,2.0,0.5,True,eligible,0.42857142857142855,0.3157894736842105,0.35000000000000003,3.6586227979004735,,,,,rejected_by_preregistered_metrics,,
27,0.35,"[0.25, 0.75]",40.0,180.0,0.5,cumulative_pre_match_xg,2.0,0.75,True,eligible,0.42857142857142855,0.3157894736842105,0.35,3.5601616641410794,,,,,rejected_by_preregistered_metrics,,
28,0.35,"[0.25, 0.75]",40.0,180.0,1.0,fifa_log_rank,1.0,0.0,False,zero-prevention ablation; mandatory family passed,0.4084507042253521,0.2987012987012987,0.35,7.932487366209716,,,,,ineligible_ablation,,
29,0.35,"[0.25, 0.75]",40.0,180.0,1.0,fifa_log_rank,1.0,0.5,True,eligible,0.42857142857142855,0.3157894736842105,0.35,7.146319740627356,,,,,rejected_by_preregistered_metrics,,
30,0.35,"[0.25, 0.75]",40.0,180.0,1.0,fifa_log_rank,1.0,0.75,True,eligible,0.42857142857142855,0.3157894736842105,0.35000000000000003,6.635517612445173,,,,,rejected_by_preregistered_metrics,,
31,0.35,"[0.25, 0.75]",40.0,180.0,1.0,fifa_log_rank,1.5,0.0,False,zero-prevention ablation; mandatory family passed,0.4084507042253521,0.2987012987012987,0.35,5.167729485723374,,,,,ineligible_ablation,,
32,0.35,"[0.25, 0.75]",40.0,180.0,1.0,fifa_log_rank,1.5,0.5,True,eligible,0.4084507042253521,0.3157894736842105,0.35,4.867041423759741,,,,,rejected_by_preregistered_metrics,,
33,0.35,"[0.25, 0.75]",40.0,180.0,1.0,fifa_log_rank,1.5,0.75,True,eligible,0.42857142857142855,0.3157894736842105,0.35000000000000003,4.670108314544001,,,,,rejected_by_preregistered_metrics,,
34,0.35,"[0.25, 0.75]",40.0,180.0,1.0,fifa_log_rank,2.0,0.0,False,zero-prevention ablation; mandatory family passed,0.4084507042253521,0.2987012987012987,0.35000000000000003,3.822527565177574,,,,,ineligible_ablation,,
35,0.35,"[0.25, 0.75]",40.0,180.0,1.0,fifa_log_rank,2.0,0.5,True,eligible,0.4084507042253521,0.2987012987012987,0.35,3.6675814421638475,,,,,rejected_by_preregistered_metrics,,
36,0.35,"[0.25, 0.75]",40.0,180.0,1.0,fifa_log_rank,2.0,0.75,True,eligible,0.4084507042253521,0.3157894736842105,0.35000000000000003,3.568893815256124,,,,,rejected_by_preregistered_metrics,,
37,0.35,"[0.25, 0.75]",40.0,180.0,1.0,fifa_inverse_sqrt,1.0,0.0,False,zero-prevention ablation; mandatory family passed,0.3888888888888889,0.2987012987012987,0.35,13.378671217776924,,,,,ineligible_ablation,,
38,0.35,"[0.25, 0.75]",40.0,180.0,1.0,fifa_inverse_sqrt,1.0,0.5,True,eligible,0.3888888888888889,0.2987012987012987,0.35,11.553436326269626,,,,,rejected_by_preregistered_metrics,,
39,0.35,"[0.25, 0.75]",40.0,180.0,1.0,fifa_inverse_sqrt,1.0,0.75,True,eligible,0.4084507042253521,0.2987012987012987,0.35,10.16734085367415,,,,,rejected_by_preregistered_metrics,,
40,0.35,"[0.25, 0.75]",40.0,180.0,1.0,fifa_inverse_sqrt,1.5,0.0,False,zero-prevention ablation; mandatory family passed,0.3888888888888889,0.2987012987012987,0.35,9.128769231293093,,,,,ineligible_ablation,,
41,0.35,"[0.25, 0.75]",40.0,180.0,1.0,fifa_inverse_sqrt,1.5,0.5,True,eligible,0.3888888888888889,0.2987012987012987,0.35,8.477534618844318,,,,,rejected_by_preregistered_metrics,,
42,0.35,"[0.25, 0.75]",40.0,180.0,1.0,fifa_inverse_sqrt,1.5,0.75,True,eligible,0.3888888888888889,0.2987012987012987,0.35,7.879485227465632,,,,,rejected_by_preregistered_metrics,,
43,0.35,"[0.25, 0.75]",40.0,180.0,1.0,fifa_inverse_sqrt,2.0,0.0,False,zero-prevention ablation; mandatory family passed,0.3888888888888889,0.2987012987012987,0.35000000000000003,6.866817724325144,,,,,ineligible_ablation,,
44,0.35,"[0.25, 0.75]",40.0,180.0,1.0,fifa_inverse_sqrt,2.0,0.5,True,eligible,0.3888888888888889,0.2987012987012987,0.35,6.574588515513644,,,,,rejected_by_preregistered_metrics,,
45,0.35,"[0.25, 0.75]",40.0,180.0,1.0,fifa_inverse_sqrt,2.0,0.75,True,eligible,0.3888888888888889,0.2987012987012987,0.35,6.283692012499964,,,,,rejected_by_preregistered_metrics,,
46,0.35,"[0.25, 0.75]",40.0,180.0,1.0,cumulative_pre_match_xg,1.0,0.0,False,zero-prevention ablation; mandatory family passed,0.4084507042253521,0.2987012987012987,0.35,8.903144711381767,,,,,ineligible_ablation,,
47,0.35,"[0.25, 0.75]",40.0,180.0,1.0,cumulative_pre_match_xg,1.0,0.5,True,eligible,0.4084507042253521,0.2987012987012987,0.35000000000000003,7.910105244402171,,,,,rejected_by_preregistered_metrics,,
48,0.35,"[0.25, 0.75]",40.0,180.0,1.0,cumulative_pre_match_xg,1.0,0.75,True,eligible,0.4084507042253521,0.3157894736842105,0.35,7.252857146446997,,,,,rejected_by_preregistered_metrics,,
49,0.35,"[0.25, 0.75]",40.0,180.0,1.0,cumulative_pre_match_xg,1.5,0.0,False,zero-prevention ablation; mandatory family passed,0.4084507042253521,0.2987012987012987,0.35,5.833345817855215,,,,,ineligible_ablation,,
50,0.35,"[0.25, 0.75]",40.0,180.0,1.0,cumulative_pre_match_xg,1.5,0.5,True,eligible,0.4084507042253521,0.2987012987012987,0.35000000000000003,5.4556221127618345,,,,,rejected_by_preregistered_metrics,,
51,0.35,"[0.25, 0.75]",40.0,180.0,1.0,cumulative_pre_match_xg,1.5,0.75,True,eligible,0.4084507042253521,0.2987012987012987,0.35000000000000003,5.200441944201279,,,,,rejected_by_preregistered_metrics,,
52,0.35,"[0.25, 0.75]",40.0,180.0,1.0,cumulative_pre_match_xg,2.0,0.0,False,zero-prevention ablation; mandatory family passed,0.4084507042253521,0.2987012987012987,0.35,4.327562762630561,,,,,ineligible_ablation,,
53,0.35,"[0.25, 0.75]",40.0,180.0,1.0,cumulative_pre_match_xg,2.0,0.5,True,eligible,0.4084507042253521,0.2987012987012987,0.35,4.1340179277771,,,,,rejected_by_preregistered_metrics,,
54,0.35,"[0.25, 0.75]",40.0,180.0,1.0,cumulative_pre_match_xg,2.0,0.75,True,eligible,0.4084507042253521,0.2987012987012987,0.35000000000000003,4.006761384716253,,,,,rejected_by_preregistered_metrics,,
55,0.35,"[0.25, 0.75]",40.0,300.0,0.5,fifa_log_rank,1.0,0.0,False,zero-prevention ablation; mandatory family passed,0.42857142857142855,0.3157894736842105,0.35,8.402153238579652,,,,,ineligible_ablation,,
56,0.35,"[0.25, 0.75]",40.0,300.0,0.5,fifa_log_rank,1.0,0.5,True,eligible,0.42857142857142855,0.3157894736842105,0.35,7.6644063276509895,,,,,rejected_by_preregistered_metrics,,
57,0.35,"[0.25, 0.75]",40.0,300.0,0.5,fifa_log_rank,1.0,0.75,True,eligible,0.42857142857142855,0.3157894736842105,0.35,7.175618831797366,,,,,rejected_by_preregistered_metrics,,
58,0.35,"[0.25, 0.75]",40.0,300.0,0.5,fifa_log_rank,1.5,0.0,False,zero-prevention ablation; mandatory family passed,0.42857142857142855,0.3157894736842105,0.35,5.534861545831647,,,,,ineligible_ablation,,
59,0.35,"[0.25, 0.75]",40.0,300.0,0.5,fifa_log_rank,1.5,0.5,True,eligible,0.42857142857142855,0.3157894736842105,0.35000000000000003,5.255271175054791,,,,,rejected_by_preregistered_metrics,,
60,0.35,"[0.25, 0.75]",40.0,300.0,0.5,fifa_log_rank,1.5,0.75,True,eligible,0.42857142857142855,0.3157894736842105,0.35,5.06809721044431,,,,,rejected_by_preregistered_metrics,,
61,0.35,"[0.25, 0.75]",40.0,300.0,0.5,fifa_log_rank,2.0,0.0,False,zero-prevention ablation; mandatory family passed,0.42857142857142855,0.3157894736842105,0.35,4.124528889698605,,,,,ineligible_ablation,,
62,0.35,"[0.25, 0.75]",40.0,300.0,0.5,fifa_log_rank,2.0,0.5,True,eligible,0.42857142857142855,0.3333333333333333,0.35,3.981308949346315,,,,,rejected_by_preregistered_metrics,,
63,0.35,"[0.25, 0.75]",40.0,300.0,0.5,fifa_log_rank,2.0,0.75,True,eligible,0.42857142857142855,0.3157894736842105,0.35000000000000003,3.887719707869136,,,,,rejected_by_preregistered_metrics,,
64,0.35,"[0.25, 0.75]",40.0,300.0,0.5,fifa_inverse_sqrt,1.0,0.0,False,zero-prevention ablation; mandatory family passed,0.4084507042253521,0.2987012987012987,0.35,13.802913036704611,,,,,ineligible_ablation,,
65,0.35,"[0.25, 0.75]",40.0,300.0,0.5,fifa_inverse_sqrt,1.0,0.5,True,eligible,0.42857142857142855,0.3157894736842105,0.35,12.044576351824272,,,,,rejected_by_preregistered_metrics,,
66,0.35,"[0.25, 0.75]",40.0,300.0,0.5,fifa_inverse_sqrt,1.0,0.75,True,eligible,0.42857142857142855,0.3157894736842105,0.35,10.689441966482264,,,,,rejected_by_preregistered_metrics,,
67,0.35,"[0.25, 0.75]",40.0,300.0,0.5,fifa_inverse_sqrt,1.5,0.0,False,zero-prevention ablation; mandatory family passed,0.4084507042253521,0.2987012987012987,0.35000000000000003,9.428475841250453,,,,,ineligible_ablation,,
68,0.35,"[0.25, 0.75]",40.0,300.0,0.5,fifa_inverse_sqrt,1.5,0.5,True,eligible,0.4185110663983903,0.3157894736842105,0.35,8.802977976136416,,,,,rejected_by_preregistered_metrics,,
69,0.35,"[0.25, 0.75]",40.0,300.0,0.5,fifa_inverse_sqrt,1.5,0.75,True,eligible,0.4084507042253521,0.2987012987012987,0.35,8.229374780014028,,,,,rejected_by_preregistered_metrics,,
70,0.35,"[0.25, 0.75]",40.0,300.0,0.5,fifa_inverse_sqrt,2.0,0.0,False,zero-prevention ablation; mandatory family passed,0.4084507042253521,0.2987012987012987,0.35,7.1154691887524555,,,,,ineligible_ablation,,
71,0.35,"[0.25, 0.75]",40.0,300.0,0.5,fifa_inverse_sqrt,2.0,0.5,True,eligible,0.4084507042253521,0.2987012987012987,0.35,6.830077098399292,,,,,rejected_by_preregistered_metrics,,
72,0.35,"[0.25, 0.75]",40.0,300.0,0.5,fifa_inverse_sqrt,2.0,0.75,True,eligible,0.4084507042253521,0.3157894736842105,0.35,6.5510758652457595,,,,,rejected_by_preregistered_metrics,,
73,0.35,"[0.25, 0.75]",40.0,300.0,0.5,cumulative_pre_match_xg,1.0,0.0,False,zero-prevention ablation; mandatory family passed,0.42857142857142855,0.3157894736842105,0.35,9.337339522223305,,,,,ineligible_ablation,,
74,0.35,"[0.25, 0.75]",40.0,300.0,0.5,cumulative_pre_match_xg,1.0,0.5,True,eligible,0.42857142857142855,0.3157894736842105,0.3499999999999999,8.416455582284689,,,,,rejected_by_preregistered_metrics,,
75,0.35,"[0.25, 0.75]",40.0,300.0,0.5,cumulative_pre_match_xg,1.0,0.75,True,eligible,0.42857142857142855,0.3333333333333333,0.35,7.796122795424404,,,,,rejected_by_preregistered_metrics,,
76,0.35,"[0.25, 0.75]",40.0,300.0,0.5,cumulative_pre_match_xg,1.5,0.0,False,zero-prevention ablation; mandatory family passed,0.42857142857142855,0.3157894736842105,0.35,6.183877432711816,,,,,ineligible_ablation,,
77,0.35,"[0.25, 0.75]",40.0,300.0,0.5,cumulative_pre_match_xg,1.5,0.5,True,eligible,0.42857142857142855,0.3157894736842105,0.35,5.835959626961245,,,,,rejected_by_preregistered_metrics,,
78,0.35,"[0.25, 0.75]",40.0,300.0,0.5,cumulative_pre_match_xg,1.5,0.75,True,eligible,0.42857142857142855,0.3157894736842105,0.35,5.5956493627467445,,,,,rejected_by_preregistered_metrics,,
79,0.35,"[0.25, 0.75]",40.0,300.0,0.5,cumulative_pre_match_xg,2.0,0.0,False,zero-prevention ablation; mandatory family passed,0.42857142857142855,0.3140806561859194,0.35000000000000003,4.619241425400251,,,,,ineligible_ablation,,
80,0.35,"[0.25, 0.75]",40.0,300.0,0.5,cumulative_pre_match_xg,2.0,0.5,True,eligible,0.42857142857142855,0.3157894736842105,0.35000000000000003,4.442499717263908,,,,,rejected_by_preregistered_metrics,,
81,0.35,"[0.25, 0.75]",40.0,300.0,0.5,cumulative_pre_match_xg,2.0,0.75,True,eligible,0.42857142857142855,0.33157894736842114,0.35,4.322856474529477,,,,,rejected_by_preregistered_metrics,,
82,0.35,"[0.25, 0.75]",40.0,300.0,1.0,fifa_log_rank,1.0,0.0,False,zero-prevention ablation; mandatory family passed,0.4084507042253521,0.2987012987012987,0.35000000000000003,9.760089097610209,,,,,ineligible_ablation,,
83,0.35,"[0.25, 0.75]",40.0,300.0,1.0,fifa_log_rank,1.0,0.5,True,eligible,0.42857142857142855,0.3157894736842105,0.35,8.761020282042598,,,,,rejected_by_preregistered_metrics,,
84,0.35,"[0.25, 0.75]",40.0,300.0,1.0,fifa_log_rank,1.0,0.75,True,eligible,0.42857142857142855,0.3157894736842105,0.35,8.125889215247415,,,,,rejected_by_preregistered_metrics,,
85,0.35,"[0.25, 0.75]",40.0,300.0,1.0,fifa_log_rank,1.5,0.0,False,zero-prevention ablation; mandatory family passed,0.4084507042253521,0.2987012987012987,0.35000000000000003,6.333473688021303,,,,,ineligible_ablation,,
86,0.35,"[0.25, 0.75]",40.0,300.0,1.0,fifa_log_rank,1.5,0.5,True,eligible,0.42857142857142855,0.3157894736842105,0.35,5.949890814116477,,,,,rejected_by_preregistered_metrics,,
87,0.35,"[0.25, 0.75]",40.0,300.0,1.0,fifa_log_rank,1.5,0.75,True,eligible,0.42857142857142855,0.3157894736842105,0.35,5.704831295433447,,,,,rejected_by_preregistered_metrics,,
88,0.35,"[0.25, 0.75]",40.0,300.0,1.0,fifa_log_rank,2.0,0.0,False,zero-prevention ablation; mandatory family passed,0.4084507042253521,0.2987012987012987,0.35,4.676904032662957,,,,,ineligible_ablation,,
89,0.35,"[0.25, 0.75]",40.0,300.0,1.0,fifa_log_rank,2.0,0.5,True,eligible,0.42857142857142855,0.3157894736842105,0.35000000000000003,4.477962256195386,,,,,rejected_by_preregistered_metrics,,
90,0.35,"[0.25, 0.75]",40.0,300.0,1.0,fifa_log_rank,2.0,0.75,True,eligible,0.42857142857142855,0.3157894736842105,0.35,4.354528555611535,,,,,rejected_by_preregistered_metrics,,
91,0.35,"[0.25, 0.75]",40.0,300.0,1.0,fifa_inverse_sqrt,1.0,0.0,False,zero-prevention ablation; mandatory family passed,0.3888888888888889,0.2987012987012987,0.35000000000000003,16.74413181409514,,,,,ineligible_ablation,,
92,0.35,"[0.25, 0.75]",40.0,300.0,1.0,fifa_inverse_sqrt,1.0,0.5,True,eligible,0.4084507042253521,0.2987012987012987,0.35,14.403841042831463,,,,,rejected_by_preregistered_metrics,,
93,0.35,"[0.25, 0.75]",40.0,300.0,1.0,fifa_inverse_sqrt,1.0,0.75,True,eligible,0.4084507042253521,0.3157894736842105,0.35000000000000003,12.641539591615542,,,,,rejected_by_preregistered_metrics,,
94,0.35,"[0.25, 0.75]",40.0,300.0,1.0,fifa_inverse_sqrt,1.5,0.0,False,zero-prevention ablation; mandatory family passed,0.3888888888888889,0.3157894736842105,0.35,11.361838332539763,,,,,ineligible_ablation,,
95,0.35,"[0.25, 0.75]",40.0,300.0,1.0,fifa_inverse_sqrt,1.5,0.5,True,eligible,0.3888888888888889,0.2987012987012987,0.35000000000000003,10.538244288138252,,,,,rejected_by_preregistered_metrics,,
96,0.35,"[0.25, 0.75]",40.0,300.0,1.0,fifa_inverse_sqrt,1.5,0.75,True,eligible,0.4084507042253521,0.2987012987012987,0.35000000000000003,9.78533925087354,,,,,rejected_by_preregistered_metrics,,
97,0.35,"[0.25, 0.75]",40.0,300.0,1.0,fifa_inverse_sqrt,2.0,0.0,False,zero-prevention ablation; mandatory family passed,0.3888888888888889,0.2987012987012987,0.35,8.522861639679647,,,,,ineligible_ablation,,
98,0.35,"[0.25, 0.75]",40.0,300.0,1.0,fifa_inverse_sqrt,2.0,0.5,True,eligible,0.39866979655712054,0.2987012987012987,0.35,8.154836218115346,,,,,rejected_by_preregistered_metrics,,
99,0.35,"[0.25, 0.75]",40.0,300.0,1.0,fifa_inverse_sqrt,2.0,0.75,True,eligible,0.3888888888888889,0.2987012987012987,0.35,7.791282081604182,,,,,rejected_by_preregistered_metrics,,
100,0.35,"[0.25, 0.75]",40.0,300.0,1.0,cumulative_pre_match_xg,1.0,0.0,False,zero-prevention ablation; mandatory family passed,0.4084507042253521,0.3157894736842105,0.35,10.974409920656981,,,,,ineligible_ablation,,
101,0.35,"[0.25, 0.75]",40.0,300.0,1.0,cumulative_pre_match_xg,1.0,0.5,True,eligible,0.42857142857142855,0.3157894736842105,0.35,9.722773984219767,,,,,rejected_by_preregistered_metrics,,
102,0.35,"[0.25, 0.75]",40.0,300.0,1.0,cumulative_pre_match_xg,1.0,0.75,True,eligible,0.42857142857142855,0.3157894736842105,0.35000000000000003,8.907190057881344,,,,,rejected_by_preregistered_metrics,,
103,0.35,"[0.25, 0.75]",40.0,300.0,1.0,cumulative_pre_match_xg,1.5,0.0,False,zero-prevention ablation; mandatory family passed,0.4084507042253521,0.2987012987012987,0.35,7.16573805018665,,,,,ineligible_ablation,,
104,0.35,"[0.25, 0.75]",40.0,300.0,1.0,cumulative_pre_match_xg,1.5,0.5,True,eligible,0.42857142857142855,0.3157894736842105,0.35,6.688636263221745,,,,,rejected_by_preregistered_metrics,,
105,0.35,"[0.25, 0.75]",40.0,300.0,1.0,cumulative_pre_match_xg,1.5,0.75,True,eligible,0.42857142857142855,0.3157894736842105,0.35,6.372969837875739,,,,,rejected_by_preregistered_metrics,,
106,0.35,"[0.25, 0.75]",40.0,300.0,1.0,cumulative_pre_match_xg,2.0,0.0,False,zero-prevention ablation; mandatory family passed,0.4084507042253521,0.2987012987012987,0.35,5.308884808517762,,,,,ineligible_ablation,,
107,0.35,"[0.25, 0.75]",40.0,300.0,1.0,cumulative_pre_match_xg,2.0,0.5,True,eligible,0.4084507042253521,0.3157894736842105,0.35,5.062814725615349,,,,,rejected_by_preregistered_metrics,,
108,0.35,"[0.25, 0.75]",40.0,300.0,1.0,cumulative_pre_match_xg,2.0,0.75,True,eligible,0.42857142857142855,0.3157894736842105,0.35,4.904849554847657,,,,,rejected_by_preregistered_metrics,,
109,0.35,"[0.25, 0.75]",80.0,180.0,0.5,fifa_log_rank,1.0,0.0,False,zero-prevention ablation; mandatory family passed,0.42857142857142855,0.3157894736842105,0.34999999999999987,6.528432954520436,,,,,ineligible_ablation,,
110,0.35,"[0.25, 0.75]",80.0,180.0,0.5,fifa_log_rank,1.0,0.5,True,eligible,0.42857142857142855,0.3157894736842105,0.35000000000000003,5.965653702713968,,,,,rejected_by_preregistered_metrics,,
111,0.35,"[0.25, 0.75]",80.0,180.0,0.5,fifa_log_rank,1.0,0.75,True,eligible,0.42857142857142855,0.3157894736842105,0.35,5.585234803893669,,,,,rejected_by_preregistered_metrics,,
112,0.35,"[0.25, 0.75]",80.0,180.0,0.5,fifa_log_rank,1.5,0.0,False,zero-prevention ablation; mandatory family passed,0.42857142857142855,0.3157894736842105,0.35,4.312790589064557,,,,,ineligible_ablation,,
113,0.35,"[0.25, 0.75]",80.0,180.0,0.5,fifa_log_rank,1.5,0.5,True,eligible,0.42857142857142855,0.3157894736842105,0.3499999999999999,4.100626512902873,,,,,rejected_by_preregistered_metrics,,
114,0.35,"[0.25, 0.75]",80.0,180.0,0.5,fifa_log_rank,1.5,0.75,True,eligible,0.42857142857142855,0.3157894736842105,0.35,3.9551014488951717,,,,,rejected_by_preregistered_metrics,,
115,0.35,"[0.25, 0.75]",80.0,180.0,0.5,fifa_log_rank,2.0,0.0,False,zero-prevention ablation; mandatory family passed,0.42857142857142855,0.3157894736842105,0.3499999999999999,3.2175257515591587,,,,,ineligible_ablation,,
116,0.35,"[0.25, 0.75]",80.0,180.0,0.5,fifa_log_rank,2.0,0.5,True,eligible,0.42857142857142855,0.3157894736842105,0.35,3.1095686338676756,,,,,rejected_by_preregistered_metrics,,
117,0.35,"[0.25, 0.75]",80.0,180.0,0.5,fifa_log_rank,2.0,0.75,True,eligible,0.42857142857142855,0.3157894736842105,0.3499999999999999,3.0371746445633403,,,,,rejected_by_preregistered_metrics,,
118,0.35,"[0.25, 0.75]",80.0,180.0,0.5,fifa_inverse_sqrt,1.0,0.0,False,zero-prevention ablation; mandatory family passed,0.4084507042253521,0.2987012987012987,0.35,10.589147459529112,,,,,ineligible_ablation,,
119,0.35,"[0.25, 0.75]",80.0,180.0,0.5,fifa_inverse_sqrt,1.0,0.5,True,eligible,0.4084507042253521,0.2987012987012987,0.35000000000000003,9.259515626322603,,,,,rejected_by_preregistered_metrics,,
120,0.35,"[0.25, 0.75]",80.0,180.0,0.5,fifa_inverse_sqrt,1.0,0.75,True,eligible,0.42857142857142855,0.3157894736842105,0.35,8.227603456745841,,,,,rejected_by_preregistered_metrics,,
121,0.35,"[0.25, 0.75]",80.0,180.0,0.5,fifa_inverse_sqrt,1.5,0.0,False,zero-prevention ablation; mandatory family passed,0.4084507042253521,0.2987012987012987,0.34999999999999987,7.26564679073887,,,,,ineligible_ablation,,
122,0.35,"[0.25, 0.75]",80.0,180.0,0.5,fifa_inverse_sqrt,1.5,0.5,True,eligible,0.4084507042253521,0.2987012987012987,0.35,6.788611427389457,,,,,rejected_by_preregistered_metrics,,
123,0.35,"[0.25, 0.75]",80.0,180.0,0.5,fifa_inverse_sqrt,1.5,0.75,True,eligible,0.4084507042253521,0.2987012987012987,0.3500000000000001,6.347980207475414,,,,,rejected_by_preregistered_metrics,,
124,0.35,"[0.25, 0.75]",80.0,180.0,0.5,fifa_inverse_sqrt,2.0,0.0,False,zero-prevention ablation; mandatory family passed,0.4084507042253521,0.2987012987012987,0.34999999999999987,5.4947277000576475,,,,,ineligible_ablation,,
125,0.35,"[0.25, 0.75]",80.0,180.0,0.5,fifa_inverse_sqrt,2.0,0.5,True,eligible,0.4084507042253521,0.2987012987012987,0.34999999999999987,5.276972009282578,,,,,rejected_by_preregistered_metrics,,
126,0.35,"[0.25, 0.75]",80.0,180.0,0.5,fifa_inverse_sqrt,2.0,0.75,True,eligible,0.4084507042253521,0.3140806561859194,0.35,5.061597947932269,,,,,rejected_by_preregistered_metrics,,
127,0.35,"[0.25, 0.75]",80.0,180.0,0.5,cumulative_pre_match_xg,1.0,0.0,False,zero-prevention ablation; mandatory family passed,0.42857142857142855,0.3157894736842105,0.35,7.2476554434948275,,,,,ineligible_ablation,,
128,0.35,"[0.25, 0.75]",80.0,180.0,0.5,cumulative_pre_match_xg,1.0,0.5,True,eligible,0.42857142857142855,0.3157894736842105,0.35,6.539476367425773,,,,,rejected_by_preregistered_metrics,,
129,0.35,"[0.25, 0.75]",80.0,180.0,0.5,cumulative_pre_match_xg,1.0,0.75,True,eligible,0.42857142857142855,0.3157894736842105,0.35,6.055739714951377,,,,,rejected_by_preregistered_metrics,,
130,0.35,"[0.25, 0.75]",80.0,180.0,0.5,cumulative_pre_match_xg,1.5,0.0,False,zero-prevention ablation; mandatory family passed,0.42857142857142855,0.3157894736842105,0.3499999999999999,4.81176636143786,,,,,ineligible_ablation,,
131,0.35,"[0.25, 0.75]",80.0,180.0,0.5,cumulative_pre_match_xg,1.5,0.5,True,eligible,0.42857142857142855,0.3333333333333333,0.35,4.545034433738331,,,,,rejected_by_preregistered_metrics,,
132,0.35,"[0.25, 0.75]",80.0,180.0,0.5,cumulative_pre_match_xg,1.5,0.75,True,eligible,0.42857142857142855,0.3157894736842105,0.35,4.357245381199692,,,,,rejected_by_preregistered_metrics,,
133,0.35,"[0.25, 0.75]",80.0,180.0,0.5,cumulative_pre_match_xg,2.0,0.0,False,zero-prevention ablation; mandatory family passed,0.42857142857142855,0.3157894736842105,0.3499999999999999,3.597513806788678,,,,,ineligible_ablation,,
134,0.35,"[0.25, 0.75]",80.0,180.0,0.5,cumulative_pre_match_xg,2.0,0.5,True,eligible,0.42857142857142855,0.3157894736842105,0.35,3.4628188652891594,,,,,rejected_by_preregistered_metrics,,
135,0.35,"[0.25, 0.75]",80.0,180.0,0.5,cumulative_pre_match_xg,2.0,0.75,True,eligible,0.42857142857142855,0.3157894736842105,0.35,3.3696272217900134,,,,,rejected_by_preregistered_metrics,,
136,0.35,"[0.25, 0.75]",80.0,180.0,1.0,fifa_log_rank,1.0,0.0,False,zero-prevention ablation; mandatory family passed,0.4084507042253521,0.2987012987012987,0.35,7.507952696337558,,,,,ineligible_ablation,,
137,0.35,"[0.25, 0.75]",80.0,180.0,1.0,fifa_log_rank,1.0,0.5,True,eligible,0.42857142857142855,0.3157894736842105,0.34999999999999987,6.7638595674398685,,,,,rejected_by_preregistered_metrics,,
138,0.35,"[0.25, 0.75]",80.0,180.0,1.0,fifa_log_rank,1.0,0.75,True,eligible,0.42857142857142855,0.3157894736842105,0.35,6.280394792958563,,,,,rejected_by_preregistered_metrics,,
139,0.35,"[0.25, 0.75]",80.0,180.0,1.0,fifa_log_rank,1.5,0.0,False,zero-prevention ablation; mandatory family passed,0.4084507042253521,0.2987012987012987,0.34999999999999987,4.891160456372563,,,,,ineligible_ablation,,
140,0.35,"[0.25, 0.75]",80.0,180.0,1.0,fifa_log_rank,1.5,0.5,True,eligible,0.42857142857142855,0.3157894736842105,0.34999999999999987,4.606564762568757,,,,,rejected_by_preregistered_metrics,,
141,0.35,"[0.25, 0.75]",80.0,180.0,1.0,fifa_log_rank,1.5,0.75,True,eligible,0.42857142857142855,0.3157894736842105,0.35000000000000003,4.420171214104661,,,,,rejected_by_preregistered_metrics,,
142,0.35,"[0.25, 0.75]",80.0,180.0,1.0,fifa_log_rank,2.0,0.0,False,zero-prevention ablation; mandatory family passed,0.4084507042253521,0.2987012987012987,0.34999999999999987,3.6179516984863063,,,,,ineligible_ablation,,
143,0.35,"[0.25, 0.75]",80.0,180.0,1.0,fifa_log_rank,2.0,0.5,True,eligible,0.42857142857142855,0.3157894736842105,0.35,3.4712980565248417,,,,,rejected_by_preregistered_metrics,,
144,0.35,"[0.25, 0.75]",80.0,180.0,1.0,fifa_log_rank,2.0,0.75,True,eligible,0.42857142857142855,0.3157894736842105,0.3500000000000001,3.377892041446493,,,,,rejected_by_preregistered_metrics,,
145,0.35,"[0.25, 0.75]",80.0,180.0,1.0,fifa_inverse_sqrt,1.0,0.0,False,zero-prevention ablation; mandatory family passed,0.3888888888888889,0.2987012987012987,0.35000000000000003,12.662665064024809,,,,,ineligible_ablation,,
146,0.35,"[0.25, 0.75]",80.0,180.0,1.0,fifa_inverse_sqrt,1.0,0.5,True,eligible,0.4084507042253521,0.3140806561859194,0.3499999999999999,10.935113970339359,,,,,rejected_by_preregistered_metrics,,
147,0.35,"[0.25, 0.75]",80.0,180.0,1.0,fifa_inverse_sqrt,1.0,0.75,True,eligible,0.4084507042253521,0.2987012987012987,0.34999999999999987,9.62320022116852,,,,,rejected_by_preregistered_metrics,,
148,0.35,"[0.25, 0.75]",80.0,180.0,1.0,fifa_inverse_sqrt,1.5,0.0,False,zero-prevention ablation; mandatory family passed,0.3888888888888889,0.2987012987012987,0.35,8.640211373835339,,,,,ineligible_ablation,,
149,0.35,"[0.25, 0.75]",80.0,180.0,1.0,fifa_inverse_sqrt,1.5,0.5,True,eligible,0.3888888888888889,0.2987012987012987,0.3499999999999999,8.023829848248441,,,,,rejected_by_preregistered_metrics,,
150,0.35,"[0.25, 0.75]",80.0,180.0,1.0,fifa_inverse_sqrt,1.5,0.75,True,eligible,0.4084507042253521,0.2987012987012987,0.35,7.457787151518613,,,,,rejected_by_preregistered_metrics,,
151,0.35,"[0.25, 0.75]",80.0,180.0,1.0,fifa_inverse_sqrt,2.0,0.0,False,zero-prevention ablation; mandatory family passed,0.3888888888888889,0.2987012987012987,0.35,6.499316074327358,,,,,ineligible_ablation,,
152,0.35,"[0.25, 0.75]",80.0,180.0,1.0,fifa_inverse_sqrt,2.0,0.5,True,eligible,0.39866979655712054,0.2987012987012987,0.3499999999999999,6.2227265287088,,,,,rejected_by_preregistered_metrics,,
153,0.35,"[0.25, 0.75]",80.0,180.0,1.0,fifa_inverse_sqrt,2.0,0.75,True,eligible,0.3888888888888889,0.2987012987012987,0.3499999999999999,5.947398364498904,,,,,rejected_by_preregistered_metrics,,
154,0.35,"[0.25, 0.75]",80.0,180.0,1.0,cumulative_pre_match_xg,1.0,0.0,False,zero-prevention ablation; mandatory family passed,0.4084507042253521,0.2987012987012987,0.3500000000000001,8.426661935377485,,,,,ineligible_ablation,,
155,0.35,"[0.25, 0.75]",80.0,180.0,1.0,cumulative_pre_match_xg,1.0,0.5,True,eligible,0.4084507042253521,0.2987012987012987,0.35,7.486768431677959,,,,,rejected_by_preregistered_metrics,,
156,0.35,"[0.25, 0.75]",80.0,180.0,1.0,cumulative_pre_match_xg,1.0,0.75,True,eligible,0.42857142857142855,0.3157894736842105,0.34999999999999987,6.864695253191056,,,,,rejected_by_preregistered_metrics,,
157,0.35,"[0.25, 0.75]",80.0,180.0,1.0,cumulative_pre_match_xg,1.5,0.0,False,zero-prevention ablation; mandatory family passed,0.4084507042253521,0.2987012987012987,0.3499999999999999,5.521154013859113,,,,,ineligible_ablation,,
158,0.35,"[0.25, 0.75]",80.0,180.0,1.0,cumulative_pre_match_xg,1.5,0.5,True,eligible,0.4084507042253521,0.2987012987012987,0.35000000000000003,5.163645507484836,,,,,rejected_by_preregistered_metrics,,
159,0.35,"[0.25, 0.75]",80.0,180.0,1.0,cumulative_pre_match_xg,1.5,0.75,True,eligible,0.42857142857142855,0.3157894736842105,0.3499999999999999,4.922122193781591,,,,,rejected_by_preregistered_metrics,,
160,0.35,"[0.25, 0.75]",80.0,180.0,1.0,cumulative_pre_match_xg,2.0,0.0,False,zero-prevention ablation; mandatory family passed,0.4084507042253521,0.2987012987012987,0.35,4.095958179607789,,,,,ineligible_ablation,,
161,0.35,"[0.25, 0.75]",80.0,180.0,1.0,cumulative_pre_match_xg,2.0,0.5,True,eligible,0.4084507042253521,0.2987012987012987,0.34999999999999987,3.9127715702108197,,,,,rejected_by_preregistered_metrics,,
162,0.35,"[0.25, 0.75]",80.0,180.0,1.0,cumulative_pre_match_xg,2.0,0.75,True,eligible,0.4084507042253521,0.3140806561859194,0.35,3.792325603959403,,,,,rejected_by_preregistered_metrics,,
163,0.35,"[0.25, 0.75]",80.0,300.0,0.5,fifa_log_rank,1.0,0.0,False,zero-prevention ablation; mandatory family passed,0.42857142857142855,0.3157894736842105,0.35,7.95248276490828,,,,,ineligible_ablation,,
164,0.35,"[0.25, 0.75]",80.0,300.0,0.5,fifa_log_rank,1.0,0.5,True,eligible,0.42857142857142855,0.33157894736842114,0.35,7.254218947594674,,,,,rejected_by_preregistered_metrics,,
165,0.35,"[0.25, 0.75]",80.0,300.0,0.5,fifa_log_rank,1.0,0.75,True,eligible,0.4492753623188406,0.3333333333333333,0.34999999999999987,6.791590615772471,113.69999999999982,262.0,0.9607843137254902,11.339999999999979,selected,3387.0,player-match channel contribution
166,0.35,"[0.25, 0.75]",80.0,300.0,0.5,fifa_log_rank,1.5,0.0,False,zero-prevention ablation; mandatory family passed,0.42857142857142855,0.3157894736842105,0.3499999999999999,5.238644166506593,,,,,ineligible_ablation,,
167,0.35,"[0.25, 0.75]",80.0,300.0,0.5,fifa_log_rank,1.5,0.5,True,eligible,0.4492753623188406,0.3157894736842105,0.35000000000000003,4.974017047516661,,,,,rejected_by_preregistered_metrics,,
168,0.35,"[0.25, 0.75]",80.0,300.0,0.5,fifa_log_rank,1.5,0.75,True,eligible,0.42857142857142855,0.33157894736842114,0.3500000000000001,4.7968603490682495,,,,,rejected_by_preregistered_metrics,,
169,0.35,"[0.25, 0.75]",80.0,300.0,0.5,fifa_log_rank,2.0,0.0,False,zero-prevention ablation; mandatory family passed,0.42857142857142855,0.3157894736842105,0.3499999999999999,3.903790371031031,,,,,ineligible_ablation,,
170,0.35,"[0.25, 0.75]",80.0,300.0,0.5,fifa_log_rank,2.0,0.5,True,eligible,0.42857142857142855,0.3333333333333333,0.3500000000000001,3.7682353442537155,,,,,rejected_by_preregistered_metrics,,
171,0.35,"[0.25, 0.75]",80.0,300.0,0.5,fifa_log_rank,2.0,0.75,True,eligible,0.4492753623188406,0.3333333333333333,0.35,3.6796548567650196,116.0,257.0,,,rejected_by_preregistered_metrics,3387.0,player-match channel contribution
172,0.35,"[0.25, 0.75]",80.0,300.0,0.5,fifa_inverse_sqrt,1.0,0.0,False,zero-prevention ablation; mandatory family passed,0.4084507042253521,0.3157894736842105,0.35,13.064202105468498,,,,,ineligible_ablation,,
173,0.35,"[0.25, 0.75]",80.0,300.0,0.5,fifa_inverse_sqrt,1.0,0.5,True,eligible,0.42857142857142855,0.3157894736842105,0.35,11.399968928047818,,,,,rejected_by_preregistered_metrics,,
174,0.35,"[0.25, 0.75]",80.0,300.0,0.5,fifa_inverse_sqrt,1.0,0.75,True,eligible,0.42857142857142855,0.3157894736842105,0.35,10.117359275788171,,,,,rejected_by_preregistered_metrics,,
175,0.35,"[0.25, 0.75]",80.0,300.0,0.5,fifa_inverse_sqrt,1.5,0.0,False,zero-prevention ablation; mandatory family passed,0.4084507042253521,0.3157894736842105,0.3499999999999999,8.92387814145286,,,,,ineligible_ablation,,
176,0.35,"[0.25, 0.75]",80.0,300.0,0.5,fifa_inverse_sqrt,1.5,0.5,True,eligible,0.42857142857142855,0.3157894736842105,0.3499999999999999,8.33185597159213,,,,,rejected_by_preregistered_metrics,,
177,0.35,"[0.25, 0.75]",80.0,300.0,0.5,fifa_inverse_sqrt,1.5,0.75,True,eligible,0.42857142857142855,0.3157894736842105,0.34999999999999987,7.78895114689618,,,,,rejected_by_preregistered_metrics,,
178,0.35,"[0.25, 0.75]",80.0,300.0,0.5,fifa_inverse_sqrt,2.0,0.0,False,zero-prevention ablation; mandatory family passed,0.42857142857142855,0.3157894736842105,0.35,6.73466009022175,,,,,ineligible_ablation,,
179,0.35,"[0.25, 0.75]",80.0,300.0,0.5,fifa_inverse_sqrt,2.0,0.5,True,eligible,0.42857142857142855,0.2987012987012987,0.35,6.464541750871116,,,,,rejected_by_preregistered_metrics,,
180,0.35,"[0.25, 0.75]",80.0,300.0,0.5,fifa_inverse_sqrt,2.0,0.75,True,eligible,0.42857142857142855,0.3157894736842105,0.34999999999999987,6.200472239754143,,,,,rejected_by_preregistered_metrics,,
181,0.35,"[0.25, 0.75]",80.0,300.0,0.5,cumulative_pre_match_xg,1.0,0.0,False,zero-prevention ablation; mandatory family passed,0.42857142857142855,0.3157894736842105,0.3500000000000001,8.837619299732058,,,,,ineligible_ablation,,
182,0.35,"[0.25, 0.75]",80.0,300.0,0.5,cumulative_pre_match_xg,1.0,0.5,True,eligible,0.42857142857142855,0.3333333333333333,0.34999999999999987,7.966019668911632,,,,,rejected_by_preregistered_metrics,,
183,0.35,"[0.25, 0.75]",80.0,300.0,0.5,cumulative_pre_match_xg,1.0,0.75,True,eligible,0.42857142857142855,0.3333333333333333,0.35,7.378886150165208,,,,,rejected_by_preregistered_metrics,,
184,0.35,"[0.25, 0.75]",80.0,300.0,0.5,cumulative_pre_match_xg,1.5,0.0,False,zero-prevention ablation; mandatory family passed,0.42857142857142855,0.3157894736842105,0.35,5.852925709345806,,,,,ineligible_ablation,,
185,0.35,"[0.25, 0.75]",80.0,300.0,0.5,cumulative_pre_match_xg,1.5,0.5,True,eligible,0.42857142857142855,0.3157894736842105,0.3499999999999999,5.5236279358736535,,,,,rejected_by_preregistered_metrics,,
186,0.35,"[0.25, 0.75]",80.0,300.0,0.5,cumulative_pre_match_xg,1.5,0.75,True,eligible,0.42857142857142855,0.3333333333333333,0.35,5.296178711831719,,,,,rejected_by_preregistered_metrics,,
187,0.35,"[0.25, 0.75]",80.0,300.0,0.5,cumulative_pre_match_xg,2.0,0.0,False,zero-prevention ablation; mandatory family passed,0.42857142857142855,0.3157894736842105,0.35,4.3720266435721005,,,,,ineligible_ablation,,
188,0.35,"[0.25, 0.75]",80.0,300.0,0.5,cumulative_pre_match_xg,2.0,0.5,True,eligible,0.42857142857142855,0.3333333333333333,0.35000000000000003,4.2047438830838715,,,,,rejected_by_preregistered_metrics,,
189,0.35,"[0.25, 0.75]",80.0,300.0,0.5,cumulative_pre_match_xg,2.0,0.75,True,eligible,0.42857142857142855,0.33157894736842114,0.35,4.091503764894342,,,,,rejected_by_preregistered_metrics,,
190,0.35,"[0.25, 0.75]",80.0,300.0,1.0,fifa_log_rank,1.0,0.0,False,zero-prevention ablation; mandatory family passed,0.42857142857142855,0.2987012987012987,0.34999999999999987,9.237743960241696,,,,,ineligible_ablation,,
191,0.35,"[0.25, 0.75]",80.0,300.0,1.0,fifa_log_rank,1.0,0.5,True,eligible,0.42857142857142855,0.3157894736842105,0.34999999999999987,8.292143789528572,,,,,rejected_by_preregistered_metrics,,
192,0.35,"[0.25, 0.75]",80.0,300.0,1.0,fifa_log_rank,1.0,0.75,True,eligible,0.42857142857142855,0.3157894736842105,0.3499999999999999,7.691003972302347,,,,,rejected_by_preregistered_metrics,,
193,0.35,"[0.25, 0.75]",80.0,300.0,1.0,fifa_log_rank,1.5,0.0,False,zero-prevention ablation; mandatory family passed,0.42857142857142855,0.3140806561859194,0.3500000000000001,5.994515800393066,,,,,ineligible_ablation,,
194,0.35,"[0.25, 0.75]",80.0,300.0,1.0,fifa_log_rank,1.5,0.5,True,eligible,0.42857142857142855,0.3157894736842105,0.35,5.6314616990187165,,,,,rejected_by_preregistered_metrics,,
195,0.35,"[0.25, 0.75]",80.0,300.0,1.0,fifa_log_rank,1.5,0.75,True,eligible,0.42857142857142855,0.3157894736842105,0.3500000000000001,5.399517393390585,,,,,rejected_by_preregistered_metrics,,
196,0.35,"[0.25, 0.75]",80.0,300.0,1.0,fifa_log_rank,2.0,0.0,False,zero-prevention ablation; mandatory family passed,0.42857142857142855,0.3157894736842105,0.35000000000000003,4.426603235716458,,,,,ineligible_ablation,,
197,0.35,"[0.25, 0.75]",80.0,300.0,1.0,fifa_log_rank,2.0,0.5,True,eligible,0.42857142857142855,0.3157894736842105,0.35,4.238308520819536,,,,,rejected_by_preregistered_metrics,,
198,0.35,"[0.25, 0.75]",80.0,300.0,1.0,fifa_log_rank,2.0,0.75,True,eligible,0.42857142857142855,0.3157894736842105,0.35000000000000003,4.121480804324823,,,,,rejected_by_preregistered_metrics,,
199,0.35,"[0.25, 0.75]",80.0,300.0,1.0,fifa_inverse_sqrt,1.0,0.0,False,zero-prevention ablation; mandatory family passed,0.4084507042253521,0.2987012987012987,0.35,15.848011323279996,,,,,ineligible_ablation,,
200,0.35,"[0.25, 0.75]",80.0,300.0,1.0,fifa_inverse_sqrt,1.0,0.5,True,eligible,0.4084507042253521,0.2987012987012987,0.35,13.632969357859425,,,,,rejected_by_preregistered_metrics,,
201,0.35,"[0.25, 0.75]",80.0,300.0,1.0,fifa_inverse_sqrt,1.0,0.75,True,eligible,0.42857142857142855,0.3157894736842105,0.35,11.964983602372705,,,,,rejected_by_preregistered_metrics,,
202,0.35,"[0.25, 0.75]",80.0,300.0,1.0,fifa_inverse_sqrt,1.5,0.0,False,zero-prevention ablation; mandatory family passed,0.4084507042253521,0.2987012987012987,0.35,10.753770010087413,,,,,ineligible_ablation,,
203,0.35,"[0.25, 0.75]",80.0,300.0,1.0,fifa_inverse_sqrt,1.5,0.5,True,eligible,0.4084507042253521,0.2987012987012987,0.3499999999999999,9.974253467433721,,,,,rejected_by_preregistered_metrics,,
204,0.35,"[0.25, 0.75]",80.0,300.0,1.0,fifa_inverse_sqrt,1.5,0.75,True,eligible,0.4084507042253521,0.2987012987012987,0.35,9.261642763671743,,,,,rejected_by_preregistered_metrics,,
205,0.35,"[0.25, 0.75]",80.0,300.0,1.0,fifa_inverse_sqrt,2.0,0.0,False,zero-prevention ablation; mandatory family passed,0.4084507042253521,0.2987012987012987,0.3499999999999999,8.066731035806232,,,,,ineligible_ablation,,
206,0.35,"[0.25, 0.75]",80.0,300.0,1.0,fifa_inverse_sqrt,2.0,0.5,True,eligible,0.4084507042253521,0.2987012987012987,0.35,7.718401775563775,,,,,rejected_by_preregistered_metrics,,
207,0.35,"[0.25, 0.75]",80.0,300.0,1.0,fifa_inverse_sqrt,2.0,0.75,True,eligible,0.4084507042253521,0.2987012987012987,0.35,7.374304503992842,,,,,rejected_by_preregistered_metrics,,
208,0.35,"[0.25, 0.75]",80.0,300.0,1.0,cumulative_pre_match_xg,1.0,0.0,False,zero-prevention ablation; mandatory family passed,0.4185110663983903,0.3157894736842105,0.3500000000000001,10.387076178084126,,,,,ineligible_ablation,,
209,0.35,"[0.25, 0.75]",80.0,300.0,1.0,cumulative_pre_match_xg,1.0,0.5,True,eligible,0.42857142857142855,0.3157894736842105,0.35000000000000003,9.202425895016997,,,,,rejected_by_preregistered_metrics,,
210,0.35,"[0.25, 0.75]",80.0,300.0,1.0,cumulative_pre_match_xg,1.0,0.75,True,eligible,0.42857142857142855,0.3157894736842105,0.35,8.43049078107959,,,,,rejected_by_preregistered_metrics,,
211,0.35,"[0.25, 0.75]",80.0,300.0,1.0,cumulative_pre_match_xg,1.5,0.0,False,zero-prevention ablation; mandatory family passed,0.42857142857142855,0.3140806561859194,0.3499999999999999,6.782238638579024,,,,,ineligible_ablation,,
212,0.35,"[0.25, 0.75]",80.0,300.0,1.0,cumulative_pre_match_xg,1.5,0.5,True,eligible,0.42857142857142855,0.3157894736842105,0.34999999999999987,6.330670614263065,,,,,rejected_by_preregistered_metrics,,
213,0.35,"[0.25, 0.75]",80.0,300.0,1.0,cumulative_pre_match_xg,1.5,0.75,True,eligible,0.42857142857142855,0.3157894736842105,0.35,6.031898176324445,,,,,rejected_by_preregistered_metrics,,
214,0.35,"[0.25, 0.75]",80.0,300.0,1.0,cumulative_pre_match_xg,2.0,0.0,False,zero-prevention ablation; mandatory family passed,0.42857142857142855,0.2987012987012987,0.35000000000000003,5.024761360786346,,,,,ineligible_ablation,,
215,0.35,"[0.25, 0.75]",80.0,300.0,1.0,cumulative_pre_match_xg,2.0,0.5,True,eligible,0.42857142857142855,0.3157894736842105,0.34999999999999987,4.791860574800229,,,,,rejected_by_preregistered_metrics,,
216,0.35,"[0.25, 0.75]",80.0,300.0,1.0,cumulative_pre_match_xg,2.0,0.75,True,eligible,0.42857142857142855,0.3157894736842105,0.34999999999999987,4.642349459932939,,,,,rejected_by_preregistered_metrics,,
217,0.35,"[0.3, 0.7]",40.0,180.0,0.5,fifa_log_rank,1.0,0.0,False,zero-prevention ablation; mandatory family passed,0.42857142857142855,0.3140806561859194,0.3499999999999999,6.620188441567917,,,,,ineligible_ablation,,
218,0.35,"[0.3, 0.7]",40.0,180.0,0.5,fifa_log_rank,1.0,0.5,True,eligible,0.42857142857142855,0.3157894736842105,0.35,6.047179614029796,,,,,rejected_by_preregistered_metrics,,
219,0.35,"[0.3, 0.7]",40.0,180.0,0.5,fifa_log_rank,1.0,0.75,True,eligible,0.42857142857142855,0.3157894736842105,0.35000000000000003,5.660914082740817,,,,,rejected_by_preregistered_metrics,,
220,0.35,"[0.3, 0.7]",40.0,180.0,0.5,fifa_log_rank,1.5,0.0,False,zero-prevention ablation; mandatory family passed,0.42857142857142855,0.2987012987012987,0.35000000000000003,4.3719390358245676,,,,,ineligible_ablation,,
221,0.35,"[0.3, 0.7]",40.0,180.0,0.5,fifa_log_rank,1.5,0.5,True,eligible,0.42857142857142855,0.3157894736842105,0.35,4.155556101444876,,,,,rejected_by_preregistered_metrics,,
222,0.35,"[0.3, 0.7]",40.0,180.0,0.5,fifa_log_rank,1.5,0.75,True,eligible,0.42857142857142855,0.3157894736842105,0.35,4.007597518431506,,,,,rejected_by_preregistered_metrics,,
223,0.35,"[0.3, 0.7]",40.0,180.0,0.5,fifa_log_rank,2.0,0.0,False,zero-prevention ablation; mandatory family passed,0.42857142857142855,0.2987012987012987,0.3499999999999999,3.2612037858098613,,,,,ineligible_ablation,,
224,0.35,"[0.3, 0.7]",40.0,180.0,0.5,fifa_log_rank,2.0,0.5,True,eligible,0.42857142857142855,0.3157894736842105,0.35000000000000003,3.1509434617247836,,,,,rejected_by_preregistered_metrics,,
225,0.35,"[0.3, 0.7]",40.0,180.0,0.5,fifa_log_rank,2.0,0.75,True,eligible,0.42857142857142855,0.3157894736842105,0.35,3.0772422732098863,,,,,rejected_by_preregistered_metrics,,
226,0.35,"[0.3, 0.7]",40.0,180.0,0.5,fifa_inverse_sqrt,1.0,0.0,False,zero-prevention ablation; mandatory family passed,0.4084507042253521,0.2987012987012987,0.35000000000000003,10.76850647001272,,,,,ineligible_ablation,,
227,0.35,"[0.3, 0.7]",40.0,180.0,0.5,fifa_inverse_sqrt,1.0,0.5,True,eligible,0.4084507042253521,0.2987012987012987,0.35000000000000003,9.409325377067807,,,,,rejected_by_preregistered_metrics,,
228,0.35,"[0.3, 0.7]",40.0,180.0,0.5,fifa_inverse_sqrt,1.0,0.75,True,eligible,0.4084507042253521,0.3157894736842105,0.35,8.356373182540183,,,,,rejected_by_preregistered_metrics,,
229,0.35,"[0.3, 0.7]",40.0,180.0,0.5,fifa_inverse_sqrt,1.5,0.0,False,zero-prevention ablation; mandatory family passed,0.4084507042253521,0.2987012987012987,0.35,7.380934325503614,,,,,ineligible_ablation,,
230,0.35,"[0.3, 0.7]",40.0,180.0,0.5,fifa_inverse_sqrt,1.5,0.5,True,eligible,0.4084507042253521,0.2987012987012987,0.35000000000000003,6.893739672936136,,,,,rejected_by_preregistered_metrics,,
231,0.35,"[0.3, 0.7]",40.0,180.0,0.5,fifa_inverse_sqrt,1.5,0.75,True,eligible,0.4084507042253521,0.2987012987012987,0.3499999999999999,6.4445038870899625,,,,,rejected_by_preregistered_metrics,,
232,0.35,"[0.3, 0.7]",40.0,180.0,0.5,fifa_inverse_sqrt,2.0,0.0,False,zero-prevention ablation; mandatory family passed,0.4084507042253521,0.2987012987012987,0.35,5.5794978808399724,,,,,ineligible_ablation,,
233,0.35,"[0.3, 0.7]",40.0,180.0,0.5,fifa_inverse_sqrt,2.0,0.5,True,eligible,0.4084507042253521,0.2987012987012987,0.35,5.356898621864308,,,,,rejected_by_preregistered_metrics,,
234,0.35,"[0.3, 0.7]",40.0,180.0,0.5,fifa_inverse_sqrt,2.0,0.75,True,eligible,0.4084507042253521,0.2987012987012987,0.35000000000000003,5.137323087207091,,,,,rejected_by_preregistered_metrics,,
235,0.35,"[0.3, 0.7]",40.0,180.0,0.5,cumulative_pre_match_xg,1.0,0.0,False,zero-prevention ablation; mandatory family passed,0.4084507042253521,0.3157894736842105,0.35000000000000003,7.349137268950228,,,,,ineligible_ablation,,
236,0.35,"[0.3, 0.7]",40.0,180.0,0.5,cumulative_pre_match_xg,1.0,0.5,True,eligible,0.42857142857142855,0.3157894736842105,0.35,6.629501240154879,,,,,rejected_by_preregistered_metrics,,
237,0.35,"[0.3, 0.7]",40.0,180.0,0.5,cumulative_pre_match_xg,1.0,0.75,True,eligible,0.42857142857142855,0.3157894736842105,0.35,6.138750014873953,,,,,rejected_by_preregistered_metrics,,
238,0.35,"[0.3, 0.7]",40.0,180.0,0.5,cumulative_pre_match_xg,1.5,0.0,False,zero-prevention ablation; mandatory family passed,0.4084507042253521,0.3157894736842105,0.35,4.877858110294815,,,,,ineligible_ablation,,
239,0.35,"[0.3, 0.7]",40.0,180.0,0.5,cumulative_pre_match_xg,1.5,0.5,True,eligible,0.42857142857142855,0.3157894736842105,0.35000000000000003,4.606500497131115,,,,,rejected_by_preregistered_metrics,,
240,0.35,"[0.3, 0.7]",40.0,180.0,0.5,cumulative_pre_match_xg,1.5,0.75,True,eligible,0.42857142857142855,0.3157894736842105,0.35000000000000003,4.415831919190333,,,,,rejected_by_preregistered_metrics,,
241,0.35,"[0.3, 0.7]",40.0,180.0,0.5,cumulative_pre_match_xg,2.0,0.0,False,zero-prevention ablation; mandatory family passed,0.42857142857142855,0.2987012987012987,0.35,3.6465848051433003,,,,,ineligible_ablation,,
242,0.35,"[0.3, 0.7]",40.0,180.0,0.5,cumulative_pre_match_xg,2.0,0.5,True,eligible,0.42857142857142855,0.3157894736842105,0.35,3.5093832364663213,,,,,rejected_by_preregistered_metrics,,
243,0.35,"[0.3, 0.7]",40.0,180.0,0.5,cumulative_pre_match_xg,2.0,0.75,True,eligible,0.42857142857142855,0.3157894736842105,0.35000000000000003,3.414671133408082,,,,,rejected_by_preregistered_metrics,,
244,0.35,"[0.3, 0.7]",40.0,180.0,1.0,fifa_log_rank,1.0,0.0,False,zero-prevention ablation; mandatory family passed,0.4084507042253521,0.2987012987012987,0.35,7.610435253293072,,,,,ineligible_ablation,,
245,0.35,"[0.3, 0.7]",40.0,180.0,1.0,fifa_log_rank,1.0,0.5,True,eligible,0.42857142857142855,0.3157894736842105,0.35000000000000003,6.8530755371066014,,,,,rejected_by_preregistered_metrics,,
246,0.35,"[0.3, 0.7]",40.0,180.0,1.0,fifa_log_rank,1.0,0.75,True,eligible,0.4084507042253521,0.3157894736842105,0.35,6.362613649851274,,,,,rejected_by_preregistered_metrics,,
247,0.35,"[0.3, 0.7]",40.0,180.0,1.0,fifa_log_rank,1.5,0.0,False,zero-prevention ablation; mandatory family passed,0.4084507042253521,0.2987012987012987,0.35000000000000003,4.95773315348398,,,,,ineligible_ablation,,
248,0.35,"[0.3, 0.7]",40.0,180.0,1.0,fifa_log_rank,1.5,0.5,True,eligible,0.4084507042253521,0.3157894736842105,0.35000000000000003,4.66765151872586,,,,,rejected_by_preregistered_metrics,,
249,0.35,"[0.3, 0.7]",40.0,180.0,1.0,fifa_log_rank,1.5,0.75,True,eligible,0.42857142857142855,0.3157894736842105,0.35,4.478224384301679,,,,,rejected_by_preregistered_metrics,,
250,0.35,"[0.3, 0.7]",40.0,180.0,1.0,fifa_log_rank,2.0,0.0,False,zero-prevention ablation; mandatory family passed,0.4084507042253521,0.2987012987012987,0.35000000000000003,3.667430508522052,,,,,ineligible_ablation,,
251,0.35,"[0.3, 0.7]",40.0,180.0,1.0,fifa_log_rank,2.0,0.5,True,eligible,0.4084507042253521,0.3157894736842105,0.35,3.517737586955947,,,,,rejected_by_preregistered_metrics,,
252,0.35,"[0.3, 0.7]",40.0,180.0,1.0,fifa_log_rank,2.0,0.75,True,eligible,0.4084507042253521,0.3157894736842105,0.35000000000000003,3.4226623388637334,,,,,rejected_by_preregistered_metrics,,
253,0.35,"[0.3, 0.7]",40.0,180.0,1.0,fifa_inverse_sqrt,1.0,0.0,False,zero-prevention ablation; mandatory family passed,0.3888888888888889,0.2987012987012987,0.35,12.880560211594055,,,,,ineligible_ablation,,
254,0.35,"[0.3, 0.7]",40.0,180.0,1.0,fifa_inverse_sqrt,1.0,0.5,True,eligible,0.3888888888888889,0.2987012987012987,0.35000000000000003,11.113176870102217,,,,,rejected_by_preregistered_metrics,,
255,0.35,"[0.3, 0.7]",40.0,180.0,1.0,fifa_inverse_sqrt,1.0,0.75,True,eligible,0.4084507042253521,0.2987012987012987,0.35,9.774287354254865,,,,,rejected_by_preregistered_metrics,,
256,0.35,"[0.3, 0.7]",40.0,180.0,1.0,fifa_inverse_sqrt,1.5,0.0,False,zero-prevention ablation; mandatory family passed,0.3888888888888889,0.2987012987012987,0.35000000000000003,8.779582333686486,,,,,ineligible_ablation,,
257,0.35,"[0.3, 0.7]",40.0,180.0,1.0,fifa_inverse_sqrt,1.5,0.5,True,eligible,0.3888888888888889,0.2987012987012987,0.35000000000000003,8.150066475988893,,,,,rejected_by_preregistered_metrics,,
258,0.35,"[0.3, 0.7]",40.0,180.0,1.0,fifa_inverse_sqrt,1.5,0.75,True,eligible,0.3888888888888889,0.2987012987012987,0.35,7.572992350251651,,,,,rejected_by_preregistered_metrics,,
259,0.35,"[0.3, 0.7]",40.0,180.0,1.0,fifa_inverse_sqrt,2.0,0.0,False,zero-prevention ablation; mandatory family passed,0.3888888888888889,0.2987012987012987,0.35000000000000003,6.601898339563197,,,,,ineligible_ablation,,
260,0.35,"[0.3, 0.7]",40.0,180.0,1.0,fifa_inverse_sqrt,2.0,0.5,True,eligible,0.3888888888888889,0.2987012987012987,0.35,6.319129831481838,,,,,rejected_by_preregistered_metrics,,
261,0.35,"[0.3, 0.7]",40.0,180.0,1.0,fifa_inverse_sqrt,2.0,0.75,True,eligible,0.3888888888888889,0.2987012987012987,0.35000000000000003,6.03843860579163,,,,,rejected_by_preregistered_metrics,,
262,0.35,"[0.3, 0.7]",40.0,180.0,1.0,cumulative_pre_match_xg,1.0,0.0,False,zero-prevention ablation; mandatory family passed,0.4084507042253521,0.2987012987012987,0.3500000000000001,8.541044716172866,,,,,ineligible_ablation,,
263,0.35,"[0.3, 0.7]",40.0,180.0,1.0,cumulative_pre_match_xg,1.0,0.5,True,eligible,0.4084507042253521,0.2987012987012987,0.35000000000000003,7.587037674037117,,,,,rejected_by_preregistered_metrics,,
264,0.35,"[0.3, 0.7]",40.0,180.0,1.0,cumulative_pre_match_xg,1.0,0.75,True,eligible,0.4084507042253521,0.3157894736842105,0.35000000000000003,6.95659230152208,,,,,rejected_by_preregistered_metrics,,
265,0.35,"[0.3, 0.7]",40.0,180.0,1.0,cumulative_pre_match_xg,1.5,0.0,False,zero-prevention ablation; mandatory family passed,0.4084507042253521,0.2987012987012987,0.35,5.596482615835393,,,,,ineligible_ablation,,
266,0.35,"[0.3, 0.7]",40.0,180.0,1.0,cumulative_pre_match_xg,1.5,0.5,True,eligible,0.4084507042253521,0.2987012987012987,0.35,5.233377199080028,,,,,rejected_by_preregistered_metrics,,
267,0.35,"[0.3, 0.7]",40.0,180.0,1.0,cumulative_pre_match_xg,1.5,0.75,True,eligible,0.4084507042253521,0.2987012987012987,0.35,4.988393658316663,,,,,rejected_by_preregistered_metrics,,
268,0.35,"[0.3, 0.7]",40.0,180.0,1.0,cumulative_pre_match_xg,2.0,0.0,False,zero-prevention ablation; mandatory family passed,0.4084507042253521,0.2987012987012987,0.35,4.15235601274777,,,,,ineligible_ablation,,
269,0.35,"[0.3, 0.7]",40.0,180.0,1.0,cumulative_pre_match_xg,2.0,0.5,True,eligible,0.4084507042253521,0.2987012987012987,0.35000000000000003,3.9661040407721764,,,,,rejected_by_preregistered_metrics,,
270,0.35,"[0.3, 0.7]",40.0,180.0,1.0,cumulative_pre_match_xg,2.0,0.75,True,eligible,0.4084507042253521,0.2987012987012987,0.35,3.843822353748911,,,,,rejected_by_preregistered_metrics,,
271,0.35,"[0.3, 0.7]",40.0,300.0,0.5,fifa_log_rank,1.0,0.0,False,zero-prevention ablation; mandatory family passed,0.42857142857142855,0.3157894736842105,0.35,8.05665662646662,,,,,ineligible_ablation,,
272,0.35,"[0.3, 0.7]",40.0,300.0,0.5,fifa_log_rank,1.0,0.5,True,eligible,0.42857142857142855,0.3157894736842105,0.35,7.347112427215379,,,,,rejected_by_preregistered_metrics,,
273,0.35,"[0.3, 0.7]",40.0,300.0,0.5,fifa_log_rank,1.0,0.75,True,eligible,0.42857142857142855,0.3157894736842105,0.35,6.878077063563297,,,,,rejected_by_preregistered_metrics,,
274,0.35,"[0.3, 0.7]",40.0,300.0,0.5,fifa_log_rank,1.5,0.0,False,zero-prevention ablation; mandatory family passed,0.42857142857142855,0.3157894736842105,0.35,5.306119671897968,,,,,ineligible_ablation,,
275,0.35,"[0.3, 0.7]",40.0,300.0,0.5,fifa_log_rank,1.5,0.5,True,eligible,0.42857142857142855,0.3157894736842105,0.35,5.036752507765687,,,,,rejected_by_preregistered_metrics,,
276,0.35,"[0.3, 0.7]",40.0,300.0,0.5,fifa_log_rank,1.5,0.75,True,eligible,0.42857142857142855,0.3157894736842105,0.35000000000000003,4.856884183475615,,,,,rejected_by_preregistered_metrics,,
277,0.35,"[0.3, 0.7]",40.0,300.0,0.5,fifa_log_rank,2.0,0.0,False,zero-prevention ablation; mandatory family passed,0.42857142857142855,0.3157894736842105,0.35000000000000003,3.9537155079605912,,,,,ineligible_ablation,,
278,0.35,"[0.3, 0.7]",40.0,300.0,0.5,fifa_log_rank,2.0,0.5,True,eligible,0.42857142857142855,0.3333333333333333,0.35000000000000003,3.815550691598789,,,,,rejected_by_preregistered_metrics,,
279,0.35,"[0.3, 0.7]",40.0,300.0,0.5,fifa_log_rank,2.0,0.75,True,eligible,0.42857142857142855,0.3157894736842105,0.35,3.7255002360867477,,,,,rejected_by_preregistered_metrics,,
280,0.35,"[0.3, 0.7]",40.0,300.0,0.5,fifa_inverse_sqrt,1.0,0.0,False,zero-prevention ablation; mandatory family passed,0.4084507042253521,0.3157894736842105,0.35,13.269414970027961,,,,,ineligible_ablation,,
281,0.35,"[0.3, 0.7]",40.0,300.0,0.5,fifa_inverse_sqrt,1.0,0.5,True,eligible,0.42857142857142855,0.3157894736842105,0.3500000000000001,11.57247031707001,,,,,rejected_by_preregistered_metrics,,
282,0.35,"[0.3, 0.7]",40.0,300.0,0.5,fifa_inverse_sqrt,1.0,0.75,True,eligible,0.42857142857142855,0.3157894736842105,0.35,10.266075388960855,,,,,rejected_by_preregistered_metrics,,
283,0.35,"[0.3, 0.7]",40.0,300.0,0.5,fifa_inverse_sqrt,1.5,0.0,False,zero-prevention ablation; mandatory family passed,0.4084507042253521,0.3157894736842105,0.35,9.056453866717433,,,,,ineligible_ablation,,
284,0.35,"[0.3, 0.7]",40.0,300.0,0.5,fifa_inverse_sqrt,1.5,0.5,True,eligible,0.4185110663983903,0.3157894736842105,0.35,8.453130668141851,,,,,rejected_by_preregistered_metrics,,
285,0.35,"[0.3, 0.7]",40.0,300.0,0.5,fifa_inverse_sqrt,1.5,0.75,True,eligible,0.4084507042253521,0.3140806561859194,0.35000000000000003,7.90050304358613,,,,,rejected_by_preregistered_metrics,,
286,0.35,"[0.3, 0.7]",40.0,300.0,0.5,fifa_inverse_sqrt,2.0,0.0,False,zero-prevention ablation; mandatory family passed,0.4084507042253521,0.2987012987012987,0.35,6.832447438303646,,,,,ineligible_ablation,,
287,0.35,"[0.3, 0.7]",40.0,300.0,0.5,fifa_inverse_sqrt,2.0,0.5,True,eligible,0.4084507042253521,0.2987012987012987,0.35000000000000003,6.556894377088471,,,,,rejected_by_preregistered_metrics,,
288,0.35,"[0.3, 0.7]",40.0,300.0,0.5,fifa_inverse_sqrt,2.0,0.75,True,eligible,0.4084507042253521,0.3157894736842105,0.35,6.288069295173937,,,,,rejected_by_preregistered_metrics,,
289,0.35,"[0.3, 0.7]",40.0,300.0,0.5,cumulative_pre_match_xg,1.0,0.0,False,zero-prevention ablation; mandatory family passed,0.42857142857142855,0.3157894736842105,0.35000000000000003,8.953246345608603,,,,,ineligible_ablation,,
290,0.35,"[0.3, 0.7]",40.0,300.0,0.5,cumulative_pre_match_xg,1.0,0.5,True,eligible,0.42857142857142855,0.3157894736842105,0.35,8.069208314288606,,,,,rejected_by_preregistered_metrics,,
291,0.35,"[0.3, 0.7]",40.0,300.0,0.5,cumulative_pre_match_xg,1.0,0.75,True,eligible,0.42857142857142855,0.3333333333333333,0.35000000000000003,7.474356470594026,,,,,rejected_by_preregistered_metrics,,
292,0.35,"[0.3, 0.7]",40.0,300.0,0.5,cumulative_pre_match_xg,1.5,0.0,False,zero-prevention ablation; mandatory family passed,0.42857142857142855,0.3157894736842105,0.35,5.928622747733268,,,,,ineligible_ablation,,
293,0.35,"[0.3, 0.7]",40.0,300.0,0.5,cumulative_pre_match_xg,1.5,0.5,True,eligible,0.42857142857142855,0.3157894736842105,0.3500000000000001,5.594219245604197,,,,,rejected_by_preregistered_metrics,,
294,0.35,"[0.3, 0.7]",40.0,300.0,0.5,cumulative_pre_match_xg,1.5,0.75,True,eligible,0.42857142857142855,0.3157894736842105,0.35,5.363569291785308,,,,,rejected_by_preregistered_metrics,,
295,0.35,"[0.3, 0.7]",40.0,300.0,0.5,cumulative_pre_match_xg,2.0,0.0,False,zero-prevention ablation; mandatory family passed,0.42857142857142855,0.3157894736842105,0.35000000000000003,4.42834129577854,,,,,ineligible_ablation,,
296,0.35,"[0.3, 0.7]",40.0,300.0,0.5,cumulative_pre_match_xg,2.0,0.5,True,eligible,0.42857142857142855,0.33157894736842114,0.35000000000000003,4.258270108827743,,,,,rejected_by_preregistered_metrics,,
297,0.35,"[0.3, 0.7]",40.0,300.0,0.5,cumulative_pre_match_xg,2.0,0.75,True,eligible,0.42857142857142855,0.33157894736842114,0.35,4.143331826508935,,,,,rejected_by_preregistered_metrics,,
298,0.35,"[0.3, 0.7]",40.0,300.0,1.0,fifa_log_rank,1.0,0.0,False,zero-prevention ablation; mandatory family passed,0.4084507042253521,0.2987012987012987,0.35000000000000003,9.353684073727234,,,,,ineligible_ablation,,
299,0.35,"[0.3, 0.7]",40.0,300.0,1.0,fifa_log_rank,1.0,0.5,True,eligible,0.42857142857142855,0.3157894736842105,0.3500000000000001,8.393404867033965,,,,,rejected_by_preregistered_metrics,,
300,0.35,"[0.3, 0.7]",40.0,300.0,1.0,fifa_log_rank,1.0,0.75,True,eligible,0.42857142857142855,0.3157894736842105,0.35,7.784630684721014,,,,,rejected_by_preregistered_metrics,,
301,0.35,"[0.3, 0.7]",40.0,300.0,1.0,fifa_log_rank,1.5,0.0,False,zero-prevention ablation; mandatory family passed,0.4084507042253521,0.2987012987012987,0.35,6.07050388827079,,,,,ineligible_ablation,,
302,0.35,"[0.3, 0.7]",40.0,300.0,1.0,fifa_log_rank,1.5,0.5,True,eligible,0.42857142857142855,0.3157894736842105,0.35000000000000003,5.701242932278133,,,,,rejected_by_preregistered_metrics,,
303,0.35,"[0.3, 0.7]",40.0,300.0,1.0,fifa_log_rank,1.5,0.75,True,eligible,0.42857142857142855,0.3157894736842105,0.35,5.465902497358774,,,,,rejected_by_preregistered_metrics,,
304,0.35,"[0.3, 0.7]",40.0,300.0,1.0,fifa_log_rank,2.0,0.0,False,zero-prevention ablation; mandatory family passed,0.4084507042253521,0.2987012987012987,0.35,4.483304634447682,,,,,ineligible_ablation,,
305,0.35,"[0.3, 0.7]",40.0,300.0,1.0,fifa_log_rank,2.0,0.5,True,eligible,0.42857142857142855,0.3157894736842105,0.35,4.291535019276214,,,,,rejected_by_preregistered_metrics,,
306,0.35,"[0.3, 0.7]",40.0,300.0,1.0,fifa_log_rank,2.0,0.75,True,eligible,0.42857142857142855,0.3157894736842105,0.35000000000000003,4.17281559932644,,,,,rejected_by_preregistered_metrics,,
307,0.35,"[0.3, 0.7]",40.0,300.0,1.0,fifa_inverse_sqrt,1.0,0.0,False,zero-prevention ablation; mandatory family passed,0.3888888888888889,0.2987012987012987,0.3499999999999999,16.09899891559138,,,,,ineligible_ablation,,
308,0.35,"[0.3, 0.7]",40.0,300.0,1.0,fifa_inverse_sqrt,1.0,0.5,True,eligible,0.4084507042253521,0.2987012987012987,0.35,13.83956432095724,,,,,rejected_by_preregistered_metrics,,
309,0.35,"[0.3, 0.7]",40.0,300.0,1.0,fifa_inverse_sqrt,1.0,0.75,True,eligible,0.4084507042253521,0.3157894736842105,0.35,12.1406865896356,,,,,rejected_by_preregistered_metrics,,
310,0.35,"[0.3, 0.7]",40.0,300.0,1.0,fifa_inverse_sqrt,1.5,0.0,False,zero-prevention ablation; mandatory family passed,0.3888888888888889,0.3157894736842105,0.35,10.915208284400805,,,,,ineligible_ablation,,
311,0.35,"[0.3, 0.7]",40.0,300.0,1.0,fifa_inverse_sqrt,1.5,0.5,True,eligible,0.3888888888888889,0.2987012987012987,0.35000000000000003,10.121190805381719,,,,,rejected_by_preregistered_metrics,,
312,0.35,"[0.3, 0.7]",40.0,300.0,1.0,fifa_inverse_sqrt,1.5,0.75,True,eligible,0.3888888888888889,0.2987012987012987,0.35,9.396036338457675,,,,,rejected_by_preregistered_metrics,,
313,0.35,"[0.3, 0.7]",40.0,300.0,1.0,fifa_inverse_sqrt,2.0,0.0,False,zero-prevention ablation; mandatory family passed,0.3888888888888889,0.2987012987012987,0.35000000000000003,8.186053867199977,,,,,ineligible_ablation,,
314,0.35,"[0.3, 0.7]",40.0,300.0,1.0,fifa_inverse_sqrt,2.0,0.5,True,eligible,0.4084507042253521,0.2987012987012987,0.35,7.83086756786292,,,,,rejected_by_preregistered_metrics,,
315,0.35,"[0.3, 0.7]",40.0,300.0,1.0,fifa_inverse_sqrt,2.0,0.75,True,eligible,0.4084507042253521,0.2987012987012987,0.35,7.4806924614455665,,,,,rejected_by_preregistered_metrics,,
316,0.35,"[0.3, 0.7]",40.0,300.0,1.0,cumulative_pre_match_xg,1.0,0.0,False,zero-prevention ablation; mandatory family passed,0.4084507042253521,0.3157894736842105,0.35,10.517103526121877,,,,,ineligible_ablation,,
317,0.35,"[0.3, 0.7]",40.0,300.0,1.0,cumulative_pre_match_xg,1.0,0.5,True,eligible,0.42857142857142855,0.3157894736842105,0.35000000000000003,9.31717548857966,,,,,rejected_by_preregistered_metrics,,
318,0.35,"[0.3, 0.7]",40.0,300.0,1.0,cumulative_pre_match_xg,1.0,0.75,True,eligible,0.42857142857142855,0.3157894736842105,0.35000000000000003,8.536054111083553,,,,,rejected_by_preregistered_metrics,,
319,0.35,"[0.3, 0.7]",40.0,300.0,1.0,cumulative_pre_match_xg,1.5,0.0,False,zero-prevention ablation; mandatory family passed,0.4084507042253521,0.2987012987012987,0.35,6.868714525137209,,,,,ineligible_ablation,,
320,0.35,"[0.3, 0.7]",40.0,300.0,1.0,cumulative_pre_match_xg,1.5,0.5,True,eligible,0.42857142857142855,0.3157894736842105,0.35000000000000003,6.410957782522548,,,,,rejected_by_preregistered_metrics,,
321,0.35,"[0.3, 0.7]",40.0,300.0,1.0,cumulative_pre_match_xg,1.5,0.75,True,eligible,0.42857142857142855,0.3157894736842105,0.35,6.108326949993181,,,,,rejected_by_preregistered_metrics,,
322,0.35,"[0.3, 0.7]",40.0,300.0,1.0,cumulative_pre_match_xg,2.0,0.0,False,zero-prevention ablation; mandatory family passed,0.4084507042253521,0.2987012987012987,0.35000000000000003,5.089773355544436,,,,,ineligible_ablation,,
323,0.35,"[0.3, 0.7]",40.0,300.0,1.0,cumulative_pre_match_xg,2.0,0.5,True,eligible,0.42857142857142855,0.3157894736842105,0.35,4.853442657172166,,,,,rejected_by_preregistered_metrics,,
324,0.35,"[0.3, 0.7]",40.0,300.0,1.0,cumulative_pre_match_xg,2.0,0.75,True,eligible,0.42857142857142855,0.3157894736842105,0.35000000000000003,4.701870421966808,,,,,rejected_by_preregistered_metrics,,
325,0.35,"[0.3, 0.7]",80.0,180.0,0.5,fifa_log_rank,1.0,0.0,False,zero-prevention ablation; mandatory family passed,0.42857142857142855,0.3157894736842105,0.35000000000000003,6.265976324494259,,,,,ineligible_ablation,,
326,0.35,"[0.3, 0.7]",80.0,180.0,0.5,fifa_log_rank,1.0,0.5,True,eligible,0.42857142857142855,0.3157894736842105,0.35000000000000003,5.723626242050122,,,,,rejected_by_preregistered_metrics,,
327,0.35,"[0.3, 0.7]",80.0,180.0,0.5,fifa_log_rank,1.0,0.75,True,eligible,0.42857142857142855,0.3157894736842105,0.35000000000000003,5.358027785844891,,,,,rejected_by_preregistered_metrics,,
328,0.35,"[0.3, 0.7]",80.0,180.0,0.5,fifa_log_rank,1.5,0.0,False,zero-prevention ablation; mandatory family passed,0.42857142857142855,0.3157894736842105,0.35000000000000003,4.138019141358599,,,,,ineligible_ablation,,
329,0.35,"[0.3, 0.7]",80.0,180.0,0.5,fifa_log_rank,1.5,0.5,True,eligible,0.42857142857142855,0.3157894736842105,0.3499999999999999,3.933213741056939,,,,,rejected_by_preregistered_metrics,,
330,0.35,"[0.3, 0.7]",80.0,180.0,0.5,fifa_log_rank,1.5,0.75,True,eligible,0.42857142857142855,0.3157894736842105,0.35000000000000003,3.7931716582143666,,,,,rejected_by_preregistered_metrics,,
331,0.35,"[0.3, 0.7]",80.0,180.0,0.5,fifa_log_rank,2.0,0.0,False,zero-prevention ablation; mandatory family passed,0.42857142857142855,0.3157894736842105,0.3499999999999999,3.0867136021276043,,,,,ineligible_ablation,,
332,0.35,"[0.3, 0.7]",80.0,180.0,0.5,fifa_log_rank,2.0,0.5,True,eligible,0.42857142857142855,0.3157894736842105,0.3499999999999999,2.982352738936747,,,,,rejected_by_preregistered_metrics,,
333,0.35,"[0.3, 0.7]",80.0,180.0,0.5,fifa_log_rank,2.0,0.75,True,eligible,0.42857142857142855,0.3157894736842105,0.35,2.9125949206514328,,,,,rejected_by_preregistered_metrics,,
334,0.35,"[0.3, 0.7]",80.0,180.0,0.5,fifa_inverse_sqrt,1.0,0.0,False,zero-prevention ablation; mandatory family passed,0.4084507042253521,0.2987012987012987,0.35,10.192339264482055,,,,,ineligible_ablation,,
335,0.35,"[0.3, 0.7]",80.0,180.0,0.5,fifa_inverse_sqrt,1.0,0.5,True,eligible,0.4185110663983903,0.2987012987012987,0.3499999999999999,8.905880937160484,,,,,rejected_by_preregistered_metrics,,
336,0.35,"[0.3, 0.7]",80.0,180.0,0.5,fifa_inverse_sqrt,1.0,0.75,True,eligible,0.42857142857142855,0.3157894736842105,0.35,7.9092667803326835,,,,,rejected_by_preregistered_metrics,,
337,0.35,"[0.3, 0.7]",80.0,180.0,0.5,fifa_inverse_sqrt,1.5,0.0,False,zero-prevention ablation; mandatory family passed,0.4084507042253521,0.2987012987012987,0.3499999999999999,6.986018622348936,,,,,ineligible_ablation,,
338,0.35,"[0.3, 0.7]",80.0,180.0,0.5,fifa_inverse_sqrt,1.5,0.5,True,eligible,0.4084507042253521,0.3157894736842105,0.3499999999999999,6.52489124125508,,,,,rejected_by_preregistered_metrics,,
339,0.35,"[0.3, 0.7]",80.0,180.0,0.5,fifa_inverse_sqrt,1.5,0.75,True,eligible,0.4084507042253521,0.2987012987012987,0.3499999999999999,6.099691743827932,,,,,rejected_by_preregistered_metrics,,
340,0.35,"[0.3, 0.7]",80.0,180.0,0.5,fifa_inverse_sqrt,2.0,0.0,False,zero-prevention ablation; mandatory family passed,0.4084507042253521,0.2987012987012987,0.35,5.280967744723146,,,,,ineligible_ablation,,
341,0.35,"[0.3, 0.7]",80.0,180.0,0.5,fifa_inverse_sqrt,2.0,0.5,True,eligible,0.4084507042253521,0.2987012987012987,0.3499999999999999,5.070278623272527,,,,,rejected_by_preregistered_metrics,,
342,0.35,"[0.3, 0.7]",80.0,180.0,0.5,fifa_inverse_sqrt,2.0,0.75,True,eligible,0.4084507042253521,0.2987012987012987,0.35000000000000003,4.862451442257354,,,,,rejected_by_preregistered_metrics,,
343,0.35,"[0.3, 0.7]",80.0,180.0,0.5,cumulative_pre_match_xg,1.0,0.0,False,zero-prevention ablation; mandatory family passed,0.42857142857142855,0.3157894736842105,0.35,6.955922862188831,,,,,ineligible_ablation,,
344,0.35,"[0.3, 0.7]",80.0,180.0,0.5,cumulative_pre_match_xg,1.0,0.5,True,eligible,0.42857142857142855,0.3333333333333333,0.35000000000000003,6.274790843291683,,,,,rejected_by_preregistered_metrics,,
345,0.35,"[0.3, 0.7]",80.0,180.0,0.5,cumulative_pre_match_xg,1.0,0.75,True,eligible,0.42857142857142855,0.3157894736842105,0.35000000000000003,5.810297183334996,,,,,rejected_by_preregistered_metrics,,
346,0.35,"[0.3, 0.7]",80.0,180.0,0.5,cumulative_pre_match_xg,1.5,0.0,False,zero-prevention ablation; mandatory family passed,0.42857142857142855,0.3157894736842105,0.35000000000000003,4.616869097174936,,,,,ineligible_ablation,,
347,0.35,"[0.3, 0.7]",80.0,180.0,0.5,cumulative_pre_match_xg,1.5,0.5,True,eligible,0.42857142857142855,0.3333333333333333,0.35000000000000003,4.360030429429655,,,,,rejected_by_preregistered_metrics,,
348,0.35,"[0.3, 0.7]",80.0,180.0,0.5,cumulative_pre_match_xg,1.5,0.75,True,eligible,0.42857142857142855,0.3157894736842105,0.35000000000000003,4.17956354306426,,,,,rejected_by_preregistered_metrics,,
349,0.35,"[0.3, 0.7]",80.0,180.0,0.5,cumulative_pre_match_xg,2.0,0.0,False,zero-prevention ablation; mandatory family passed,0.42857142857142855,0.3157894736842105,0.35000000000000003,3.451474872047117,,,,,ineligible_ablation,,
350,0.35,"[0.3, 0.7]",80.0,180.0,0.5,cumulative_pre_match_xg,2.0,0.5,True,eligible,0.42857142857142855,0.3157894736842105,0.3499999999999999,3.3216142512201645,,,,,rejected_by_preregistered_metrics,,
351,0.35,"[0.3, 0.7]",80.0,180.0,0.5,cumulative_pre_match_xg,2.0,0.75,True,eligible,0.42857142857142855,0.3157894736842105,0.35,3.2319697039925286,,,,,rejected_by_preregistered_metrics,,
352,0.35,"[0.3, 0.7]",80.0,180.0,1.0,fifa_log_rank,1.0,0.0,False,zero-prevention ablation; mandatory family passed,0.4084507042253521,0.2987012987012987,0.35000000000000003,7.203240139934261,,,,,ineligible_ablation,,
353,0.35,"[0.3, 0.7]",80.0,180.0,1.0,fifa_log_rank,1.0,0.5,True,eligible,0.42857142857142855,0.3157894736842105,0.3499999999999999,6.486402833468377,,,,,rejected_by_preregistered_metrics,,
354,0.35,"[0.3, 0.7]",80.0,180.0,1.0,fifa_log_rank,1.0,0.75,True,eligible,0.42857142857142855,0.3157894736842105,0.3499999999999999,6.022183030552798,,,,,rejected_by_preregistered_metrics,,
355,0.35,"[0.3, 0.7]",80.0,180.0,1.0,fifa_log_rank,1.5,0.0,False,zero-prevention ablation; mandatory family passed,0.4084507042253521,0.2987012987012987,0.35000000000000003,4.692470439033828,,,,,ineligible_ablation,,
356,0.35,"[0.3, 0.7]",80.0,180.0,1.0,fifa_log_rank,1.5,0.5,True,eligible,0.42857142857142855,0.3157894736842105,0.35000000000000003,4.417909575455981,,,,,rejected_by_preregistered_metrics,,
357,0.35,"[0.3, 0.7]",80.0,180.0,1.0,fifa_log_rank,1.5,0.75,True,eligible,0.42857142857142855,0.3157894736842105,0.3499999999999999,4.238617709371638,,,,,rejected_by_preregistered_metrics,,
358,0.35,"[0.3, 0.7]",80.0,180.0,1.0,fifa_log_rank,2.0,0.0,False,zero-prevention ablation; mandatory family passed,0.4084507042253521,0.2987012987012987,0.35,3.4712052294216202,,,,,ineligible_ablation,,
359,0.35,"[0.3, 0.7]",80.0,180.0,1.0,fifa_log_rank,2.0,0.5,True,eligible,0.42857142857142855,0.3157894736842105,0.35,3.3295216035314414,,,,,rejected_by_preregistered_metrics,,
360,0.35,"[0.3, 0.7]",80.0,180.0,1.0,fifa_log_rank,2.0,0.75,True,eligible,0.42857142857142855,0.3157894736842105,0.35000000000000003,3.239533341286427,,,,,rejected_by_preregistered_metrics,,
361,0.35,"[0.3, 0.7]",80.0,180.0,1.0,fifa_inverse_sqrt,1.0,0.0,False,zero-prevention ablation; mandatory family passed,0.3888888888888889,0.2987012987012987,0.35,12.191387910546549,,,,,ineligible_ablation,,
362,0.35,"[0.3, 0.7]",80.0,180.0,1.0,fifa_inverse_sqrt,1.0,0.5,True,eligible,0.4084507042253521,0.3157894736842105,0.35000000000000003,10.518568130288063,,,,,rejected_by_preregistered_metrics,,
363,0.35,"[0.3, 0.7]",80.0,180.0,1.0,fifa_inverse_sqrt,1.0,0.75,True,eligible,0.4084507042253521,0.2987012987012987,0.3499999999999999,9.251315682497296,,,,,rejected_by_preregistered_metrics,,
364,0.35,"[0.3, 0.7]",80.0,180.0,1.0,fifa_inverse_sqrt,1.5,0.0,False,zero-prevention ablation; mandatory family passed,0.3888888888888889,0.2987012987012987,0.35000000000000003,8.309832193960697,,,,,ineligible_ablation,,
365,0.35,"[0.3, 0.7]",80.0,180.0,1.0,fifa_inverse_sqrt,1.5,0.5,True,eligible,0.3888888888888889,0.2987012987012987,0.3499999999999999,7.713998480911194,,,,,rejected_by_preregistered_metrics,,
366,0.35,"[0.3, 0.7]",80.0,180.0,1.0,fifa_inverse_sqrt,1.5,0.75,True,eligible,0.4084507042253521,0.2987012987012987,0.35,7.167800613393787,,,,,rejected_by_preregistered_metrics,,
367,0.35,"[0.3, 0.7]",80.0,180.0,1.0,fifa_inverse_sqrt,2.0,0.0,False,zero-prevention ablation; mandatory family passed,0.3888888888888889,0.2987012987012987,0.35000000000000003,6.248664831453583,,,,,ineligible_ablation,,
368,0.35,"[0.3, 0.7]",80.0,180.0,1.0,fifa_inverse_sqrt,2.0,0.5,True,eligible,0.4084507042253521,0.2987012987012987,0.3499999999999999,5.981025806886675,,,,,rejected_by_preregistered_metrics,,
369,0.35,"[0.3, 0.7]",80.0,180.0,1.0,fifa_inverse_sqrt,2.0,0.75,True,eligible,0.3888888888888889,0.2987012987012987,0.35000000000000003,5.7153529200509094,,,,,rejected_by_preregistered_metrics,,
370,0.35,"[0.3, 0.7]",80.0,180.0,1.0,cumulative_pre_match_xg,1.0,0.0,False,zero-prevention ablation; mandatory family passed,0.4084507042253521,0.2987012987012987,0.35,8.084057493280483,,,,,ineligible_ablation,,
371,0.35,"[0.3, 0.7]",80.0,180.0,1.0,cumulative_pre_match_xg,1.0,0.5,True,eligible,0.4084507042253521,0.2987012987012987,0.35,7.1810944443906495,,,,,rejected_by_preregistered_metrics,,
372,0.35,"[0.3, 0.7]",80.0,180.0,1.0,cumulative_pre_match_xg,1.0,0.75,True,eligible,0.42857142857142855,0.3157894736842105,0.35000000000000003,6.584380950064409,,,,,rejected_by_preregistered_metrics,,
373,0.35,"[0.3, 0.7]",80.0,180.0,1.0,cumulative_pre_match_xg,1.5,0.0,False,zero-prevention ablation; mandatory family passed,0.4084507042253521,0.2987012987012987,0.35000000000000003,5.297043714206261,,,,,ineligible_ablation,,
374,0.35,"[0.3, 0.7]",80.0,180.0,1.0,cumulative_pre_match_xg,1.5,0.5,True,eligible,0.42857142857142855,0.2987012987012987,0.35,4.953366194334049,,,,,rejected_by_preregistered_metrics,,
375,0.35,"[0.3, 0.7]",80.0,180.0,1.0,cumulative_pre_match_xg,1.5,0.75,True,eligible,0.4084507042253521,0.3157894736842105,0.35,4.7214904584901225,,,,,rejected_by_preregistered_metrics,,
376,0.35,"[0.3, 0.7]",80.0,180.0,1.0,cumulative_pre_match_xg,2.0,0.0,False,zero-prevention ablation; mandatory family passed,0.4084507042253521,0.2987012987012987,0.35,3.9301848725905306,,,,,ineligible_ablation,,
377,0.35,"[0.3, 0.7]",80.0,180.0,1.0,cumulative_pre_match_xg,2.0,0.5,True,eligible,0.4084507042253521,0.2987012987012987,0.35000000000000003,3.753898282398993,,,,,rejected_by_preregistered_metrics,,
378,0.35,"[0.3, 0.7]",80.0,180.0,1.0,cumulative_pre_match_xg,2.0,0.75,True,eligible,0.4084507042253521,0.3157894736842105,0.35000000000000003,3.638159257359167,,,,,rejected_by_preregistered_metrics,,
379,0.35,"[0.3, 0.7]",80.0,300.0,0.5,fifa_log_rank,1.0,0.0,False,zero-prevention ablation; mandatory family passed,0.42857142857142855,0.33157894736842114,0.35000000000000003,7.625586510353674,,,,,ineligible_ablation,,
380,0.35,"[0.3, 0.7]",80.0,300.0,0.5,fifa_log_rank,1.0,0.5,True,eligible,0.42857142857142855,0.33157894736842114,0.35,6.954006359285115,,,,,rejected_by_preregistered_metrics,,
381,0.35,"[0.3, 0.7]",80.0,300.0,0.5,fifa_log_rank,1.0,0.75,True,eligible,0.4492753623188406,0.3157894736842105,0.35000000000000003,6.510066657275901,,,,,rejected_by_preregistered_metrics,,
382,0.35,"[0.3, 0.7]",80.0,300.0,0.5,fifa_log_rank,1.5,0.0,False,zero-prevention ablation; mandatory family passed,0.42857142857142855,0.3157894736842105,0.3499999999999999,5.02221659285147,,,,,ineligible_ablation,,
383,0.35,"[0.3, 0.7]",80.0,300.0,0.5,fifa_log_rank,1.5,0.5,True,eligible,0.4492753623188406,0.3157894736842105,0.35000000000000003,4.767261875482537,,,,,rejected_by_preregistered_metrics,,
384,0.35,"[0.3, 0.7]",80.0,300.0,0.5,fifa_log_rank,1.5,0.75,True,eligible,0.4492753623188406,0.3333333333333333,0.35000000000000003,4.597017376934529,114.0,261.0,,,rejected_by_preregistered_metrics,3387.0,player-match channel contribution
385,0.35,"[0.3, 0.7]",80.0,300.0,0.5,fifa_log_rank,2.0,0.0,False,zero-prevention ablation; mandatory family passed,0.42857142857142855,0.3157894736842105,0.35000000000000003,3.7421725960416072,,,,,ineligible_ablation,,
386,0.35,"[0.3, 0.7]",80.0,300.0,0.5,fifa_log_rank,2.0,0.5,True,eligible,0.4492753623188406,0.3157894736842105,0.35000000000000003,3.611400265942178,,,,,rejected_by_preregistered_metrics,,
387,0.35,"[0.3, 0.7]",80.0,300.0,0.5,fifa_log_rank,2.0,0.75,True,eligible,0.4492753623188406,0.3333333333333333,0.35000000000000003,3.526167945559053,114.0,243.0,,,rejected_by_preregistered_metrics,3387.0,player-match channel contribution
388,0.35,"[0.3, 0.7]",80.0,300.0,0.5,fifa_inverse_sqrt,1.0,0.0,False,zero-prevention ablation; mandatory family passed,0.4084507042253521,0.3157894736842105,0.35000000000000003,12.559437057715042,,,,,ineligible_ablation,,
389,0.35,"[0.3, 0.7]",80.0,300.0,0.5,fifa_inverse_sqrt,1.0,0.5,True,eligible,0.42857142857142855,0.3157894736842105,0.35,10.953287155297259,,,,,rejected_by_preregistered_metrics,,
390,0.35,"[0.3, 0.7]",80.0,300.0,0.5,fifa_inverse_sqrt,1.0,0.75,True,eligible,0.42857142857142855,0.3157894736842105,0.3499999999999999,9.71679067755763,,,,,rejected_by_preregistered_metrics,,
391,0.35,"[0.3, 0.7]",80.0,300.0,0.5,fifa_inverse_sqrt,1.5,0.0,False,zero-prevention ablation; mandatory family passed,0.4084507042253521,0.2987012987012987,0.35000000000000003,8.571889760178172,,,,,ineligible_ablation,,
392,0.35,"[0.3, 0.7]",80.0,300.0,0.5,fifa_inverse_sqrt,1.5,0.5,True,eligible,0.42857142857142855,0.3157894736842105,0.35000000000000003,8.000847272239959,,,,,rejected_by_preregistered_metrics,,
393,0.35,"[0.3, 0.7]",80.0,300.0,0.5,fifa_inverse_sqrt,1.5,0.75,True,eligible,0.42857142857142855,0.3157894736842105,0.35000000000000003,7.47778789979292,,,,,rejected_by_preregistered_metrics,,
394,0.35,"[0.3, 0.7]",80.0,300.0,0.5,fifa_inverse_sqrt,2.0,0.0,False,zero-prevention ablation; mandatory family passed,0.42857142857142855,0.3157894736842105,0.35000000000000003,6.466878437771866,,,,,ineligible_ablation,,
395,0.35,"[0.3, 0.7]",80.0,300.0,0.5,fifa_inverse_sqrt,2.0,0.5,True,eligible,0.42857142857142855,0.2987012987012987,0.35,6.206068798747863,,,,,rejected_by_preregistered_metrics,,
396,0.35,"[0.3, 0.7]",80.0,300.0,0.5,fifa_inverse_sqrt,2.0,0.75,True,eligible,0.42857142857142855,0.3157894736842105,0.35000000000000003,5.951627159574861,,,,,rejected_by_preregistered_metrics,,
397,0.35,"[0.3, 0.7]",80.0,300.0,0.5,cumulative_pre_match_xg,1.0,0.0,False,zero-prevention ablation; mandatory family passed,0.42857142857142855,0.33157894736842114,0.35,8.474204340875438,,,,,ineligible_ablation,,
398,0.35,"[0.3, 0.7]",80.0,300.0,0.5,cumulative_pre_match_xg,1.0,0.5,True,eligible,0.42857142857142855,0.3157894736842105,0.35,7.637466622138888,,,,,rejected_by_preregistered_metrics,,
399,0.35,"[0.3, 0.7]",80.0,300.0,0.5,cumulative_pre_match_xg,1.0,0.75,True,eligible,0.42857142857142855,0.3333333333333333,0.35000000000000003,7.0744422306022,,,,,rejected_by_preregistered_metrics,,
400,0.35,"[0.3, 0.7]",80.0,300.0,0.5,cumulative_pre_match_xg,1.5,0.0,False,zero-prevention ablation; mandatory family passed,0.42857142857142855,0.3157894736842105,0.35000000000000003,5.611412741803544,,,,,ineligible_ablation,,
401,0.35,"[0.3, 0.7]",80.0,300.0,0.5,cumulative_pre_match_xg,1.5,0.5,True,eligible,0.42857142857142855,0.33157894736842114,0.3499999999999999,5.294901445235003,,,,,rejected_by_preregistered_metrics,,
402,0.35,"[0.3, 0.7]",80.0,300.0,0.5,cumulative_pre_match_xg,1.5,0.75,True,eligible,0.42857142857142855,0.3333333333333333,0.3499999999999999,5.076592380073021,,,,,rejected_by_preregistered_metrics,,
403,0.35,"[0.3, 0.7]",80.0,300.0,0.5,cumulative_pre_match_xg,2.0,0.0,False,zero-prevention ablation; mandatory family passed,0.42857142857142855,0.3157894736842105,0.35000000000000003,4.1914036074714485,,,,,ineligible_ablation,,
404,0.35,"[0.3, 0.7]",80.0,300.0,0.5,cumulative_pre_match_xg,2.0,0.5,True,eligible,0.42857142857142855,0.3333333333333333,0.35000000000000003,4.030432052006188,,,,,rejected_by_preregistered_metrics,,
405,0.35,"[0.3, 0.7]",80.0,300.0,0.5,cumulative_pre_match_xg,2.0,0.75,True,eligible,0.42857142857142855,0.3333333333333333,0.35000000000000003,3.9216435239839984,,,,,rejected_by_preregistered_metrics,,
406,0.35,"[0.3, 0.7]",80.0,300.0,1.0,fifa_log_rank,1.0,0.0,False,zero-prevention ablation; mandatory family passed,0.42857142857142855,0.2987012987012987,0.35000000000000003,8.853216712799906,,,,,ineligible_ablation,,
407,0.35,"[0.3, 0.7]",80.0,300.0,1.0,fifa_log_rank,1.0,0.5,True,eligible,0.42857142857142855,0.3157894736842105,0.35000000000000003,7.944317090507725,,,,,rejected_by_preregistered_metrics,,
408,0.35,"[0.3, 0.7]",80.0,300.0,1.0,fifa_log_rank,1.0,0.75,True,eligible,0.42857142857142855,0.3157894736842105,0.35000000000000003,7.368115272839697,,,,,rejected_by_preregistered_metrics,,
409,0.35,"[0.3, 0.7]",80.0,300.0,1.0,fifa_log_rank,1.5,0.0,False,zero-prevention ablation; mandatory family passed,0.42857142857142855,0.2987012987012987,0.35,5.745702554751799,,,,,ineligible_ablation,,
410,0.35,"[0.3, 0.7]",80.0,300.0,1.0,fifa_log_rank,1.5,0.5,True,eligible,0.42857142857142855,0.3157894736842105,0.35000000000000003,5.396198846778478,,,,,rejected_by_preregistered_metrics,,
411,0.35,"[0.3, 0.7]",80.0,300.0,1.0,fifa_log_rank,1.5,0.75,True,eligible,0.42857142857142855,0.3157894736842105,0.35000000000000003,5.173450263952393,,,,,rejected_by_preregistered_metrics,,
412,0.35,"[0.3, 0.7]",80.0,300.0,1.0,fifa_log_rank,2.0,0.0,False,zero-prevention ablation; mandatory family passed,0.42857142857142855,0.3157894736842105,0.35000000000000003,4.243426141551225,,,,,ineligible_ablation,,
413,0.35,"[0.3, 0.7]",80.0,300.0,1.0,fifa_log_rank,2.0,0.5,True,eligible,0.42857142857142855,0.3157894736842105,0.35000000000000003,4.061917128774966,,,,,rejected_by_preregistered_metrics,,
414,0.35,"[0.3, 0.7]",80.0,300.0,1.0,fifa_log_rank,2.0,0.75,True,eligible,0.42857142857142855,0.3157894736842105,0.35,3.9495497722821957,,,,,rejected_by_preregistered_metrics,,
415,0.35,"[0.3, 0.7]",80.0,300.0,1.0,fifa_inverse_sqrt,1.0,0.0,False,zero-prevention ablation; mandatory family passed,0.4084507042253521,0.2987012987012987,0.3499999999999999,15.237624569681131,,,,,ineligible_ablation,,
416,0.35,"[0.3, 0.7]",80.0,300.0,1.0,fifa_inverse_sqrt,1.0,0.5,True,eligible,0.4084507042253521,0.2987012987012987,0.35,13.099080659386072,,,,,rejected_by_preregistered_metrics,,
417,0.35,"[0.3, 0.7]",80.0,300.0,1.0,fifa_inverse_sqrt,1.0,0.75,True,eligible,0.4084507042253521,0.3157894736842105,0.35,11.491101107651328,,,,,rejected_by_preregistered_metrics,,
418,0.35,"[0.3, 0.7]",80.0,300.0,1.0,fifa_inverse_sqrt,1.5,0.0,False,zero-prevention ablation; mandatory family passed,0.4084507042253521,0.3157894736842105,0.35000000000000003,10.331191821902367,,,,,ineligible_ablation,,
419,0.35,"[0.3, 0.7]",80.0,300.0,1.0,fifa_inverse_sqrt,1.5,0.5,True,eligible,0.4084507042253521,0.2987012987012987,0.35,9.579658120304309,,,,,rejected_by_preregistered_metrics,,
420,0.35,"[0.3, 0.7]",80.0,300.0,1.0,fifa_inverse_sqrt,1.5,0.75,True,eligible,0.4084507042253521,0.2987012987012987,0.35000000000000003,8.893302926422372,,,,,rejected_by_preregistered_metrics,,
421,0.35,"[0.3, 0.7]",80.0,300.0,1.0,fifa_inverse_sqrt,2.0,0.0,False,zero-prevention ablation; mandatory family passed,0.4084507042253521,0.2987012987012987,0.35000000000000003,7.7480603725475525,,,,,ineligible_ablation,,
422,0.35,"[0.3, 0.7]",80.0,300.0,1.0,fifa_inverse_sqrt,2.0,0.5,True,eligible,0.39866979655712054,0.2987012987012987,0.35000000000000003,7.411878258990734,,,,,rejected_by_preregistered_metrics,,
423,0.35,"[0.3, 0.7]",80.0,300.0,1.0,fifa_inverse_sqrt,2.0,0.75,True,eligible,0.4084507042253521,0.3157894736842105,0.35000000000000003,7.080439215282981,,,,,rejected_by_preregistered_metrics,,
424,0.35,"[0.3, 0.7]",80.0,300.0,1.0,cumulative_pre_match_xg,1.0,0.0,False,zero-prevention ablation; mandatory family passed,0.42857142857142855,0.3157894736842105,0.3499999999999999,9.954387594641808,,,,,ineligible_ablation,,
425,0.35,"[0.3, 0.7]",80.0,300.0,1.0,cumulative_pre_match_xg,1.0,0.5,True,eligible,0.42857142857142855,0.3157894736842105,0.35000000000000003,8.818661513624745,,,,,rejected_by_preregistered_metrics,,
426,0.35,"[0.3, 0.7]",80.0,300.0,1.0,cumulative_pre_match_xg,1.0,0.75,True,eligible,0.42857142857142855,0.3157894736842105,0.35,8.079333909713254,,,,,rejected_by_preregistered_metrics,,
427,0.35,"[0.3, 0.7]",80.0,300.0,1.0,cumulative_pre_match_xg,1.5,0.0,False,zero-prevention ablation; mandatory family passed,0.42857142857142855,0.3140806561859194,0.35000000000000003,6.501205059961439,,,,,ineligible_ablation,,
428,0.35,"[0.3, 0.7]",80.0,300.0,1.0,cumulative_pre_match_xg,1.5,0.5,True,eligible,0.42857142857142855,0.3157894736842105,0.35000000000000003,6.067940518186287,,,,,rejected_by_preregistered_metrics,,
429,0.35,"[0.3, 0.7]",80.0,300.0,1.0,cumulative_pre_match_xg,1.5,0.75,True,eligible,0.42857142857142855,0.3157894736842105,0.35000000000000003,5.781501899644201,,,,,rejected_by_preregistered_metrics,,
430,0.35,"[0.3, 0.7]",80.0,300.0,1.0,cumulative_pre_match_xg,2.0,0.0,False,zero-prevention ablation; mandatory family passed,0.42857142857142855,0.3140806561859194,0.35000000000000003,4.817445851334373,,,,,ineligible_ablation,,
431,0.35,"[0.3, 0.7]",80.0,300.0,1.0,cumulative_pre_match_xg,2.0,0.5,True,eligible,0.42857142857142855,0.3157894736842105,0.35000000000000003,4.593759988942046,,,,,rejected_by_preregistered_metrics,,
432,0.35,"[0.3, 0.7]",80.0,300.0,1.0,cumulative_pre_match_xg,2.0,0.75,True,eligible,0.42857142857142855,0.3157894736842105,0.3499999999999999,4.450297601786414,,,,,rejected_by_preregistered_metrics,,
433,0.42,"[0.25, 0.75]",40.0,180.0,0.5,fifa_log_rank,1.0,0.0,False,zero-prevention ablation; mandatory family passed,0.4084507042253521,0.2987012987012987,0.42000000000000004,7.998897180712223,,,,,ineligible_ablation,,
434,0.42,"[0.25, 0.75]",40.0,180.0,0.5,fifa_log_rank,1.0,0.5,True,eligible,0.42857142857142855,0.2987012987012987,0.42000000000000004,7.309357531305076,,,,,rejected_by_preregistered_metrics,,
435,0.42,"[0.25, 0.75]",40.0,180.0,0.5,fifa_log_rank,1.0,0.75,True,eligible,0.42857142857142855,0.3140806561859194,0.41999999999999993,6.843253080441971,,,,,rejected_by_preregistered_metrics,,
436,0.42,"[0.25, 0.75]",40.0,180.0,0.5,fifa_log_rank,1.5,0.0,False,zero-prevention ablation; mandatory family passed,0.4084507042253521,0.2987012987012987,0.41999999999999993,5.284203533098059,,,,,ineligible_ablation,,
437,0.42,"[0.25, 0.75]",40.0,180.0,0.5,fifa_log_rank,1.5,0.5,True,eligible,0.4084507042253521,0.2987012987012987,0.42000000000000004,5.024251620827442,,,,,rejected_by_preregistered_metrics,,
438,0.42,"[0.25, 0.75]",40.0,180.0,0.5,fifa_log_rank,1.5,0.75,True,eligible,0.4084507042253521,0.2987012987012987,0.41999999999999993,4.845948491680935,,,,,rejected_by_preregistered_metrics,,
439,0.42,"[0.25, 0.75]",40.0,180.0,0.5,fifa_log_rank,2.0,0.0,False,zero-prevention ablation; mandatory family passed,0.4084507042253521,0.2987012987012987,0.41999999999999993,3.942241245687433,,,,,ineligible_ablation,,
440,0.42,"[0.25, 0.75]",40.0,180.0,0.5,fifa_log_rank,2.0,0.5,True,eligible,0.4084507042253521,0.2987012987012987,0.41999999999999993,3.8099678670135675,,,,,rejected_by_preregistered_metrics,,
441,0.42,"[0.25, 0.75]",40.0,180.0,0.5,fifa_log_rank,2.0,0.75,True,eligible,0.4084507042253521,0.2987012987012987,0.41999999999999993,3.7212678556967638,,,,,rejected_by_preregistered_metrics,,
442,0.42,"[0.25, 0.75]",40.0,180.0,0.5,fifa_inverse_sqrt,1.0,0.0,False,zero-prevention ablation; mandatory family passed,0.3888888888888889,0.28205128205128205,0.42000000000000004,12.974247013063703,,,,,ineligible_ablation,,
443,0.42,"[0.25, 0.75]",40.0,180.0,0.5,fifa_inverse_sqrt,1.0,0.5,True,eligible,0.4084507042253521,0.2987012987012987,0.42000000000000004,11.34512890828843,,,,,rejected_by_preregistered_metrics,,
444,0.42,"[0.25, 0.75]",40.0,180.0,0.5,fifa_inverse_sqrt,1.0,0.75,True,eligible,0.4084507042253521,0.2987012987012987,0.42000000000000004,10.080788843609536,,,,,rejected_by_preregistered_metrics,,
445,0.42,"[0.25, 0.75]",40.0,180.0,0.5,fifa_inverse_sqrt,1.5,0.0,False,zero-prevention ablation; mandatory family passed,0.3888888888888889,0.28205128205128205,0.41999999999999993,8.902161059990716,,,,,ineligible_ablation,,
446,0.42,"[0.25, 0.75]",40.0,180.0,0.5,fifa_inverse_sqrt,1.5,0.5,True,eligible,0.39866979655712054,0.28205128205128205,0.42000000000000004,8.31767825231272,,,,,rejected_by_preregistered_metrics,,
447,0.42,"[0.25, 0.75]",40.0,180.0,0.5,fifa_inverse_sqrt,1.5,0.75,True,eligible,0.4084507042253521,0.2987012987012987,0.41999999999999993,7.777799257267862,,,,,rejected_by_preregistered_metrics,,
448,0.42,"[0.25, 0.75]",40.0,180.0,0.5,fifa_inverse_sqrt,2.0,0.0,False,zero-prevention ablation; mandatory family passed,0.3888888888888889,0.28205128205128205,0.42000000000000004,6.732360156711003,,,,,ineligible_ablation,,
449,0.42,"[0.25, 0.75]",40.0,180.0,0.5,fifa_inverse_sqrt,2.0,0.5,True,eligible,0.3888888888888889,0.28205128205128205,0.42000000000000004,6.465557174562174,,,,,rejected_by_preregistered_metrics,,
450,0.42,"[0.25, 0.75]",40.0,180.0,0.5,fifa_inverse_sqrt,2.0,0.75,True,eligible,0.4084507042253521,0.28205128205128205,0.42000000000000004,6.201672260045182,,,,,rejected_by_preregistered_metrics,,
451,0.42,"[0.25, 0.75]",40.0,180.0,0.5,cumulative_pre_match_xg,1.0,0.0,False,zero-prevention ablation; mandatory family passed,0.4084507042253521,0.28205128205128205,0.42000000000000004,8.88011734172783,,,,,ineligible_ablation,,
452,0.42,"[0.25, 0.75]",40.0,180.0,0.5,cumulative_pre_match_xg,1.0,0.5,True,eligible,0.4084507042253521,0.2987012987012987,0.42000000000000004,8.01242801191924,,,,,rejected_by_preregistered_metrics,,
453,0.42,"[0.25, 0.75]",40.0,180.0,0.5,cumulative_pre_match_xg,1.0,0.75,True,eligible,0.4084507042253521,0.2987012987012987,0.42000000000000004,7.4197345167665665,,,,,rejected_by_preregistered_metrics,,
454,0.42,"[0.25, 0.75]",40.0,180.0,0.5,cumulative_pre_match_xg,1.5,0.0,False,zero-prevention ablation; mandatory family passed,0.4084507042253521,0.2987012987012987,0.41999999999999993,5.895568607486528,,,,,ineligible_ablation,,
455,0.42,"[0.25, 0.75]",40.0,180.0,0.5,cumulative_pre_match_xg,1.5,0.5,True,eligible,0.4084507042253521,0.2987012987012987,0.41999999999999993,5.568757980902031,,,,,rejected_by_preregistered_metrics,,
456,0.42,"[0.25, 0.75]",40.0,180.0,0.5,cumulative_pre_match_xg,1.5,0.75,True,eligible,0.4084507042253521,0.2987012987012987,0.42000000000000004,5.338671322528701,,,,,rejected_by_preregistered_metrics,,
457,0.42,"[0.25, 0.75]",40.0,180.0,0.5,cumulative_pre_match_xg,2.0,0.0,False,zero-prevention ablation; mandatory family passed,0.4084507042253521,0.2987012987012987,0.41999999999999993,4.407817809750194,,,,,ineligible_ablation,,
458,0.42,"[0.25, 0.75]",40.0,180.0,0.5,cumulative_pre_match_xg,2.0,0.5,True,eligible,0.4084507042253521,0.2987012987012987,0.42000000000000004,4.242784179884902,,,,,rejected_by_preregistered_metrics,,
459,0.42,"[0.25, 0.75]",40.0,180.0,0.5,cumulative_pre_match_xg,2.0,0.75,True,eligible,0.4084507042253521,0.2987012987012987,0.42000000000000004,4.12860205078222,,,,,rejected_by_preregistered_metrics,,
460,0.42,"[0.25, 0.75]",40.0,180.0,1.0,fifa_log_rank,1.0,0.0,False,zero-prevention ablation; mandatory family passed,0.3888888888888889,0.28205128205128205,0.42000000000000004,9.199043947303087,,,,,ineligible_ablation,,
461,0.42,"[0.25, 0.75]",40.0,180.0,1.0,fifa_log_rank,1.0,0.5,True,eligible,0.4084507042253521,0.2987012987012987,0.41999999999999993,8.28735128347542,,,,,rejected_by_preregistered_metrics,,
462,0.42,"[0.25, 0.75]",40.0,180.0,1.0,fifa_log_rank,1.0,0.75,True,eligible,0.4084507042253521,0.2987012987012987,0.42000000000000004,7.694990904114481,,,,,rejected_by_preregistered_metrics,,
463,0.42,"[0.25, 0.75]",40.0,180.0,1.0,fifa_log_rank,1.5,0.0,False,zero-prevention ablation; mandatory family passed,0.3888888888888889,0.28205128205128205,0.42000000000000004,5.992845428212498,,,,,ineligible_ablation,,
464,0.42,"[0.25, 0.75]",40.0,180.0,1.0,fifa_log_rank,1.5,0.5,True,eligible,0.4084507042253521,0.3157894736842105,0.42000000000000004,5.644147400880559,,,,,rejected_by_preregistered_metrics,,
465,0.42,"[0.25, 0.75]",40.0,180.0,1.0,fifa_log_rank,1.5,0.75,True,eligible,0.4084507042253521,0.2987012987012987,0.42000000000000004,5.415770569916852,,,,,rejected_by_preregistered_metrics,,
466,0.42,"[0.25, 0.75]",40.0,180.0,1.0,fifa_log_rank,2.0,0.0,False,zero-prevention ablation; mandatory family passed,0.3888888888888889,0.2987012987012987,0.41999999999999993,4.432859132134712,,,,,ineligible_ablation,,
467,0.42,"[0.25, 0.75]",40.0,180.0,1.0,fifa_log_rank,2.0,0.5,True,eligible,0.4084507042253521,0.2987012987012987,0.42000000000000004,4.253173224138295,,,,,rejected_by_preregistered_metrics,,
468,0.42,"[0.25, 0.75]",40.0,180.0,1.0,fifa_log_rank,2.0,0.75,True,eligible,0.4084507042253521,0.2987012987012987,0.4200000000000001,4.13872843840232,,,,,rejected_by_preregistered_metrics,,
469,0.42,"[0.25, 0.75]",40.0,180.0,1.0,fifa_inverse_sqrt,1.0,0.0,False,zero-prevention ablation; mandatory family passed,0.3698630136986301,0.28205128205128205,0.42000000000000004,15.5148037188308,,,,,ineligible_ablation,,
470,0.42,"[0.25, 0.75]",40.0,180.0,1.0,fifa_inverse_sqrt,1.0,0.5,True,eligible,0.3888888888888889,0.28205128205128205,0.42000000000000004,13.398139020107255,,,,,rejected_by_preregistered_metrics,,
471,0.42,"[0.25, 0.75]",40.0,180.0,1.0,fifa_inverse_sqrt,1.0,0.75,True,eligible,0.3888888888888889,0.29703629703629714,0.41999999999999993,11.790729820581964,,,,,rejected_by_preregistered_metrics,,
472,0.42,"[0.25, 0.75]",40.0,180.0,1.0,fifa_inverse_sqrt,1.5,0.0,False,zero-prevention ablation; mandatory family passed,0.3698630136986301,0.28205128205128205,0.42000000000000004,10.586332567155237,,,,,ineligible_ablation,,
473,0.42,"[0.25, 0.75]",40.0,180.0,1.0,fifa_inverse_sqrt,1.5,0.5,True,eligible,0.3698630136986301,0.28205128205128205,0.42000000000000004,9.831117267923862,,,,,rejected_by_preregistered_metrics,,
474,0.42,"[0.25, 0.75]",40.0,180.0,1.0,fifa_inverse_sqrt,1.5,0.75,True,eligible,0.3888888888888889,0.28205128205128205,0.42000000000000004,9.137579115265057,,,,,rejected_by_preregistered_metrics,,
475,0.42,"[0.25, 0.75]",40.0,180.0,1.0,fifa_inverse_sqrt,2.0,0.0,False,zero-prevention ablation; mandatory family passed,0.3698630136986301,0.28205128205128205,0.42000000000000004,7.963222014480137,,,,,ineligible_ablation,,
476,0.42,"[0.25, 0.75]",40.0,180.0,1.0,fifa_inverse_sqrt,2.0,0.5,True,eligible,0.3698630136986301,0.28205128205128205,0.41999999999999993,7.624333440135381,,,,,rejected_by_preregistered_metrics,,
477,0.42,"[0.25, 0.75]",40.0,180.0,1.0,fifa_inverse_sqrt,2.0,0.75,True,eligible,0.3888888888888889,0.28205128205128205,0.41999999999999993,7.28699036074536,,,,,rejected_by_preregistered_metrics,,
478,0.42,"[0.25, 0.75]",40.0,180.0,1.0,cumulative_pre_match_xg,1.0,0.0,False,zero-prevention ablation; mandatory family passed,0.3888888888888889,0.28205128205128205,0.42000000000000004,10.324683253587509,,,,,ineligible_ablation,,
479,0.42,"[0.25, 0.75]",40.0,180.0,1.0,cumulative_pre_match_xg,1.0,0.5,True,eligible,0.4084507042253521,0.2987012987012987,0.42000000000000004,9.173088138912071,,,,,rejected_by_preregistered_metrics,,
480,0.42,"[0.25, 0.75]",40.0,180.0,1.0,cumulative_pre_match_xg,1.0,0.75,True,eligible,0.4084507042253521,0.2987012987012987,0.41999999999999993,8.410899198892375,,,,,rejected_by_preregistered_metrics,,
481,0.42,"[0.25, 0.75]",40.0,180.0,1.0,cumulative_pre_match_xg,1.5,0.0,False,zero-prevention ablation; mandatory family passed,0.3888888888888889,0.28205128205128205,0.42000000000000004,6.7647387333825755,,,,,ineligible_ablation,,
482,0.42,"[0.25, 0.75]",40.0,180.0,1.0,cumulative_pre_match_xg,1.5,0.5,True,eligible,0.4084507042253521,0.2987012987012987,0.42000000000000004,6.326705011716223,,,,,rejected_by_preregistered_metrics,,
483,0.42,"[0.25, 0.75]",40.0,180.0,1.0,cumulative_pre_match_xg,1.5,0.75,True,eligible,0.4084507042253521,0.2987012987012987,0.42000000000000004,6.0307809872963265,,,,,rejected_by_preregistered_metrics,,
484,0.42,"[0.25, 0.75]",40.0,180.0,1.0,cumulative_pre_match_xg,2.0,0.0,False,zero-prevention ablation; mandatory family passed,0.3888888888888889,0.28205128205128205,0.42000000000000004,5.0185317921499,,,,,ineligible_ablation,,
485,0.42,"[0.25, 0.75]",40.0,180.0,1.0,cumulative_pre_match_xg,2.0,0.5,True,eligible,0.4084507042253521,0.28205128205128205,0.41999999999999993,4.7940842312026675,,,,,rejected_by_preregistered_metrics,,
486,0.42,"[0.25, 0.75]",40.0,180.0,1.0,cumulative_pre_match_xg,2.0,0.75,True,eligible,0.4084507042253521,0.2987012987012987,0.42000000000000004,4.646509015743112,,,,,rejected_by_preregistered_metrics,,
487,0.42,"[0.25, 0.75]",40.0,300.0,0.5,fifa_log_rank,1.0,0.0,False,zero-prevention ablation; mandatory family passed,0.4084507042253521,0.2987012987012987,0.42000000000000004,9.743699967668599,,,,,ineligible_ablation,,
488,0.42,"[0.25, 0.75]",40.0,300.0,0.5,fifa_log_rank,1.0,0.5,True,eligible,0.42857142857142855,0.3157894736842105,0.41999999999999993,8.888159209478573,,,,,rejected_by_preregistered_metrics,,
489,0.42,"[0.25, 0.75]",40.0,300.0,0.5,fifa_log_rank,1.0,0.75,True,eligible,0.42857142857142855,0.3157894736842105,0.42000000000000004,8.321328473081428,,,,,rejected_by_preregistered_metrics,,
490,0.42,"[0.25, 0.75]",40.0,300.0,0.5,fifa_log_rank,1.5,0.0,False,zero-prevention ablation; mandatory family passed,0.42857142857142855,0.2987012987012987,0.42000000000000004,6.41859636855262,,,,,ineligible_ablation,,
491,0.42,"[0.25, 0.75]",40.0,300.0,0.5,fifa_log_rank,1.5,0.5,True,eligible,0.42857142857142855,0.2987012987012987,0.42000000000000004,6.094364637787445,,,,,rejected_by_preregistered_metrics,,
492,0.42,"[0.25, 0.75]",40.0,300.0,0.5,fifa_log_rank,1.5,0.75,True,eligible,0.42857142857142855,0.2987012987012987,0.42000000000000004,5.877305164919291,,,,,rejected_by_preregistered_metrics,,
493,0.42,"[0.25, 0.75]",40.0,300.0,0.5,fifa_log_rank,2.0,0.0,False,zero-prevention ablation; mandatory family passed,0.42857142857142855,0.2987012987012987,0.41999999999999993,4.783080106736798,,,,,ineligible_ablation,,
494,0.42,"[0.25, 0.75]",40.0,300.0,0.5,fifa_log_rank,2.0,0.5,True,eligible,0.42857142857142855,0.2987012987012987,0.42000000000000004,4.616992665987383,,,,,rejected_by_preregistered_metrics,,
495,0.42,"[0.25, 0.75]",40.0,300.0,0.5,fifa_log_rank,2.0,0.75,True,eligible,0.42857142857142855,0.2987012987012987,0.42000000000000004,4.508460309666128,,,,,rejected_by_preregistered_metrics,,
496,0.42,"[0.25, 0.75]",40.0,300.0,0.5,fifa_inverse_sqrt,1.0,0.0,False,zero-prevention ablation; mandatory family passed,0.4084507042253521,0.2987012987012987,0.41999999999999993,16.0067829627214,,,,,ineligible_ablation,,
497,0.42,"[0.25, 0.75]",40.0,300.0,0.5,fifa_inverse_sqrt,1.0,0.5,True,eligible,0.4084507042253521,0.2987012987012987,0.42000000000000004,13.96769790760102,,,,,rejected_by_preregistered_metrics,,
498,0.42,"[0.25, 0.75]",40.0,300.0,0.5,fifa_inverse_sqrt,1.0,0.75,True,eligible,0.42857142857142855,0.2987012987012987,0.42000000000000004,12.39619325971916,,,,,rejected_by_preregistered_metrics,,
499,0.42,"[0.25, 0.75]",40.0,300.0,0.5,fifa_inverse_sqrt,1.5,0.0,False,zero-prevention ablation; mandatory family passed,0.4084507042253521,0.29703629703629714,0.41999999999999993,10.93389243696847,,,,,ineligible_ablation,,
500,0.42,"[0.25, 0.75]",40.0,300.0,0.5,fifa_inverse_sqrt,1.5,0.5,True,eligible,0.4084507042253521,0.2987012987012987,0.42000000000000004,10.20852319470044,,,,,rejected_by_preregistered_metrics,,
501,0.42,"[0.25, 0.75]",40.0,300.0,0.5,fifa_inverse_sqrt,1.5,0.75,True,eligible,0.4084507042253521,0.2987012987012987,0.42000000000000004,9.543334488328178,,,,,rejected_by_preregistered_metrics,,
502,0.42,"[0.25, 0.75]",40.0,300.0,0.5,fifa_inverse_sqrt,2.0,0.0,False,zero-prevention ablation; mandatory family passed,0.4084507042253521,0.2987012987012987,0.42000000000000004,8.25157491606453,,,,,ineligible_ablation,,
503,0.42,"[0.25, 0.75]",40.0,300.0,0.5,fifa_inverse_sqrt,2.0,0.5,True,eligible,0.4084507042253521,0.2987012987012987,0.42000000000000004,7.920615122475111,,,,,rejected_by_preregistered_metrics,,
504,0.42,"[0.25, 0.75]",40.0,300.0,0.5,fifa_inverse_sqrt,2.0,0.75,True,eligible,0.4084507042253521,0.2987012987012987,0.41999999999999993,7.597066595179133,,,,,rejected_by_preregistered_metrics,,
505,0.42,"[0.25, 0.75]",40.0,300.0,0.5,cumulative_pre_match_xg,1.0,0.0,False,zero-prevention ablation; mandatory family passed,0.4084507042253521,0.2987012987012987,0.41999999999999993,10.828204653903427,,,,,ineligible_ablation,,
506,0.42,"[0.25, 0.75]",40.0,300.0,0.5,cumulative_pre_match_xg,1.0,0.5,True,eligible,0.42857142857142855,0.3157894736842105,0.41999999999999993,9.760285923903778,,,,,rejected_by_preregistered_metrics,,
507,0.42,"[0.25, 0.75]",40.0,300.0,0.5,cumulative_pre_match_xg,1.0,0.75,True,eligible,0.42857142857142855,0.3157894736842105,0.42000000000000004,9.040906452517692,,,,,rejected_by_preregistered_metrics,,
508,0.42,"[0.25, 0.75]",40.0,300.0,0.5,cumulative_pre_match_xg,1.5,0.0,False,zero-prevention ablation; mandatory family passed,0.42857142857142855,0.2987012987012987,0.42000000000000004,7.17123868492624,,,,,ineligible_ablation,,
509,0.42,"[0.25, 0.75]",40.0,300.0,0.5,cumulative_pre_match_xg,1.5,0.5,True,eligible,0.42857142857142855,0.2987012987012987,0.42000000000000004,6.767769881586939,,,,,rejected_by_preregistered_metrics,,
510,0.42,"[0.25, 0.75]",40.0,300.0,0.5,cumulative_pre_match_xg,1.5,0.75,True,eligible,0.42857142857142855,0.3157894736842105,0.42000000000000004,6.489089994756753,,,,,rejected_by_preregistered_metrics,,
511,0.42,"[0.25, 0.75]",40.0,300.0,0.5,cumulative_pre_match_xg,2.0,0.0,False,zero-prevention ablation; mandatory family passed,0.42857142857142855,0.2987012987012987,0.42000000000000004,5.356781916409605,,,,,ineligible_ablation,,
512,0.42,"[0.25, 0.75]",40.0,300.0,0.5,cumulative_pre_match_xg,2.0,0.5,True,eligible,0.42857142857142855,0.3157894736842105,0.41999999999999993,5.151820387268903,,,,,rejected_by_preregistered_metrics,,
513,0.42,"[0.25, 0.75]",40.0,300.0,0.5,cumulative_pre_match_xg,2.0,0.75,True,eligible,0.42857142857142855,0.2987012987012987,0.42000000000000004,5.013074065074915,,,,,rejected_by_preregistered_metrics,,
514,0.42,"[0.25, 0.75]",40.0,300.0,1.0,fifa_log_rank,1.0,0.0,False,zero-prevention ablation; mandatory family passed,0.4084507042253521,0.2987012987012987,0.42000000000000004,11.318453392181095,,,,,ineligible_ablation,,
515,0.42,"[0.25, 0.75]",40.0,300.0,1.0,fifa_log_rank,1.0,0.5,True,eligible,0.4084507042253521,0.2987012987012987,0.41999999999999993,10.159866240824828,,,,,rejected_by_preregistered_metrics,,
516,0.42,"[0.25, 0.75]",40.0,300.0,1.0,fifa_log_rank,1.0,0.75,True,eligible,0.42857142857142855,0.3157894736842105,0.42000000000000004,9.423325692316135,,,,,rejected_by_preregistered_metrics,,
517,0.42,"[0.25, 0.75]",40.0,300.0,1.0,fifa_log_rank,1.5,0.0,False,zero-prevention ablation; mandatory family passed,0.4084507042253521,0.2987012987012987,0.42000000000000004,7.34472052781022,,,,,ineligible_ablation,,
518,0.42,"[0.25, 0.75]",40.0,300.0,1.0,fifa_log_rank,1.5,0.5,True,eligible,0.42857142857142855,0.3157894736842105,0.42000000000000004,6.899892121336585,,,,,rejected_by_preregistered_metrics,,
519,0.42,"[0.25, 0.75]",40.0,300.0,1.0,fifa_log_rank,1.5,0.75,True,eligible,0.4084507042253521,0.2987012987012987,0.42000000000000004,6.615704680752322,,,,,rejected_by_preregistered_metrics,,
520,0.42,"[0.25, 0.75]",40.0,300.0,1.0,fifa_log_rank,2.0,0.0,False,zero-prevention ablation; mandatory family passed,0.4084507042253521,0.28205128205128205,0.42000000000000004,5.42365134006419,,,,,ineligible_ablation,,
521,0.42,"[0.25, 0.75]",40.0,300.0,1.0,fifa_log_rank,2.0,0.5,True,eligible,0.4084507042253521,0.3140806561859194,0.41999999999999993,5.1929451239439635,,,,,rejected_by_preregistered_metrics,,
522,0.42,"[0.25, 0.75]",40.0,300.0,1.0,fifa_log_rank,2.0,0.75,True,eligible,0.4084507042253521,0.2987012987012987,0.42000000000000004,5.049803132809392,,,,,rejected_by_preregistered_metrics,,
523,0.42,"[0.25, 0.75]",40.0,300.0,1.0,fifa_inverse_sqrt,1.0,0.0,False,zero-prevention ablation; mandatory family passed,0.3888888888888889,0.28205128205128205,0.42000000000000004,19.41761736342925,,,,,ineligible_ablation,,
524,0.42,"[0.25, 0.75]",40.0,300.0,1.0,fifa_inverse_sqrt,1.0,0.5,True,eligible,0.39866979655712054,0.2987012987012987,0.41999999999999993,16.7036593499532,,,,,rejected_by_preregistered_metrics,,
525,0.42,"[0.25, 0.75]",40.0,300.0,1.0,fifa_inverse_sqrt,1.0,0.75,True,eligible,0.4084507042253521,0.2987012987012987,0.42000000000000004,14.65997648609036,,,,,rejected_by_preregistered_metrics,,
526,0.42,"[0.25, 0.75]",40.0,300.0,1.0,fifa_inverse_sqrt,1.5,0.0,False,zero-prevention ablation; mandatory family passed,0.3698630136986301,0.28205128205128205,0.42000000000000004,13.175949146594947,,,,,ineligible_ablation,,
527,0.42,"[0.25, 0.75]",40.0,300.0,1.0,fifa_inverse_sqrt,1.5,0.5,True,eligible,0.3888888888888889,0.28205128205128205,0.42000000000000004,12.220854299364616,,,,,rejected_by_preregistered_metrics,,
528,0.42,"[0.25, 0.75]",40.0,300.0,1.0,fifa_inverse_sqrt,1.5,0.75,True,eligible,0.3888888888888889,0.28205128205128205,0.41999999999999993,11.347735162050022,,,,,rejected_by_preregistered_metrics,,
529,0.42,"[0.25, 0.75]",40.0,300.0,1.0,fifa_inverse_sqrt,2.0,0.0,False,zero-prevention ablation; mandatory family passed,0.3888888888888889,0.28205128205128205,0.42000000000000004,9.883681518885128,,,,,ineligible_ablation,,
530,0.42,"[0.25, 0.75]",40.0,300.0,1.0,fifa_inverse_sqrt,2.0,0.5,True,eligible,0.3888888888888889,0.28205128205128205,0.41999999999999993,9.456894576731774,,,,,rejected_by_preregistered_metrics,,
531,0.42,"[0.25, 0.75]",40.0,300.0,1.0,fifa_inverse_sqrt,2.0,0.75,True,eligible,0.3888888888888889,0.28205128205128205,0.42000000000000004,9.035292836370225,,,,,rejected_by_preregistered_metrics,,
532,0.42,"[0.25, 0.75]",40.0,300.0,1.0,cumulative_pre_match_xg,1.0,0.0,False,zero-prevention ablation; mandatory family passed,0.4084507042253521,0.2987012987012987,0.42000000000000004,12.72666119657247,,,,,ineligible_ablation,,
533,0.42,"[0.25, 0.75]",40.0,300.0,1.0,cumulative_pre_match_xg,1.0,0.5,True,eligible,0.4084507042253521,0.2987012987012987,0.42000000000000004,11.275180286012723,,,,,rejected_by_preregistered_metrics,,
534,0.42,"[0.25, 0.75]",40.0,300.0,1.0,cumulative_pre_match_xg,1.0,0.75,True,eligible,0.4084507042253521,0.3157894736842105,0.41999999999999993,10.329374508488232,,,,,rejected_by_preregistered_metrics,,
535,0.42,"[0.25, 0.75]",40.0,300.0,1.0,cumulative_pre_match_xg,1.5,0.0,False,zero-prevention ablation; mandatory family passed,0.4084507042253521,0.2987012987012987,0.41999999999999993,8.309870056562811,,,,,ineligible_ablation,,
536,0.42,"[0.25, 0.75]",40.0,300.0,1.0,cumulative_pre_match_xg,1.5,0.5,True,eligible,0.4084507042253521,0.2987012987012987,0.41999999999999993,7.756590851313465,,,,,rejected_by_preregistered_metrics,,
537,0.42,"[0.25, 0.75]",40.0,300.0,1.0,cumulative_pre_match_xg,1.5,0.75,True,eligible,0.4084507042253521,0.3157894736842105,0.41999999999999993,7.390522910024896,,,,,rejected_by_preregistered_metrics,,
538,0.42,"[0.25, 0.75]",40.0,300.0,1.0,cumulative_pre_match_xg,2.0,0.0,False,zero-prevention ablation; mandatory family passed,0.4084507042253521,0.28205128205128205,0.42000000000000004,6.156538600080955,,,,,ineligible_ablation,,
539,0.42,"[0.25, 0.75]",40.0,300.0,1.0,cumulative_pre_match_xg,2.0,0.5,True,eligible,0.4084507042253521,0.2987012987012987,0.41999999999999993,5.871179241504705,,,,,rejected_by_preregistered_metrics,,
540,0.42,"[0.25, 0.75]",40.0,300.0,1.0,cumulative_pre_match_xg,2.0,0.75,True,eligible,0.4084507042253521,0.2987012987012987,0.41999999999999993,5.687992243410617,,,,,rejected_by_preregistered_metrics,,
541,0.42,"[0.25, 0.75]",80.0,180.0,0.5,fifa_log_rank,1.0,0.0,False,zero-prevention ablation; mandatory family passed,0.4084507042253521,0.2987012987012987,0.42,7.570808358482232,,,,,ineligible_ablation,,
542,0.42,"[0.25, 0.75]",80.0,180.0,0.5,fifa_log_rank,1.0,0.5,True,eligible,0.42857142857142855,0.2987012987012987,0.42,6.9181718233078024,,,,,rejected_by_preregistered_metrics,,
543,0.42,"[0.25, 0.75]",80.0,180.0,0.5,fifa_log_rank,1.0,0.75,True,eligible,0.42857142857142855,0.3157894736842105,0.4199999999999999,6.477012574376694,,,,,rejected_by_preregistered_metrics,,
544,0.42,"[0.25, 0.75]",80.0,180.0,0.5,fifa_log_rank,1.5,0.0,False,zero-prevention ablation; mandatory family passed,0.4084507042253521,0.2987012987012987,0.42,5.001400989722187,,,,,ineligible_ablation,,
545,0.42,"[0.25, 0.75]",80.0,180.0,0.5,fifa_log_rank,1.5,0.5,True,eligible,0.42857142857142855,0.2987012987012987,0.4199999999999999,4.7553613087812465,,,,,rejected_by_preregistered_metrics,,
546,0.42,"[0.25, 0.75]",80.0,180.0,0.5,fifa_log_rank,1.5,0.75,True,eligible,0.42857142857142855,0.2987012987012987,0.42,4.586600692162629,,,,,rejected_by_preregistered_metrics,,
547,0.42,"[0.25, 0.75]",80.0,180.0,0.5,fifa_log_rank,2.0,0.0,False,zero-prevention ablation; mandatory family passed,0.4185110663983903,0.2987012987012987,0.42,3.731258484728558,,,,,ineligible_ablation,,
548,0.42,"[0.25, 0.75]",80.0,180.0,0.5,fifa_log_rank,2.0,0.5,True,eligible,0.42857142857142855,0.2987012987012987,0.42,3.6060641762827004,,,,,rejected_by_preregistered_metrics,,
549,0.42,"[0.25, 0.75]",80.0,180.0,0.5,fifa_log_rank,2.0,0.75,True,eligible,0.42857142857142855,0.2987012987012987,0.42,3.5221112547857234,,,,,rejected_by_preregistered_metrics,,
550,0.42,"[0.25, 0.75]",80.0,180.0,0.5,fifa_inverse_sqrt,1.0,0.0,False,zero-prevention ablation; mandatory family passed,0.3888888888888889,0.29703629703629714,0.42,12.279885028197073,,,,,ineligible_ablation,,
551,0.42,"[0.25, 0.75]",80.0,180.0,0.5,fifa_inverse_sqrt,1.0,0.5,True,eligible,0.4084507042253521,0.2987012987012987,0.42,10.737954848830878,,,,,rejected_by_preregistered_metrics,,
552,0.42,"[0.25, 0.75]",80.0,180.0,0.5,fifa_inverse_sqrt,1.0,0.75,True,eligible,0.4084507042253521,0.2987012987012987,0.42,9.541280343160754,,,,,rejected_by_preregistered_metrics,,
553,0.42,"[0.25, 0.75]",80.0,180.0,0.5,fifa_inverse_sqrt,1.5,0.0,False,zero-prevention ablation; mandatory family passed,0.3888888888888889,0.29703629703629714,0.4199999999999999,8.425730927514154,,,,,ineligible_ablation,,
554,0.42,"[0.25, 0.75]",80.0,180.0,0.5,fifa_inverse_sqrt,1.5,0.5,True,eligible,0.4084507042253521,0.28205128205128205,0.42,7.872528751540726,,,,,rejected_by_preregistered_metrics,,
555,0.42,"[0.25, 0.75]",80.0,180.0,0.5,fifa_inverse_sqrt,1.5,0.75,True,eligible,0.4084507042253521,0.2987012987012987,0.42,7.3615432599269095,,,,,rejected_by_preregistered_metrics,,
556,0.42,"[0.25, 0.75]",80.0,180.0,0.5,fifa_inverse_sqrt,2.0,0.0,False,zero-prevention ablation; mandatory family passed,0.39866979655712054,0.2987012987012987,0.42,6.372054471414281,,,,,ineligible_ablation,,
557,0.42,"[0.25, 0.75]",80.0,180.0,0.5,fifa_inverse_sqrt,2.0,0.5,True,eligible,0.4084507042253521,0.28205128205128205,0.42,6.119530379444332,,,,,rejected_by_preregistered_metrics,,
558,0.42,"[0.25, 0.75]",80.0,180.0,0.5,fifa_inverse_sqrt,2.0,0.75,True,eligible,0.4084507042253521,0.2987012987012987,0.42,5.869768184560772,,,,,rejected_by_preregistered_metrics,,
559,0.42,"[0.25, 0.75]",80.0,180.0,0.5,cumulative_pre_match_xg,1.0,0.0,False,zero-prevention ablation; mandatory family passed,0.4084507042253521,0.2987012987012987,0.42,8.404866955555732,,,,,ineligible_ablation,,
560,0.42,"[0.25, 0.75]",80.0,180.0,0.5,cumulative_pre_match_xg,1.0,0.5,True,eligible,0.4084507042253521,0.3157894736842105,0.42,7.58361504016409,,,,,rejected_by_preregistered_metrics,,
561,0.42,"[0.25, 0.75]",80.0,180.0,0.5,cumulative_pre_match_xg,1.0,0.75,True,eligible,0.42857142857142855,0.3157894736842105,0.42,7.022641600232916,,,,,rejected_by_preregistered_metrics,,
562,0.42,"[0.25, 0.75]",80.0,180.0,0.5,cumulative_pre_match_xg,1.5,0.0,False,zero-prevention ablation; mandatory family passed,0.4084507042253521,0.2987012987012987,0.42,5.580046734341224,,,,,ineligible_ablation,,
563,0.42,"[0.25, 0.75]",80.0,180.0,0.5,cumulative_pre_match_xg,1.5,0.5,True,eligible,0.42857142857142855,0.2987012987012987,0.42,5.270726515880006,,,,,rejected_by_preregistered_metrics,,
564,0.42,"[0.25, 0.75]",80.0,180.0,0.5,cumulative_pre_match_xg,1.5,0.75,True,eligible,0.42857142857142855,0.2987012987012987,0.42,5.052953745830103,,,,,rejected_by_preregistered_metrics,,
565,0.42,"[0.25, 0.75]",80.0,180.0,0.5,cumulative_pre_match_xg,2.0,0.0,False,zero-prevention ablation; mandatory family passed,0.4084507042253521,0.2987012987012987,0.42,4.171918098558716,,,,,ineligible_ablation,,
566,0.42,"[0.25, 0.75]",80.0,180.0,0.5,cumulative_pre_match_xg,2.0,0.5,True,eligible,0.42857142857142855,0.2987012987012987,0.42,4.015716817783713,,,,,rejected_by_preregistered_metrics,,
567,0.42,"[0.25, 0.75]",80.0,180.0,0.5,cumulative_pre_match_xg,2.0,0.75,True,eligible,0.4084507042253521,0.2987012987012987,0.42,3.907645542722903,,,,,rejected_by_preregistered_metrics,,
568,0.42,"[0.25, 0.75]",80.0,180.0,1.0,fifa_log_rank,1.0,0.0,False,zero-prevention ablation; mandatory family passed,0.4084507042253521,0.2987012987012987,0.42,8.706725093831805,,,,,ineligible_ablation,,
569,0.42,"[0.25, 0.75]",80.0,180.0,1.0,fifa_log_rank,1.0,0.5,True,eligible,0.4084507042253521,0.2987012987012987,0.42,7.843824835991655,,,,,rejected_by_preregistered_metrics,,
570,0.42,"[0.25, 0.75]",80.0,180.0,1.0,fifa_log_rank,1.0,0.75,True,eligible,0.4084507042253521,0.3140806561859194,0.42,7.283166684001234,,,,,rejected_by_preregistered_metrics,,
571,0.42,"[0.25, 0.75]",80.0,180.0,1.0,fifa_log_rank,1.5,0.0,False,zero-prevention ablation; mandatory family passed,0.4084507042253521,0.2987012987012987,0.42,5.672117447440848,,,,,ineligible_ablation,,
572,0.42,"[0.25, 0.75]",80.0,180.0,1.0,fifa_log_rank,1.5,0.5,True,eligible,0.4084507042253521,0.3157894736842105,0.42,5.34208120866076,,,,,rejected_by_preregistered_metrics,,
573,0.42,"[0.25, 0.75]",80.0,180.0,1.0,fifa_log_rank,1.5,0.75,True,eligible,0.4084507042253521,0.2987012987012987,0.42,5.125926758655719,,,,,rejected_by_preregistered_metrics,,
574,0.42,"[0.25, 0.75]",80.0,180.0,1.0,fifa_log_rank,2.0,0.0,False,zero-prevention ablation; mandatory family passed,0.4084507042253521,0.2987012987012987,0.42,4.1956192474212495,,,,,ineligible_ablation,,
575,0.42,"[0.25, 0.75]",80.0,180.0,1.0,fifa_log_rank,2.0,0.5,True,eligible,0.4084507042253521,0.2987012987012987,0.4199999999999999,4.02554985617554,,,,,rejected_by_preregistered_metrics,,
576,0.42,"[0.25, 0.75]",80.0,180.0,1.0,fifa_log_rank,2.0,0.75,True,eligible,0.4084507042253521,0.2987012987012987,0.42,3.917229981465327,,,,,rejected_by_preregistered_metrics,,
577,0.42,"[0.25, 0.75]",80.0,180.0,1.0,fifa_inverse_sqrt,1.0,0.0,False,zero-prevention ablation; mandatory family passed,0.3888888888888889,0.28205128205128205,0.42,14.684474999624488,,,,,ineligible_ablation,,
578,0.42,"[0.25, 0.75]",80.0,180.0,1.0,fifa_inverse_sqrt,1.0,0.5,True,eligible,0.3888888888888889,0.28205128205128205,0.42,12.681090979157101,,,,,rejected_by_preregistered_metrics,,
579,0.42,"[0.25, 0.75]",80.0,180.0,1.0,fifa_inverse_sqrt,1.0,0.75,True,eligible,0.4084507042253521,0.2987012987012987,0.42,11.159707877420102,,,,,rejected_by_preregistered_metrics,,
580,0.42,"[0.25, 0.75]",80.0,180.0,1.0,fifa_inverse_sqrt,1.5,0.0,False,zero-prevention ablation; mandatory family passed,0.3698630136986301,0.28205128205128205,0.42,10.01976813483121,,,,,ineligible_ablation,,
581,0.42,"[0.25, 0.75]",80.0,180.0,1.0,fifa_inverse_sqrt,1.5,0.5,True,eligible,0.3888888888888889,0.28205128205128205,0.42,9.304970810812417,,,,,rejected_by_preregistered_metrics,,
582,0.42,"[0.25, 0.75]",80.0,180.0,1.0,fifa_inverse_sqrt,1.5,0.75,True,eligible,0.3888888888888889,0.28205128205128205,0.42,8.648549766204354,,,,,rejected_by_preregistered_metrics,,
583,0.42,"[0.25, 0.75]",80.0,180.0,1.0,fifa_inverse_sqrt,2.0,0.0,False,zero-prevention ablation; mandatory family passed,0.3698630136986301,0.28205128205128205,0.42,7.537042472935986,,,,,ineligible_ablation,,
584,0.42,"[0.25, 0.75]",80.0,180.0,1.0,fifa_inverse_sqrt,2.0,0.5,True,eligible,0.3888888888888889,0.28205128205128205,0.42,7.216290700125355,,,,,rejected_by_preregistered_metrics,,
585,0.42,"[0.25, 0.75]",80.0,180.0,1.0,fifa_inverse_sqrt,2.0,0.75,True,eligible,0.3888888888888889,0.28205128205128205,0.42,6.897001709727968,,,,,rejected_by_preregistered_metrics,,
586,0.42,"[0.25, 0.75]",80.0,180.0,1.0,cumulative_pre_match_xg,1.0,0.0,False,zero-prevention ablation; mandatory family passed,0.4084507042253521,0.28205128205128205,0.42,9.77212189493126,,,,,ineligible_ablation,,
587,0.42,"[0.25, 0.75]",80.0,180.0,1.0,cumulative_pre_match_xg,1.0,0.5,True,eligible,0.4084507042253521,0.2987012987012987,0.42,8.682158400864216,,,,,rejected_by_preregistered_metrics,,
588,0.42,"[0.25, 0.75]",80.0,180.0,1.0,cumulative_pre_match_xg,1.0,0.75,True,eligible,0.4084507042253521,0.3157894736842105,0.4199999999999999,7.960760654715163,,,,,rejected_by_preregistered_metrics,,
589,0.42,"[0.25, 0.75]",80.0,180.0,1.0,cumulative_pre_match_xg,1.5,0.0,False,zero-prevention ablation; mandatory family passed,0.4084507042253521,0.28205128205128205,0.42,6.402700195863895,,,,,ineligible_ablation,,
590,0.42,"[0.25, 0.75]",80.0,180.0,1.0,cumulative_pre_match_xg,1.5,0.5,True,eligible,0.4084507042253521,0.2987012987012987,0.42,5.988109373358358,,,,,rejected_by_preregistered_metrics,,
591,0.42,"[0.25, 0.75]",80.0,180.0,1.0,cumulative_pre_match_xg,1.5,0.75,True,eligible,0.4084507042253521,0.2987012987012987,0.42,5.708022753048237,,,,,rejected_by_preregistered_metrics,,
592,0.42,"[0.25, 0.75]",80.0,180.0,1.0,cumulative_pre_match_xg,2.0,0.0,False,zero-prevention ablation; mandatory family passed,0.4084507042253521,0.28205128205128205,0.42,4.749947596642849,,,,,ineligible_ablation,,
593,0.42,"[0.25, 0.75]",80.0,180.0,1.0,cumulative_pre_match_xg,2.0,0.5,True,eligible,0.4084507042253521,0.2987012987012987,0.42,4.537512128093801,,,,,rejected_by_preregistered_metrics,,
594,0.42,"[0.25, 0.75]",80.0,180.0,1.0,cumulative_pre_match_xg,2.0,0.75,True,eligible,0.4084507042253521,0.2987012987012987,0.42,4.397834913914815,,,,,rejected_by_preregistered_metrics,,
595,0.42,"[0.25, 0.75]",80.0,300.0,0.5,fifa_log_rank,1.0,0.0,False,zero-prevention ablation; mandatory family passed,0.42857142857142855,0.3157894736842105,0.42,9.222231951630135,,,,,ineligible_ablation,,
596,0.42,"[0.25, 0.75]",80.0,300.0,0.5,fifa_log_rank,1.0,0.5,True,eligible,0.42857142857142855,0.3157894736842105,0.42,8.412478434764635,,,,,rejected_by_preregistered_metrics,,
597,0.42,"[0.25, 0.75]",80.0,300.0,0.5,fifa_log_rank,1.0,0.75,True,eligible,0.42857142857142855,0.3157894736842105,0.42,7.875983618040656,,,,,rejected_by_preregistered_metrics,,
598,0.42,"[0.25, 0.75]",80.0,300.0,0.5,fifa_log_rank,1.5,0.0,False,zero-prevention ablation; mandatory family passed,0.42857142857142855,0.2987012987012987,0.42,6.075082844412193,,,,,ineligible_ablation,,
599,0.42,"[0.25, 0.75]",80.0,300.0,0.5,fifa_log_rank,1.5,0.5,True,eligible,0.42857142857142855,0.3157894736842105,0.42,5.768203503184857,,,,,rejected_by_preregistered_metrics,,
600,0.42,"[0.25, 0.75]",80.0,300.0,0.5,fifa_log_rank,1.5,0.75,True,eligible,0.42857142857142855,0.3157894736842105,0.42,5.562760723467612,,,,,rejected_by_preregistered_metrics,,
601,0.42,"[0.25, 0.75]",80.0,300.0,0.5,fifa_log_rank,2.0,0.0,False,zero-prevention ablation; mandatory family passed,0.42857142857142855,0.3157894736842105,0.4199999999999999,4.52709692764781,,,,,ineligible_ablation,,
602,0.42,"[0.25, 0.75]",80.0,300.0,0.5,fifa_log_rank,2.0,0.5,True,eligible,0.42857142857142855,0.3140806561859194,0.42,4.369898234345864,,,,,rejected_by_preregistered_metrics,,
603,0.42,"[0.25, 0.75]",80.0,300.0,0.5,fifa_log_rank,2.0,0.75,True,eligible,0.42857142857142855,0.3157894736842105,0.42,4.267174364812441,,,,,rejected_by_preregistered_metrics,,
604,0.42,"[0.25, 0.75]",80.0,300.0,0.5,fifa_inverse_sqrt,1.0,0.0,False,zero-prevention ablation; mandatory family passed,0.4084507042253521,0.2987012987012987,0.42,15.15012426197881,,,,,ineligible_ablation,,
605,0.42,"[0.25, 0.75]",80.0,300.0,0.5,fifa_inverse_sqrt,1.0,0.5,True,eligible,0.42857142857142855,0.3157894736842105,0.42,13.220167940476623,,,,,rejected_by_preregistered_metrics,,
606,0.42,"[0.25, 0.75]",80.0,300.0,0.5,fifa_inverse_sqrt,1.0,0.75,True,eligible,0.42857142857142855,0.3157894736842105,0.42,11.732767833338567,,,,,rejected_by_preregistered_metrics,,
607,0.42,"[0.25, 0.75]",80.0,300.0,0.5,fifa_inverse_sqrt,1.5,0.0,False,zero-prevention ablation; mandatory family passed,0.4084507042253521,0.2987012987012987,0.42,10.348727128553483,,,,,ineligible_ablation,,
608,0.42,"[0.25, 0.75]",80.0,300.0,0.5,fifa_inverse_sqrt,1.5,0.5,True,eligible,0.4084507042253521,0.2987012987012987,0.42,9.66217854588252,,,,,rejected_by_preregistered_metrics,,
609,0.42,"[0.25, 0.75]",80.0,300.0,0.5,fifa_inverse_sqrt,1.5,0.75,True,eligible,0.4185110663983903,0.2987012987012987,0.42,9.032589728274704,,,,,rejected_by_preregistered_metrics,,
610,0.42,"[0.25, 0.75]",80.0,300.0,0.5,fifa_inverse_sqrt,2.0,0.0,False,zero-prevention ablation; mandatory family passed,0.4084507042253521,0.2987012987012987,0.42,7.809963165399912,,,,,ineligible_ablation,,
611,0.42,"[0.25, 0.75]",80.0,300.0,0.5,fifa_inverse_sqrt,2.0,0.5,True,eligible,0.4084507042253521,0.2987012987012987,0.42,7.496715837046926,,,,,rejected_by_preregistered_metrics,,
612,0.42,"[0.25, 0.75]",80.0,300.0,0.5,fifa_inverse_sqrt,2.0,0.75,True,eligible,0.4084507042253521,0.2987012987012987,0.4199999999999999,7.190483135277294,,,,,rejected_by_preregistered_metrics,,
613,0.42,"[0.25, 0.75]",80.0,300.0,0.5,cumulative_pre_match_xg,1.0,0.0,False,zero-prevention ablation; mandatory family passed,0.4185110663983903,0.3140806561859194,0.42,10.248695595038129,,,,,ineligible_ablation,,
614,0.42,"[0.25, 0.75]",80.0,300.0,0.5,cumulative_pre_match_xg,1.0,0.5,True,eligible,0.42857142857142855,0.3157894736842105,0.4199999999999998,9.237930252691125,,,,,rejected_by_preregistered_metrics,,
615,0.42,"[0.25, 0.75]",80.0,300.0,0.5,cumulative_pre_match_xg,1.0,0.75,True,eligible,0.42857142857142855,0.3157894736842105,0.42,8.55705087746638,,,,,rejected_by_preregistered_metrics,,
616,0.42,"[0.25, 0.75]",80.0,300.0,0.5,cumulative_pre_match_xg,1.5,0.0,False,zero-prevention ablation; mandatory family passed,0.42857142857142855,0.2987012987012987,0.42,6.787444887705949,,,,,ineligible_ablation,,
617,0.42,"[0.25, 0.75]",80.0,300.0,0.5,cumulative_pre_match_xg,1.5,0.5,True,eligible,0.42857142857142855,0.3157894736842105,0.42,6.405569121622402,,,,,rejected_by_preregistered_metrics,,
618,0.42,"[0.25, 0.75]",80.0,300.0,0.5,cumulative_pre_match_xg,1.5,0.75,True,eligible,0.42857142857142855,0.3157894736842105,0.42,6.141803758861858,,,,,rejected_by_preregistered_metrics,,
619,0.42,"[0.25, 0.75]",80.0,300.0,0.5,cumulative_pre_match_xg,2.0,0.0,False,zero-prevention ablation; mandatory family passed,0.42857142857142855,0.3157894736842105,0.42,5.070095088246811,,,,,ineligible_ablation,,
620,0.42,"[0.25, 0.75]",80.0,300.0,0.5,cumulative_pre_match_xg,2.0,0.5,True,eligible,0.42857142857142855,0.3157894736842105,0.42,4.876102788692392,,,,,rejected_by_preregistered_metrics,,
621,0.42,"[0.25, 0.75]",80.0,300.0,0.5,cumulative_pre_match_xg,2.0,0.75,True,eligible,0.42857142857142855,0.3157894736842105,0.42,4.744781958827519,,,,,rejected_by_preregistered_metrics,,
622,0.42,"[0.25, 0.75]",80.0,300.0,1.0,fifa_log_rank,1.0,0.0,False,zero-prevention ablation; mandatory family passed,0.4084507042253521,0.2987012987012987,0.42,10.7127069658103,,,,,ineligible_ablation,,
623,0.42,"[0.25, 0.75]",80.0,300.0,1.0,fifa_log_rank,1.0,0.5,True,eligible,0.42857142857142855,0.3157894736842105,0.42,9.6161256382407,,,,,rejected_by_preregistered_metrics,,
624,0.42,"[0.25, 0.75]",80.0,300.0,1.0,fifa_log_rank,1.0,0.75,True,eligible,0.42857142857142855,0.3157894736842105,0.42,8.919003620663498,,,,,rejected_by_preregistered_metrics,,
625,0.42,"[0.25, 0.75]",80.0,300.0,1.0,fifa_log_rank,1.5,0.0,False,zero-prevention ablation; mandatory family passed,0.4084507042253521,0.2987012987012987,0.42,6.9516422459765295,,,,,ineligible_ablation,,
626,0.42,"[0.25, 0.75]",80.0,300.0,1.0,fifa_log_rank,1.5,0.5,True,eligible,0.42857142857142855,0.3157894736842105,0.42,6.530620379869598,,,,,rejected_by_preregistered_metrics,,
627,0.42,"[0.25, 0.75]",80.0,300.0,1.0,fifa_log_rank,1.5,0.75,True,eligible,0.42857142857142855,0.3157894736842105,0.42,6.261642219262784,,,,,rejected_by_preregistered_metrics,,
628,0.42,"[0.25, 0.75]",80.0,300.0,1.0,fifa_log_rank,2.0,0.0,False,zero-prevention ablation; mandatory family passed,0.4084507042253521,0.2987012987012987,0.42,5.1333857619601515,,,,,ineligible_ablation,,
629,0.42,"[0.25, 0.75]",80.0,300.0,1.0,fifa_log_rank,2.0,0.5,True,eligible,0.42857142857142855,0.2987012987012987,0.42,4.915026591952507,,,,,rejected_by_preregistered_metrics,,
630,0.42,"[0.25, 0.75]",80.0,300.0,1.0,fifa_log_rank,2.0,0.75,True,eligible,0.42857142857142855,0.3157894736842105,0.42,4.779545342669225,,,,,rejected_by_preregistered_metrics,,
631,0.42,"[0.25, 0.75]",80.0,300.0,1.0,fifa_inverse_sqrt,1.0,0.0,False,zero-prevention ablation; mandatory family passed,0.3888888888888889,0.28205128205128205,0.42,18.378415988561358,,,,,ineligible_ablation,,
632,0.42,"[0.25, 0.75]",80.0,300.0,1.0,fifa_inverse_sqrt,1.0,0.5,True,eligible,0.4084507042253521,0.2987012987012987,0.42,15.809704883918203,,,,,rejected_by_preregistered_metrics,,
633,0.42,"[0.25, 0.75]",80.0,300.0,1.0,fifa_inverse_sqrt,1.0,0.75,True,eligible,0.4084507042253521,0.3140806561859194,0.4199999999999999,13.87539682141076,,,,,rejected_by_preregistered_metrics,,
634,0.42,"[0.25, 0.75]",80.0,300.0,1.0,fifa_inverse_sqrt,1.5,0.0,False,zero-prevention ablation; mandatory family passed,0.3888888888888889,0.28205128205128205,0.42,12.470792370042174,,,,,ineligible_ablation,,
635,0.42,"[0.25, 0.75]",80.0,300.0,1.0,fifa_inverse_sqrt,1.5,0.5,True,eligible,0.3888888888888889,0.28205128205128205,0.42,11.566812747702429,,,,,rejected_by_preregistered_metrics,,
636,0.42,"[0.25, 0.75]",80.0,300.0,1.0,fifa_inverse_sqrt,1.5,0.75,True,eligible,0.4084507042253521,0.28205128205128205,0.42,10.740421619851533,,,,,rejected_by_preregistered_metrics,,
637,0.42,"[0.25, 0.75]",80.0,300.0,1.0,fifa_inverse_sqrt,2.0,0.0,False,zero-prevention ablation; mandatory family passed,0.3888888888888889,0.28205128205128205,0.42,9.354721902937278,,,,,ineligible_ablation,,
638,0.42,"[0.25, 0.75]",80.0,300.0,1.0,fifa_inverse_sqrt,2.0,0.5,True,eligible,0.3888888888888889,0.28205128205128205,0.4199999999999999,8.950775949395469,,,,,rejected_by_preregistered_metrics,,
639,0.42,"[0.25, 0.75]",80.0,300.0,1.0,fifa_inverse_sqrt,2.0,0.75,True,eligible,0.3888888888888889,0.28205128205128205,0.42,8.551737693524844,,,,,rejected_by_preregistered_metrics,,
640,0.42,"[0.25, 0.75]",80.0,300.0,1.0,cumulative_pre_match_xg,1.0,0.0,False,zero-prevention ablation; mandatory family passed,0.4084507042253521,0.2987012987012987,0.42,12.04554962838055,,,,,ineligible_ablation,,
641,0.42,"[0.25, 0.75]",80.0,300.0,1.0,cumulative_pre_match_xg,1.0,0.5,True,eligible,0.42857142857142855,0.3157894736842105,0.42,10.671749770527558,,,,,rejected_by_preregistered_metrics,,
642,0.42,"[0.25, 0.75]",80.0,300.0,1.0,cumulative_pre_match_xg,1.0,0.75,True,eligible,0.42857142857142855,0.3157894736842105,0.4199999999999999,9.776562080998385,,,,,rejected_by_preregistered_metrics,,
643,0.42,"[0.25, 0.75]",80.0,300.0,1.0,cumulative_pre_match_xg,1.5,0.0,False,zero-prevention ablation; mandatory family passed,0.4084507042253521,0.2987012987012987,0.4199999999999999,7.865138438562254,,,,,ineligible_ablation,,
644,0.42,"[0.25, 0.75]",80.0,300.0,1.0,cumulative_pre_match_xg,1.5,0.5,True,eligible,0.4084507042253521,0.2987012987012987,0.4199999999999999,7.3414698956315405,,,,,rejected_by_preregistered_metrics,,
645,0.42,"[0.25, 0.75]",80.0,300.0,1.0,cumulative_pre_match_xg,1.5,0.75,True,eligible,0.4084507042253521,0.3157894736842105,0.42,6.994993354294988,,,,,rejected_by_preregistered_metrics,,
646,0.42,"[0.25, 0.75]",80.0,300.0,1.0,cumulative_pre_match_xg,2.0,0.0,False,zero-prevention ablation; mandatory family passed,0.4084507042253521,0.2987012987012987,0.42,5.827050009494088,,,,,ineligible_ablation,,
647,0.42,"[0.25, 0.75]",80.0,300.0,1.0,cumulative_pre_match_xg,2.0,0.5,True,eligible,0.4084507042253521,0.2987012987012987,0.4199999999999998,5.5569626501654055,,,,,rejected_by_preregistered_metrics,,
648,0.42,"[0.25, 0.75]",80.0,300.0,1.0,cumulative_pre_match_xg,2.0,0.75,True,eligible,0.4084507042253521,0.3157894736842105,0.42,5.383579541843904,,,,,rejected_by_preregistered_metrics,,
649,0.42,"[0.3, 0.7]",40.0,180.0,0.5,fifa_log_rank,1.0,0.0,False,zero-prevention ablation; mandatory family passed,0.4084507042253521,0.2987012987012987,0.42,7.67721417027734,,,,,ineligible_ablation,,
650,0.42,"[0.3, 0.7]",40.0,180.0,0.5,fifa_log_rank,1.0,0.5,True,eligible,0.42857142857142855,0.2987012987012987,0.42,7.0127147335471385,,,,,rejected_by_preregistered_metrics,,
651,0.42,"[0.3, 0.7]",40.0,180.0,0.5,fifa_log_rank,1.0,0.75,True,eligible,0.42857142857142855,0.3157894736842105,0.42,6.564775337791944,,,,,rejected_by_preregistered_metrics,,
652,0.42,"[0.3, 0.7]",40.0,180.0,0.5,fifa_log_rank,1.5,0.0,False,zero-prevention ablation; mandatory family passed,0.4084507042253521,0.2987012987012987,0.42,5.069993492431718,,,,,ineligible_ablation,,
653,0.42,"[0.3, 0.7]",40.0,180.0,0.5,fifa_log_rank,1.5,0.5,True,eligible,0.42857142857142855,0.2987012987012987,0.42,4.819061340773432,,,,,rejected_by_preregistered_metrics,,
654,0.42,"[0.3, 0.7]",40.0,180.0,0.5,fifa_log_rank,1.5,0.75,True,eligible,0.4084507042253521,0.2987012987012987,0.42,4.647478652433011,,,,,rejected_by_preregistered_metrics,,
655,0.42,"[0.3, 0.7]",40.0,180.0,0.5,fifa_log_rank,2.0,0.0,False,zero-prevention ablation; mandatory family passed,0.4084507042253521,0.2987012987012987,0.42,3.7819104603390796,,,,,ineligible_ablation,,
656,0.42,"[0.3, 0.7]",40.0,180.0,0.5,fifa_log_rank,2.0,0.5,True,eligible,0.4084507042253521,0.2987012987012987,0.42,3.6540451994093086,,,,,rejected_by_preregistered_metrics,,
657,0.42,"[0.3, 0.7]",40.0,180.0,0.5,fifa_log_rank,2.0,0.75,True,eligible,0.4084507042253521,0.2987012987012987,0.42,3.5685763621055115,,,,,rejected_by_preregistered_metrics,,
658,0.42,"[0.3, 0.7]",40.0,180.0,0.5,fifa_inverse_sqrt,1.0,0.0,False,zero-prevention ablation; mandatory family passed,0.3888888888888889,0.28205128205128205,0.42,12.487881756538776,,,,,ineligible_ablation,,
659,0.42,"[0.3, 0.7]",40.0,180.0,0.5,fifa_inverse_sqrt,1.0,0.5,True,eligible,0.4084507042253521,0.2987012987012987,0.42,10.911684275329558,,,,,rejected_by_preregistered_metrics,,
660,0.42,"[0.3, 0.7]",40.0,180.0,0.5,fifa_inverse_sqrt,1.0,0.75,True,eligible,0.4084507042253521,0.2987012987012987,0.42,9.690610346724355,,,,,rejected_by_preregistered_metrics,,
661,0.42,"[0.3, 0.7]",40.0,180.0,0.5,fifa_inverse_sqrt,1.5,0.0,False,zero-prevention ablation; mandatory family passed,0.3888888888888889,0.28205128205128205,0.42,8.559426078847734,,,,,ineligible_ablation,,
662,0.42,"[0.3, 0.7]",40.0,180.0,0.5,fifa_inverse_sqrt,1.5,0.5,True,eligible,0.3888888888888889,0.2987012987012987,0.42,7.994442510269957,,,,,rejected_by_preregistered_metrics,,
663,0.42,"[0.3, 0.7]",40.0,180.0,0.5,fifa_inverse_sqrt,1.5,0.75,True,eligible,0.4084507042253521,0.2987012987012987,0.41999999999999993,7.4734785873642995,,,,,rejected_by_preregistered_metrics,,
664,0.42,"[0.3, 0.7]",40.0,180.0,0.5,fifa_inverse_sqrt,2.0,0.0,False,zero-prevention ablation; mandatory family passed,0.3888888888888889,0.28205128205128205,0.42,6.470359653942424,,,,,ineligible_ablation,,
665,0.42,"[0.3, 0.7]",40.0,180.0,0.5,fifa_inverse_sqrt,2.0,0.5,True,eligible,0.3888888888888889,0.28205128205128205,0.42,6.2122186356942395,,,,,rejected_by_preregistered_metrics,,
666,0.42,"[0.3, 0.7]",40.0,180.0,0.5,fifa_inverse_sqrt,2.0,0.75,True,eligible,0.39866979655712054,0.2987012987012987,0.41999999999999993,5.9575841308012984,,,,,rejected_by_preregistered_metrics,,
667,0.42,"[0.3, 0.7]",40.0,180.0,0.5,cumulative_pre_match_xg,1.0,0.0,False,zero-prevention ablation; mandatory family passed,0.4084507042253521,0.29703629703629714,0.42,8.522552081181445,,,,,ineligible_ablation,,
668,0.42,"[0.3, 0.7]",40.0,180.0,0.5,cumulative_pre_match_xg,1.0,0.5,True,eligible,0.4084507042253521,0.2987012987012987,0.41999999999999993,7.6880139156180975,,,,,rejected_by_preregistered_metrics,,
669,0.42,"[0.3, 0.7]",40.0,180.0,0.5,cumulative_pre_match_xg,1.0,0.75,True,eligible,0.4084507042253521,0.2987012987012987,0.42,7.118905906977277,,,,,rejected_by_preregistered_metrics,,
670,0.42,"[0.3, 0.7]",40.0,180.0,0.5,cumulative_pre_match_xg,1.5,0.0,False,zero-prevention ablation; mandatory family passed,0.4084507042253521,0.2987012987012987,0.42,5.656691155469341,,,,,ineligible_ablation,,
671,0.42,"[0.3, 0.7]",40.0,180.0,0.5,cumulative_pre_match_xg,1.5,0.5,True,eligible,0.4084507042253521,0.2987012987012987,0.42,5.342006682152507,,,,,rejected_by_preregistered_metrics,,
672,0.42,"[0.3, 0.7]",40.0,180.0,0.5,cumulative_pre_match_xg,1.5,0.75,True,eligible,0.4084507042253521,0.2987012987012987,0.42,5.120894621474228,,,,,rejected_by_preregistered_metrics,,
673,0.42,"[0.3, 0.7]",40.0,180.0,0.5,cumulative_pre_match_xg,2.0,0.0,False,zero-prevention ablation; mandatory family passed,0.4084507042253521,0.2987012987012987,0.42,4.2288241167548595,,,,,ineligible_ablation,,
674,0.42,"[0.3, 0.7]",40.0,180.0,0.5,cumulative_pre_match_xg,2.0,0.5,True,eligible,0.4084507042253521,0.2987012987012987,0.42,4.069715983122682,,,,,rejected_by_preregistered_metrics,,
675,0.42,"[0.3, 0.7]",40.0,180.0,0.5,cumulative_pre_match_xg,2.0,0.75,True,eligible,0.4084507042253521,0.2987012987012987,0.42,3.959881481263205,,,,,rejected_by_preregistered_metrics,,
676,0.42,"[0.3, 0.7]",40.0,180.0,1.0,fifa_log_rank,1.0,0.0,False,zero-prevention ablation; mandatory family passed,0.3888888888888889,0.28205128205128205,0.4199999999999998,8.825570734769299,,,,,ineligible_ablation,,
677,0.42,"[0.3, 0.7]",40.0,180.0,1.0,fifa_log_rank,1.0,0.5,True,eligible,0.4084507042253521,0.2987012987012987,0.42,7.947285653245711,,,,,rejected_by_preregistered_metrics,,
678,0.42,"[0.3, 0.7]",40.0,180.0,1.0,fifa_log_rank,1.0,0.75,True,eligible,0.4084507042253521,0.2987012987012987,0.42,7.378513180369429,,,,,rejected_by_preregistered_metrics,,
679,0.42,"[0.3, 0.7]",40.0,180.0,1.0,fifa_log_rank,1.5,0.0,False,zero-prevention ablation; mandatory family passed,0.3888888888888889,0.2987012987012987,0.42,5.749319608395696,,,,,ineligible_ablation,,
680,0.42,"[0.3, 0.7]",40.0,180.0,1.0,fifa_log_rank,1.5,0.5,True,eligible,0.4084507042253521,0.2987012987012987,0.42,5.412921504843403,,,,,rejected_by_preregistered_metrics,,
681,0.42,"[0.3, 0.7]",40.0,180.0,1.0,fifa_log_rank,1.5,0.75,True,eligible,0.4084507042253521,0.2987012987012987,0.42,5.193249105262597,,,,,rejected_by_preregistered_metrics,,
682,0.42,"[0.3, 0.7]",40.0,180.0,1.0,fifa_log_rank,2.0,0.0,False,zero-prevention ablation; mandatory family passed,0.39866979655712054,0.2987012987012987,0.42,4.252998191372416,,,,,ineligible_ablation,,
683,0.42,"[0.3, 0.7]",40.0,180.0,1.0,fifa_log_rank,2.0,0.5,True,eligible,0.4084507042253521,0.2987012987012987,0.41999999999999993,4.079404247819151,,,,,rejected_by_preregistered_metrics,,
684,0.42,"[0.3, 0.7]",40.0,180.0,1.0,fifa_log_rank,2.0,0.75,True,eligible,0.4084507042253521,0.2987012987012987,0.42,3.9691486186420306,,,,,rejected_by_preregistered_metrics,,
685,0.42,"[0.3, 0.7]",40.0,180.0,1.0,fifa_inverse_sqrt,1.0,0.0,False,zero-prevention ablation; mandatory family passed,0.3698630136986301,0.28205128205128205,0.42,14.937160815038693,,,,,ineligible_ablation,,
686,0.42,"[0.3, 0.7]",40.0,180.0,1.0,fifa_inverse_sqrt,1.0,0.5,True,eligible,0.3888888888888889,0.28205128205128205,0.42,12.887584650647867,,,,,rejected_by_preregistered_metrics,,
687,0.42,"[0.3, 0.7]",40.0,180.0,1.0,fifa_inverse_sqrt,1.0,0.75,True,eligible,0.39866979655712054,0.28205128205128205,0.41999999999999993,11.334918642085638,,,,,rejected_by_preregistered_metrics,,
688,0.42,"[0.3, 0.7]",40.0,180.0,1.0,fifa_inverse_sqrt,1.5,0.0,False,zero-prevention ablation; mandatory family passed,0.3698630136986301,0.28205128205128205,0.42,10.181392039851195,,,,,ineligible_ablation,,
689,0.42,"[0.3, 0.7]",40.0,180.0,1.0,fifa_inverse_sqrt,1.5,0.5,True,eligible,0.3888888888888889,0.28205128205128205,0.42,9.451363264116583,,,,,rejected_by_preregistered_metrics,,
690,0.42,"[0.3, 0.7]",40.0,180.0,1.0,fifa_inverse_sqrt,1.5,0.75,True,eligible,0.3888888888888889,0.28205128205128205,0.42,8.782149435157798,,,,,rejected_by_preregistered_metrics,,
691,0.42,"[0.3, 0.7]",40.0,180.0,1.0,fifa_inverse_sqrt,2.0,0.0,False,zero-prevention ablation; mandatory family passed,0.3698630136986301,0.28205128205128205,0.42,7.656003742277317,,,,,ineligible_ablation,,
692,0.42,"[0.3, 0.7]",40.0,180.0,1.0,fifa_inverse_sqrt,2.0,0.5,True,eligible,0.3698630136986301,0.28205128205128205,0.42,7.328086430510246,,,,,rejected_by_preregistered_metrics,,
693,0.42,"[0.3, 0.7]",40.0,180.0,1.0,fifa_inverse_sqrt,2.0,0.75,True,eligible,0.3888888888888889,0.28205128205128205,0.42,7.002578074613505,,,,,rejected_by_preregistered_metrics,,
694,0.42,"[0.3, 0.7]",40.0,180.0,1.0,cumulative_pre_match_xg,1.0,0.0,False,zero-prevention ablation; mandatory family passed,0.3888888888888889,0.28205128205128205,0.42,9.904767832929672,,,,,ineligible_ablation,,
695,0.42,"[0.3, 0.7]",40.0,180.0,1.0,cumulative_pre_match_xg,1.0,0.5,True,eligible,0.4084507042253521,0.2987012987012987,0.42,8.798437333869995,,,,,rejected_by_preregistered_metrics,,
696,0.42,"[0.3, 0.7]",40.0,180.0,1.0,cumulative_pre_match_xg,1.0,0.75,True,eligible,0.4084507042253521,0.2987012987012987,0.42,8.067330630461427,,,,,rejected_by_preregistered_metrics,,
697,0.42,"[0.3, 0.7]",40.0,180.0,1.0,cumulative_pre_match_xg,1.5,0.0,False,zero-prevention ablation; mandatory family passed,0.3888888888888889,0.28205128205128205,0.42,6.4900562908789965,,,,,ineligible_ablation,,
698,0.42,"[0.3, 0.7]",40.0,180.0,1.0,cumulative_pre_match_xg,1.5,0.5,True,eligible,0.4084507042253521,0.2987012987012987,0.42,6.068974916017327,,,,,rejected_by_preregistered_metrics,,
699,0.42,"[0.3, 0.7]",40.0,180.0,1.0,cumulative_pre_match_xg,1.5,0.75,True,eligible,0.4084507042253521,0.2987012987012987,0.42,5.784875584520385,,,,,rejected_by_preregistered_metrics,,
700,0.42,"[0.3, 0.7]",40.0,180.0,1.0,cumulative_pre_match_xg,2.0,0.0,False,zero-prevention ablation; mandatory family passed,0.3888888888888889,0.28205128205128205,0.42,4.815350303465595,,,,,ineligible_ablation,,
701,0.42,"[0.3, 0.7]",40.0,180.0,1.0,cumulative_pre_match_xg,2.0,0.5,True,eligible,0.4084507042253521,0.28205128205128205,0.42,4.599360035044403,,,,,rejected_by_preregistered_metrics,,
702,0.42,"[0.3, 0.7]",40.0,180.0,1.0,cumulative_pre_match_xg,2.0,0.75,True,eligible,0.4084507042253521,0.2987012987012987,0.42,4.457553996037137,,,,,rejected_by_preregistered_metrics,,
703,0.42,"[0.3, 0.7]",40.0,300.0,0.5,fifa_log_rank,1.0,0.0,False,zero-prevention ablation; mandatory family passed,0.42857142857142855,0.2987012987012987,0.42,9.34303894272823,,,,,ineligible_ablation,,
704,0.42,"[0.3, 0.7]",40.0,300.0,0.5,fifa_log_rank,1.0,0.5,True,eligible,0.42857142857142855,0.3157894736842105,0.42,8.520203939010484,,,,,rejected_by_preregistered_metrics,,
705,0.42,"[0.3, 0.7]",40.0,300.0,0.5,fifa_log_rank,1.0,0.75,True,eligible,0.42857142857142855,0.3157894736842105,0.42,7.976279098807881,,,,,rejected_by_preregistered_metrics,,
706,0.42,"[0.3, 0.7]",40.0,300.0,0.5,fifa_log_rank,1.5,0.0,False,zero-prevention ablation; mandatory family passed,0.42857142857142855,0.2987012987012987,0.42,6.153331962350382,,,,,ineligible_ablation,,
707,0.42,"[0.3, 0.7]",40.0,300.0,0.5,fifa_log_rank,1.5,0.5,True,eligible,0.42857142857142855,0.2987012987012987,0.42,5.840955747120776,,,,,rejected_by_preregistered_metrics,,
708,0.42,"[0.3, 0.7]",40.0,300.0,0.5,fifa_log_rank,1.5,0.75,True,eligible,0.42857142857142855,0.3157894736842105,0.42,5.632368384357318,,,,,rejected_by_preregistered_metrics,,
709,0.42,"[0.3, 0.7]",40.0,300.0,0.5,fifa_log_rank,2.0,0.0,False,zero-prevention ablation; mandatory family passed,0.42857142857142855,0.2987012987012987,0.42,4.584993462175743,,,,,ineligible_ablation,,
710,0.42,"[0.3, 0.7]",40.0,300.0,0.5,fifa_log_rank,2.0,0.5,True,eligible,0.42857142857142855,0.2987012987012987,0.42000000000000004,4.424768281975982,,,,,rejected_by_preregistered_metrics,,
711,0.42,"[0.3, 0.7]",40.0,300.0,0.5,fifa_log_rank,2.0,0.75,True,eligible,0.42857142857142855,0.2987012987012987,0.41999999999999993,4.3203397390124465,,,,,rejected_by_preregistered_metrics,,
712,0.42,"[0.3, 0.7]",40.0,300.0,0.5,fifa_inverse_sqrt,1.0,0.0,False,zero-prevention ablation; mandatory family passed,0.4084507042253521,0.2987012987012987,0.42,15.388102852108792,,,,,ineligible_ablation,,
713,0.42,"[0.3, 0.7]",40.0,300.0,0.5,fifa_inverse_sqrt,1.0,0.5,True,eligible,0.4084507042253521,0.3157894736842105,0.42,13.420212111406604,,,,,rejected_by_preregistered_metrics,,
714,0.42,"[0.3, 0.7]",40.0,300.0,0.5,fifa_inverse_sqrt,1.0,0.75,True,eligible,0.42857142857142855,0.2987012987012987,0.4199999999999998,11.905229004417782,,,,,rejected_by_preregistered_metrics,,
715,0.42,"[0.3, 0.7]",40.0,300.0,0.5,fifa_inverse_sqrt,1.5,0.0,False,zero-prevention ablation; mandatory family passed,0.4084507042253521,0.2987012987012987,0.41999999999999993,10.502470824162684,,,,,ineligible_ablation,,
716,0.42,"[0.3, 0.7]",40.0,300.0,0.5,fifa_inverse_sqrt,1.5,0.5,True,eligible,0.4084507042253521,0.2987012987012987,0.42,9.80281681125297,,,,,rejected_by_preregistered_metrics,,
717,0.42,"[0.3, 0.7]",40.0,300.0,0.5,fifa_inverse_sqrt,1.5,0.75,True,eligible,0.4084507042253521,0.2987012987012987,0.42,9.161952783352117,,,,,rejected_by_preregistered_metrics,,
718,0.42,"[0.3, 0.7]",40.0,300.0,0.5,fifa_inverse_sqrt,2.0,0.0,False,zero-prevention ablation; mandatory family passed,0.4084507042253521,0.2987012987012987,0.41999999999999993,7.923363927477068,,,,,ineligible_ablation,,
719,0.42,"[0.3, 0.7]",40.0,300.0,0.5,fifa_inverse_sqrt,2.0,0.5,True,eligible,0.4084507042253521,0.28205128205128205,0.42,7.603814131440837,,,,,rejected_by_preregistered_metrics,,
720,0.42,"[0.3, 0.7]",40.0,300.0,0.5,fifa_inverse_sqrt,2.0,0.75,True,eligible,0.4084507042253521,0.2987012987012987,0.42000000000000004,7.292066551078694,,,,,rejected_by_preregistered_metrics,,
721,0.42,"[0.3, 0.7]",40.0,300.0,0.5,cumulative_pre_match_xg,1.0,0.0,False,zero-prevention ablation; mandatory family passed,0.4084507042253521,0.2987012987012987,0.42,10.382784466209367,,,,,ineligible_ablation,,
722,0.42,"[0.3, 0.7]",40.0,300.0,0.5,cumulative_pre_match_xg,1.0,0.5,True,eligible,0.42857142857142855,0.3157894736842105,0.41999999999999993,9.35759472108082,,,,,rejected_by_preregistered_metrics,,
723,0.42,"[0.3, 0.7]",40.0,300.0,0.5,cumulative_pre_match_xg,1.0,0.75,True,eligible,0.42857142857142855,0.3157894736842105,0.42,8.667764659000891,,,,,rejected_by_preregistered_metrics,,
724,0.42,"[0.3, 0.7]",40.0,300.0,0.5,cumulative_pre_match_xg,1.5,0.0,False,zero-prevention ablation; mandatory family passed,0.42857142857142855,0.2987012987012987,0.42,6.875228246274307,,,,,ineligible_ablation,,
725,0.42,"[0.3, 0.7]",40.0,300.0,0.5,cumulative_pre_match_xg,1.5,0.5,True,eligible,0.42857142857142855,0.2987012987012987,0.42,6.4874315350786285,,,,,rejected_by_preregistered_metrics,,
726,0.42,"[0.3, 0.7]",40.0,300.0,0.5,cumulative_pre_match_xg,1.5,0.75,True,eligible,0.42857142857142855,0.3157894736842105,0.42,6.219954391571093,,,,,rejected_by_preregistered_metrics,,
727,0.42,"[0.3, 0.7]",40.0,300.0,0.5,cumulative_pre_match_xg,2.0,0.0,False,zero-prevention ablation; mandatory family passed,0.42857142857142855,0.2987012987012987,0.42,5.135401332884633,,,,,ineligible_ablation,,
728,0.42,"[0.3, 0.7]",40.0,300.0,0.5,cumulative_pre_match_xg,2.0,0.5,True,eligible,0.42857142857142855,0.3140806561859194,0.42,4.9381753871371865,,,,,rejected_by_preregistered_metrics,,
729,0.42,"[0.3, 0.7]",40.0,300.0,0.5,cumulative_pre_match_xg,2.0,0.75,True,eligible,0.42857142857142855,0.3157894736842105,0.42,4.804885252345147,,,,,rejected_by_preregistered_metrics,,
730,0.42,"[0.3, 0.7]",40.0,300.0,1.0,fifa_log_rank,1.0,0.0,False,zero-prevention ablation; mandatory family passed,0.4084507042253521,0.2987012987012987,0.42,10.847158891161222,,,,,ineligible_ablation,,
731,0.42,"[0.3, 0.7]",40.0,300.0,1.0,fifa_log_rank,1.0,0.5,True,eligible,0.42857142857142855,0.3157894736842105,0.42,9.733554769750109,,,,,rejected_by_preregistered_metrics,,
732,0.42,"[0.3, 0.7]",40.0,300.0,1.0,fifa_log_rank,1.0,0.75,True,eligible,0.4084507042253521,0.3157894736842105,0.4199999999999998,9.027579430799625,,,,,rejected_by_preregistered_metrics,,
733,0.42,"[0.3, 0.7]",40.0,300.0,1.0,fifa_log_rank,1.5,0.0,False,zero-prevention ablation; mandatory family passed,0.4084507042253521,0.29703629703629714,0.42,7.039763125038542,,,,,ineligible_ablation,,
734,0.42,"[0.3, 0.7]",40.0,300.0,1.0,fifa_log_rank,1.5,0.5,True,eligible,0.4084507042253521,0.3157894736842105,0.42,6.611543374362446,,,,,rejected_by_preregistered_metrics,,
735,0.42,"[0.3, 0.7]",40.0,300.0,1.0,fifa_log_rank,1.5,0.75,True,eligible,0.42857142857142855,0.3157894736842105,0.42000000000000004,6.338626834637148,,,,,rejected_by_preregistered_metrics,,
736,0.42,"[0.3, 0.7]",40.0,300.0,1.0,fifa_log_rank,2.0,0.0,False,zero-prevention ablation; mandatory family passed,0.4084507042253521,0.29703629703629714,0.42000000000000004,5.199140503786022,,,,,ineligible_ablation,,
737,0.42,"[0.3, 0.7]",40.0,300.0,1.0,fifa_log_rank,2.0,0.5,True,eligible,0.4084507042253521,0.3140806561859194,0.42000000000000004,4.976751606548779,,,,,rejected_by_preregistered_metrics,,
738,0.42,"[0.3, 0.7]",40.0,300.0,1.0,fifa_log_rank,2.0,0.75,True,eligible,0.4185110663983903,0.2987012987012987,0.42,4.839076611166071,,,,,rejected_by_preregistered_metrics,,
739,0.42,"[0.3, 0.7]",40.0,300.0,1.0,fifa_inverse_sqrt,1.0,0.0,False,zero-prevention ablation; mandatory family passed,0.3888888888888889,0.28205128205128205,0.42,18.669478020596266,,,,,ineligible_ablation,,
740,0.42,"[0.3, 0.7]",40.0,300.0,1.0,fifa_inverse_sqrt,1.0,0.5,True,eligible,0.3888888888888889,0.29703629703629714,0.42,16.049286248134905,,,,,rejected_by_preregistered_metrics,,
741,0.42,"[0.3, 0.7]",40.0,300.0,1.0,fifa_inverse_sqrt,1.0,0.75,True,eligible,0.4084507042253521,0.2987012987012987,0.42,14.079153780216497,,,,,rejected_by_preregistered_metrics,,
742,0.42,"[0.3, 0.7]",40.0,300.0,1.0,fifa_inverse_sqrt,1.5,0.0,False,zero-prevention ablation; mandatory family passed,0.3888888888888889,0.28205128205128205,0.42,12.65800701175868,,,,,ineligible_ablation,,
743,0.42,"[0.3, 0.7]",40.0,300.0,1.0,fifa_inverse_sqrt,1.5,0.5,True,eligible,0.3888888888888889,0.28205128205128205,0.42,11.737211131826072,,,,,rejected_by_preregistered_metrics,,
744,0.42,"[0.3, 0.7]",40.0,300.0,1.0,fifa_inverse_sqrt,1.5,0.75,True,eligible,0.3888888888888889,0.28205128205128205,0.41999999999999993,10.896273415589302,,,,,rejected_by_preregistered_metrics,,
745,0.42,"[0.3, 0.7]",40.0,300.0,1.0,fifa_inverse_sqrt,2.0,0.0,False,zero-prevention ablation; mandatory family passed,0.3888888888888889,0.28205128205128205,0.42,9.493096654668168,,,,,ineligible_ablation,,
746,0.42,"[0.3, 0.7]",40.0,300.0,1.0,fifa_inverse_sqrt,2.0,0.5,True,eligible,0.3888888888888889,0.28205128205128205,0.42,9.081198819066227,,,,,rejected_by_preregistered_metrics,,
747,0.42,"[0.3, 0.7]",40.0,300.0,1.0,fifa_inverse_sqrt,2.0,0.75,True,eligible,0.3888888888888889,0.28205128205128205,0.41999999999999993,8.675112298600206,,,,,rejected_by_preregistered_metrics,,
748,0.42,"[0.3, 0.7]",40.0,300.0,1.0,cumulative_pre_match_xg,1.0,0.0,False,zero-prevention ablation; mandatory family passed,0.4084507042253521,0.2987012987012987,0.42,12.196338054977451,,,,,ineligible_ablation,,
749,0.42,"[0.3, 0.7]",40.0,300.0,1.0,cumulative_pre_match_xg,1.0,0.5,True,eligible,0.4084507042253521,0.3157894736842105,0.42,10.804821089192952,,,,,rejected_by_preregistered_metrics,,
750,0.42,"[0.3, 0.7]",40.0,300.0,1.0,cumulative_pre_match_xg,1.0,0.75,True,eligible,0.4084507042253521,0.3157894736842105,0.42,9.898980392821569,,,,,rejected_by_preregistered_metrics,,
751,0.42,"[0.3, 0.7]",40.0,300.0,1.0,cumulative_pre_match_xg,1.5,0.0,False,zero-prevention ablation; mandatory family passed,0.4084507042253521,0.2987012987012987,0.41999999999999993,7.965421671816346,,,,,ineligible_ablation,,
752,0.42,"[0.3, 0.7]",40.0,300.0,1.0,cumulative_pre_match_xg,1.5,0.5,True,eligible,0.4084507042253521,0.2987012987012987,0.42,7.434576276408092,,,,,rejected_by_preregistered_metrics,,
753,0.42,"[0.3, 0.7]",40.0,300.0,1.0,cumulative_pre_match_xg,1.5,0.75,True,eligible,0.4084507042253521,0.3157894736842105,0.42,7.083625282132917,,,,,rejected_by_preregistered_metrics,,
754,0.42,"[0.3, 0.7]",40.0,300.0,1.0,cumulative_pre_match_xg,2.0,0.0,False,zero-prevention ablation; mandatory family passed,0.4084507042253521,0.28205128205128205,0.42,5.902442275409194,,,,,ineligible_ablation,,
755,0.42,"[0.3, 0.7]",40.0,300.0,1.0,cumulative_pre_match_xg,2.0,0.5,True,eligible,0.4084507042253521,0.2987012987012987,0.42000000000000004,5.62837735982117,,,,,rejected_by_preregistered_metrics,,
756,0.42,"[0.3, 0.7]",40.0,300.0,1.0,cumulative_pre_match_xg,2.0,0.75,True,eligible,0.4084507042253521,0.2987012987012987,0.42,5.452604038229196,,,,,rejected_by_preregistered_metrics,,
757,0.42,"[0.3, 0.7]",80.0,180.0,0.5,fifa_log_rank,1.0,0.0,False,zero-prevention ablation; mandatory family passed,0.4084507042253521,0.2987012987012987,0.41999999999999993,7.26644606171308,,,,,ineligible_ablation,,
758,0.42,"[0.3, 0.7]",80.0,180.0,0.5,fifa_log_rank,1.0,0.5,True,eligible,0.42857142857142855,0.3140806561859194,0.41999999999999993,6.637500560396643,,,,,rejected_by_preregistered_metrics,,
759,0.42,"[0.3, 0.7]",80.0,180.0,0.5,fifa_log_rank,1.0,0.75,True,eligible,0.42857142857142855,0.3157894736842105,0.42000000000000004,6.213528089917305,,,,,rejected_by_preregistered_metrics,,
760,0.42,"[0.3, 0.7]",80.0,180.0,0.5,fifa_log_rank,1.5,0.0,False,zero-prevention ablation; mandatory family passed,0.4084507042253521,0.2987012987012987,0.42000000000000004,4.798724306614013,,,,,ineligible_ablation,,
761,0.42,"[0.3, 0.7]",80.0,180.0,0.5,fifa_log_rank,1.5,0.5,True,eligible,0.42857142857142855,0.2987012987012987,0.41999999999999993,4.561218239343693,,,,,rejected_by_preregistered_metrics,,
762,0.42,"[0.3, 0.7]",80.0,180.0,0.5,fifa_log_rank,1.5,0.75,True,eligible,0.42857142857142855,0.3140806561859194,0.41999999999999993,4.39881605512739,,,,,rejected_by_preregistered_metrics,,
763,0.42,"[0.3, 0.7]",80.0,180.0,0.5,fifa_log_rank,2.0,0.0,False,zero-prevention ablation; mandatory family passed,0.4185110663983903,0.2987012987012987,0.42000000000000004,3.5795599498417605,,,,,ineligible_ablation,,
764,0.42,"[0.3, 0.7]",80.0,180.0,0.5,fifa_log_rank,2.0,0.5,True,eligible,0.42857142857142855,0.2987012987012987,0.41999999999999993,3.4585360991186427,,,,,rejected_by_preregistered_metrics,,
765,0.42,"[0.3, 0.7]",80.0,180.0,0.5,fifa_log_rank,2.0,0.75,True,eligible,0.42857142857142855,0.2987012987012987,0.41999999999999993,3.3776402581989227,,,,,rejected_by_preregistered_metrics,,
766,0.42,"[0.3, 0.7]",80.0,180.0,0.5,fifa_inverse_sqrt,1.0,0.0,False,zero-prevention ablation; mandatory family passed,0.3888888888888889,0.2987012987012987,0.41999999999999993,11.819719653029,,,,,ineligible_ablation,,
767,0.42,"[0.3, 0.7]",80.0,180.0,0.5,fifa_inverse_sqrt,1.0,0.5,True,eligible,0.4084507042253521,0.2987012987012987,0.41999999999999993,10.327856364369302,,,,,rejected_by_preregistered_metrics,,
768,0.42,"[0.3, 0.7]",80.0,180.0,0.5,fifa_inverse_sqrt,1.0,0.75,True,eligible,0.4084507042253521,0.2987012987012987,0.4199999999999998,9.172115799787232,,,,,rejected_by_preregistered_metrics,,
769,0.42,"[0.3, 0.7]",80.0,180.0,0.5,fifa_inverse_sqrt,1.5,0.0,False,zero-prevention ablation; mandatory family passed,0.3888888888888889,0.28205128205128205,0.42000000000000004,8.101455364103838,,,,,ineligible_ablation,,
770,0.42,"[0.3, 0.7]",80.0,180.0,0.5,fifa_inverse_sqrt,1.5,0.5,True,eligible,0.4084507042253521,0.2987012987012987,0.41999999999999993,7.566701150431005,,,,,rejected_by_preregistered_metrics,,
771,0.42,"[0.3, 0.7]",80.0,180.0,0.5,fifa_inverse_sqrt,1.5,0.75,True,eligible,0.4084507042253521,0.2987012987012987,0.41999999999999993,7.073611318373388,,,,,rejected_by_preregistered_metrics,,
772,0.42,"[0.3, 0.7]",80.0,180.0,0.5,fifa_inverse_sqrt,2.0,0.0,False,zero-prevention ablation; mandatory family passed,0.4084507042253521,0.2987012987012987,0.42000000000000004,6.1241641020363335,,,,,ineligible_ablation,,
773,0.42,"[0.3, 0.7]",80.0,180.0,0.5,fifa_inverse_sqrt,2.0,0.5,True,eligible,0.4084507042253521,0.28205128205128205,0.41999999999999993,5.879834877422769,,,,,rejected_by_preregistered_metrics,,
774,0.42,"[0.3, 0.7]",80.0,180.0,0.5,fifa_inverse_sqrt,2.0,0.75,True,eligible,0.4084507042253521,0.29703629703629714,0.41999999999999993,5.638824550731736,,,,,rejected_by_preregistered_metrics,,
775,0.42,"[0.3, 0.7]",80.0,180.0,0.5,cumulative_pre_match_xg,1.0,0.0,False,zero-prevention ablation; mandatory family passed,0.4084507042253521,0.2987012987012987,0.42000000000000004,8.066554303747964,,,,,ineligible_ablation,,
776,0.42,"[0.3, 0.7]",80.0,180.0,0.5,cumulative_pre_match_xg,1.0,0.5,True,eligible,0.4084507042253521,0.3157894736842105,0.41999999999999993,7.276667968417556,,,,,rejected_by_preregistered_metrics,,
777,0.42,"[0.3, 0.7]",80.0,180.0,0.5,cumulative_pre_match_xg,1.0,0.75,True,eligible,0.42857142857142855,0.3157894736842105,0.41999999999999993,6.73800999218344,,,,,rejected_by_preregistered_metrics,,
778,0.42,"[0.3, 0.7]",80.0,180.0,0.5,cumulative_pre_match_xg,1.5,0.0,False,zero-prevention ablation; mandatory family passed,0.4084507042253521,0.2987012987012987,0.42000000000000004,5.3540308056174135,,,,,ineligible_ablation,,
779,0.42,"[0.3, 0.7]",80.0,180.0,0.5,cumulative_pre_match_xg,1.5,0.5,True,eligible,0.4185110663983903,0.2987012987012987,0.42000000000000004,5.0561834743982095,,,,,rejected_by_preregistered_metrics,,
780,0.42,"[0.3, 0.7]",80.0,180.0,0.5,cumulative_pre_match_xg,1.5,0.75,True,eligible,0.4084507042253521,0.2987012987012987,0.41999999999999993,4.846901978939433,,,,,rejected_by_preregistered_metrics,,
781,0.42,"[0.3, 0.7]",80.0,180.0,0.5,cumulative_pre_match_xg,2.0,0.0,False,zero-prevention ablation; mandatory family passed,0.4084507042253521,0.2987012987012987,0.4199999999999998,4.002561562999951,,,,,ineligible_ablation,,
782,0.42,"[0.3, 0.7]",80.0,180.0,0.5,cumulative_pre_match_xg,2.0,0.5,True,eligible,0.4084507042253521,0.2987012987012987,0.41999999999999993,3.8519664844499557,,,,,rejected_by_preregistered_metrics,,
783,0.42,"[0.3, 0.7]",80.0,180.0,0.5,cumulative_pre_match_xg,2.0,0.75,True,eligible,0.42857142857142855,0.3157894736842105,0.42000000000000004,3.7480086599350533,,,,,rejected_by_preregistered_metrics,,
784,0.42,"[0.3, 0.7]",80.0,180.0,1.0,fifa_log_rank,1.0,0.0,False,zero-prevention ablation; mandatory family passed,0.4084507042253521,0.2987012987012987,0.4199999999999998,8.35335999304522,,,,,ineligible_ablation,,
785,0.42,"[0.3, 0.7]",80.0,180.0,1.0,fifa_log_rank,1.0,0.5,True,eligible,0.4084507042253521,0.2987012987012987,0.42000000000000004,7.522067413452136,,,,,rejected_by_preregistered_metrics,,
786,0.42,"[0.3, 0.7]",80.0,180.0,1.0,fifa_log_rank,1.0,0.75,True,eligible,0.4084507042253521,0.3157894736842105,0.42000000000000004,6.983727020195481,,,,,rejected_by_preregistered_metrics,,
787,0.42,"[0.3, 0.7]",80.0,180.0,1.0,fifa_log_rank,1.5,0.0,False,zero-prevention ablation; mandatory family passed,0.4084507042253521,0.2987012987012987,0.42000000000000004,5.441703188078117,,,,,ineligible_ablation,,
788,0.42,"[0.3, 0.7]",80.0,180.0,1.0,fifa_log_rank,1.5,0.5,True,eligible,0.4084507042253521,0.2987012987012987,0.41999999999999993,5.123304010914482,,,,,rejected_by_preregistered_metrics,,
789,0.42,"[0.3, 0.7]",80.0,180.0,1.0,fifa_log_rank,1.5,0.75,True,eligible,0.4084507042253521,0.3157894736842105,0.41999999999999993,4.915385147717865,,,,,rejected_by_preregistered_metrics,,
790,0.42,"[0.3, 0.7]",80.0,180.0,1.0,fifa_log_rank,2.0,0.0,False,zero-prevention ablation; mandatory family passed,0.4084507042253521,0.2987012987012987,0.42000000000000004,4.025442207645815,,,,,ineligible_ablation,,
791,0.42,"[0.3, 0.7]",80.0,180.0,1.0,fifa_log_rank,2.0,0.5,True,eligible,0.4084507042253521,0.2987012987012987,0.41999999999999993,3.8611363801031278,,,,,rejected_by_preregistered_metrics,,
792,0.42,"[0.3, 0.7]",80.0,180.0,1.0,fifa_log_rank,2.0,0.75,True,eligible,0.4084507042253521,0.2987012987012987,0.42000000000000004,3.756779960619933,,,,,rejected_by_preregistered_metrics,,
793,0.42,"[0.3, 0.7]",80.0,180.0,1.0,fifa_inverse_sqrt,1.0,0.0,False,zero-prevention ablation; mandatory family passed,0.3888888888888889,0.28205128205128205,0.41999999999999993,14.137950429705393,,,,,ineligible_ablation,,
794,0.42,"[0.3, 0.7]",80.0,180.0,1.0,fifa_inverse_sqrt,1.0,0.5,True,eligible,0.3888888888888889,0.28205128205128205,0.42000000000000004,12.198036508119342,,,,,rejected_by_preregistered_metrics,,
795,0.42,"[0.3, 0.7]",80.0,180.0,1.0,fifa_inverse_sqrt,1.0,0.75,True,eligible,0.4084507042253521,0.2987012987012987,0.42000000000000004,10.72844564444995,,,,,rejected_by_preregistered_metrics,,
796,0.42,"[0.3, 0.7]",80.0,180.0,1.0,fifa_inverse_sqrt,1.5,0.0,False,zero-prevention ablation; mandatory family passed,0.3698630136986301,0.28205128205128205,0.42000000000000004,9.63663829741264,,,,,ineligible_ablation,,
797,0.42,"[0.3, 0.7]",80.0,180.0,1.0,fifa_inverse_sqrt,1.5,0.5,True,eligible,0.3888888888888889,0.28205128205128205,0.41999999999999993,8.945669593828544,,,,,rejected_by_preregistered_metrics,,
798,0.42,"[0.3, 0.7]",80.0,180.0,1.0,fifa_inverse_sqrt,1.5,0.75,True,eligible,0.3888888888888889,0.28205128205128205,0.4199999999999998,8.31226194308095,,,,,rejected_by_preregistered_metrics,,
799,0.42,"[0.3, 0.7]",80.0,180.0,1.0,fifa_inverse_sqrt,2.0,0.0,False,zero-prevention ablation; mandatory family passed,0.3888888888888889,0.28205128205128205,0.41999999999999993,7.246370494249466,,,,,ineligible_ablation,,
800,0.42,"[0.3, 0.7]",80.0,180.0,1.0,fifa_inverse_sqrt,2.0,0.5,True,eligible,0.3888888888888889,0.28205128205128205,0.41999999999999993,6.935998345471533,,,,,rejected_by_preregistered_metrics,,
801,0.42,"[0.3, 0.7]",80.0,180.0,1.0,fifa_inverse_sqrt,2.0,0.75,True,eligible,0.3888888888888889,0.28205128205128205,0.42000000000000004,6.627906261767801,,,,,rejected_by_preregistered_metrics,,
802,0.42,"[0.3, 0.7]",80.0,180.0,1.0,cumulative_pre_match_xg,1.0,0.0,False,zero-prevention ablation; mandatory family passed,0.4084507042253521,0.28205128205128205,0.42000000000000004,9.37481482416091,,,,,ineligible_ablation,,
803,0.42,"[0.3, 0.7]",80.0,180.0,1.0,cumulative_pre_match_xg,1.0,0.5,True,eligible,0.4084507042253521,0.3140806561859194,0.41999999999999993,8.327678360394023,,,,,rejected_by_preregistered_metrics,,
804,0.42,"[0.3, 0.7]",80.0,180.0,1.0,cumulative_pre_match_xg,1.0,0.75,True,eligible,0.4084507042253521,0.3157894736842105,0.42000000000000004,7.635689403482678,,,,,rejected_by_preregistered_metrics,,
805,0.42,"[0.3, 0.7]",80.0,180.0,1.0,cumulative_pre_match_xg,1.5,0.0,False,zero-prevention ablation; mandatory family passed,0.4084507042253521,0.28205128205128205,0.41999999999999993,6.142806873583707,,,,,ineligible_ablation,,
806,0.42,"[0.3, 0.7]",80.0,180.0,1.0,cumulative_pre_match_xg,1.5,0.5,True,eligible,0.4084507042253521,0.2987012987012987,0.41999999999999993,5.7442553899126745,,,,,rejected_by_preregistered_metrics,,
807,0.42,"[0.3, 0.7]",80.0,180.0,1.0,cumulative_pre_match_xg,1.5,0.75,True,eligible,0.4084507042253521,0.2987012987012987,0.41999999999999993,5.475356747422844,,,,,rejected_by_preregistered_metrics,,
808,0.42,"[0.3, 0.7]",80.0,180.0,1.0,cumulative_pre_match_xg,2.0,0.0,False,zero-prevention ablation; mandatory family passed,0.4084507042253521,0.28205128205128205,0.41999999999999993,4.5577057604897355,,,,,ineligible_ablation,,
809,0.42,"[0.3, 0.7]",80.0,180.0,1.0,cumulative_pre_match_xg,2.0,0.5,True,eligible,0.4084507042253521,0.2987012987012987,0.42000000000000004,4.353272016617663,,,,,rejected_by_preregistered_metrics,,
810,0.42,"[0.3, 0.7]",80.0,180.0,1.0,cumulative_pre_match_xg,2.0,0.75,True,eligible,0.4084507042253521,0.2987012987012987,0.41999999999999993,4.2190532869043755,,,,,rejected_by_preregistered_metrics,,
811,0.42,"[0.3, 0.7]",80.0,300.0,0.5,fifa_log_rank,1.0,0.0,False,zero-prevention ablation; mandatory family passed,0.42857142857142855,0.2987012987012987,0.41999999999999993,8.843141147821713,,,,,ineligible_ablation,,
812,0.42,"[0.3, 0.7]",80.0,300.0,0.5,fifa_log_rank,1.0,0.5,True,eligible,0.42857142857142855,0.3157894736842105,0.42000000000000004,8.064331798545936,,,,,rejected_by_preregistered_metrics,,
813,0.42,"[0.3, 0.7]",80.0,300.0,0.5,fifa_log_rank,1.0,0.75,True,eligible,0.42857142857142855,0.3157894736842105,0.42000000000000004,7.54950956937588,,,,,rejected_by_preregistered_metrics,,
814,0.42,"[0.3, 0.7]",80.0,300.0,0.5,fifa_log_rank,1.5,0.0,False,zero-prevention ablation; mandatory family passed,0.42857142857142855,0.2987012987012987,0.42000000000000004,5.824098926058604,,,,,ineligible_ablation,,
815,0.42,"[0.3, 0.7]",80.0,300.0,0.5,fifa_log_rank,1.5,0.5,True,eligible,0.42857142857142855,0.3157894736842105,0.41999999999999993,5.5284363499491755,,,,,rejected_by_preregistered_metrics,,
816,0.42,"[0.3, 0.7]",80.0,300.0,0.5,fifa_log_rank,1.5,0.75,True,eligible,0.42857142857142855,0.3157894736842105,0.42000000000000004,5.331009420459088,,,,,rejected_by_preregistered_metrics,,
817,0.42,"[0.3, 0.7]",80.0,300.0,0.5,fifa_log_rank,2.0,0.0,False,zero-prevention ablation; mandatory family passed,0.42857142857142855,0.3157894736842105,0.42000000000000004,4.3396741249180995,,,,,ineligible_ablation,,
818,0.42,"[0.3, 0.7]",80.0,300.0,0.5,fifa_log_rank,2.0,0.5,True,eligible,0.42857142857142855,0.2987012987012987,0.42000000000000004,4.188021767197335,,,,,rejected_by_preregistered_metrics,,
819,0.42,"[0.3, 0.7]",80.0,300.0,0.5,fifa_log_rank,2.0,0.75,True,eligible,0.42857142857142855,0.3157894736842105,0.41999999999999993,4.089180656617714,,,,,rejected_by_preregistered_metrics,,
820,0.42,"[0.3, 0.7]",80.0,300.0,0.5,fifa_inverse_sqrt,1.0,0.0,False,zero-prevention ablation; mandatory family passed,0.4084507042253521,0.2987012987012987,0.41999999999999993,14.564764885659345,,,,,ineligible_ablation,,
821,0.42,"[0.3, 0.7]",80.0,300.0,0.5,fifa_inverse_sqrt,1.0,0.5,True,eligible,0.42857142857142855,0.2987012987012987,0.41999999999999993,12.702165822314408,,,,,rejected_by_preregistered_metrics,,
822,0.42,"[0.3, 0.7]",80.0,300.0,0.5,fifa_inverse_sqrt,1.0,0.75,True,eligible,0.42857142857142855,0.3157894736842105,0.41999999999999993,11.26824164263465,,,,,rejected_by_preregistered_metrics,,
823,0.42,"[0.3, 0.7]",80.0,300.0,0.5,fifa_inverse_sqrt,1.5,0.0,False,zero-prevention ablation; mandatory family passed,0.4084507042253521,0.2987012987012987,0.42000000000000004,9.94053781304587,,,,,ineligible_ablation,,
824,0.42,"[0.3, 0.7]",80.0,300.0,0.5,fifa_inverse_sqrt,1.5,0.5,True,eligible,0.4084507042253521,0.2987012987012987,0.41999999999999993,9.278318675490418,,,,,rejected_by_preregistered_metrics,,
825,0.42,"[0.3, 0.7]",80.0,300.0,0.5,fifa_inverse_sqrt,1.5,0.75,True,eligible,0.4084507042253521,0.3157894736842105,0.41999999999999993,8.671743974257938,,,,,rejected_by_preregistered_metrics,,
826,0.42,"[0.3, 0.7]",80.0,300.0,0.5,fifa_inverse_sqrt,2.0,0.0,False,zero-prevention ablation; mandatory family passed,0.4084507042253521,0.2987012987012987,0.42000000000000004,7.49942561577064,,,,,ineligible_ablation,,
827,0.42,"[0.3, 0.7]",80.0,300.0,0.5,fifa_inverse_sqrt,2.0,0.5,True,eligible,0.4084507042253521,0.2987012987012987,0.41999999999999993,7.196973280141086,,,,,rejected_by_preregistered_metrics,,
828,0.42,"[0.3, 0.7]",80.0,300.0,0.5,fifa_inverse_sqrt,2.0,0.75,True,eligible,0.4084507042253521,0.2987012987012987,0.42000000000000004,6.901905703891713,,,,,rejected_by_preregistered_metrics,,
829,0.42,"[0.3, 0.7]",80.0,300.0,0.5,cumulative_pre_match_xg,1.0,0.0,False,zero-prevention ablation; mandatory family passed,0.42857142857142855,0.3157894736842105,0.41999999999999993,9.827255254411812,,,,,ineligible_ablation,,
830,0.42,"[0.3, 0.7]",80.0,300.0,0.5,cumulative_pre_match_xg,1.0,0.5,True,eligible,0.42857142857142855,0.3157894736842105,0.41999999999999993,8.856918121596243,,,,,rejected_by_preregistered_metrics,,
831,0.42,"[0.3, 0.7]",80.0,300.0,0.5,cumulative_pre_match_xg,1.0,0.75,True,eligible,0.42857142857142855,0.3157894736842105,0.41999999999999993,8.203997305962554,,,,,rejected_by_preregistered_metrics,,
832,0.42,"[0.3, 0.7]",80.0,300.0,0.5,cumulative_pre_match_xg,1.5,0.0,False,zero-prevention ablation; mandatory family passed,0.42857142857142855,0.3140806561859194,0.42000000000000004,6.507370265497453,,,,,ineligible_ablation,,
833,0.42,"[0.3, 0.7]",80.0,300.0,0.5,cumulative_pre_match_xg,1.5,0.5,True,eligible,0.42857142857142855,0.3157894736842105,0.41999999999999993,6.140322554919995,,,,,rejected_by_preregistered_metrics,,
834,0.42,"[0.3, 0.7]",80.0,300.0,0.5,cumulative_pre_match_xg,1.5,0.75,True,eligible,0.42857142857142855,0.3157894736842105,0.42000000000000004,5.887156732926471,,,,,rejected_by_preregistered_metrics,,
835,0.42,"[0.3, 0.7]",80.0,300.0,0.5,cumulative_pre_match_xg,2.0,0.0,False,zero-prevention ablation; mandatory family passed,0.42857142857142855,0.3140806561859194,0.42000000000000004,4.86063251109062,,,,,ineligible_ablation,,
836,0.42,"[0.3, 0.7]",80.0,300.0,0.5,cumulative_pre_match_xg,2.0,0.5,True,eligible,0.42857142857142855,0.3157894736842105,0.42000000000000004,4.6739591078276765,,,,,rejected_by_preregistered_metrics,,
837,0.42,"[0.3, 0.7]",80.0,300.0,0.5,cumulative_pre_match_xg,2.0,0.75,True,eligible,0.42857142857142855,0.3157894736842105,0.42000000000000004,4.54780064024518,,,,,rejected_by_preregistered_metrics,,
838,0.42,"[0.3, 0.7]",80.0,300.0,1.0,fifa_log_rank,1.0,0.0,False,zero-prevention ablation; mandatory family passed,0.4084507042253521,0.2987012987012987,0.41999999999999993,10.266783400495793,,,,,ineligible_ablation,,
839,0.42,"[0.3, 0.7]",80.0,300.0,1.0,fifa_log_rank,1.0,0.5,True,eligible,0.42857142857142855,0.3157894736842105,0.41999999999999993,9.212762488370723,,,,,rejected_by_preregistered_metrics,,
840,0.42,"[0.3, 0.7]",80.0,300.0,1.0,fifa_log_rank,1.0,0.75,True,eligible,0.42857142857142855,0.3157894736842105,0.41999999999999993,8.544560246306922,,,,,rejected_by_preregistered_metrics,,
841,0.42,"[0.3, 0.7]",80.0,300.0,1.0,fifa_log_rank,1.5,0.0,False,zero-prevention ablation; mandatory family passed,0.4084507042253521,0.2987012987012987,0.42000000000000004,6.663101732054629,,,,,ineligible_ablation,,
842,0.42,"[0.3, 0.7]",80.0,300.0,1.0,fifa_log_rank,1.5,0.5,True,eligible,0.42857142857142855,0.3157894736842105,0.41999999999999993,6.257793810218227,,,,,rejected_by_preregistered_metrics,,
843,0.42,"[0.3, 0.7]",80.0,300.0,1.0,fifa_log_rank,1.5,0.75,True,eligible,0.42857142857142855,0.3157894736842105,0.41999999999999993,5.999479626026123,,,,,rejected_by_preregistered_metrics,,
844,0.42,"[0.3, 0.7]",80.0,300.0,1.0,fifa_log_rank,2.0,0.0,False,zero-prevention ablation; mandatory family passed,0.4084507042253521,0.3157894736842105,0.42000000000000004,4.920961327911491,,,,,ineligible_ablation,,
845,0.42,"[0.3, 0.7]",80.0,300.0,1.0,fifa_log_rank,2.0,0.5,True,eligible,0.42857142857142855,0.2987012987012987,0.41999999999999993,4.7104713128283375,,,,,rejected_by_preregistered_metrics,,
846,0.42,"[0.3, 0.7]",80.0,300.0,1.0,fifa_log_rank,2.0,0.75,True,eligible,0.42857142857142855,0.3157894736842105,0.42000000000000004,4.5801625959153505,,,,,rejected_by_preregistered_metrics,,
847,0.42,"[0.3, 0.7]",80.0,300.0,1.0,fifa_inverse_sqrt,1.0,0.0,False,zero-prevention ablation; mandatory family passed,0.3888888888888889,0.2987012987012987,0.4199999999999998,17.670570603880897,,,,,ineligible_ablation,,
848,0.42,"[0.3, 0.7]",80.0,300.0,1.0,fifa_inverse_sqrt,1.0,0.5,True,eligible,0.4084507042253521,0.2987012987012987,0.41999999999999993,15.190571770495861,,,,,rejected_by_preregistered_metrics,,
849,0.42,"[0.3, 0.7]",80.0,300.0,1.0,fifa_inverse_sqrt,1.0,0.75,True,eligible,0.4084507042253521,0.2987012987012987,0.41999999999999993,13.325850923188613,,,,,rejected_by_preregistered_metrics,,
850,0.42,"[0.3, 0.7]",80.0,300.0,1.0,fifa_inverse_sqrt,1.5,0.0,False,zero-prevention ablation; mandatory family passed,0.3888888888888889,0.29703629703629714,0.42000000000000004,11.980742383849334,,,,,ineligible_ablation,,
851,0.42,"[0.3, 0.7]",80.0,300.0,1.0,fifa_inverse_sqrt,1.5,0.5,True,eligible,0.3888888888888889,0.28205128205128205,0.41999999999999993,11.109213539274162,,,,,rejected_by_preregistered_metrics,,
852,0.42,"[0.3, 0.7]",80.0,300.0,1.0,fifa_inverse_sqrt,1.5,0.75,True,eligible,0.4084507042253521,0.2987012987012987,0.41999999999999993,10.313270060199134,,,,,rejected_by_preregistered_metrics,,
853,0.42,"[0.3, 0.7]",80.0,300.0,1.0,fifa_inverse_sqrt,2.0,0.0,False,zero-prevention ablation; mandatory family passed,0.3888888888888889,0.2987012987012987,0.41999999999999993,8.985170046035485,,,,,ineligible_ablation,,
854,0.42,"[0.3, 0.7]",80.0,300.0,1.0,fifa_inverse_sqrt,2.0,0.5,True,eligible,0.3888888888888889,0.28205128205128205,0.41999999999999993,8.595310737834144,,,,,rejected_by_preregistered_metrics,,
855,0.42,"[0.3, 0.7]",80.0,300.0,1.0,fifa_inverse_sqrt,2.0,0.75,True,eligible,0.3888888888888889,0.2987012987012987,0.41999999999999993,8.210951811287682,,,,,rejected_by_preregistered_metrics,,
856,0.42,"[0.3, 0.7]",80.0,300.0,1.0,cumulative_pre_match_xg,1.0,0.0,False,zero-prevention ablation; mandatory family passed,0.4084507042253521,0.2987012987012987,0.42000000000000004,11.54377495029694,,,,,ineligible_ablation,,
857,0.42,"[0.3, 0.7]",80.0,300.0,1.0,cumulative_pre_match_xg,1.0,0.5,True,eligible,0.42857142857142855,0.3157894736842105,0.41999999999999993,10.226710875807738,,,,,rejected_by_preregistered_metrics,,
858,0.42,"[0.3, 0.7]",80.0,300.0,1.0,cumulative_pre_match_xg,1.0,0.75,True,eligible,0.42857142857142855,0.3157894736842105,0.42000000000000004,9.369337040104327,,,,,rejected_by_preregistered_metrics,,
859,0.42,"[0.3, 0.7]",80.0,300.0,1.0,cumulative_pre_match_xg,1.5,0.0,False,zero-prevention ablation; mandatory family passed,0.4084507042253521,0.2987012987012987,0.41999999999999993,7.539233067268068,,,,,ineligible_ablation,,
860,0.42,"[0.3, 0.7]",80.0,300.0,1.0,cumulative_pre_match_xg,1.5,0.5,True,eligible,0.4084507042253521,0.2987012987012987,0.41999999999999993,7.036790469303722,,,,,rejected_by_preregistered_metrics,,
861,0.42,"[0.3, 0.7]",80.0,300.0,1.0,cumulative_pre_match_xg,1.5,0.75,True,eligible,0.42857142857142855,0.3157894736842105,0.41999999999999993,6.704617051493104,,,,,rejected_by_preregistered_metrics,,
862,0.42,"[0.3, 0.7]",80.0,300.0,1.0,cumulative_pre_match_xg,2.0,0.0,False,zero-prevention ablation; mandatory family passed,0.4084507042253521,0.2987012987012987,0.41999999999999993,5.586633051437529,,,,,ineligible_ablation,,
863,0.42,"[0.3, 0.7]",80.0,300.0,1.0,cumulative_pre_match_xg,2.0,0.5,True,eligible,0.4084507042253521,0.2987012987012987,0.41999999999999993,5.327231935048406,,,,,rejected_by_preregistered_metrics,,
864,0.42,"[0.3, 0.7]",80.0,300.0,1.0,cumulative_pre_match_xg,2.0,0.75,True,eligible,0.4084507042253521,0.2987012987012987,0.41999999999999993,5.160863336738209,,,,,rejected_by_preregistered_metrics,,
865,0.5,"[0.25, 0.75]",40.0,180.0,0.5,fifa_log_rank,1.0,0.0,False,zero-prevention ablation; mandatory family passed,0.3888888888888889,0.28205128205128205,0.5,9.399818455999114,,,,,ineligible_ablation,,
866,0.5,"[0.25, 0.75]",40.0,180.0,0.5,fifa_log_rank,1.0,0.5,True,eligible,0.4084507042253521,0.28205128205128205,0.5,8.58951331315149,,,,,rejected_by_preregistered_metrics,,
867,0.5,"[0.25, 0.75]",40.0,180.0,0.5,fifa_log_rank,1.0,0.75,True,eligible,0.4084507042253521,0.2987012987012987,0.49999999999999994,8.041775653738767,,,,,rejected_by_preregistered_metrics,,
868,0.5,"[0.25, 0.75]",40.0,180.0,0.5,fifa_log_rank,1.5,0.0,False,zero-prevention ablation; mandatory family passed,0.4084507042253521,0.28205128205128205,0.5,6.209675255664204,,,,,ineligible_ablation,,
869,0.5,"[0.25, 0.75]",40.0,180.0,0.5,fifa_log_rank,1.5,0.5,True,eligible,0.4084507042253521,0.28205128205128205,0.5,5.904195546720623,,,,,rejected_by_preregistered_metrics,,
870,0.5,"[0.25, 0.75]",40.0,180.0,0.5,fifa_log_rank,1.5,0.75,True,eligible,0.4084507042253521,0.28205128205128205,0.5,5.694664531850833,,,,,rejected_by_preregistered_metrics,,
871,0.5,"[0.25, 0.75]",40.0,180.0,0.5,fifa_log_rank,2.0,0.0,False,zero-prevention ablation; mandatory family passed,0.4084507042253521,0.28205128205128205,0.5,4.632682628871367,,,,,ineligible_ablation,,
872,0.5,"[0.25, 0.75]",40.0,180.0,0.5,fifa_log_rank,2.0,0.5,True,eligible,0.4084507042253521,0.28205128205128205,0.49999999999999994,4.477242982879411,,,,,rejected_by_preregistered_metrics,,
873,0.5,"[0.25, 0.75]",40.0,180.0,0.5,fifa_log_rank,2.0,0.75,True,eligible,0.4084507042253521,0.28205128205128205,0.5,4.373008113423472,,,,,rejected_by_preregistered_metrics,,
874,0.5,"[0.25, 0.75]",40.0,180.0,0.5,fifa_inverse_sqrt,1.0,0.0,False,zero-prevention ablation; mandatory family passed,0.3888888888888889,0.28205128205128205,0.5,15.246547589105106,,,,,ineligible_ablation,,
875,0.5,"[0.25, 0.75]",40.0,180.0,0.5,fifa_inverse_sqrt,1.0,0.5,True,eligible,0.3888888888888889,0.28205128205128205,0.5,13.332106875303431,,,,,rejected_by_preregistered_metrics,,
876,0.5,"[0.25, 0.75]",40.0,180.0,0.5,fifa_inverse_sqrt,1.0,0.75,True,eligible,0.3888888888888889,0.2987012987012987,0.5,11.846331173212262,,,,,rejected_by_preregistered_metrics,,
877,0.5,"[0.25, 0.75]",40.0,180.0,0.5,fifa_inverse_sqrt,1.5,0.0,False,zero-prevention ablation; mandatory family passed,0.3888888888888889,0.26582278481012656,0.49999999999999994,10.461279341326224,,,,,ineligible_ablation,,
878,0.5,"[0.25, 0.75]",40.0,180.0,0.5,fifa_inverse_sqrt,1.5,0.5,True,eligible,0.3888888888888889,0.26582278481012656,0.5,9.774430622221098,,,,,rejected_by_preregistered_metrics,,
879,0.5,"[0.25, 0.75]",40.0,180.0,0.5,fifa_inverse_sqrt,1.5,0.75,True,eligible,0.3888888888888889,0.28205128205128205,0.5,9.139997596395274,,,,,rejected_by_preregistered_metrics,,
880,0.5,"[0.25, 0.75]",40.0,180.0,0.5,fifa_inverse_sqrt,2.0,0.0,False,zero-prevention ablation; mandatory family passed,0.3888888888888889,0.28205128205128205,0.5,7.9114610206616565,,,,,ineligible_ablation,,
881,0.5,"[0.25, 0.75]",40.0,180.0,0.5,fifa_inverse_sqrt,2.0,0.5,True,eligible,0.3888888888888889,0.26582278481012656,0.5,7.5979303502380535,,,,,rejected_by_preregistered_metrics,,
882,0.5,"[0.25, 0.75]",40.0,180.0,0.5,fifa_inverse_sqrt,2.0,0.75,True,eligible,0.3888888888888889,0.28205128205128205,0.5,7.287828815776812,,,,,rejected_by_preregistered_metrics,,
883,0.5,"[0.25, 0.75]",40.0,180.0,0.5,cumulative_pre_match_xg,1.0,0.0,False,zero-prevention ablation; mandatory family passed,0.4084507042253521,0.28205128205128205,0.5,10.435374901615965,,,,,ineligible_ablation,,
884,0.5,"[0.25, 0.75]",40.0,180.0,0.5,cumulative_pre_match_xg,1.0,0.5,True,eligible,0.4084507042253521,0.2987012987012987,0.5,9.415719067549842,,,,,rejected_by_preregistered_metrics,,
885,0.5,"[0.25, 0.75]",40.0,180.0,0.5,cumulative_pre_match_xg,1.0,0.75,True,eligible,0.4084507042253521,0.2987012987012987,0.5,8.719221646890329,,,,,rejected_by_preregistered_metrics,,
886,0.5,"[0.25, 0.75]",40.0,180.0,0.5,cumulative_pre_match_xg,1.5,0.0,False,zero-prevention ablation; mandatory family passed,0.4084507042253521,0.28205128205128205,0.5,6.928114382928785,,,,,ineligible_ablation,,
887,0.5,"[0.25, 0.75]",40.0,180.0,0.5,cumulative_pre_match_xg,1.5,0.5,True,eligible,0.4084507042253521,0.29703629703629714,0.5,6.544066371061222,,,,,rejected_by_preregistered_metrics,,
888,0.5,"[0.25, 0.75]",40.0,180.0,0.5,cumulative_pre_match_xg,1.5,0.75,True,eligible,0.4084507042253521,0.2987012987012987,0.5,6.273682495760024,,,,,rejected_by_preregistered_metrics,,
889,0.5,"[0.25, 0.75]",40.0,180.0,0.5,cumulative_pre_match_xg,2.0,0.0,False,zero-prevention ablation; mandatory family passed,0.4084507042253521,0.28205128205128205,0.5,5.179799947757584,,,,,ineligible_ablation,,
890,0.5,"[0.25, 0.75]",40.0,180.0,0.5,cumulative_pre_match_xg,2.0,0.5,True,eligible,0.4084507042253521,0.29703629703629714,0.5,4.985862443021442,,,,,rejected_by_preregistered_metrics,,
891,0.5,"[0.25, 0.75]",40.0,180.0,0.5,cumulative_pre_match_xg,2.0,0.75,True,eligible,0.4084507042253521,0.2987012987012987,0.5,4.851682535437094,,,,,rejected_by_preregistered_metrics,,
892,0.5,"[0.25, 0.75]",40.0,180.0,1.0,fifa_log_rank,1.0,0.0,False,zero-prevention ablation; mandatory family passed,0.3888888888888889,0.28205128205128205,0.5,10.810158090531582,,,,,ineligible_ablation,,
893,0.5,"[0.25, 0.75]",40.0,180.0,1.0,fifa_log_rank,1.0,0.5,True,eligible,0.4084507042253521,0.28205128205128205,0.49999999999999994,9.73879220920602,,,,,rejected_by_preregistered_metrics,,
894,0.5,"[0.25, 0.75]",40.0,180.0,1.0,fifa_log_rank,1.0,0.75,True,eligible,0.4084507042253521,0.2987012987012987,0.5,9.04268624600575,,,,,rejected_by_preregistered_metrics,,
895,0.5,"[0.25, 0.75]",40.0,180.0,1.0,fifa_log_rank,1.5,0.0,False,zero-prevention ablation; mandatory family passed,0.3888888888888889,0.28205128205128205,0.5,7.0424281982139405,,,,,ineligible_ablation,,
896,0.5,"[0.25, 0.75]",40.0,180.0,1.0,fifa_log_rank,1.5,0.5,True,eligible,0.3888888888888889,0.28205128205128205,0.5,6.63265944149223,,,,,rejected_by_preregistered_metrics,,
897,0.5,"[0.25, 0.75]",40.0,180.0,1.0,fifa_log_rank,1.5,0.75,True,eligible,0.4084507042253521,0.2987012987012987,0.5000000000000001,6.364284851581061,,,,,rejected_by_preregistered_metrics,,
898,0.5,"[0.25, 0.75]",40.0,180.0,1.0,fifa_log_rank,2.0,0.0,False,zero-prevention ablation; mandatory family passed,0.3888888888888889,0.28205128205128205,0.5,5.209226989885367,,,,,ineligible_ablation,,
899,0.5,"[0.25, 0.75]",40.0,180.0,1.0,fifa_log_rank,2.0,0.5,True,eligible,0.3888888888888889,0.28205128205128205,0.5,4.998071017241986,,,,,rejected_by_preregistered_metrics,,
900,0.5,"[0.25, 0.75]",40.0,180.0,1.0,fifa_log_rank,2.0,0.75,True,eligible,0.4084507042253521,0.28205128205128205,0.5000000000000001,4.863582451524719,,,,,rejected_by_preregistered_metrics,,
901,0.5,"[0.25, 0.75]",40.0,180.0,1.0,fifa_inverse_sqrt,1.0,0.0,False,zero-prevention ablation; mandatory family passed,0.3698630136986301,0.26582278481012656,0.5,18.232055625008563,,,,,ineligible_ablation,,
902,0.5,"[0.25, 0.75]",40.0,180.0,1.0,fifa_inverse_sqrt,1.0,0.5,True,eligible,0.3888888888888889,0.26582278481012656,0.5,15.744679746718825,,,,,rejected_by_preregistered_metrics,,
903,0.5,"[0.25, 0.75]",40.0,180.0,1.0,fifa_inverse_sqrt,1.0,0.75,True,eligible,0.3888888888888889,0.28205128205128205,0.5,13.855750020696863,,,,,rejected_by_preregistered_metrics,,
904,0.5,"[0.25, 0.75]",40.0,180.0,1.0,fifa_inverse_sqrt,1.5,0.0,False,zero-prevention ablation; mandatory family passed,0.36060718252499074,0.26582278481012656,0.5,12.440415472027597,,,,,ineligible_ablation,,
905,0.5,"[0.25, 0.75]",40.0,180.0,1.0,fifa_inverse_sqrt,1.5,0.5,True,eligible,0.3698630136986301,0.26582278481012656,0.5,11.552932291835512,,,,,rejected_by_preregistered_metrics,,
906,0.5,"[0.25, 0.75]",40.0,180.0,1.0,fifa_inverse_sqrt,1.5,0.75,True,eligible,0.3698630136986301,0.26582278481012656,0.5,10.73792835066455,,,,,rejected_by_preregistered_metrics,,
907,0.5,"[0.25, 0.75]",40.0,180.0,1.0,fifa_inverse_sqrt,2.0,0.0,False,zero-prevention ablation; mandatory family passed,0.35135135135135137,0.26582278481012656,0.5,9.357895166026365,,,,,ineligible_ablation,,
908,0.5,"[0.25, 0.75]",40.0,180.0,1.0,fifa_inverse_sqrt,2.0,0.5,True,eligible,0.3698630136986301,0.25,0.5000000000000001,8.959653883048725,,,,,rejected_by_preregistered_metrics,,
909,0.5,"[0.25, 0.75]",40.0,180.0,1.0,fifa_inverse_sqrt,2.0,0.75,True,eligible,0.3698630136986301,0.26582278481012656,0.5,8.563228771934652,,,,,rejected_by_preregistered_metrics,,
910,0.5,"[0.25, 0.75]",40.0,180.0,1.0,cumulative_pre_match_xg,1.0,0.0,False,zero-prevention ablation; mandatory family passed,0.3888888888888889,0.28205128205128205,0.5,12.13294108010718,,,,,ineligible_ablation,,
911,0.5,"[0.25, 0.75]",40.0,180.0,1.0,cumulative_pre_match_xg,1.0,0.5,True,eligible,0.3888888888888889,0.29703629703629714,0.5,10.779656399955716,,,,,rejected_by_preregistered_metrics,,
912,0.5,"[0.25, 0.75]",40.0,180.0,1.0,cumulative_pre_match_xg,1.0,0.75,True,eligible,0.4084507042253521,0.2987012987012987,0.5,9.883978220389766,,,,,rejected_by_preregistered_metrics,,
913,0.5,"[0.25, 0.75]",40.0,180.0,1.0,cumulative_pre_match_xg,1.5,0.0,False,zero-prevention ablation; mandatory family passed,0.3888888888888889,0.26582278481012656,0.5,7.949510358676691,,,,,ineligible_ablation,,
914,0.5,"[0.25, 0.75]",40.0,180.0,1.0,cumulative_pre_match_xg,1.5,0.5,True,eligible,0.3888888888888889,0.28205128205128205,0.5,7.434759716400934,,,,,rejected_by_preregistered_metrics,,
915,0.5,"[0.25, 0.75]",40.0,180.0,1.0,cumulative_pre_match_xg,1.5,0.75,True,eligible,0.3888888888888889,0.28205128205128205,0.5,7.087007764666509,,,,,rejected_by_preregistered_metrics,,
916,0.5,"[0.25, 0.75]",40.0,180.0,1.0,cumulative_pre_match_xg,2.0,0.0,False,zero-prevention ablation; mandatory family passed,0.3888888888888889,0.26582278481012656,0.5,5.8974739512364405,,,,,ineligible_ablation,,
917,0.5,"[0.25, 0.75]",40.0,180.0,1.0,cumulative_pre_match_xg,2.0,0.5,True,eligible,0.3888888888888889,0.2804284323271666,0.5,5.63371680095289,,,,,rejected_by_preregistered_metrics,,
918,0.5,"[0.25, 0.75]",40.0,180.0,1.0,cumulative_pre_match_xg,2.0,0.75,True,eligible,0.3888888888888889,0.28205128205128205,0.5000000000000001,5.460295365149253,,,,,rejected_by_preregistered_metrics,,
919,0.5,"[0.25, 0.75]",40.0,300.0,0.5,fifa_log_rank,1.0,0.0,False,zero-prevention ablation; mandatory family passed,0.4084507042253521,0.2987012987012987,0.5,11.450204786562109,,,,,ineligible_ablation,,
920,0.5,"[0.25, 0.75]",40.0,300.0,0.5,fifa_log_rank,1.0,0.5,True,eligible,0.42857142857142855,0.2987012987012987,0.5,10.444825216477671,,,,,rejected_by_preregistered_metrics,,
921,0.5,"[0.25, 0.75]",40.0,300.0,0.5,fifa_log_rank,1.0,0.75,True,eligible,0.42857142857142855,0.3157894736842105,0.5,9.77872014011025,,,,,rejected_by_preregistered_metrics,,
922,0.5,"[0.25, 0.75]",40.0,300.0,0.5,fifa_log_rank,1.5,0.0,False,zero-prevention ablation; mandatory family passed,0.4084507042253521,0.28205128205128205,0.5,7.542744861405718,,,,,ineligible_ablation,,
923,0.5,"[0.25, 0.75]",40.0,300.0,0.5,fifa_log_rank,1.5,0.5,True,eligible,0.42857142857142855,0.2987012987012987,0.5,7.16172741137323,,,,,rejected_by_preregistered_metrics,,
924,0.5,"[0.25, 0.75]",40.0,300.0,0.5,fifa_log_rank,1.5,0.75,True,eligible,0.42857142857142855,0.2987012987012987,0.5,6.90665229376385,,,,,rejected_by_preregistered_metrics,,
925,0.5,"[0.25, 0.75]",40.0,300.0,0.5,fifa_log_rank,2.0,0.0,False,zero-prevention ablation; mandatory family passed,0.4084507042253521,0.29703629703629714,0.49999999999999994,5.6207854218002975,,,,,ineligible_ablation,,
926,0.5,"[0.25, 0.75]",40.0,300.0,0.5,fifa_log_rank,2.0,0.5,True,eligible,0.42857142857142855,0.2987012987012987,0.5,5.4256095424765185,,,,,rejected_by_preregistered_metrics,,
927,0.5,"[0.25, 0.75]",40.0,300.0,0.5,fifa_log_rank,2.0,0.75,True,eligible,0.42857142857142855,0.2987012987012987,0.5,5.298068904939435,,,,,rejected_by_preregistered_metrics,,
928,0.5,"[0.25, 0.75]",40.0,300.0,0.5,fifa_inverse_sqrt,1.0,0.0,False,zero-prevention ablation; mandatory family passed,0.3888888888888889,0.28205128205128205,0.5,18.810199770659352,,,,,ineligible_ablation,,
929,0.5,"[0.25, 0.75]",40.0,300.0,0.5,fifa_inverse_sqrt,1.0,0.5,True,eligible,0.4084507042253521,0.2987012987012987,0.5,16.41399078066382,,,,,rejected_by_preregistered_metrics,,
930,0.5,"[0.25, 0.75]",40.0,300.0,0.5,fifa_inverse_sqrt,1.0,0.75,True,eligible,0.4084507042253521,0.2987012987012987,0.5,14.567253904426964,,,,,rejected_by_preregistered_metrics,,
931,0.5,"[0.25, 0.75]",40.0,300.0,0.5,fifa_inverse_sqrt,1.5,0.0,False,zero-prevention ablation; mandatory family passed,0.3888888888888889,0.28205128205128205,0.5,12.848846735116316,,,,,ineligible_ablation,,
932,0.5,"[0.25, 0.75]",40.0,300.0,0.5,fifa_inverse_sqrt,1.5,0.5,True,eligible,0.4084507042253521,0.28205128205128205,0.5,11.99643682949505,,,,,rejected_by_preregistered_metrics,,
933,0.5,"[0.25, 0.75]",40.0,300.0,0.5,fifa_inverse_sqrt,1.5,0.75,True,eligible,0.4084507042253521,0.28205128205128205,0.5,11.214747436867622,,,,,rejected_by_preregistered_metrics,,
934,0.5,"[0.25, 0.75]",40.0,300.0,0.5,fifa_inverse_sqrt,2.0,0.0,False,zero-prevention ablation; mandatory family passed,0.3888888888888889,0.28205128205128205,0.5,9.69674999375057,,,,,ineligible_ablation,,
935,0.5,"[0.25, 0.75]",40.0,300.0,0.5,fifa_inverse_sqrt,2.0,0.5,True,eligible,0.4084507042253521,0.28205128205128205,0.5,9.307826132661699,,,,,rejected_by_preregistered_metrics,,
936,0.5,"[0.25, 0.75]",40.0,300.0,0.5,fifa_inverse_sqrt,2.0,0.75,True,eligible,0.4084507042253521,0.28205128205128205,0.5,8.927611541877667,,,,,rejected_by_preregistered_metrics,,
937,0.5,"[0.25, 0.75]",40.0,300.0,0.5,cumulative_pre_match_xg,1.0,0.0,False,zero-prevention ablation; mandatory family passed,0.4084507042253521,0.2987012987012987,0.5,12.724648867412261,,,,,ineligible_ablation,,
938,0.5,"[0.25, 0.75]",40.0,300.0,0.5,cumulative_pre_match_xg,1.0,0.5,True,eligible,0.42857142857142855,0.2987012987012987,0.5,11.469695595608359,,,,,rejected_by_preregistered_metrics,,
939,0.5,"[0.25, 0.75]",40.0,300.0,0.5,cumulative_pre_match_xg,1.0,0.75,True,eligible,0.42857142857142855,0.3157894736842105,0.5,10.624324505165147,,,,,rejected_by_preregistered_metrics,,
940,0.5,"[0.25, 0.75]",40.0,300.0,0.5,cumulative_pre_match_xg,1.5,0.0,False,zero-prevention ablation; mandatory family passed,0.4084507042253521,0.2987012987012987,0.5,8.427204428316259,,,,,ineligible_ablation,,
941,0.5,"[0.25, 0.75]",40.0,300.0,0.5,cumulative_pre_match_xg,1.5,0.5,True,eligible,0.4084507042253521,0.2987012987012987,0.5,7.953072380064208,,,,,rejected_by_preregistered_metrics,,
942,0.5,"[0.25, 0.75]",40.0,300.0,0.5,cumulative_pre_match_xg,1.5,0.75,True,eligible,0.4084507042253521,0.3140806561859194,0.5,7.625584692154101,,,,,rejected_by_preregistered_metrics,,
943,0.5,"[0.25, 0.75]",40.0,300.0,0.5,cumulative_pre_match_xg,2.0,0.0,False,zero-prevention ablation; mandatory family passed,0.4084507042253521,0.2987012987012987,0.5,6.29496496642627,,,,,ineligible_ablation,,
944,0.5,"[0.25, 0.75]",40.0,300.0,0.5,cumulative_pre_match_xg,2.0,0.5,True,eligible,0.4084507042253521,0.29703629703629714,0.5,6.054106617973912,,,,,rejected_by_preregistered_metrics,,
945,0.5,"[0.25, 0.75]",40.0,300.0,0.5,cumulative_pre_match_xg,2.0,0.75,True,eligible,0.4084507042253521,0.2987012987012987,0.5,5.891060361646746,,,,,rejected_by_preregistered_metrics,,
946,0.5,"[0.25, 0.75]",40.0,300.0,1.0,fifa_log_rank,1.0,0.0,False,zero-prevention ablation; mandatory family passed,0.3888888888888889,0.28205128205128205,0.5,13.3007594279036,,,,,ineligible_ablation,,
947,0.5,"[0.25, 0.75]",40.0,300.0,1.0,fifa_log_rank,1.0,0.5,True,eligible,0.4084507042253521,0.2987012987012987,0.5,11.93925813064197,,,,,rejected_by_preregistered_metrics,,
948,0.5,"[0.25, 0.75]",40.0,300.0,1.0,fifa_log_rank,1.0,0.75,True,eligible,0.4084507042253521,0.2987012987012987,0.5,11.073720383993843,,,,,rejected_by_preregistered_metrics,,
949,0.5,"[0.25, 0.75]",40.0,300.0,1.0,fifa_log_rank,1.5,0.0,False,zero-prevention ablation; mandatory family passed,0.3888888888888889,0.28205128205128205,0.5000000000000001,8.631069760208971,,,,,ineligible_ablation,,
950,0.5,"[0.25, 0.75]",40.0,300.0,1.0,fifa_log_rank,1.5,0.5,True,eligible,0.4084507042253521,0.29703629703629714,0.5,8.108334416766132,,,,,rejected_by_preregistered_metrics,,
951,0.5,"[0.25, 0.75]",40.0,300.0,1.0,fifa_log_rank,1.5,0.75,True,eligible,0.4084507042253521,0.2987012987012987,0.5,7.7743745859774025,,,,,rejected_by_preregistered_metrics,,
952,0.5,"[0.25, 0.75]",40.0,300.0,1.0,fifa_log_rank,2.0,0.0,False,zero-prevention ablation; mandatory family passed,0.3888888888888889,0.28205128205128205,0.5,6.37354585431742,,,,,ineligible_ablation,,
953,0.5,"[0.25, 0.75]",40.0,300.0,1.0,fifa_log_rank,2.0,0.5,True,eligible,0.4084507042253521,0.28205128205128205,0.5,6.102433912357501,,,,,rejected_by_preregistered_metrics,,
954,0.5,"[0.25, 0.75]",40.0,300.0,1.0,fifa_log_rank,2.0,0.75,True,eligible,0.4084507042253521,0.2987012987012987,0.5,5.9342221326962195,,,,,rejected_by_preregistered_metrics,,
955,0.5,"[0.25, 0.75]",40.0,300.0,1.0,fifa_inverse_sqrt,1.0,0.0,False,zero-prevention ablation; mandatory family passed,0.3698630136986301,0.26582278481012656,0.5,22.8184053302257,,,,,ineligible_ablation,,
956,0.5,"[0.25, 0.75]",40.0,300.0,1.0,fifa_inverse_sqrt,1.0,0.5,True,eligible,0.3888888888888889,0.2804284323271666,0.5,19.62912660247896,,,,,rejected_by_preregistered_metrics,,
957,0.5,"[0.25, 0.75]",40.0,300.0,1.0,fifa_inverse_sqrt,1.0,0.75,True,eligible,0.4084507042253521,0.28205128205128205,0.5,17.227514546723473,,,,,rejected_by_preregistered_metrics,,
958,0.5,"[0.25, 0.75]",40.0,300.0,1.0,fifa_inverse_sqrt,1.5,0.0,False,zero-prevention ablation; mandatory family passed,0.3698630136986301,0.26582278481012656,0.5,15.483575693673462,,,,,ineligible_ablation,,
959,0.5,"[0.25, 0.75]",40.0,300.0,1.0,fifa_inverse_sqrt,1.5,0.5,True,eligible,0.3793759512937595,0.2804284323271666,0.5,14.361206200804704,,,,,rejected_by_preregistered_metrics,,
960,0.5,"[0.25, 0.75]",40.0,300.0,1.0,fifa_inverse_sqrt,1.5,0.75,True,eligible,0.3888888888888889,0.28205128205128205,0.5,13.33516958653171,,,,,rejected_by_preregistered_metrics,,
961,0.5,"[0.25, 0.75]",40.0,300.0,1.0,fifa_inverse_sqrt,2.0,0.0,False,zero-prevention ablation; mandatory family passed,0.3698630136986301,0.26582278481012656,0.5,11.614702609061604,,,,,ineligible_ablation,,
962,0.5,"[0.25, 0.75]",40.0,300.0,1.0,fifa_inverse_sqrt,2.0,0.5,True,eligible,0.3698630136986301,0.26582278481012656,0.5,11.113168499421342,,,,,rejected_by_preregistered_metrics,,
963,0.5,"[0.25, 0.75]",40.0,300.0,1.0,fifa_inverse_sqrt,2.0,0.75,True,eligible,0.3888888888888889,0.26582278481012656,0.5,10.617727724199503,,,,,rejected_by_preregistered_metrics,,
964,0.5,"[0.25, 0.75]",40.0,300.0,1.0,cumulative_pre_match_xg,1.0,0.0,False,zero-prevention ablation; mandatory family passed,0.3888888888888889,0.28205128205128205,0.5,14.955599765333895,,,,,ineligible_ablation,,
965,0.5,"[0.25, 0.75]",40.0,300.0,1.0,cumulative_pre_match_xg,1.0,0.5,True,eligible,0.4084507042253521,0.2987012987012987,0.5,13.249907500091513,,,,,rejected_by_preregistered_metrics,,
966,0.5,"[0.25, 0.75]",40.0,300.0,1.0,cumulative_pre_match_xg,1.0,0.75,True,eligible,0.4084507042253521,0.2987012987012987,0.5,12.13845395812041,,,,,rejected_by_preregistered_metrics,,
967,0.5,"[0.25, 0.75]",40.0,300.0,1.0,cumulative_pre_match_xg,1.5,0.0,False,zero-prevention ablation; mandatory family passed,0.3888888888888889,0.28205128205128205,0.49999999999999994,9.765254904511533,,,,,ineligible_ablation,,
968,0.5,"[0.25, 0.75]",40.0,300.0,1.0,cumulative_pre_match_xg,1.5,0.5,True,eligible,0.4084507042253521,0.28205128205128205,0.5,9.11507476500882,,,,,rejected_by_preregistered_metrics,,
969,0.5,"[0.25, 0.75]",40.0,300.0,1.0,cumulative_pre_match_xg,1.5,0.75,True,eligible,0.4084507042253521,0.2987012987012987,0.5,8.684893939710664,,,,,rejected_by_preregistered_metrics,,
970,0.5,"[0.25, 0.75]",40.0,300.0,1.0,cumulative_pre_match_xg,2.0,0.0,False,zero-prevention ablation; mandatory family passed,0.3888888888888889,0.28205128205128205,0.5,7.234790478074269,,,,,ineligible_ablation,,
971,0.5,"[0.25, 0.75]",40.0,300.0,1.0,cumulative_pre_match_xg,2.0,0.5,True,eligible,0.4084507042253521,0.2987012987012987,0.5,6.899453480393512,,,,,rejected_by_preregistered_metrics,,
972,0.5,"[0.25, 0.75]",40.0,300.0,1.0,cumulative_pre_match_xg,2.0,0.75,True,eligible,0.4084507042253521,0.2987012987012987,0.5,6.684183239173765,,,,,rejected_by_preregistered_metrics,,
973,0.5,"[0.25, 0.75]",80.0,180.0,0.5,fifa_log_rank,1.0,0.0,False,zero-prevention ablation; mandatory family passed,0.4084507042253521,0.28205128205128205,0.5,8.89675445591328,,,,,ineligible_ablation,,
974,0.5,"[0.25, 0.75]",80.0,180.0,0.5,fifa_log_rank,1.0,0.5,True,eligible,0.4084507042253521,0.2987012987012987,0.5,8.129815612995726,,,,,rejected_by_preregistered_metrics,,
975,0.5,"[0.25, 0.75]",80.0,180.0,0.5,fifa_log_rank,1.0,0.75,True,eligible,0.42857142857142855,0.3157894736842105,0.5,7.611392040789225,,,,,rejected_by_preregistered_metrics,,
976,0.5,"[0.25, 0.75]",80.0,180.0,0.5,fifa_log_rank,1.5,0.0,False,zero-prevention ablation; mandatory family passed,0.4084507042253521,0.28205128205128205,0.49999999999999994,5.877342872015373,,,,,ineligible_ablation,,
977,0.5,"[0.25, 0.75]",80.0,180.0,0.5,fifa_log_rank,1.5,0.5,True,eligible,0.4084507042253521,0.28205128205128205,0.49999999999999994,5.588211972896745,,,,,rejected_by_preregistered_metrics,,
978,0.5,"[0.25, 0.75]",80.0,180.0,0.5,fifa_log_rank,1.5,0.75,True,eligible,0.4084507042253521,0.2987012987012987,0.5,5.389894739545807,,,,,rejected_by_preregistered_metrics,,
979,0.5,"[0.25, 0.75]",80.0,180.0,0.5,fifa_log_rank,2.0,0.0,False,zero-prevention ablation; mandatory family passed,0.4084507042253521,0.28205128205128205,0.5,4.384748494258289,,,,,ineligible_ablation,,
980,0.5,"[0.25, 0.75]",80.0,180.0,0.5,fifa_log_rank,2.0,0.5,True,eligible,0.4084507042253521,0.28205128205128205,0.5,4.237627741918447,,,,,rejected_by_preregistered_metrics,,
981,0.5,"[0.25, 0.75]",80.0,180.0,0.5,fifa_log_rank,2.0,0.75,True,eligible,0.4084507042253521,0.2987012987012987,0.5,4.138971364283641,,,,,rejected_by_preregistered_metrics,,
982,0.5,"[0.25, 0.75]",80.0,180.0,0.5,fifa_inverse_sqrt,1.0,0.0,False,zero-prevention ablation; mandatory family passed,0.3888888888888889,0.28205128205128205,0.5,14.430575530327829,,,,,ineligible_ablation,,
983,0.5,"[0.25, 0.75]",80.0,180.0,0.5,fifa_inverse_sqrt,1.0,0.5,True,eligible,0.3888888888888889,0.28205128205128205,0.5,12.618592774402734,,,,,rejected_by_preregistered_metrics,,
984,0.5,"[0.25, 0.75]",80.0,180.0,0.5,fifa_inverse_sqrt,1.0,0.75,True,eligible,0.4084507042253521,0.2987012987012987,0.49999999999999994,11.212333530147756,,,,,rejected_by_preregistered_metrics,,
985,0.5,"[0.25, 0.75]",80.0,180.0,0.5,fifa_inverse_sqrt,1.5,0.0,False,zero-prevention ablation; mandatory family passed,0.3888888888888889,0.2804284323271666,0.49999999999999983,9.901407567621474,,,,,ineligible_ablation,,
986,0.5,"[0.25, 0.75]",80.0,180.0,0.5,fifa_inverse_sqrt,1.5,0.5,True,eligible,0.3888888888888889,0.28205128205128205,0.5,9.251317948248357,,,,,rejected_by_preregistered_metrics,,
987,0.5,"[0.25, 0.75]",80.0,180.0,0.5,fifa_inverse_sqrt,1.5,0.75,True,eligible,0.3888888888888889,0.28205128205128205,0.49999999999999994,8.650838813899533,,,,,rejected_by_preregistered_metrics,,
988,0.5,"[0.25, 0.75]",80.0,180.0,0.5,fifa_inverse_sqrt,2.0,0.0,False,zero-prevention ablation; mandatory family passed,0.3888888888888889,0.28205128205128205,0.5,7.488051648852234,,,,,ineligible_ablation,,
989,0.5,"[0.25, 0.75]",80.0,180.0,0.5,fifa_inverse_sqrt,2.0,0.5,True,eligible,0.3888888888888889,0.28205128205128205,0.49999999999999994,7.191300663477997,,,,,rejected_by_preregistered_metrics,,
990,0.5,"[0.25, 0.75]",80.0,180.0,0.5,fifa_inverse_sqrt,2.0,0.75,True,eligible,0.3888888888888889,0.28205128205128205,0.5,6.897795291920228,,,,,rejected_by_preregistered_metrics,,
991,0.5,"[0.25, 0.75]",80.0,180.0,0.5,cumulative_pre_match_xg,1.0,0.0,False,zero-prevention ablation; mandatory family passed,0.4084507042253521,0.28205128205128205,0.5,9.876889494160908,,,,,ineligible_ablation,,
992,0.5,"[0.25, 0.75]",80.0,180.0,0.5,cumulative_pre_match_xg,1.0,0.5,True,eligible,0.4084507042253521,0.2987012987012987,0.5,8.9118040908959,,,,,rejected_by_preregistered_metrics,,
993,0.5,"[0.25, 0.75]",80.0,180.0,0.5,cumulative_pre_match_xg,1.0,0.75,True,eligible,0.4084507042253521,0.2987012987012987,0.5,8.252582153813712,,,,,rejected_by_preregistered_metrics,,
994,0.5,"[0.25, 0.75]",80.0,180.0,0.5,cumulative_pre_match_xg,1.5,0.0,False,zero-prevention ablation; mandatory family passed,0.4084507042253521,0.28205128205128205,0.5,6.557332228907077,,,,,ineligible_ablation,,
995,0.5,"[0.25, 0.75]",80.0,180.0,0.5,cumulative_pre_match_xg,1.5,0.5,True,eligible,0.4084507042253521,0.2987012987012987,0.5,6.193837883046947,,,,,rejected_by_preregistered_metrics,,
996,0.5,"[0.25, 0.75]",80.0,180.0,0.5,cumulative_pre_match_xg,1.5,0.75,True,eligible,0.4084507042253521,0.2987012987012987,0.5,5.937924541884727,,,,,rejected_by_preregistered_metrics,,
997,0.5,"[0.25, 0.75]",80.0,180.0,0.5,cumulative_pre_match_xg,2.0,0.0,False,zero-prevention ablation; mandatory family passed,0.4084507042253521,0.28205128205128205,0.5,4.902584925620611,,,,,ineligible_ablation,,
998,0.5,"[0.25, 0.75]",80.0,180.0,0.5,cumulative_pre_match_xg,2.0,0.5,True,eligible,0.4084507042253521,0.2987012987012987,0.5000000000000001,4.719026661436393,,,,,rejected_by_preregistered_metrics,,
999,0.5,"[0.25, 0.75]",80.0,180.0,0.5,cumulative_pre_match_xg,2.0,0.75,True,eligible,0.4084507042253521,0.2987012987012987,0.5,4.592027858610238,,,,,rejected_by_preregistered_metrics,,
1000,0.5,"[0.25, 0.75]",80.0,180.0,1.0,fifa_log_rank,1.0,0.0,False,zero-prevention ablation; mandatory family passed,0.3888888888888889,0.28205128205128205,0.5,10.231614856314934,,,,,ineligible_ablation,,
1001,0.5,"[0.25, 0.75]",80.0,180.0,1.0,fifa_log_rank,1.0,0.5,True,eligible,0.4084507042253521,0.2987012987012987,0.49999999999999994,9.217586848942794,,,,,rejected_by_preregistered_metrics,,
1002,0.5,"[0.25, 0.75]",80.0,180.0,1.0,fifa_log_rank,1.0,0.75,True,eligible,0.4084507042253521,0.2987012987012987,0.5000000000000001,8.55873541911148,,,,,rejected_by_preregistered_metrics,,
1003,0.5,"[0.25, 0.75]",80.0,180.0,1.0,fifa_log_rank,1.5,0.0,False,zero-prevention ablation; mandatory family passed,0.3888888888888889,0.28205128205128205,0.49999999999999994,6.6655281425059805,,,,,ineligible_ablation,,
1004,0.5,"[0.25, 0.75]",80.0,180.0,1.0,fifa_log_rank,1.5,0.5,True,eligible,0.4084507042253521,0.28205128205128205,0.5,6.2776895869718325,,,,,rejected_by_preregistered_metrics,,
1005,0.5,"[0.25, 0.75]",80.0,180.0,1.0,fifa_log_rank,1.5,0.75,True,eligible,0.4084507042253521,0.2987012987012987,0.5,6.023677997298816,,,,,rejected_by_preregistered_metrics,,
1006,0.5,"[0.25, 0.75]",80.0,180.0,1.0,fifa_log_rank,2.0,0.0,False,zero-prevention ablation; mandatory family passed,0.3888888888888889,0.28205128205128205,0.5,4.930437077170156,,,,,ineligible_ablation,,
1007,0.5,"[0.25, 0.75]",80.0,180.0,1.0,fifa_log_rank,2.0,0.5,True,eligible,0.4084507042253521,0.28205128205128205,0.5,4.730581851316433,,,,,rejected_by_preregistered_metrics,,
1008,0.5,"[0.25, 0.75]",80.0,180.0,1.0,fifa_log_rank,2.0,0.75,True,eligible,0.4084507042253521,0.28205128205128205,0.5000000000000001,4.603290909271606,,,,,rejected_by_preregistered_metrics,,
1009,0.5,"[0.25, 0.75]",80.0,180.0,1.0,fifa_inverse_sqrt,1.0,0.0,False,zero-prevention ablation; mandatory family passed,0.3698630136986301,0.26582278481012656,0.5,17.256303712837262,,,,,ineligible_ablation,,
1010,0.5,"[0.25, 0.75]",80.0,180.0,1.0,fifa_inverse_sqrt,1.0,0.5,True,eligible,0.3888888888888889,0.28205128205128205,0.5,14.902048411812592,,,,,rejected_by_preregistered_metrics,,
1011,0.5,"[0.25, 0.75]",80.0,180.0,1.0,fifa_inverse_sqrt,1.0,0.75,True,eligible,0.3888888888888889,0.28205128205128205,0.5,13.114211334366964,,,,,rejected_by_preregistered_metrics,,
1012,0.5,"[0.25, 0.75]",80.0,180.0,1.0,fifa_inverse_sqrt,1.5,0.0,False,zero-prevention ablation; mandatory family passed,0.3698630136986301,0.26582278481012656,0.5,11.774623340042991,,,,,ineligible_ablation,,
1013,0.5,"[0.25, 0.75]",80.0,180.0,1.0,fifa_inverse_sqrt,1.5,0.5,True,eligible,0.3698630136986301,0.26582278481012656,0.49999999999999994,10.934636911062244,,,,,rejected_by_preregistered_metrics,,
1014,0.5,"[0.25, 0.75]",80.0,180.0,1.0,fifa_inverse_sqrt,1.5,0.75,True,eligible,0.3888888888888889,0.28205128205128205,0.5,10.163250742367463,,,,,rejected_by_preregistered_metrics,,
1015,0.5,"[0.25, 0.75]",80.0,180.0,1.0,fifa_inverse_sqrt,2.0,0.0,False,zero-prevention ablation; mandatory family passed,0.3698630136986301,0.26582278481012656,0.5,8.857074836714512,,,,,ineligible_ablation,,
1016,0.5,"[0.25, 0.75]",80.0,180.0,1.0,fifa_inverse_sqrt,2.0,0.5,True,eligible,0.3698630136986301,0.26582278481012656,0.5000000000000001,8.480146822046452,,,,,rejected_by_preregistered_metrics,,
1017,0.5,"[0.25, 0.75]",80.0,180.0,1.0,fifa_inverse_sqrt,2.0,0.75,True,eligible,0.3698630136986301,0.26582278481012656,0.5,8.104937780483619,,,,,rejected_by_preregistered_metrics,,
1018,0.5,"[0.25, 0.75]",80.0,180.0,1.0,cumulative_pre_match_xg,1.0,0.0,False,zero-prevention ablation; mandatory family passed,0.3888888888888889,0.28205128205128205,0.5,11.483604510349387,,,,,ineligible_ablation,,
1019,0.5,"[0.25, 0.75]",80.0,180.0,1.0,cumulative_pre_match_xg,1.0,0.5,True,eligible,0.4084507042253521,0.2987012987012987,0.5,10.202745569869244,,,,,rejected_by_preregistered_metrics,,
1020,0.5,"[0.25, 0.75]",80.0,180.0,1.0,cumulative_pre_match_xg,1.0,0.75,True,eligible,0.4084507042253521,0.2987012987012987,0.49999999999999983,9.355002725428248,,,,,rejected_by_preregistered_metrics,,
1021,0.5,"[0.25, 0.75]",80.0,180.0,1.0,cumulative_pre_match_xg,1.5,0.0,False,zero-prevention ablation; mandatory family passed,0.3888888888888889,0.28205128205128205,0.5,7.524064644115324,,,,,ineligible_ablation,,
1022,0.5,"[0.25, 0.75]",80.0,180.0,1.0,cumulative_pre_match_xg,1.5,0.5,True,eligible,0.3888888888888889,0.28205128205128205,0.5,7.0368626740146905,,,,,rejected_by_preregistered_metrics,,
1023,0.5,"[0.25, 0.75]",80.0,180.0,1.0,cumulative_pre_match_xg,1.5,0.75,True,eligible,0.4084507042253521,0.2987012987012987,0.5,6.707721878303765,,,,,rejected_by_preregistered_metrics,,
1024,0.5,"[0.25, 0.75]",80.0,180.0,1.0,cumulative_pre_match_xg,2.0,0.0,False,zero-prevention ablation; mandatory family passed,0.3888888888888889,0.26582278481012656,0.5,5.581850106988943,,,,,ineligible_ablation,,
1025,0.5,"[0.25, 0.75]",80.0,180.0,1.0,cumulative_pre_match_xg,2.0,0.5,True,eligible,0.3888888888888889,0.28205128205128205,0.5,5.332208838591197,,,,,rejected_by_preregistered_metrics,,
1026,0.5,"[0.25, 0.75]",80.0,180.0,1.0,cumulative_pre_match_xg,2.0,0.75,True,eligible,0.3888888888888889,0.28205128205128205,0.5,5.168068654505813,,,,,rejected_by_preregistered_metrics,,
1027,0.5,"[0.25, 0.75]",80.0,300.0,0.5,fifa_log_rank,1.0,0.0,False,zero-prevention ablation; mandatory family passed,0.4084507042253521,0.2987012987012987,0.5,10.83740722576947,,,,,ineligible_ablation,,
1028,0.5,"[0.25, 0.75]",80.0,300.0,0.5,fifa_log_rank,1.0,0.5,True,eligible,0.42857142857142855,0.2987012987012987,0.5,9.885834042531627,,,,,rejected_by_preregistered_metrics,,
1029,0.5,"[0.25, 0.75]",80.0,300.0,0.5,fifa_log_rank,1.0,0.75,True,eligible,0.42857142857142855,0.3157894736842105,0.5,9.255377897658304,,,,,rejected_by_preregistered_metrics,,
1030,0.5,"[0.25, 0.75]",80.0,300.0,0.5,fifa_log_rank,1.5,0.0,False,zero-prevention ablation; mandatory family passed,0.4084507042253521,0.2987012987012987,0.5,7.139068618149772,,,,,ineligible_ablation,,
1031,0.5,"[0.25, 0.75]",80.0,300.0,0.5,fifa_log_rank,1.5,0.5,True,eligible,0.42857142857142855,0.2987012987012987,0.5,6.778442643060453,,,,,rejected_by_preregistered_metrics,,
1032,0.5,"[0.25, 0.75]",80.0,300.0,0.5,fifa_log_rank,1.5,0.75,True,eligible,0.42857142857142855,0.3140806561859194,0.5,6.53701875814111,,,,,rejected_by_preregistered_metrics,,
1033,0.5,"[0.25, 0.75]",80.0,300.0,0.5,fifa_log_rank,2.0,0.0,False,zero-prevention ablation; mandatory family passed,0.4084507042253521,0.2987012987012987,0.49999999999999994,5.31996952720072,,,,,ineligible_ablation,,
1034,0.5,"[0.25, 0.75]",80.0,300.0,0.5,fifa_log_rank,2.0,0.5,True,eligible,0.42857142857142855,0.2987012987012987,0.5000000000000001,5.135239164354998,,,,,rejected_by_preregistered_metrics,,
1035,0.5,"[0.25, 0.75]",80.0,300.0,0.5,fifa_log_rank,2.0,0.75,True,eligible,0.42857142857142855,0.2987012987012987,0.5,5.014524307932012,,,,,rejected_by_preregistered_metrics,,
1036,0.5,"[0.25, 0.75]",80.0,300.0,0.5,fifa_inverse_sqrt,1.0,0.0,False,zero-prevention ablation; mandatory family passed,0.3888888888888889,0.2987012987012987,0.49999999999999994,17.80350646234314,,,,,ineligible_ablation,,
1037,0.5,"[0.25, 0.75]",80.0,300.0,0.5,fifa_inverse_sqrt,1.0,0.5,True,eligible,0.4084507042253521,0.28205128205128205,0.5,15.535538936285613,,,,,rejected_by_preregistered_metrics,,
1038,0.5,"[0.25, 0.75]",80.0,300.0,0.5,fifa_inverse_sqrt,1.0,0.75,True,eligible,0.4084507042253521,0.2987012987012987,0.5,13.787636611419567,,,,,rejected_by_preregistered_metrics,,
1039,0.5,"[0.25, 0.75]",80.0,300.0,0.5,fifa_inverse_sqrt,1.5,0.0,False,zero-prevention ablation; mandatory family passed,0.3888888888888889,0.28205128205128205,0.5,12.16119598257097,,,,,ineligible_ablation,,
1040,0.5,"[0.25, 0.75]",80.0,300.0,0.5,fifa_inverse_sqrt,1.5,0.5,True,eligible,0.4084507042253521,0.28205128205128205,0.5,11.354405759802296,,,,,rejected_by_preregistered_metrics,,
1041,0.5,"[0.25, 0.75]",80.0,300.0,0.5,fifa_inverse_sqrt,1.5,0.75,True,eligible,0.4084507042253521,0.2987012987012987,0.5,10.614551195636778,,,,,rejected_by_preregistered_metrics,,
1042,0.5,"[0.25, 0.75]",80.0,300.0,0.5,fifa_inverse_sqrt,2.0,0.0,False,zero-prevention ablation; mandatory family passed,0.3888888888888889,0.28205128205128205,0.5000000000000001,9.177794668972446,,,,,ineligible_ablation,,
1043,0.5,"[0.25, 0.75]",80.0,300.0,0.5,fifa_inverse_sqrt,2.0,0.5,True,eligible,0.4084507042253521,0.28205128205128205,0.5,8.809685421932137,,,,,rejected_by_preregistered_metrics,,
1044,0.5,"[0.25, 0.75]",80.0,300.0,0.5,fifa_inverse_sqrt,2.0,0.75,True,eligible,0.4084507042253521,0.28205128205128205,0.49999999999999983,8.449819338284296,,,,,rejected_by_preregistered_metrics,,
1045,0.5,"[0.25, 0.75]",80.0,300.0,0.5,cumulative_pre_match_xg,1.0,0.0,False,zero-prevention ablation; mandatory family passed,0.4084507042253521,0.2987012987012987,0.5,12.043644996019122,,,,,ineligible_ablation,,
1046,0.5,"[0.25, 0.75]",80.0,300.0,0.5,cumulative_pre_match_xg,1.0,0.5,True,eligible,0.42857142857142855,0.2987012987012987,0.49999999999999994,10.855854916333206,,,,,rejected_by_preregistered_metrics,,
1047,0.5,"[0.25, 0.75]",80.0,300.0,0.5,cumulative_pre_match_xg,1.0,0.75,True,eligible,0.42857142857142855,0.3157894736842105,0.5,10.055726802050227,,,,,rejected_by_preregistered_metrics,,
1048,0.5,"[0.25, 0.75]",80.0,300.0,0.5,cumulative_pre_match_xg,1.5,0.0,False,zero-prevention ablation; mandatory family passed,0.4084507042253521,0.2987012987012987,0.5,7.976193253037213,,,,,ineligible_ablation,,
1049,0.5,"[0.25, 0.75]",80.0,300.0,0.5,cumulative_pre_match_xg,1.5,0.5,True,eligible,0.42857142857142855,0.2987012987012987,0.49999999999999994,7.527436031530921,,,,,rejected_by_preregistered_metrics,,
1050,0.5,"[0.25, 0.75]",80.0,300.0,0.5,cumulative_pre_match_xg,1.5,0.75,True,eligible,0.42857142857142855,0.2987012987012987,0.5,7.217474987037398,,,,,rejected_by_preregistered_metrics,,
1051,0.5,"[0.25, 0.75]",80.0,300.0,0.5,cumulative_pre_match_xg,2.0,0.0,False,zero-prevention ablation; mandatory family passed,0.4185110663983903,0.2987012987012987,0.5000000000000001,5.958068007061113,,,,,ineligible_ablation,,
1052,0.5,"[0.25, 0.75]",80.0,300.0,0.5,cumulative_pre_match_xg,2.0,0.5,True,eligible,0.4084507042253521,0.2987012987012987,0.5,5.730100031416879,,,,,rejected_by_preregistered_metrics,,
1053,0.5,"[0.25, 0.75]",80.0,300.0,0.5,cumulative_pre_match_xg,2.0,0.75,True,eligible,0.4185110663983903,0.2987012987012987,0.5,5.575779762968193,,,,,rejected_by_preregistered_metrics,,
1054,0.5,"[0.25, 0.75]",80.0,300.0,1.0,fifa_log_rank,1.0,0.0,False,zero-prevention ablation; mandatory family passed,0.3888888888888889,0.28205128205128205,0.5,12.58892299475311,,,,,ineligible_ablation,,
1055,0.5,"[0.25, 0.75]",80.0,300.0,1.0,fifa_log_rank,1.0,0.5,True,eligible,0.42857142857142855,0.2987012987012987,0.5,11.300287178024817,,,,,rejected_by_preregistered_metrics,,
1056,0.5,"[0.25, 0.75]",80.0,300.0,1.0,fifa_log_rank,1.0,0.75,True,eligible,0.4084507042253521,0.2987012987012987,0.5,10.48107169633237,,,,,rejected_by_preregistered_metrics,,
1057,0.5,"[0.25, 0.75]",80.0,300.0,1.0,fifa_log_rank,1.5,0.0,False,zero-prevention ablation; mandatory family passed,0.4084507042253521,0.28205128205128205,0.5000000000000001,8.169148022154607,,,,,ineligible_ablation,,
1058,0.5,"[0.25, 0.75]",80.0,300.0,1.0,fifa_log_rank,1.5,0.5,True,eligible,0.4084507042253521,0.29703629703629714,0.5,7.674388679960043,,,,,rejected_by_preregistered_metrics,,
1059,0.5,"[0.25, 0.75]",80.0,300.0,1.0,fifa_log_rank,1.5,0.75,True,eligible,0.4084507042253521,0.28205128205128205,0.5,7.358301871839889,,,,,rejected_by_preregistered_metrics,,
1060,0.5,"[0.25, 0.75]",80.0,300.0,1.0,fifa_log_rank,2.0,0.0,False,zero-prevention ablation; mandatory family passed,0.4084507042253521,0.28205128205128205,0.49999999999999994,6.032443365241464,,,,,ineligible_ablation,,
1061,0.5,"[0.25, 0.75]",80.0,300.0,1.0,fifa_log_rank,2.0,0.5,True,eligible,0.4084507042253521,0.28205128205128205,0.49999999999999994,5.775840922441749,,,,,rejected_by_preregistered_metrics,,
1062,0.5,"[0.25, 0.75]",80.0,300.0,1.0,fifa_log_rank,2.0,0.75,True,eligible,0.4084507042253521,0.28205128205128205,0.49999999999999994,5.616631581618417,,,,,rejected_by_preregistered_metrics,,
1063,0.5,"[0.25, 0.75]",80.0,300.0,1.0,fifa_inverse_sqrt,1.0,0.0,False,zero-prevention ablation; mandatory family passed,0.3698630136986301,0.28205128205128205,0.5,21.59719895110919,,,,,ineligible_ablation,,
1064,0.5,"[0.25, 0.75]",80.0,300.0,1.0,fifa_inverse_sqrt,1.0,0.5,True,eligible,0.3888888888888889,0.28205128205128205,0.49999999999999994,18.578605574540155,,,,,rejected_by_preregistered_metrics,,
1065,0.5,"[0.25, 0.75]",80.0,300.0,1.0,fifa_inverse_sqrt,1.0,0.75,True,eligible,0.4084507042253521,0.2987012987012987,0.5,16.30552414659181,,,,,rejected_by_preregistered_metrics,,
1066,0.5,"[0.25, 0.75]",80.0,300.0,1.0,fifa_inverse_sqrt,1.5,0.0,False,zero-prevention ablation; mandatory family passed,0.3698630136986301,0.26582278481012656,0.5,14.65491825092041,,,,,ineligible_ablation,,
1067,0.5,"[0.25, 0.75]",80.0,300.0,1.0,fifa_inverse_sqrt,1.5,0.5,True,eligible,0.3888888888888889,0.26582278481012656,0.5,13.592616267791323,,,,,rejected_by_preregistered_metrics,,
1068,0.5,"[0.25, 0.75]",80.0,300.0,1.0,fifa_inverse_sqrt,1.5,0.75,True,eligible,0.3888888888888889,0.28205128205128205,0.49999999999999994,12.621491573980078,,,,,rejected_by_preregistered_metrics,,
1069,0.5,"[0.25, 0.75]",80.0,300.0,1.0,fifa_inverse_sqrt,2.0,0.0,False,zero-prevention ablation; mandatory family passed,0.3698630136986301,0.26582278481012656,0.5,10.993101374774698,,,,,ineligible_ablation,,
1070,0.5,"[0.25, 0.75]",80.0,300.0,1.0,fifa_inverse_sqrt,2.0,0.5,True,eligible,0.3698630136986301,0.26582278481012656,0.49999999999999994,10.518408608566347,,,,,rejected_by_preregistered_metrics,,
1071,0.5,"[0.25, 0.75]",80.0,300.0,1.0,fifa_inverse_sqrt,2.0,0.75,True,eligible,0.3888888888888889,0.26582278481012656,0.5,10.049483070777596,,,,,rejected_by_preregistered_metrics,,
1072,0.5,"[0.25, 0.75]",80.0,300.0,1.0,cumulative_pre_match_xg,1.0,0.0,False,zero-prevention ablation; mandatory family passed,0.4084507042253521,0.28205128205128205,0.5,14.155198791969358,,,,,ineligible_ablation,,
1073,0.5,"[0.25, 0.75]",80.0,300.0,1.0,cumulative_pre_match_xg,1.0,0.5,True,eligible,0.4084507042253521,0.2987012987012987,0.5,12.540792584844478,,,,,rejected_by_preregistered_metrics,,
1074,0.5,"[0.25, 0.75]",80.0,300.0,1.0,cumulative_pre_match_xg,1.0,0.75,True,eligible,0.4084507042253521,0.3140806561859194,0.5,11.48882234750855,,,,,rejected_by_preregistered_metrics,,
1075,0.5,"[0.25, 0.75]",80.0,300.0,1.0,cumulative_pre_match_xg,1.5,0.0,False,zero-prevention ablation; mandatory family passed,0.4084507042253521,0.28205128205128205,0.5,9.242633301007467,,,,,ineligible_ablation,,
1076,0.5,"[0.25, 0.75]",80.0,300.0,1.0,cumulative_pre_match_xg,1.5,0.5,True,eligible,0.4084507042253521,0.2987012987012987,0.5,8.627249814576905,,,,,rejected_by_preregistered_metrics,,
1077,0.5,"[0.25, 0.75]",80.0,300.0,1.0,cumulative_pre_match_xg,1.5,0.75,True,eligible,0.4084507042253521,0.2987012987012987,0.5,8.22009161335896,,,,,rejected_by_preregistered_metrics,,
1078,0.5,"[0.25, 0.75]",80.0,300.0,1.0,cumulative_pre_match_xg,2.0,0.0,False,zero-prevention ablation; mandatory family passed,0.4084507042253521,0.28205128205128205,0.5000000000000001,6.847595485456075,,,,,ineligible_ablation,,
1079,0.5,"[0.25, 0.75]",80.0,300.0,1.0,cumulative_pre_match_xg,2.0,0.5,True,eligible,0.4084507042253521,0.2987012987012987,0.5,6.530205214323254,,,,,rejected_by_preregistered_metrics,,
1080,0.5,"[0.25, 0.75]",80.0,300.0,1.0,cumulative_pre_match_xg,2.0,0.75,True,eligible,0.4084507042253521,0.2987012987012987,0.5,6.326455909295453,,,,,rejected_by_preregistered_metrics,,
1081,0.5,"[0.3, 0.7]",40.0,180.0,0.5,fifa_log_rank,1.0,0.0,False,zero-prevention ablation; mandatory family passed,0.3888888888888889,0.28205128205128205,0.5000000000000001,9.021796107398563,,,,,ineligible_ablation,,
1082,0.5,"[0.3, 0.7]",40.0,180.0,0.5,fifa_log_rank,1.0,0.5,True,eligible,0.4084507042253521,0.2987012987012987,0.5,8.240916702617739,,,,,rejected_by_preregistered_metrics,,
1083,0.5,"[0.3, 0.7]",40.0,180.0,0.5,fifa_log_rank,1.0,0.75,True,eligible,0.4185110663983903,0.2987012987012987,0.5,7.714525513399594,,,,,rejected_by_preregistered_metrics,,
1084,0.5,"[0.3, 0.7]",40.0,180.0,0.5,fifa_log_rank,1.5,0.0,False,zero-prevention ablation; mandatory family passed,0.4084507042253521,0.28205128205128205,0.5,5.9579486178257985,,,,,ineligible_ablation,,
1085,0.5,"[0.3, 0.7]",40.0,180.0,0.5,fifa_log_rank,1.5,0.5,True,eligible,0.4084507042253521,0.28205128205128205,0.5,5.663068384079487,,,,,rejected_by_preregistered_metrics,,
1086,0.5,"[0.3, 0.7]",40.0,180.0,0.5,fifa_log_rank,1.5,0.75,True,eligible,0.4084507042253521,0.28205128205128205,0.5,5.4614348233329775,,,,,rejected_by_preregistered_metrics,,
1087,0.5,"[0.3, 0.7]",40.0,180.0,0.5,fifa_log_rank,2.0,0.0,False,zero-prevention ablation; mandatory family passed,0.4084507042253521,0.28205128205128205,0.5,4.44427162156197,,,,,ineligible_ablation,,
1088,0.5,"[0.3, 0.7]",40.0,180.0,0.5,fifa_log_rank,2.0,0.5,True,eligible,0.4084507042253521,0.28205128205128205,0.5,4.294012127982409,,,,,rejected_by_preregistered_metrics,,
1089,0.5,"[0.3, 0.7]",40.0,180.0,0.5,fifa_log_rank,2.0,0.75,True,eligible,0.4084507042253521,0.28205128205128205,0.5,4.193574338103294,,,,,rejected_by_preregistered_metrics,,
1090,0.5,"[0.3, 0.7]",40.0,180.0,0.5,fifa_inverse_sqrt,1.0,0.0,False,zero-prevention ablation; mandatory family passed,0.3888888888888889,0.28205128205128205,0.5,14.675000660653067,,,,,ineligible_ablation,,
1091,0.5,"[0.3, 0.7]",40.0,180.0,0.5,fifa_inverse_sqrt,1.0,0.5,True,eligible,0.3888888888888889,0.28205128205128205,0.5,12.822749051531806,,,,,rejected_by_preregistered_metrics,,
1092,0.5,"[0.3, 0.7]",40.0,180.0,0.5,fifa_inverse_sqrt,1.0,0.75,True,eligible,0.3888888888888889,0.2987012987012987,0.5,11.387817086420519,,,,,rejected_by_preregistered_metrics,,
1093,0.5,"[0.3, 0.7]",40.0,180.0,0.5,fifa_inverse_sqrt,1.5,0.0,False,zero-prevention ablation; mandatory family passed,0.3888888888888889,0.26582278481012656,0.5,10.058517994545486,,,,,ineligible_ablation,,
1094,0.5,"[0.3, 0.7]",40.0,180.0,0.5,fifa_inverse_sqrt,1.5,0.5,True,eligible,0.3888888888888889,0.28205128205128205,0.5,9.394583597681448,,,,,rejected_by_preregistered_metrics,,
1095,0.5,"[0.3, 0.7]",40.0,180.0,0.5,fifa_inverse_sqrt,1.5,0.75,True,eligible,0.3888888888888889,0.28205128205128205,0.5,8.78237841654143,,,,,rejected_by_preregistered_metrics,,
1096,0.5,"[0.3, 0.7]",40.0,180.0,0.5,fifa_inverse_sqrt,2.0,0.0,False,zero-prevention ablation; mandatory family passed,0.3888888888888889,0.28205128205128205,0.5,7.603573932508605,,,,,ineligible_ablation,,
1097,0.5,"[0.3, 0.7]",40.0,180.0,0.5,fifa_inverse_sqrt,2.0,0.5,True,eligible,0.3888888888888889,0.26582278481012656,0.5,7.300222276303964,,,,,rejected_by_preregistered_metrics,,
1098,0.5,"[0.3, 0.7]",40.0,180.0,0.5,fifa_inverse_sqrt,2.0,0.75,True,eligible,0.3888888888888889,0.28205128205128205,0.5,7.000991261758815,,,,,rejected_by_preregistered_metrics,,
1099,0.5,"[0.3, 0.7]",40.0,180.0,0.5,cumulative_pre_match_xg,1.0,0.0,False,zero-prevention ablation; mandatory family passed,0.4084507042253521,0.28205128205128205,0.5,10.01518591063699,,,,,ineligible_ablation,,
1100,0.5,"[0.3, 0.7]",40.0,180.0,0.5,cumulative_pre_match_xg,1.0,0.5,True,eligible,0.4084507042253521,0.2987012987012987,0.5,9.034487312608567,,,,,rejected_by_preregistered_metrics,,
1101,0.5,"[0.3, 0.7]",40.0,180.0,0.5,cumulative_pre_match_xg,1.0,0.75,True,eligible,0.4084507042253521,0.2987012987012987,0.5,8.36570612412446,,,,,rejected_by_preregistered_metrics,,
1102,0.5,"[0.3, 0.7]",40.0,180.0,0.5,cumulative_pre_match_xg,1.5,0.0,False,zero-prevention ablation; mandatory family passed,0.4084507042253521,0.28205128205128205,0.5,6.647400100514011,,,,,ineligible_ablation,,
1103,0.5,"[0.3, 0.7]",40.0,180.0,0.5,cumulative_pre_match_xg,1.5,0.5,True,eligible,0.4084507042253521,0.29703629703629714,0.5000000000000001,6.277602007942885,,,,,rejected_by_preregistered_metrics,,
1104,0.5,"[0.3, 0.7]",40.0,180.0,0.5,cumulative_pre_match_xg,1.5,0.75,True,eligible,0.4084507042253521,0.29703629703629714,0.5,6.017764535119834,,,,,rejected_by_preregistered_metrics,,
1105,0.5,"[0.3, 0.7]",40.0,180.0,0.5,cumulative_pre_match_xg,2.0,0.0,False,zero-prevention ablation; mandatory family passed,0.4084507042253521,0.28205128205128205,0.5,4.969457424167954,,,,,ineligible_ablation,,
1106,0.5,"[0.3, 0.7]",40.0,180.0,0.5,cumulative_pre_match_xg,2.0,0.5,True,eligible,0.4084507042253521,0.28205128205128205,0.5,4.7824832029438555,,,,,rejected_by_preregistered_metrics,,
1107,0.5,"[0.3, 0.7]",40.0,180.0,0.5,cumulative_pre_match_xg,2.0,0.75,True,eligible,0.4084507042253521,0.2987012987012987,0.5000000000000001,4.653412363006861,,,,,rejected_by_preregistered_metrics,,
1108,0.5,"[0.3, 0.7]",40.0,180.0,1.0,fifa_log_rank,1.0,0.0,False,zero-prevention ablation; mandatory family passed,0.3888888888888889,0.28205128205128205,0.5,10.371275039945377,,,,,ineligible_ablation,,
1109,0.5,"[0.3, 0.7]",40.0,180.0,1.0,fifa_log_rank,1.0,0.5,True,eligible,0.4084507042253521,0.2987012987012987,0.5,9.339167721596395,,,,,rejected_by_preregistered_metrics,,
1110,0.5,"[0.3, 0.7]",40.0,180.0,1.0,fifa_log_rank,1.0,0.75,True,eligible,0.4084507042253521,0.2987012987012987,0.5,8.67078083437669,,,,,rejected_by_preregistered_metrics,,
1111,0.5,"[0.3, 0.7]",40.0,180.0,1.0,fifa_log_rank,1.5,0.0,False,zero-prevention ablation; mandatory family passed,0.3888888888888889,0.28205128205128205,0.5,6.756251436104034,,,,,ineligible_ablation,,
1112,0.5,"[0.3, 0.7]",40.0,180.0,1.0,fifa_log_rank,1.5,0.5,True,eligible,0.4084507042253521,0.2987012987012987,0.5,6.360936803237058,,,,,rejected_by_preregistered_metrics,,
1113,0.5,"[0.3, 0.7]",40.0,180.0,1.0,fifa_log_rank,1.5,0.75,True,eligible,0.4084507042253521,0.2987012987012987,0.5,6.102791132752339,,,,,rejected_by_preregistered_metrics,,
1114,0.5,"[0.3, 0.7]",40.0,180.0,1.0,fifa_log_rank,2.0,0.0,False,zero-prevention ablation; mandatory family passed,0.3888888888888889,0.28205128205128205,0.5,4.997865329359528,,,,,ineligible_ablation,,
1115,0.5,"[0.3, 0.7]",40.0,180.0,1.0,fifa_log_rank,2.0,0.5,True,eligible,0.4084507042253521,0.28205128205128205,0.5,4.7938682635644705,,,,,rejected_by_preregistered_metrics,,
1116,0.5,"[0.3, 0.7]",40.0,180.0,1.0,fifa_log_rank,2.0,0.75,True,eligible,0.4084507042253521,0.28205128205128205,0.5,4.6643025403650356,,,,,rejected_by_preregistered_metrics,,
1117,0.5,"[0.3, 0.7]",40.0,180.0,1.0,fifa_inverse_sqrt,1.0,0.0,False,zero-prevention ablation; mandatory family passed,0.3698630136986301,0.26582278481012656,0.5,17.553244745787026,,,,,ineligible_ablation,,
1118,0.5,"[0.3, 0.7]",40.0,180.0,1.0,fifa_inverse_sqrt,1.0,0.5,True,eligible,0.3888888888888889,0.2804284323271666,0.5,15.144707240957972,,,,,rejected_by_preregistered_metrics,,
1119,0.5,"[0.3, 0.7]",40.0,180.0,1.0,fifa_inverse_sqrt,1.0,0.75,True,eligible,0.3888888888888889,0.28205128205128205,0.5,13.320108390196623,,,,,rejected_by_preregistered_metrics,,
1120,0.5,"[0.3, 0.7]",40.0,180.0,1.0,fifa_inverse_sqrt,1.5,0.0,False,zero-prevention ablation; mandatory family passed,0.3698630136986301,0.26582278481012656,0.5,11.964553943101729,,,,,ineligible_ablation,,
1121,0.5,"[0.3, 0.7]",40.0,180.0,1.0,fifa_inverse_sqrt,1.5,0.5,True,eligible,0.3698630136986301,0.26582278481012656,0.5,11.106668436571235,,,,,rejected_by_preregistered_metrics,,
1122,0.5,"[0.3, 0.7]",40.0,180.0,1.0,fifa_inverse_sqrt,1.5,0.75,True,eligible,0.3888888888888889,0.26582278481012656,0.49999999999999983,10.320248964193853,,,,,rejected_by_preregistered_metrics,,
1123,0.5,"[0.3, 0.7]",40.0,180.0,1.0,fifa_inverse_sqrt,2.0,0.0,False,zero-prevention ablation; mandatory family passed,0.3698630136986301,0.26582278481012656,0.5,8.996870899826822,,,,,ineligible_ablation,,
1124,0.5,"[0.3, 0.7]",40.0,180.0,1.0,fifa_inverse_sqrt,2.0,0.5,True,eligible,0.3698630136986301,0.26582278481012656,0.49999999999999994,8.611522378705404,,,,,rejected_by_preregistered_metrics,,
1125,0.5,"[0.3, 0.7]",40.0,180.0,1.0,fifa_inverse_sqrt,2.0,0.75,True,eligible,0.3698630136986301,0.26582278481012656,0.5,8.229004716305889,,,,,rejected_by_preregistered_metrics,,
1126,0.5,"[0.3, 0.7]",40.0,180.0,1.0,cumulative_pre_match_xg,1.0,0.0,False,zero-prevention ablation; mandatory family passed,0.3888888888888889,0.28205128205128205,0.5000000000000001,11.639481965446238,,,,,ineligible_ablation,,
1127,0.5,"[0.3, 0.7]",40.0,180.0,1.0,cumulative_pre_match_xg,1.0,0.5,True,eligible,0.3888888888888889,0.2987012987012987,0.5,10.339389514130355,,,,,rejected_by_preregistered_metrics,,
1128,0.5,"[0.3, 0.7]",40.0,180.0,1.0,cumulative_pre_match_xg,1.0,0.75,True,eligible,0.4084507042253521,0.2987012987012987,0.5,9.480237292424635,,,,,rejected_by_preregistered_metrics,,
1129,0.5,"[0.3, 0.7]",40.0,180.0,1.0,cumulative_pre_match_xg,1.5,0.0,False,zero-prevention ablation; mandatory family passed,0.3888888888888889,0.2804284323271666,0.5,7.626720224705478,,,,,ineligible_ablation,,
1130,0.5,"[0.3, 0.7]",40.0,180.0,1.0,cumulative_pre_match_xg,1.5,0.5,True,eligible,0.39866979655712054,0.2987012987012987,0.5,7.131890951434363,,,,,rejected_by_preregistered_metrics,,
1131,0.5,"[0.3, 0.7]",40.0,180.0,1.0,cumulative_pre_match_xg,1.5,0.75,True,eligible,0.4084507042253521,0.28205128205128205,0.5,6.798034661097076,,,,,rejected_by_preregistered_metrics,,
1132,0.5,"[0.3, 0.7]",40.0,180.0,1.0,cumulative_pre_match_xg,2.0,0.0,False,zero-prevention ablation; mandatory family passed,0.3888888888888889,0.26582278481012656,0.5,5.658707398284943,,,,,ineligible_ablation,,
1133,0.5,"[0.3, 0.7]",40.0,180.0,1.0,cumulative_pre_match_xg,2.0,0.5,True,eligible,0.3888888888888889,0.26582278481012656,0.5,5.404888744843902,,,,,rejected_by_preregistered_metrics,,
1134,0.5,"[0.3, 0.7]",40.0,180.0,1.0,cumulative_pre_match_xg,2.0,0.75,True,eligible,0.3888888888888889,0.28205128205128205,0.5,5.238246895034058,,,,,rejected_by_preregistered_metrics,,
1135,0.5,"[0.3, 0.7]",40.0,300.0,0.5,fifa_log_rank,1.0,0.0,False,zero-prevention ablation; mandatory family passed,0.4084507042253521,0.2987012987012987,0.5,10.979372269060157,,,,,ineligible_ablation,,
1136,0.5,"[0.3, 0.7]",40.0,300.0,0.5,fifa_log_rank,1.0,0.5,True,eligible,0.42857142857142855,0.2987012987012987,0.5,10.012426516483366,,,,,rejected_by_preregistered_metrics,,
1137,0.5,"[0.3, 0.7]",40.0,300.0,0.5,fifa_log_rank,1.0,0.75,True,eligible,0.42857142857142855,0.3157894736842105,0.5,9.373239058999689,,,,,rejected_by_preregistered_metrics,,
1138,0.5,"[0.3, 0.7]",40.0,300.0,0.5,fifa_log_rank,1.5,0.0,False,zero-prevention ablation; mandatory family passed,0.4084507042253521,0.2987012987012987,0.5,7.231022232047277,,,,,ineligible_ablation,,
1139,0.5,"[0.3, 0.7]",40.0,300.0,0.5,fifa_log_rank,1.5,0.5,True,eligible,0.42857142857142855,0.2987012987012987,0.5,6.863936664275426,,,,,rejected_by_preregistered_metrics,,
1140,0.5,"[0.3, 0.7]",40.0,300.0,0.5,fifa_log_rank,1.5,0.75,True,eligible,0.42857142857142855,0.2987012987012987,0.5,6.618817456227603,,,,,rejected_by_preregistered_metrics,,
1141,0.5,"[0.3, 0.7]",40.0,300.0,0.5,fifa_log_rank,2.0,0.0,False,zero-prevention ablation; mandatory family passed,0.4084507042253521,0.29703629703629714,0.5,5.3880060204196,,,,,ineligible_ablation,,
1142,0.5,"[0.3, 0.7]",40.0,300.0,0.5,fifa_log_rank,2.0,0.5,True,eligible,0.42857142857142855,0.2987012987012987,0.5000000000000001,5.199719113870891,,,,,rejected_by_preregistered_metrics,,
1143,0.5,"[0.3, 0.7]",40.0,300.0,0.5,fifa_log_rank,2.0,0.75,True,eligible,0.42857142857142855,0.2987012987012987,0.5,5.077001028701764,,,,,rejected_by_preregistered_metrics,,
1144,0.5,"[0.3, 0.7]",40.0,300.0,0.5,fifa_inverse_sqrt,1.0,0.0,False,zero-prevention ablation; mandatory family passed,0.3888888888888889,0.28205128205128205,0.5,18.083164456826484,,,,,ineligible_ablation,,
1145,0.5,"[0.3, 0.7]",40.0,300.0,0.5,fifa_inverse_sqrt,1.0,0.5,True,eligible,0.4084507042253521,0.2987012987012987,0.5,15.770618703838675,,,,,rejected_by_preregistered_metrics,,
1146,0.5,"[0.3, 0.7]",40.0,300.0,0.5,fifa_inverse_sqrt,1.0,0.75,True,eligible,0.4084507042253521,0.2987012987012987,0.49999999999999994,13.990302511759253,,,,,rejected_by_preregistered_metrics,,
1147,0.5,"[0.3, 0.7]",40.0,300.0,0.5,fifa_inverse_sqrt,1.5,0.0,False,zero-prevention ablation; mandatory family passed,0.3888888888888889,0.28205128205128205,0.5,12.341866241836911,,,,,ineligible_ablation,,
1148,0.5,"[0.3, 0.7]",40.0,300.0,0.5,fifa_inverse_sqrt,1.5,0.5,True,eligible,0.4084507042253521,0.28205128205128205,0.5000000000000001,11.519675312914758,,,,,rejected_by_preregistered_metrics,,
1149,0.5,"[0.3, 0.7]",40.0,300.0,0.5,fifa_inverse_sqrt,1.5,0.75,True,eligible,0.4084507042253521,0.28205128205128205,0.5,10.766570805986715,,,,,rejected_by_preregistered_metrics,,
1150,0.5,"[0.3, 0.7]",40.0,300.0,0.5,fifa_inverse_sqrt,2.0,0.0,False,zero-prevention ablation; mandatory family passed,0.3888888888888889,0.28205128205128205,0.5,9.311056361455195,,,,,ineligible_ablation,,
1151,0.5,"[0.3, 0.7]",40.0,300.0,0.5,fifa_inverse_sqrt,2.0,0.5,True,eligible,0.4084507042253521,0.28205128205128205,0.49999999999999994,8.935540836935767,,,,,rejected_by_preregistered_metrics,,
1152,0.5,"[0.3, 0.7]",40.0,300.0,0.5,fifa_inverse_sqrt,2.0,0.75,True,eligible,0.4084507042253521,0.28205128205128205,0.5000000000000001,8.569194002703775,,,,,rejected_by_preregistered_metrics,,
1153,0.5,"[0.3, 0.7]",40.0,300.0,0.5,cumulative_pre_match_xg,1.0,0.0,False,zero-prevention ablation; mandatory family passed,0.4084507042253521,0.2987012987012987,0.5,12.201218098598654,,,,,ineligible_ablation,,
1154,0.5,"[0.3, 0.7]",40.0,300.0,0.5,cumulative_pre_match_xg,1.0,0.5,True,eligible,0.42857142857142855,0.2987012987012987,0.5,10.99647733628493,,,,,rejected_by_preregistered_metrics,,
1155,0.5,"[0.3, 0.7]",40.0,300.0,0.5,cumulative_pre_match_xg,1.0,0.75,True,eligible,0.42857142857142855,0.3157894736842105,0.5,10.185830918091494,,,,,rejected_by_preregistered_metrics,,
1156,0.5,"[0.3, 0.7]",40.0,300.0,0.5,cumulative_pre_match_xg,1.5,0.0,False,zero-prevention ablation; mandatory family passed,0.4084507042253521,0.2987012987012987,0.5,8.079350927821446,,,,,ineligible_ablation,,
1157,0.5,"[0.3, 0.7]",40.0,300.0,0.5,cumulative_pre_match_xg,1.5,0.5,True,eligible,0.4084507042253521,0.2987012987012987,0.5,7.623635771004251,,,,,rejected_by_preregistered_metrics,,
1158,0.5,"[0.3, 0.7]",40.0,300.0,0.5,cumulative_pre_match_xg,1.5,0.75,True,eligible,0.42857142857142855,0.2987012987012987,0.5,7.309312867071613,,,,,rejected_by_preregistered_metrics,,
1159,0.5,"[0.3, 0.7]",40.0,300.0,0.5,cumulative_pre_match_xg,2.0,0.0,False,zero-prevention ablation; mandatory family passed,0.4084507042253521,0.2987012987012987,0.5,6.034811941852375,,,,,ineligible_ablation,,
1160,0.5,"[0.3, 0.7]",40.0,300.0,0.5,cumulative_pre_match_xg,2.0,0.5,True,eligible,0.4084507042253521,0.2987012987012987,0.5,5.80304398147541,,,,,rejected_by_preregistered_metrics,,
1161,0.5,"[0.3, 0.7]",40.0,300.0,0.5,cumulative_pre_match_xg,2.0,0.75,True,eligible,0.4084507042253521,0.2987012987012987,0.5,5.64640950540764,,,,,rejected_by_preregistered_metrics,,
1162,0.5,"[0.3, 0.7]",40.0,300.0,1.0,fifa_log_rank,1.0,0.0,False,zero-prevention ablation; mandatory family passed,0.3888888888888889,0.2987012987012987,0.5,12.746922736568228,,,,,ineligible_ablation,,
1163,0.5,"[0.3, 0.7]",40.0,300.0,1.0,fifa_log_rank,1.0,0.5,True,eligible,0.4084507042253521,0.2987012987012987,0.5000000000000001,11.43828276575355,,,,,rejected_by_preregistered_metrics,,
1164,0.5,"[0.3, 0.7]",40.0,300.0,1.0,fifa_log_rank,1.0,0.75,True,eligible,0.4084507042253521,0.2987012987012987,0.5,10.608663398155164,,,,,rejected_by_preregistered_metrics,,
1165,0.5,"[0.3, 0.7]",40.0,300.0,1.0,fifa_log_rank,1.5,0.0,False,zero-prevention ablation; mandatory family passed,0.3888888888888889,0.28205128205128205,0.5,8.27270233053643,,,,,ineligible_ablation,,
1166,0.5,"[0.3, 0.7]",40.0,300.0,1.0,fifa_log_rank,1.5,0.5,True,eligible,0.4084507042253521,0.29703629703629714,0.5,7.769484471287724,,,,,rejected_by_preregistered_metrics,,
1167,0.5,"[0.3, 0.7]",40.0,300.0,1.0,fifa_log_rank,1.5,0.75,True,eligible,0.4084507042253521,0.2987012987012987,0.5,7.448769519076168,,,,,rejected_by_preregistered_metrics,,
1168,0.5,"[0.3, 0.7]",40.0,300.0,1.0,fifa_log_rank,2.0,0.0,False,zero-prevention ablation; mandatory family passed,0.39866979655712054,0.28205128205128205,0.5,6.109714346705591,,,,,ineligible_ablation,,
1169,0.5,"[0.3, 0.7]",40.0,300.0,1.0,fifa_log_rank,2.0,0.5,True,eligible,0.4084507042253521,0.28205128205128205,0.5,5.848376413058869,,,,,rejected_by_preregistered_metrics,,
1170,0.5,"[0.3, 0.7]",40.0,300.0,1.0,fifa_log_rank,2.0,0.75,True,eligible,0.4084507042253521,0.28205128205128205,0.5,5.686589114973767,,,,,rejected_by_preregistered_metrics,,
1171,0.5,"[0.3, 0.7]",40.0,300.0,1.0,fifa_inverse_sqrt,1.0,0.0,False,zero-prevention ablation; mandatory family passed,0.3698630136986301,0.26582278481012656,0.49999999999999994,21.939237384502164,,,,,ineligible_ablation,,
1172,0.5,"[0.3, 0.7]",40.0,300.0,1.0,fifa_inverse_sqrt,1.0,0.5,True,eligible,0.3888888888888889,0.28205128205128205,0.5,18.86014705184629,,,,,rejected_by_preregistered_metrics,,
1173,0.5,"[0.3, 0.7]",40.0,300.0,1.0,fifa_inverse_sqrt,1.0,0.75,True,eligible,0.4084507042253521,0.2987012987012987,0.5,16.54496695710058,,,,,rejected_by_preregistered_metrics,,
1174,0.5,"[0.3, 0.7]",40.0,300.0,1.0,fifa_inverse_sqrt,1.5,0.0,False,zero-prevention ablation; mandatory family passed,0.3698630136986301,0.26582278481012656,0.5,14.874921534458476,,,,,ineligible_ablation,,
1175,0.5,"[0.3, 0.7]",40.0,300.0,1.0,fifa_inverse_sqrt,1.5,0.5,True,eligible,0.3888888888888889,0.26582278481012656,0.5,13.792858106106243,,,,,rejected_by_preregistered_metrics,,
1176,0.5,"[0.3, 0.7]",40.0,300.0,1.0,fifa_inverse_sqrt,1.5,0.75,True,eligible,0.3888888888888889,0.28205128205128205,0.5,12.804639144561309,,,,,rejected_by_preregistered_metrics,,
1177,0.5,"[0.3, 0.7]",40.0,300.0,1.0,fifa_inverse_sqrt,2.0,0.0,False,zero-prevention ablation; mandatory family passed,0.3698630136986301,0.26582278481012656,0.5,11.155710984046921,,,,,ineligible_ablation,,
1178,0.5,"[0.3, 0.7]",40.0,300.0,1.0,fifa_inverse_sqrt,2.0,0.5,True,eligible,0.3698630136986301,0.26582278481012656,0.5,10.671673648698592,,,,,rejected_by_preregistered_metrics,,
1179,0.5,"[0.3, 0.7]",40.0,300.0,1.0,fifa_inverse_sqrt,2.0,0.75,True,eligible,0.3888888888888889,0.26582278481012656,0.5,10.194465418167356,,,,,rejected_by_preregistered_metrics,,
1180,0.5,"[0.3, 0.7]",40.0,300.0,1.0,cumulative_pre_match_xg,1.0,0.0,False,zero-prevention ablation; mandatory family passed,0.39866979655712054,0.28205128205128205,0.5,14.332396198468638,,,,,ineligible_ablation,,
1181,0.5,"[0.3, 0.7]",40.0,300.0,1.0,cumulative_pre_match_xg,1.0,0.5,True,eligible,0.4084507042253521,0.2987012987012987,0.5,12.697169921481743,,,,,rejected_by_preregistered_metrics,,
1182,0.5,"[0.3, 0.7]",40.0,300.0,1.0,cumulative_pre_match_xg,1.0,0.75,True,eligible,0.4084507042253521,0.2987012987012987,0.5,11.632680917112685,,,,,rejected_by_preregistered_metrics,,
1183,0.5,"[0.3, 0.7]",40.0,300.0,1.0,cumulative_pre_match_xg,1.5,0.0,False,zero-prevention ablation; mandatory family passed,0.39866979655712054,0.28205128205128205,0.5,9.360480069814805,,,,,ineligible_ablation,,
1184,0.5,"[0.3, 0.7]",40.0,300.0,1.0,cumulative_pre_match_xg,1.5,0.5,True,eligible,0.4084507042253521,0.2987012987012987,0.5,8.736662781967588,,,,,rejected_by_preregistered_metrics,,
1185,0.5,"[0.3, 0.7]",40.0,300.0,1.0,cumulative_pre_match_xg,1.5,0.75,True,eligible,0.4084507042253521,0.2987012987012987,0.5000000000000001,8.324246475243005,,,,,rejected_by_preregistered_metrics,,
1186,0.5,"[0.3, 0.7]",40.0,300.0,1.0,cumulative_pre_match_xg,2.0,0.0,False,zero-prevention ablation; mandatory family passed,0.4084507042253521,0.28205128205128205,0.5,6.93619190025901,,,,,ineligible_ablation,,
1187,0.5,"[0.3, 0.7]",40.0,300.0,1.0,cumulative_pre_match_xg,2.0,0.5,True,eligible,0.4084507042253521,0.2987012987012987,0.5000000000000001,6.614127446436792,,,,,rejected_by_preregistered_metrics,,
1188,0.5,"[0.3, 0.7]",40.0,300.0,1.0,cumulative_pre_match_xg,2.0,0.75,True,eligible,0.4084507042253521,0.28205128205128205,0.5,6.407569307852819,,,,,rejected_by_preregistered_metrics,,
1189,0.5,"[0.3, 0.7]",80.0,180.0,0.5,fifa_log_rank,1.0,0.0,False,zero-prevention ablation; mandatory family passed,0.4084507042253521,0.28205128205128205,0.49999999999999994,8.53908635869363,,,,,ineligible_ablation,,
1190,0.5,"[0.3, 0.7]",80.0,180.0,0.5,fifa_log_rank,1.0,0.5,True,eligible,0.4084507042253521,0.2987012987012987,0.5000000000000001,7.799987780786238,,,,,rejected_by_preregistered_metrics,,
1191,0.5,"[0.3, 0.7]",80.0,180.0,0.5,fifa_log_rank,1.0,0.75,True,eligible,0.42857142857142855,0.3157894736842105,0.49999999999999994,7.301761067426687,,,,,rejected_by_preregistered_metrics,,
1192,0.5,"[0.3, 0.7]",80.0,180.0,0.5,fifa_log_rank,1.5,0.0,False,zero-prevention ablation; mandatory family passed,0.4084507042253521,0.28205128205128205,0.5000000000000001,5.639169535936653,,,,,ineligible_ablation,,
1193,0.5,"[0.3, 0.7]",80.0,180.0,0.5,fifa_log_rank,1.5,0.5,True,eligible,0.4084507042253521,0.28205128205128205,0.5000000000000001,5.360066821637163,,,,,rejected_by_preregistered_metrics,,
1194,0.5,"[0.3, 0.7]",80.0,180.0,0.5,fifa_log_rank,1.5,0.75,True,eligible,0.4084507042253521,0.2987012987012987,0.5,5.169221632106292,,,,,rejected_by_preregistered_metrics,,
1195,0.5,"[0.3, 0.7]",80.0,180.0,0.5,fifa_log_rank,2.0,0.0,False,zero-prevention ablation; mandatory family passed,0.4084507042253521,0.28205128205128205,0.49999999999999994,4.206481583737758,,,,,ineligible_ablation,,
1196,0.5,"[0.3, 0.7]",80.0,180.0,0.5,fifa_log_rank,2.0,0.5,True,eligible,0.4084507042253521,0.28205128205128205,0.49999999999999994,4.064261700178516,,,,,rejected_by_preregistered_metrics,,
1197,0.5,"[0.3, 0.7]",80.0,180.0,0.5,fifa_log_rank,2.0,0.75,True,eligible,0.4084507042253521,0.28205128205128205,0.49999999999999994,3.969197818081829,,,,,rejected_by_preregistered_metrics,,
1198,0.5,"[0.3, 0.7]",80.0,180.0,0.5,fifa_inverse_sqrt,1.0,0.0,False,zero-prevention ablation; mandatory family passed,0.3888888888888889,0.28205128205128205,0.5000000000000001,13.88981711218656,,,,,ineligible_ablation,,
1199,0.5,"[0.3, 0.7]",80.0,180.0,0.5,fifa_inverse_sqrt,1.0,0.5,True,eligible,0.4084507042253521,0.28205128205128205,0.49999999999999994,12.136669927298959,,,,,rejected_by_preregistered_metrics,,
1200,0.5,"[0.3, 0.7]",80.0,180.0,0.5,fifa_inverse_sqrt,1.0,0.75,True,eligible,0.4084507042253521,0.2987012987012987,0.5000000000000001,10.778513766034482,,,,,rejected_by_preregistered_metrics,,
1201,0.5,"[0.3, 0.7]",80.0,180.0,0.5,fifa_inverse_sqrt,1.5,0.0,False,zero-prevention ablation; mandatory family passed,0.3888888888888889,0.28205128205128205,0.5000000000000001,9.520338608124936,,,,,ineligible_ablation,,
1202,0.5,"[0.3, 0.7]",80.0,180.0,0.5,fifa_inverse_sqrt,1.5,0.5,True,eligible,0.3888888888888889,0.28205128205128205,0.5,8.891927914307564,,,,,rejected_by_preregistered_metrics,,
1203,0.5,"[0.3, 0.7]",80.0,180.0,0.5,fifa_inverse_sqrt,1.5,0.75,True,eligible,0.4084507042253521,0.28205128205128205,0.5,8.312478672852507,,,,,rejected_by_preregistered_metrics,,
1204,0.5,"[0.3, 0.7]",80.0,180.0,0.5,fifa_inverse_sqrt,2.0,0.0,False,zero-prevention ablation; mandatory family passed,0.3888888888888889,0.28205128205128205,0.5,7.196745933014065,,,,,ineligible_ablation,,
1205,0.5,"[0.3, 0.7]",80.0,180.0,0.5,fifa_inverse_sqrt,2.0,0.5,True,eligible,0.3888888888888889,0.28205128205128205,0.49999999999999994,6.909625058351437,,,,,rejected_by_preregistered_metrics,,
1206,0.5,"[0.3, 0.7]",80.0,180.0,0.5,fifa_inverse_sqrt,2.0,0.75,True,eligible,0.3888888888888889,0.28205128205128205,0.5000000000000001,6.6264043510795085,,,,,rejected_by_preregistered_metrics,,
1207,0.5,"[0.3, 0.7]",80.0,180.0,0.5,cumulative_pre_match_xg,1.0,0.0,False,zero-prevention ablation; mandatory family passed,0.4084507042253521,0.2987012987012987,0.5000000000000001,9.47932500039184,,,,,ineligible_ablation,,
1208,0.5,"[0.3, 0.7]",80.0,180.0,0.5,cumulative_pre_match_xg,1.0,0.5,True,eligible,0.4084507042253521,0.2987012987012987,0.49999999999999994,8.551098523011472,,,,,rejected_by_preregistered_metrics,,
1209,0.5,"[0.3, 0.7]",80.0,180.0,0.5,cumulative_pre_match_xg,1.0,0.75,True,eligible,0.4084507042253521,0.2987012987012987,0.49999999999999994,7.918100364379592,,,,,rejected_by_preregistered_metrics,,
1210,0.5,"[0.3, 0.7]",80.0,180.0,0.5,cumulative_pre_match_xg,1.5,0.0,False,zero-prevention ablation; mandatory family passed,0.4084507042253521,0.2987012987012987,0.5,6.291732028008047,,,,,ineligible_ablation,,
1211,0.5,"[0.3, 0.7]",80.0,180.0,0.5,cumulative_pre_match_xg,1.5,0.5,True,eligible,0.4084507042253521,0.2987012987012987,0.49999999999999994,5.941719922862439,,,,,rejected_by_preregistered_metrics,,
1212,0.5,"[0.3, 0.7]",80.0,180.0,0.5,cumulative_pre_match_xg,1.5,0.75,True,eligible,0.4084507042253521,0.2987012987012987,0.49999999999999994,5.695785012203,,,,,rejected_by_preregistered_metrics,,
1213,0.5,"[0.3, 0.7]",80.0,180.0,0.5,cumulative_pre_match_xg,2.0,0.0,False,zero-prevention ablation; mandatory family passed,0.4084507042253521,0.28205128205128205,0.5,4.703567404501831,,,,,ineligible_ablation,,
1214,0.5,"[0.3, 0.7]",80.0,180.0,0.5,cumulative_pre_match_xg,2.0,0.5,True,eligible,0.4084507042253521,0.2987012987012987,0.5000000000000001,4.526597208891586,,,,,rejected_by_preregistered_metrics,,
1215,0.5,"[0.3, 0.7]",80.0,180.0,0.5,cumulative_pre_match_xg,2.0,0.75,True,eligible,0.4084507042253521,0.29703629703629714,0.5000000000000001,4.4044322834719924,,,,,rejected_by_preregistered_metrics,,
1216,0.5,"[0.3, 0.7]",80.0,180.0,1.0,fifa_log_rank,1.0,0.0,False,zero-prevention ablation; mandatory family passed,0.3888888888888889,0.28205128205128205,0.5000000000000001,9.816361638147681,,,,,ineligible_ablation,,
1217,0.5,"[0.3, 0.7]",80.0,180.0,1.0,fifa_log_rank,1.0,0.5,True,eligible,0.4084507042253521,0.2987012987012987,0.5000000000000001,8.839477055753482,,,,,rejected_by_preregistered_metrics,,
1218,0.5,"[0.3, 0.7]",80.0,180.0,1.0,fifa_log_rank,1.0,0.75,True,eligible,0.4084507042253521,0.2987012987012987,0.49999999999999994,8.20685210136031,,,,,rejected_by_preregistered_metrics,,
1219,0.5,"[0.3, 0.7]",80.0,180.0,1.0,fifa_log_rank,1.5,0.0,False,zero-prevention ablation; mandatory family passed,0.3888888888888889,0.28205128205128205,0.5,6.3947592904065065,,,,,ineligible_ablation,,
1220,0.5,"[0.3, 0.7]",80.0,180.0,1.0,fifa_log_rank,1.5,0.5,True,eligible,0.4084507042253521,0.29703629703629714,0.49999999999999994,6.020595903346794,,,,,rejected_by_preregistered_metrics,,
1221,0.5,"[0.3, 0.7]",80.0,180.0,1.0,fifa_log_rank,1.5,0.75,True,eligible,0.4084507042253521,0.2987012987012987,0.49999999999999994,5.776262275413863,,,,,rejected_by_preregistered_metrics,,
1222,0.5,"[0.3, 0.7]",80.0,180.0,1.0,fifa_log_rank,2.0,0.0,False,zero-prevention ablation; mandatory family passed,0.3888888888888889,0.28205128205128205,0.5000000000000001,4.730455349298266,,,,,ineligible_ablation,,
1223,0.5,"[0.3, 0.7]",80.0,180.0,1.0,fifa_log_rank,2.0,0.5,True,eligible,0.4084507042253521,0.28205128205128205,0.5000000000000001,4.537373113676074,,,,,rejected_by_preregistered_metrics,,
1224,0.5,"[0.3, 0.7]",80.0,180.0,1.0,fifa_log_rank,2.0,0.75,True,eligible,0.4084507042253521,0.28205128205128205,0.5000000000000001,4.414739783643348,,,,,rejected_by_preregistered_metrics,,
1225,0.5,"[0.3, 0.7]",80.0,180.0,1.0,fifa_inverse_sqrt,1.0,0.0,False,zero-prevention ablation; mandatory family passed,0.3698630136986301,0.26582278481012656,0.5000000000000001,16.614061210787117,,,,,ineligible_ablation,,
1226,0.5,"[0.3, 0.7]",80.0,180.0,1.0,fifa_inverse_sqrt,1.0,0.5,True,eligible,0.3888888888888889,0.28205128205128205,0.49999999999999994,14.334392117509614,,,,,rejected_by_preregistered_metrics,,
1227,0.5,"[0.3, 0.7]",80.0,180.0,1.0,fifa_inverse_sqrt,1.0,0.75,True,eligible,0.3888888888888889,0.2987012987012987,0.5,12.60741813459648,,,,,rejected_by_preregistered_metrics,,
1228,0.5,"[0.3, 0.7]",80.0,180.0,1.0,fifa_inverse_sqrt,1.5,0.0,False,zero-prevention ablation; mandatory family passed,0.3698630136986301,0.26582278481012656,0.5000000000000001,11.324392410022417,,,,,ineligible_ablation,,
1229,0.5,"[0.3, 0.7]",80.0,180.0,1.0,fifa_inverse_sqrt,1.5,0.5,True,eligible,0.3698630136986301,0.26582278481012656,0.49999999999999994,10.51240792944565,,,,,rejected_by_preregistered_metrics,,
1230,0.5,"[0.3, 0.7]",80.0,180.0,1.0,fifa_inverse_sqrt,1.5,0.75,True,eligible,0.3888888888888889,0.28205128205128205,0.49999999999999994,9.768065704366803,,,,,rejected_by_preregistered_metrics,,
1231,0.5,"[0.3, 0.7]",80.0,180.0,1.0,fifa_inverse_sqrt,2.0,0.0,False,zero-prevention ablation; mandatory family passed,0.3698630136986301,0.26582278481012656,0.5000000000000001,8.515494770341407,,,,,ineligible_ablation,,
1232,0.5,"[0.3, 0.7]",80.0,180.0,1.0,fifa_inverse_sqrt,2.0,0.5,True,eligible,0.3698630136986301,0.26582278481012656,0.49999999999999994,8.15076425982231,,,,,rejected_by_preregistered_metrics,,
1233,0.5,"[0.3, 0.7]",80.0,180.0,1.0,fifa_inverse_sqrt,2.0,0.75,True,eligible,0.3698630136986301,0.26582278481012656,0.5000000000000001,7.788713143384819,,,,,rejected_by_preregistered_metrics,,
1234,0.5,"[0.3, 0.7]",80.0,180.0,1.0,cumulative_pre_match_xg,1.0,0.0,False,zero-prevention ablation; mandatory family passed,0.3888888888888889,0.28205128205128205,0.49999999999999994,11.01671335621237,,,,,ineligible_ablation,,
1235,0.5,"[0.3, 0.7]",80.0,180.0,1.0,cumulative_pre_match_xg,1.0,0.5,True,eligible,0.4084507042253521,0.2987012987012987,0.49999999999999994,9.786182142259545,,,,,rejected_by_preregistered_metrics,,
1236,0.5,"[0.3, 0.7]",80.0,180.0,1.0,cumulative_pre_match_xg,1.0,0.75,True,eligible,0.4084507042253521,0.2987012987012987,0.5000000000000001,8.972998721899131,,,,,rejected_by_preregistered_metrics,,
1237,0.5,"[0.3, 0.7]",80.0,180.0,1.0,cumulative_pre_match_xg,1.5,0.0,False,zero-prevention ablation; mandatory family passed,0.3888888888888889,0.28205128205128205,0.5,7.218653786572245,,,,,ineligible_ablation,,
1238,0.5,"[0.3, 0.7]",80.0,180.0,1.0,cumulative_pre_match_xg,1.5,0.5,True,eligible,0.39866979655712054,0.28205128205128205,0.5000000000000001,6.75030027392674,,,,,rejected_by_preregistered_metrics,,
1239,0.5,"[0.3, 0.7]",80.0,180.0,1.0,cumulative_pre_match_xg,1.5,0.75,True,eligible,0.4084507042253521,0.2987012987012987,0.49999999999999994,6.434306910671137,,,,,rejected_by_preregistered_metrics,,
1240,0.5,"[0.3, 0.7]",80.0,180.0,1.0,cumulative_pre_match_xg,2.0,0.0,False,zero-prevention ablation; mandatory family passed,0.3888888888888889,0.2804284323271666,0.49999999999999994,5.355939169685673,,,,,ineligible_ablation,,
1241,0.5,"[0.3, 0.7]",80.0,180.0,1.0,cumulative_pre_match_xg,2.0,0.5,True,eligible,0.39866979655712054,0.28205128205128205,0.5000000000000001,5.115701042445913,,,,,rejected_by_preregistered_metrics,,
1242,0.5,"[0.3, 0.7]",80.0,180.0,1.0,cumulative_pre_match_xg,2.0,0.75,True,eligible,0.4084507042253521,0.28205128205128205,0.49999999999999994,4.957975337989816,,,,,rejected_by_preregistered_metrics,,
1243,0.5,"[0.3, 0.7]",80.0,300.0,0.5,fifa_log_rank,1.0,0.0,False,zero-prevention ablation; mandatory family passed,0.4084507042253521,0.2987012987012987,0.49999999999999994,10.391922722889452,,,,,ineligible_ablation,,
1244,0.5,"[0.3, 0.7]",80.0,300.0,0.5,fifa_log_rank,1.0,0.5,True,eligible,0.42857142857142855,0.2987012987012987,0.49999999999999994,9.476713247178292,,,,,rejected_by_preregistered_metrics,,
1245,0.5,"[0.3, 0.7]",80.0,300.0,0.5,fifa_log_rank,1.0,0.75,True,eligible,0.42857142857142855,0.3157894736842105,0.5000000000000001,8.871725411732655,,,,,rejected_by_preregistered_metrics,,
1246,0.5,"[0.3, 0.7]",80.0,300.0,0.5,fifa_log_rank,1.5,0.0,False,zero-prevention ablation; mandatory family passed,0.4084507042253521,0.2987012987012987,0.5,6.844127551325236,,,,,ineligible_ablation,,
1247,0.5,"[0.3, 0.7]",80.0,300.0,0.5,fifa_log_rank,1.5,0.5,True,eligible,0.42857142857142855,0.2987012987012987,0.5000000000000001,6.496682837776088,,,,,rejected_by_preregistered_metrics,,
1248,0.5,"[0.3, 0.7]",80.0,300.0,0.5,fifa_log_rank,1.5,0.75,True,eligible,0.42857142857142855,0.3157894736842105,0.49999999999999994,6.264678693503924,,,,,rejected_by_preregistered_metrics,,
1249,0.5,"[0.3, 0.7]",80.0,300.0,0.5,fifa_log_rank,2.0,0.0,False,zero-prevention ablation; mandatory family passed,0.42857142857142855,0.2987012987012987,0.5000000000000001,5.099721625474728,,,,,ineligible_ablation,,
1250,0.5,"[0.3, 0.7]",80.0,300.0,0.5,fifa_log_rank,2.0,0.5,True,eligible,0.42857142857142855,0.2987012987012987,0.5000000000000001,4.9215089795568945,,,,,rejected_by_preregistered_metrics,,
1251,0.5,"[0.3, 0.7]",80.0,300.0,0.5,fifa_log_rank,2.0,0.75,True,eligible,0.42857142857142855,0.2987012987012987,0.49999999999999994,4.805356905783764,,,,,rejected_by_preregistered_metrics,,
1252,0.5,"[0.3, 0.7]",80.0,300.0,0.5,fifa_inverse_sqrt,1.0,0.0,False,zero-prevention ablation; mandatory family passed,0.3888888888888889,0.29703629703629714,0.5,17.11562765297583,,,,,ineligible_ablation,,
1253,0.5,"[0.3, 0.7]",80.0,300.0,0.5,fifa_inverse_sqrt,1.0,0.5,True,eligible,0.4084507042253521,0.28205128205128205,0.5000000000000001,14.926814288306794,,,,,rejected_by_preregistered_metrics,,
1254,0.5,"[0.3, 0.7]",80.0,300.0,0.5,fifa_inverse_sqrt,1.0,0.75,True,eligible,0.4084507042253521,0.3157894736842105,0.49999999999999994,13.241753627549924,,,,,rejected_by_preregistered_metrics,,
1255,0.5,"[0.3, 0.7]",80.0,300.0,0.5,fifa_inverse_sqrt,1.5,0.0,False,zero-prevention ablation; mandatory family passed,0.3888888888888889,0.28205128205128205,0.49999999999999994,11.681516674940655,,,,,ineligible_ablation,,
1256,0.5,"[0.3, 0.7]",80.0,300.0,0.5,fifa_inverse_sqrt,1.5,0.5,True,eligible,0.4084507042253521,0.28205128205128205,0.49999999999999994,10.903316939342192,,,,,rejected_by_preregistered_metrics,,
1257,0.5,"[0.3, 0.7]",80.0,300.0,0.5,fifa_inverse_sqrt,1.5,0.75,True,eligible,0.4084507042253521,0.29703629703629714,0.5,10.190507167848224,,,,,rejected_by_preregistered_metrics,,
1258,0.5,"[0.3, 0.7]",80.0,300.0,0.5,fifa_inverse_sqrt,2.0,0.0,False,zero-prevention ablation; mandatory family passed,0.39866979655712054,0.28205128205128205,0.49999999999999994,8.812869789412227,,,,,ineligible_ablation,,
1259,0.5,"[0.3, 0.7]",80.0,300.0,0.5,fifa_inverse_sqrt,2.0,0.5,True,eligible,0.4084507042253521,0.28205128205128205,0.49999999999999994,8.457446162594513,,,,,rejected_by_preregistered_metrics,,
1260,0.5,"[0.3, 0.7]",80.0,300.0,0.5,fifa_inverse_sqrt,2.0,0.75,True,eligible,0.4084507042253521,0.28205128205128205,0.5000000000000001,8.110700656766069,,,,,rejected_by_preregistered_metrics,,
1261,0.5,"[0.3, 0.7]",80.0,300.0,0.5,cumulative_pre_match_xg,1.0,0.0,False,zero-prevention ablation; mandatory family passed,0.4084507042253521,0.2987012987012987,0.49999999999999994,11.548393887969613,,,,,ineligible_ablation,,
1262,0.5,"[0.3, 0.7]",80.0,300.0,0.5,cumulative_pre_match_xg,1.0,0.5,True,eligible,0.42857142857142855,0.3140806561859194,0.5000000000000001,10.408112586245355,,,,,rejected_by_preregistered_metrics,,
1263,0.5,"[0.3, 0.7]",80.0,300.0,0.5,cumulative_pre_match_xg,1.0,0.75,True,eligible,0.42857142857142855,0.3157894736842105,0.5000000000000001,9.640839674187111,,,,,rejected_by_preregistered_metrics,,
1264,0.5,"[0.3, 0.7]",80.0,300.0,0.5,cumulative_pre_match_xg,1.5,0.0,False,zero-prevention ablation; mandatory family passed,0.4084507042253521,0.2987012987012987,0.5,7.647066556767066,,,,,ineligible_ablation,,
1265,0.5,"[0.3, 0.7]",80.0,300.0,0.5,cumulative_pre_match_xg,1.5,0.5,True,eligible,0.42857142857142855,0.2987012987012987,0.5000000000000001,7.2157343660698725,,,,,rejected_by_preregistered_metrics,,
1266,0.5,"[0.3, 0.7]",80.0,300.0,0.5,cumulative_pre_match_xg,1.5,0.75,True,eligible,0.42857142857142855,0.2987012987012987,0.5,6.918229258523156,,,,,rejected_by_preregistered_metrics,,
1267,0.5,"[0.3, 0.7]",80.0,300.0,0.5,cumulative_pre_match_xg,2.0,0.0,False,zero-prevention ablation; mandatory family passed,0.4084507042253521,0.2987012987012987,0.49999999999999994,5.711920300182027,,,,,ineligible_ablation,,
1268,0.5,"[0.3, 0.7]",80.0,300.0,0.5,cumulative_pre_match_xg,2.0,0.5,True,eligible,0.4084507042253521,0.2987012987012987,0.5000000000000001,5.492553047222921,,,,,rejected_by_preregistered_metrics,,
1269,0.5,"[0.3, 0.7]",80.0,300.0,0.5,cumulative_pre_match_xg,2.0,0.75,True,eligible,0.42857142857142855,0.2987012987012987,0.5000000000000001,5.344299273587474,,,,,rejected_by_preregistered_metrics,,
1270,0.5,"[0.3, 0.7]",80.0,300.0,1.0,fifa_log_rank,1.0,0.0,False,zero-prevention ablation; mandatory family passed,0.3888888888888889,0.2987012987012987,0.5000000000000001,12.064900687113571,,,,,ineligible_ablation,,
1271,0.5,"[0.3, 0.7]",80.0,300.0,1.0,fifa_log_rank,1.0,0.5,True,eligible,0.4084507042253521,0.2987012987012987,0.5000000000000001,10.826279287317046,,,,,rejected_by_preregistered_metrics,,
1272,0.5,"[0.3, 0.7]",80.0,300.0,1.0,fifa_log_rank,1.0,0.75,True,eligible,0.42857142857142855,0.2987012987012987,0.5,10.041048570458145,,,,,rejected_by_preregistered_metrics,,
1273,0.5,"[0.3, 0.7]",80.0,300.0,1.0,fifa_log_rank,1.5,0.0,False,zero-prevention ablation; mandatory family passed,0.4084507042253521,0.28205128205128205,0.5000000000000001,7.830072723798907,,,,,ineligible_ablation,,
1274,0.5,"[0.3, 0.7]",80.0,300.0,1.0,fifa_log_rank,1.5,0.5,True,eligible,0.4084507042253521,0.29703629703629714,0.49999999999999994,7.353779455118434,,,,,rejected_by_preregistered_metrics,,
1275,0.5,"[0.3, 0.7]",80.0,300.0,1.0,fifa_log_rank,1.5,0.75,True,eligible,0.4084507042253521,0.2987012987012987,0.5,7.050224304807189,,,,,rejected_by_preregistered_metrics,,
1276,0.5,"[0.3, 0.7]",80.0,300.0,1.0,fifa_log_rank,2.0,0.0,False,zero-prevention ablation; mandatory family passed,0.4084507042253521,0.29703629703629714,0.49999999999999994,5.782815063918809,,,,,ineligible_ablation,,
1277,0.5,"[0.3, 0.7]",80.0,300.0,1.0,fifa_log_rank,2.0,0.5,True,eligible,0.4084507042253521,0.28205128205128205,0.49999999999999994,5.535459974350577,,,,,rejected_by_preregistered_metrics,,
1278,0.5,"[0.3, 0.7]",80.0,300.0,1.0,fifa_log_rank,2.0,0.75,True,eligible,0.4084507042253521,0.28205128205128205,0.5000000000000001,5.3823290796105105,,,,,rejected_by_preregistered_metrics,,
1279,0.5,"[0.3, 0.7]",80.0,300.0,1.0,fifa_inverse_sqrt,1.0,0.0,False,zero-prevention ablation; mandatory family passed,0.3698630136986301,0.28205128205128205,0.49999999999999994,20.765382019275496,,,,,ineligible_ablation,,
1280,0.5,"[0.3, 0.7]",80.0,300.0,1.0,fifa_inverse_sqrt,1.0,0.5,True,eligible,0.3888888888888889,0.28205128205128205,0.49999999999999994,17.851037919301298,,,,,rejected_by_preregistered_metrics,,
1281,0.5,"[0.3, 0.7]",80.0,300.0,1.0,fifa_inverse_sqrt,1.0,0.75,True,eligible,0.4084507042253521,0.2987012987012987,0.5,15.659731162906125,,,,,rejected_by_preregistered_metrics,,
1282,0.5,"[0.3, 0.7]",80.0,300.0,1.0,fifa_inverse_sqrt,1.5,0.0,False,zero-prevention ablation; mandatory family passed,0.3698630136986301,0.26582278481012656,0.49999999999999994,14.079041251815463,,,,,ineligible_ablation,,
1283,0.5,"[0.3, 0.7]",80.0,300.0,1.0,fifa_inverse_sqrt,1.5,0.5,True,eligible,0.3888888888888889,0.2804284323271666,0.5,13.054873453043502,,,,,rejected_by_preregistered_metrics,,
1284,0.5,"[0.3, 0.7]",80.0,300.0,1.0,fifa_inverse_sqrt,1.5,0.75,True,eligible,0.3888888888888889,0.28205128205128205,0.49999999999999994,12.119528987986204,,,,,rejected_by_preregistered_metrics,,
1285,0.5,"[0.3, 0.7]",80.0,300.0,1.0,fifa_inverse_sqrt,2.0,0.0,False,zero-prevention ablation; mandatory family passed,0.3698630136986301,0.2804284323271666,0.5,10.55882646331185,,,,,ineligible_ablation,,
1286,0.5,"[0.3, 0.7]",80.0,300.0,1.0,fifa_inverse_sqrt,2.0,0.5,True,eligible,0.3698630136986301,0.26582278481012656,0.5000000000000001,10.10068746768749,,,,,rejected_by_preregistered_metrics,,
1287,0.5,"[0.3, 0.7]",80.0,300.0,1.0,fifa_inverse_sqrt,2.0,0.75,True,eligible,0.3888888888888889,0.2804284323271666,0.49999999999999994,9.649012186726102,,,,,rejected_by_preregistered_metrics,,
1288,0.5,"[0.3, 0.7]",80.0,300.0,1.0,cumulative_pre_match_xg,1.0,0.0,False,zero-prevention ablation; mandatory family passed,0.4084507042253521,0.2987012987012987,0.49999999999999994,13.56554364661051,,,,,ineligible_ablation,,
1289,0.5,"[0.3, 0.7]",80.0,300.0,1.0,cumulative_pre_match_xg,1.0,0.5,True,eligible,0.4084507042253521,0.2987012987012987,0.5,12.017809888390774,,,,,rejected_by_preregistered_metrics,,
1290,0.5,"[0.3, 0.7]",80.0,300.0,1.0,cumulative_pre_match_xg,1.0,0.75,True,eligible,0.4084507042253521,0.3157894736842105,0.5000000000000001,11.010276196875303,,,,,rejected_by_preregistered_metrics,,
1291,0.5,"[0.3, 0.7]",80.0,300.0,1.0,cumulative_pre_match_xg,1.5,0.0,False,zero-prevention ablation; mandatory family passed,0.4084507042253521,0.28205128205128205,0.5000000000000001,8.859649090210603,,,,,ineligible_ablation,,
1292,0.5,"[0.3, 0.7]",80.0,300.0,1.0,cumulative_pre_match_xg,1.5,0.5,True,eligible,0.4084507042253521,0.2987012987012987,0.5,8.269209045948791,,,,,rejected_by_preregistered_metrics,,
1293,0.5,"[0.3, 0.7]",80.0,300.0,1.0,cumulative_pre_match_xg,1.5,0.75,True,eligible,0.4084507042253521,0.2987012987012987,0.49999999999999994,7.878859007338776,,,,,rejected_by_preregistered_metrics,,
1294,0.5,"[0.3, 0.7]",80.0,300.0,1.0,cumulative_pre_match_xg,2.0,0.0,False,zero-prevention ablation; mandatory family passed,0.4084507042253521,0.28205128205128205,0.5,6.565072068987557,,,,,ineligible_ablation,,
1295,0.5,"[0.3, 0.7]",80.0,300.0,1.0,cumulative_pre_match_xg,2.0,0.5,True,eligible,0.4084507042253521,0.2987012987012987,0.5000000000000001,6.260239621932132,,,,,rejected_by_preregistered_metrics,,
1296,0.5,"[0.3, 0.7]",80.0,300.0,1.0,cumulative_pre_match_xg,2.0,0.75,True,eligible,0.4084507042253521,0.2987012987012987,0.49999999999999994,6.064733343308402,,,,,rejected_by_preregistered_metrics,,
