match_id,team,player_id,position_group,minutes,threat_prevention_target,positive_elastic_net_oof_prediction,signed_ridge_oof_prediction,signed_elastic_net_oof_prediction,isotonic_hist_gradient_boosting_oof_prediction
3857254,Denmark,3043,Central/Wide Midfield,97.6,0.001988954869915148,-0.016392235586528525,-0.004231921422937808,-0.003754155300201913,-0.0020962503873188003
3857254,Denmark,3570,Central/Wide Midfield,97.6,-0.012737476104770653,-0.021026065885765895,-0.025314933186953135,-0.025678322885438296,-0.011544838372526052
3857254,Denmark,3959,Center Back,97.6,-0.014690856659109448,-0.04497586011857344,-0.04245314739986604,-0.04292989206495218,-0.02964919435876548
3857254,Denmark,5527,Defensive Midfield,45.53333333333333,-0.008635084244875482,-0.02029815300769897,-0.01586166172594817,-0.01563244320872082,-0.011544838372526052
3857254,Denmark,5534,Center Back,63.983333333333334,-0.010916621977230534,-0.01004500065194753,-0.01834067753495169,-0.019144089502418513,-0.02964919435876548
3857254,Denmark,5732,Forward,33.133333333333326,-0.006212118519265409,-0.007345782141285579,0.013668886643326198,0.012660126391871663,-0.0017816792327385183
3857254,Denmark,6302,Forward,64.46666666666667,-0.005481112420566605,0.0016531824447075351,0.006151563914588841,0.0057586103102929,-0.003342753574540582
3857254,Denmark,8247,Center Back,97.6,-0.035986339511569834,-0.01830548728820616,-0.027019095172452573,-0.027925820102871687,-0.02126026296464383
3857254,Denmark,16190,Fullback/Wingback,97.6,-0.011047636236161363,-0.029011311942553058,-0.007765574471370372,-0.007865311281632741,-0.011544838372526052
3857254,Denmark,16554,Fullback/Wingback,97.6,-0.0020643588488762892,-0.024675908575296397,-0.029693533526308293,-0.02991525064195242,-0.02034777194287232
3857254,Denmark,17042,Forward,64.46666666666667,0.07676234466259133,0.029476361079863365,0.014742858997793847,0.013187259209696012,0.015721329922496963
3857254,Denmark,18722,Defensive Midfield,33.61666666666666,-0.0003366215553666864,-0.026125759343156182,0.0028606973738163097,0.0024809460708865396,-0.003342753574540582
3857254,Denmark,24443,Attacking Midfield/Wing,52.06666666666666,0.0008723715187183448,-0.00600078495908442,0.0011718639711580127,0.001856782174755094,-0.0017816792327385183
3857254,Denmark,27569,Attacking Midfield/Wing,33.133333333333326,-0.001090520911000587,-0.023285747784728958,-0.01686625489049928,-0.015080565777775919,-0.0036555159337753277
3857254,Tunisia,3557,Attacking Midfield/Wing,30.88333333333333,0.011562301570309649,0.0009581334407144977,0.01067922330315865,0.010019370882026446,0.0071196919555316426
3857254,Tunisia,3767,Defensive Midfield,97.6,-0.00448982991285299,-0.016070444104057537,-0.01222878009019685,-0.010780415740240147,-0.0017816792327385183
3857254,Tunisia,5651,Center Back,97.6,-0.056707224583227134,-0.04558130833414464,-0.06833844812572282,-0.07006482363782537,-0.02964919435876548
3857254,Tunisia,5655,Center Back,97.6,-0.14749312368269096,0.0006609953925995281,0.0062493952471558804,0.0030954814872695465,-0.0036555159337753277
3857254,Tunisia,9236,Fullback/Wingback,87.28333333333333,-0.010866327387962624,-0.03391680312334924,-0.022223739416492663,-0.022682656548465817,-0.011544838372526052
3857254,Tunisia,16352,Forward,80.01666666666667,-0.02500870588327026,-0.01526573306900768,-0.022142575825508142,-0.02206143725285334,-0.011544838372526052
3857254,Tunisia,23910,Attacking Midfield/Wing,79.78333333333333,-0.002856253900527194,-0.03299959556577111,-0.013562356749595326,-0.013823559338395183,-0.02126026296464383
3857254,Tunisia,30681,Fullback/Wingback,97.6,0.06539967506221134,0.016879023471971306,0.01726344561703278,0.018500129628890895,-0.02034777194287232
3857254,Tunisia,32450,Center Back,97.6,0.0002622192684556263,0.0038145900490268686,-0.014670204749939084,-0.015169865894252685,-0.0711771302722258
3857254,Tunisia,35592,Attacking Midfield/Wing,66.71666666666667,0.0008235786351308759,-0.014492680526795124,-0.014641641545400994,-0.014600128879509957,-0.011544838372526052
3857254,Tunisia,44955,Defensive Midfield,87.76666666666667,-0.054876677922391315,-0.03581871019721974,-0.03267724647089804,-0.0332741201022849,-0.02034777194287232
3857255,Japan,3300,Center Back,97.01666666666668,0.020423777518649208,-0.008600871196903252,-0.02411854447111984,-0.024703453298380897,-0.02143316785800416
3857255,Japan,5690,Fullback/Wingback,45.0,0.004167252061322231,-0.026621463816976946,-0.008854027431439676,-0.008822202283215987,-0.005926916392711484
3857255,Japan,8361,Attacking Midfield/Wing,52.016666666666666,0.016611843484743323,0.013636064155559983,-0.01257430079696643,-0.013928224462724062,-0.010915974655651597
3857255,Japan,8949,Forward,35.983333333333334,-0.004044053560859096,-0.006417479746510594,-0.005513168714153019,-0.00636086107731903,-0.005926916392711484
3857255,Japan,9411,Attacking Midfield/Wing,68.81666666666666,-0.0010687448249538302,-0.0031194489126901864,-0.012060741830688549,-0.013942520752840408,-0.02143316785800416
3857255,Japan,23527,Fullback/Wingback,97.01666666666668,-0.09921029881838508,-0.017187008370432997,-0.029207512592005047,-0.031115993368512535,-0.02143316785800416
3857255,Japan,23730,Fullback/Wingback,28.200000000000003,0.03185140877896039,0.0504159620552558,0.0519482084351501,0.05035973189963671,0.0327796166439698
3857255,Japan,29595,Center Back,97.01666666666668,-0.11185919047912231,0.00017338797811023777,-0.010307669136876516,-0.01064506324710147,-0.02143316785800416
3857255,Japan,30628,Forward,61.03333333333333,-0.0016985437911431734,0.0052100432045676034,-0.0370443543440583,-0.04106973775779756,-0.02143316785800416
3857255,Japan,31090,Attacking Midfield/Wing,45.0,-0.01228794558178256,-0.009948287776066437,-0.026741223567943197,-0.028419448098524678,-0.018015251854952678
3857255,Japan,37208,Defensive Midfield,86.5,-0.02283604520237753,-0.0050210983605541515,-0.022604778849464144,-0.023950150972013987,-0.02143316785800416
3857255,Japan,37211,Fullback/Wingback,52.016666666666666,-0.05150273925234639,-0.01824157224860006,-0.023913713254552226,-0.02517444846266316,-0.02143316785800416
3857255,Japan,37215,Center Back,97.01666666666668,-0.040859009675694176,-0.0038564255582000705,-0.014560443913654086,-0.014837418384286186,-0.004101410556421679
3857255,Japan,37221,Defensive Midfield,97.01666666666668,-0.01573906363872182,-0.005330566053041436,-0.05639290731874584,-0.060221501107321905,-0.02143316785800416
3857255,Spain,3477,Forward,56.28333333333333,0.0016017835086881461,0.0024999986009155975,0.008354339194182204,0.008859684851143213,-0.004403893064505064
3857255,Spain,3957,Fullback/Wingback,45.0,0.0,-0.005916298052524691,-0.011586534369478488,-0.011960206233430155,-0.004403893064505064
3857255,Spain,5203,Defensive Midfield,97.01666666666668,-0.003254556877277138,-0.017630529655129405,-0.002377102503584687,-0.0025021934217394712,-0.010915974655651597
3857255,Spain,5211,Fullback/Wingback,28.11666666666666,0.0,-0.05745162637024879,-0.02828912094590157,-0.027126390036880606,-0.02143316785800416
3857255,Spain,5719,Attacking Midfield/Wing,40.733333333333334,-0.00042006130362942553,0.018861337160696774,0.018195478950898864,0.016292436447276397,-0.004101410556421679
3857255,Spain,5721,Fullback/Wingback,52.016666666666666,-0.0012708721649751329,-0.03398410159699153,-0.0011926263109024824,9.676262761660183e-05,-0.005926916392711484
3857255,Spain,6748,Attacking Midfield/Wing,40.916666666666664,-0.0012601838853586007,0.02237712325342726,0.00965234506946493,0.009652214228090993,-0.004403893064505064
3857255,Spain,6765,Center Back,97.01666666666668,-0.0008879263636149597,-0.03258614017408719,-0.017815993003534054,-0.017620001899289427,-0.02143316785800416
3857255,Spain,6892,Center Back,97.01666666666668,-0.03137739154146658,-0.023598568241111884,-0.015770331333508407,-0.0155427202890645,-0.04300319688015602
3857255,Spain,16532,Attacking Midfield/Wing,97.01666666666668,0.00031524069255969503,0.004020792428685359,0.008702698473305223,0.008172158065575847,-0.004403893064505064
3857255,Spain,30486,Central/Wide Midfield,97.01666666666668,0.010203155831907663,-0.00496237545956181,-0.008724264139537013,-0.009127709054420851,-0.005926916392711484
3857255,Spain,39161,Fullback/Wingback,68.9,0.008414148888142224,-0.022174693423320357,-0.007431840124822626,-0.006350681052582849,-0.005926916392711484
3857255,Spain,68574,Attacking Midfield/Wing,56.1,0.0,-0.00662639878452378,-0.0012325876638185752,-0.000894556957047551,-0.004403893064505064
3857255,Spain,133353,Central/Wide Midfield,67.21666666666667,0.00030344008496684723,0.005584476902195048,-0.0030854223433587195,-0.004083807455883718,-0.004403893064505064
3857256,Serbia,3831,Attacking Midfield/Wing,77.58333333333333,-0.005992516234982759,0.009516020202674466,0.007191577013273489,0.008114012603678044,-0.0014698198215144433
3857256,Serbia,4269,Forward,100.3,-0.014666021807998832,0.0029675414360960505,0.0033106372659958585,0.0029140939661091957,-0.0014698198215144433
3857256,Serbia,5589,Defensive Midfield,66.98333333333333,0.0028847849494518917,-0.010951792624874607,-0.012660191935017346,-0.01215836845179407,-0.0014698198215144433
3857256,Serbia,5591,Fullback/Wingback,100.3,0.019313660417942122,0.0180350719260684,0.013565416082592431,0.01462562598550883,0.008297171629744743
3857256,Serbia,5603,Center Back,100.3,0.08575766059544145,0.03374340302721634,0.062410662347838146,0.0630802484599361,0.016251411124129304
3857256,Serbia,6318,Fullback/Wingback,77.66666666666667,-0.002821978850988671,0.0025470845889947577,0.010160669463915879,0.009199789573070168,0.008297171629744743
3857256,Serbia,6319,Forward,46.05,-0.0002660388256319695,0.006768769571572246,0.00526345964873795,0.007437202898862633,-0.0014698198215144433
3857256,Serbia,6321,Center Back,54.03333333333333,-0.06822758199026187,-0.03199707128898909,-0.008405445578049392,-0.008111192032924345,-0.015518942498922295
3857256,Serbia,6687,Defensive Midfield,100.3,0.11349304271991262,0.06392548733273368,0.06783895669975769,0.07069178287663754,0.07006825233748609
3857256,Serbia,6901,Defensive Midfield,33.31666666666666,-0.0017306690925680515,-0.01964749216130599,-0.002263089128900517,-0.0011213136141957959,-0.0014698198215144433
3857256,Serbia,7117,Attacking Midfield/Wing,22.71666666666667,0.0007558978945275561,-0.01603853495688828,-0.0019365731476046807,-0.0013820374519118374,-0.0014698198215144433
3857256,Serbia,16489,Center Back,46.266666666666666,-0.029970750684798177,-0.030122177320320225,-0.017884193356147077,-0.016490873708558517,-0.013256257810289147
3857256,Serbia,18015,Forward,54.25,0.0,0.022700573901188993,0.0035643576574061336,0.005169002780430542,-0.0014698198215144433
3857256,Serbia,27719,Center Back,100.3,0.04073962435035759,0.05453268692182961,-0.007212229137071879,-0.005741465167773327,0.05596098107391782
3857256,Switzerland,3500,Defensive Midfield,100.3,-0.0011806251461972896,-0.01876339651781862,-0.010593803670610523,-0.011202586612562241,-0.013256257810289147
3857256,Switzerland,3533,Attacking Midfield/Wing,68.28333333333333,0.05598587803686633,0.06330778421902383,0.08208866587952131,0.08358491499764381,0.06564500852424036
3857256,Switzerland,3913,Attacking Midfield/Wing,32.45,-0.001427465218680997,-0.01617729528661826,-0.0006203558799658145,-8.342744384565311e-05,-0.0014698198215144433
3857256,Switzerland,5537,Center Back,100.3,0.12293205638212085,0.06935560280258428,0.08566660934145336,0.0878337407174727,0.07462514590616294
3857256,Switzerland,5538,Defensive Midfield,32.016666666666666,0.045317745921754075,-0.009418555650361822,0.00122566402199403,-0.0008671136668141293,0.008297171629744743
3857256,Switzerland,5544,Fullback/Wingback,100.3,-9.057829132514824e-05,-0.016241364771188604,0.0013552660802235257,0.0009902615341728514,0.006188993286017938
3857256,Switzerland,5545,Forward,95.4,-0.0022146269047786434,0.008404504197805023,0.0024607160295661806,0.0023730225491193765,-0.0014698198215144433
3857256,Switzerland,5549,Center Back,100.3,-0.03442600319646875,-0.0197806747160597,-0.007995454764335044,-0.0067903635239313235,0.008297171629744743
3857256,Switzerland,6983,Defensive Midfield,100.3,-0.009871395133776571,0.0048611527761598565,-0.07217154317445008,-0.07389655874268489,-0.03161538478950213
3857256,Switzerland,7796,Fullback/Wingback,100.3,-0.03772371934040344,-0.020368007079866805,-0.026378064721844917,-0.02627956035734066,-0.015518942498922295
3857256,Switzerland,16026,Attacking Midfield/Wing,67.85,-0.009909892525552706,-0.0052526622383815055,0.0034322440309542887,0.003123783435537558,-0.0014698198215144433
3857256,Switzerland,30401,Attacking Midfield/Wing,82.85,-0.027754337415243163,-0.0021061397661941914,-0.003278267132811399,-0.004023993918826836,-0.011448885193296187
3857257,Australia,3281,Defensive Midfield,96.05,0.024486721984272743,-0.0006556671873576927,-0.006114113381143749,-0.007766616890522633,-0.0014698198215144433
3857257,Australia,5479,Fullback/Wingback,96.05,-0.044110696272463945,-0.05129640287972529,-0.030354976446419414,-0.030512314235929237,-0.015518942498922295
3857257,Australia,5481,Central/Wide Midfield,88.13333333333334,-0.004904329082068137,-0.025636324349318566,-0.023419708107605165,-0.02536148037616551,-0.015518942498922295
3857257,Australia,5490,Defensive Midfield,96.05,0.026206321617001264,-0.023752428079264053,-0.03537501894464824,-0.038292305955961774,-0.015518942498922295
3857257,Australia,8346,Central/Wide Midfield,45.0,-0.003244256162282039,-0.02330793328593904,-0.0008717178573016705,-0.00012127142174201864,-0.0014698198215144433
3857257,Australia,15957,Fullback/Wingback,96.05,-0.061576045719329675,-0.053432529310320116,-0.05037768992042392,-0.052482461736549565,-0.07146042601162036
3857257,Australia,22293,Center Back,96.05,0.39909612093216984,0.26087569852702874,0.2663511902331844,0.2737637840768408,0.35008762904303664
3857257,Australia,22371,Center Back,22.799999999999997,-0.04005076106809809,-0.03948113232874893,-0.006020262267137216,-0.006709995461181628,-0.03161538478950213
3857257,Australia,33477,Forward,73.25,-0.031635428287858224,-0.014081855182276865,-0.027296447778110057,-0.02889476555858246,-0.015518942498922295
3857257,Australia,33488,Attacking Midfield/Wing,51.05,0.2420306298913404,0.14912376361360474,0.1436347629836252,0.14862708745369207,0.15941887789403783
3857257,Australia,33492,Forward,81.86666666666666,-0.0026588581575829858,0.0022864436561144163,-0.008687156361547696,-0.010089251206372454,-0.0014698198215144433
3857257,Australia,33495,Center Back,96.05,0.007090285140767936,0.0905551412189499,0.07499727405644684,0.07559189183540328,0.05596098107391782
3857257,Denmark,3043,Central/Wide Midfield,96.05,-0.004960766074323463,-0.025405560394492068,-0.012371813636212228,-0.012382145413980913,-0.013256257810289147
3857257,Denmark,3570,Defensive Midfield,96.05,0.026974722649631373,0.014110481757472605,0.0013212631705365313,0.0008181690754715894,0.008297171629744743
3857257,Denmark,3959,Center Back,96.05,0.10191330322075288,0.05941944986051119,0.058202949641679276,0.05672473085479449,0.008297171629744743
3857257,Denmark,4447,Forward,58.21666666666667,-0.0006685586920993533,0.0062717521361842846,-0.0059523959299017624,-0.006041451580840075,-0.0014698198215144433
3857257,Denmark,5732,Forward,26.700000000000003,-0.00016713967725504622,0.00042180084287561366,0.009364603157694657,0.00997910025121821,-0.0014698198215144433
3857257,Denmark,6302,Forward,37.83333333333333,-0.00016713967725504622,-0.013911715386015173,-0.004659391412550335,-0.004276125327761403,-0.0014698198215144433
3857257,Denmark,8247,Center Back,96.05,-0.041963331175285806,-0.04362910273330292,-0.0452791776507143,-0.04705096108436442,-0.03161538478950213
3857257,Denmark,16190,Fullback/Wingback,45.0,0.013679923417945501,-0.008125984627897568,0.00043158716785019364,6.48925840195687e-05,0.008297171629744743
3857257,Denmark,16294,Fullback/Wingback,27.11666666666666,-0.00016713966033421457,-0.035164536622781226,-0.00921791345186864,-0.008184390818353269,-0.0014698198215144433
3857257,Denmark,16554,Fullback/Wingback,69.35,-0.12900395761176317,-0.04260694300397427,-0.027112877525583282,-0.027757211992959198,-0.015518942498922295
3857257,Denmark,17042,Attacking Midfield/Wing,68.93333333333334,0.02640543979671134,-0.015853776676012586,-0.022798890041190657,-0.022547938356928823,-0.015518942498922295
3857257,Denmark,18722,Central/Wide Midfield,58.5,0.05840890582983902,0.03717549810557551,0.04428530290394071,0.04498513448496467,0.05596098107391782
3857257,Denmark,24443,Central/Wide Midfield,37.55,-0.01620691305846734,-0.027142085004689058,-0.00730028503047093,-0.007045041302523579,-0.013256257810289147
3857257,Denmark,24547,Fullback/Wingback,51.05,-0.04016380504296205,-0.0425050704572362,-0.030117164320651688,-0.03076734903298741,-0.015518942498922295
3857257,Denmark,27569,Attacking Midfield/Wing,96.05,-0.001374027369608886,-0.009957355272448107,-0.014096978189811014,-0.013776758012198614,-0.015518942498922295
3857258,Brazil,3063,Fullback/Wingback,97.13333333333334,-0.1270188996303742,-0.03312345137398498,-0.043660110115178896,-0.03658369676511451,-0.017094690683746167
3857258,Brazil,3280,Forward,78.31666666666666,-0.0005600264510623627,0.006089248425157726,0.00236922606095635,-0.0035003423412975953,-0.012841271316240672
3857258,Brazil,3295,Center Back,97.13333333333334,0.0018668521268220691,-0.033636521983052656,-0.040412938590892476,-0.03284360339131957,-0.017094690683746167
3857258,Brazil,4320,Attacking Midfield/Wing,79.15,-0.0018160925518914863,0.005239352147510023,0.0008473007878377627,-0.0013907528191319947,-0.0057692489916982646
3857258,Brazil,4372,Center Back,97.13333333333334,-0.030822303318479037,-0.029767330747439258,-0.05011066809059562,-0.04763260060786914,-0.03647384333586253
3857258,Brazil,5539,Defensive Midfield,97.13333333333334,-0.002987007345919582,0.0013274673511304482,-0.011689705764229476,-0.010443454463512452,-0.017094690683746167
3857258,Brazil,6945,Fullback/Wingback,97.13333333333334,-0.009286904090700985,-0.03470467025632356,-0.0402255726747472,-0.03877346304957309,-0.017094690683746167
3857258,Brazil,9904,Defensive Midfield,22.333333333333343,-0.00037335096737490847,-0.010214785098098055,-0.00745528951347196,-0.008571936147006973,-0.0019249822385925975
3857258,Brazil,10595,Attacking Midfield/Wing,86.9,-0.01768272295639572,0.004012507665029888,-0.0020902213781058866,-0.0038828278789339796,-0.017094690683746167
3857258,Brazil,18395,Attacking Midfield/Wing,75.2,-0.0007879260742988485,-0.0022067154401811603,0.00598059935453307,0.0021862143836175406,-0.0057692489916982646
3857258,Brazil,22600,Defensive Midfield,74.8,-0.0030878375287397533,-0.02089146348913399,-0.018123895484149995,-0.018496525662197033,-0.017094690683746167
3857258,Brazil,25104,Attacking Midfield/Wing,21.933333333333337,-0.00018667548368745424,0.002339350484203236,-0.0006000211040595306,-0.00021290250215176467,-0.0057692489916982646
3857258,Serbia,3831,Attacking Midfield/Wing,97.13333333333334,-0.013844087785973182,-0.01135102729923899,-0.015112190157978617,-0.01700865005775342,-0.017094690683746167
3857258,Serbia,4269,Forward,82.9,-0.00018612115403239646,-0.001970758300097312,0.0004483946329789507,-0.0005213674091111803,-0.0057692489916982646
3857258,Serbia,5589,Attacking Midfield/Wing,97.13333333333334,0.05589526784645519,0.037310198752915844,0.03305770507681936,0.030506576305312692,0.02631141525201106
3857258,Serbia,5603,Center Back,97.13333333333334,0.31141601198776675,0.39115771422525814,0.4076875409943308,0.3969759715056503,0.38726158160891416
3857258,Serbia,5833,Fullback/Wingback,40.400000000000006,-0.015471092676429937,-0.027663394897742975,-0.021010628538035155,-0.020847993568463584,-0.017094690683746167
3857258,Serbia,6318,Fullback/Wingback,56.733333333333334,-0.04717724821582604,-0.01476571728914734,-0.015662511268953787,-0.014856094003232777,-0.0057692489916982646
3857258,Serbia,6321,Center Back,97.13333333333334,0.039256689056304146,0.01963844842592988,0.01106132604904492,0.014245724735034875,0.00600653942766758
3857258,Serbia,6687,Defensive Midfield,65.13333333333334,-0.007071130283783828,-0.01465112270100655,-0.015350461562345544,-0.014449368214663883,-0.011582262247076761
3857258,Serbia,7145,Fullback/Wingback,32.0,-0.01618664154489891,-0.03048744575009041,-0.03456056284574982,-0.028700624087834352,-0.0057692489916982646
3857258,Serbia,7993,Fullback/Wingback,65.31666666666666,0.20977584645152092,0.31112593706555663,0.353118560273442,0.339132353883238,0.38726158160891416
3857258,Serbia,16489,Defensive Midfield,56.38333333333333,0.13588544826959836,0.17629574081100874,0.1851355329630162,0.17951872538777533,0.3187141026756285
3857258,Serbia,27719,Center Back,97.13333333333334,-0.008550277529179716,-0.0207650378026078,-0.011068568098046303,-0.01400867860230603,-0.017094690683746167
3857258,Serbia,30179,Defensive Midfield,40.75000000000001,0.04200095811458514,0.02568874645584798,0.03215986875683385,0.031605707423282885,0.02631141525201106
3857259,Cameroon,3141,Central/Wide Midfield,80.31666666666666,-0.007188343781393108,0.0009163768682283102,-0.02145998411444111,-0.021954578881498037,-0.01288964093511056
3857259,Cameroon,3499,Forward,96.21666666666668,0.020846037592110764,-0.012055223393214097,-0.019104915218825454,-0.020534340980456534,-0.005581384179644246
3857259,Cameroon,3551,Attacking Midfield/Wing,66.98333333333333,0.004251520041116449,0.00245686724942191,-0.009272144077602306,-0.010036537720431248,-0.0017816792327385183
3857259,Cameroon,4935,Attacking Midfield/Wing,80.35,0.01615550961930218,-0.003019993414359375,0.0038381619712229698,0.003441654488551592,0.004301787846603669
3857259,Cameroon,7426,Center Back,96.21666666666668,-0.10622167576721675,0.007772779663155458,-0.012419820841452807,-0.011741002717402044,-0.02126026296464383
3857259,Cameroon,7472,Center Back,96.21666666666668,-0.05906445690333237,0.03348292522551889,-0.05452694825354403,-0.05346555905124847,-0.4160316661770647
3857259,Cameroon,11174,Attacking Midfield/Wing,41.56666666666667,0.0,-0.0176069679139599,-0.027849469061725893,-0.02798460523726575,-0.011544838372526052
3857259,Cameroon,12623,Central/Wide Midfield,67.01666666666667,0.006675304503851506,-0.009545360456454516,-0.019130666603031355,-0.020488295994075263,-0.011544838372526052
3857259,Cameroon,13454,Fullback/Wingback,96.21666666666668,0.008904605123842524,-0.013289475002507515,-0.08152914678330375,-0.08283853844811218,-0.27863454364615514
3857259,Cameroon,16346,Fullback/Wingback,96.21666666666668,-0.0450914888778095,-0.021229350650797715,-0.02279792434184442,-0.023392531341781563,-0.011544838372526052
3857259,Cameroon,28966,Defensive Midfield,29.200000000000003,0.07315952064155407,0.054846007384995996,0.05695182129327907,0.05638246188444756,0.054060322872363176
3857259,Cameroon,30016,Defensive Midfield,54.65,-0.002070875949399589,-0.002223523662846387,-0.011510770585829229,-0.012785299926058159,-0.0017816792327385183
3857259,Cameroon,46903,Attacking Midfield/Wing,29.233333333333334,-0.021086877948322962,-0.011213393894766787,-0.00516766824400036,-0.0043736001134874174,-0.0017816792327385183
3857259,Serbia,3831,Attacking Midfield/Wing,96.21666666666668,-0.0009515653235009975,0.003819058471376918,-0.011319525226891052,-0.011094006976810768,-0.007327537488738643
3857259,Serbia,4269,Forward,96.21666666666668,0.0068294082302600145,0.01649095684655793,0.0011222472913442888,0.001506583670644366,-0.003342753574540582
3857259,Serbia,5589,Attacking Midfield/Wing,78.41666666666667,0.010268201197807988,0.009648284835000341,-0.00975532539734419,-0.010853710737201235,-0.02126026296464383
3857259,Serbia,5591,Fullback/Wingback,90.88333333333334,-0.043601643410511315,-0.016096224836501888,-0.012612200293402646,-0.013185910419614082,-0.02034777194287232
3857259,Serbia,5603,Center Back,96.21666666666668,-0.02405461085598088,-0.02872387498663998,-0.01812442761040512,-0.018237227083382282,-0.011544838372526052
3857259,Serbia,6318,Fullback/Wingback,77.68333333333334,0.005258706191347705,-0.019915163515012095,-0.0051948274930272605,-0.005831067121088846,-0.02034777194287232
3857259,Serbia,6321,Center Back,77.73333333333333,0.007030939256461958,-0.024778362279148206,-0.015586363256888022,-0.015402085283450153,-0.0036555159337753277
3857259,Serbia,6687,Defensive Midfield,96.21666666666668,0.017031689575459395,-0.013877019144506479,-0.013045244638668234,-0.012431828476312771,-0.01288964093511056
3857259,Serbia,6901,Defensive Midfield,96.21666666666668,-0.033928140765056014,-0.020464690655693823,-0.017598217889115413,-0.01815964689353368,-0.02034777194287232
3857259,Serbia,10477,Center Back,40.8,-0.02508029820294016,-0.02908690893634672,-0.02013088476946272,-0.02055329019154685,-0.01288964093511056
3857259,Serbia,27719,Center Back,55.416666666666664,-0.0009845568436301416,-0.03372823256266402,-0.022550407744838852,-0.023100970143996556,-0.02034777194287232
3857260,Mexico,5567,Defensive Midfield,85.85,-0.036693924380170925,-0.027875737666106435,-0.0400884973736603,-0.04153591558969092,-0.02143316785800416
3857260,Mexico,5568,Forward,21.16666666666667,0.0,0.01604208887019679,0.019139935376037927,0.017253023193379076,-0.004101410556421679
3857260,Mexico,5571,Attacking Midfield/Wing,97.63333333333334,-0.0007723707371511527,-0.012531819233514293,0.0013084594178462742,0.0014981708566608426,-0.004403893064505064
3857260,Mexico,5573,Center Back,97.63333333333334,0.06111988948623059,0.015955058670552504,0.013680482172321564,0.013533176972046845,-0.02143316785800416
3857260,Mexico,5576,Fullback/Wingback,97.63333333333334,0.020994906224841153,-0.009032931700913757,-0.014014405085252087,-0.014065368179208915,-0.02143316785800416
3857260,Mexico,15452,Attacking Midfield/Wing,52.63333333333334,-0.0007651381223382408,-0.003777615162658973,0.008119287065579031,0.008463548481351604,-0.004403893064505064
3857260,Mexico,26280,Attacking Midfield/Wing,76.38333333333334,0.017738810950709928,-0.00932708256901561,-0.0166578398061319,-0.015436889831023136,-0.005926916392711484
3857260,Mexico,26297,Attacking Midfield/Wing,21.25,0.0,-0.013759247089796978,0.007702727234097145,0.007862803263296607,-0.004403893064505064
3857260,Mexico,26301,Attacking Midfield/Wing,45.0,0.0025522950392026173,-0.0014848012030871402,-0.00354843168791934,-0.004062349981812903,-0.004101410556421679
3857260,Mexico,26368,Center Back,97.63333333333334,-0.007328876311094651,-0.03847583317514064,-0.02926840110469096,-0.027875403628351884,-0.04300319688015602
3857260,Mexico,26400,Forward,76.46666666666667,0.0022453441214497372,0.007718682409917468,0.005193308327753569,0.0054784923278500845,-0.018015251854952678
3857260,Mexico,26406,Fullback/Wingback,85.71666666666667,-0.001154545292768988,-0.025369104964203196,-0.006789189931433083,-0.00618000117353487,-0.02143316785800416
3857260,Mexico,28825,Defensive Midfield,97.63333333333334,-0.011166638956950997,-0.02431810595785272,-0.0278629161088223,-0.029183233740341746,-0.010915974655651597
3857260,Saudi Arabia,5187,Attacking Midfield/Wing,97.63333333333334,0.002952272650593211,-0.005786974289132568,-0.009988180464478972,-0.009824412961378957,-0.0061724081742462215
3857260,Saudi Arabia,5713,Forward,97.63333333333334,0.039132500121643085,0.06798036891389804,0.06997154631788435,0.07339135809816863,0.060994737202234084
3857260,Saudi Arabia,5715,Fullback/Wingback,36.03333333333333,0.02824183967067466,-0.00569154369237348,0.00853224952813823,0.007940827950052878,0.009352170594178756
3857260,Saudi Arabia,51094,Center Back,97.63333333333334,0.12242971733940067,0.0685989621122385,0.08166217892143127,0.08684601004712705,0.05791298493897836
3857260,Saudi Arabia,51096,Defensive Midfield,45.0,-0.006366180451340579,-0.02078601499742714,-0.019733023800935872,-0.021283183178856774,-0.004101410556421679
3857260,Saudi Arabia,51099,Central/Wide Midfield,97.63333333333334,0.001330872090385618,0.003887918636899267,0.007605586887732822,0.0076199109617866335,-0.004101410556421679
3857260,Saudi Arabia,51103,Center Back,52.63333333333334,0.004239421496794631,0.0010469697423032352,-0.011584505225111182,-0.013127638160442896,0.0327796166439698
3857260,Saudi Arabia,51469,Forward,61.05,-0.01058509687237137,0.00721645061892921,0.003305628049156321,0.0030841936135329174,-0.004403893064505064
3857260,Saudi Arabia,51470,Defensive Midfield,61.60000000000001,0.005067602600879932,-4.028721511624981e-05,-0.016340811683984872,-0.016581516991395873,-0.04300319688015602
3857260,Saudi Arabia,51546,Center Back,97.63333333333334,0.1760226181571712,0.1485467612455314,0.14562850032126015,0.14882717363755185,0.28422745751935724
3857260,Saudi Arabia,51705,Attacking Midfield/Wing,36.58333333333334,-0.02795276489520732,-0.014024659299617845,-0.006064978667250641,-0.006043614190961577,-0.005926916392711484
3857260,Saudi Arabia,51710,Fullback/Wingback,97.63333333333334,-0.06337115351365916,-0.014337671910656255,-0.02328220147320885,-0.02460651672924815,-0.02143316785800416
3857260,Saudi Arabia,57620,Fullback/Wingback,87.38333333333334,0.00827636806486855,-0.0031399542193811377,-0.0015790274016835425,-0.0014772925846013069,-0.004101410556421679
3857261,England,3205,Fullback/Wingback,56.833333333333336,-0.00400568125769496,-0.023079621869213543,-0.002797981907026778,-0.003072064775398912,-0.010915974655651597
3857261,England,3244,Center Back,94.0,-0.0028442406827317817,-0.03203951394458837,-0.01877072984886024,-0.019344417566003115,-0.02143316785800416
3857261,England,3308,Fullback/Wingback,29.16666666666667,-0.00801136193331331,-0.05746396730390557,-0.02588253212584661,-0.02409925842980953,-0.02143316785800416
3857261,England,3318,Attacking Midfield/Wing,75.01666666666667,-0.006849921690965337,-0.014391709258005876,-0.015042543275683131,-0.015547965177170801,-0.004403893064505064
3857261,England,3336,Center Back,94.0,0.028397763214473213,0.0034079854770268266,-0.010966869879476326,-0.014224563303042061,0.009352170594178756
3857261,England,3382,Fullback/Wingback,64.83333333333333,0.0011614401591941714,-0.022107104620134807,-0.007157318527542272,-0.007087674329899881,-0.005926916392711484
3857261,England,3532,Central/Wide Midfield,94.0,-0.004005680925079754,-0.004281455289213951,0.005256501602854807,0.00513061973915087,-0.004403893064505064
3857261,England,3616,Forward,36.9,-0.0019677292688616683,0.0017178642751607674,0.011994584927318624,0.01227835471693032,-0.004403893064505064
3857261,England,3664,Fullback/Wingback,37.166666666666664,-0.0008062891928212983,-0.0205648382628065,-0.0023586851605037883,-0.0018928002963073645,-0.005926916392711484
3857261,England,3943,Defensive Midfield,57.21666666666667,-0.026745454940412725,-0.00985492588663052,-0.011926380590901352,-0.01103707274888575,-0.010915974655651597
3857261,England,4354,Attacking Midfield/Wing,94.0,-0.006494770641438663,-0.010317990129557923,-0.019642308404757076,-0.0200549216863988,-0.018015251854952678
3857261,England,4706,Defensive Midfield,36.78333333333333,0.00902493908402643,-0.008549342450182348,-0.0007306655159244736,-0.001124061807313931,-0.004101410556421679
3857261,England,10955,Forward,57.1,0.0,0.02025992380109051,0.014415540871232178,0.014249929404403238,-0.004403893064505064
3857261,England,30714,Central/Wide Midfield,94.0,-0.007656210717479033,-0.0007978497771188762,0.0005783994592641102,0.0004426203936934821,-0.004403893064505064
3857261,Wales,3086,Fullback/Wingback,58.61666666666667,-0.02345506630873284,-0.04067982188027681,-0.08200206804402195,-0.0823533971777394,-0.09427243429951004
3857261,Wales,3517,Attacking Midfield/Wing,94.0,-0.008180745010841874,0.03809022691396164,0.009313025456489363,0.008074560158130052,-0.004101410556421679
3857261,Wales,3853,Forward,94.0,-0.01003437283554975,0.004902522254356618,-0.02064090825644065,-0.024286757681802676,-0.02143316785800416
3857261,Wales,4767,Center Back,94.0,-0.03308296981680242,0.010548277079177236,0.0022910711250594597,0.0027272109294329662,-0.010915974655651597
3857261,Wales,4774,Fullback/Wingback,58.06666666666667,0.08474520342778179,0.013126320087157054,-0.030139145210622467,-0.038524892682812485,-0.02143316785800416
3857261,Wales,4934,Defensive Midfield,94.0,-0.07962106308557942,-0.014659112250383554,-0.028774305217451647,-0.031069606407829783,-0.004101410556421679
3857261,Wales,6399,Attacking Midfield/Wing,45.0,0.0010291242653716213,-0.02029171973535698,0.003108697605867186,0.0035066608364657517,-0.004403893064505064
3857261,Wales,10931,Defensive Midfield,80.33333333333333,0.010563475094570578,0.0038400677201982088,0.0038506441093048697,0.0036530448684468646,-0.004101410556421679
3857261,Wales,11250,Center Back,94.0,0.0816706407379029,0.016300270993851097,0.018201179070276435,0.016585191032057123,0.009352170594178756
3857261,Wales,11252,Attacking Midfield/Wing,76.25,-0.02059784837220383,-0.008603417589041023,-0.005659355752983277,-0.004971119596217361,-0.005926916392711484
3857261,Wales,22074,Defensive Midfield,35.38333333333333,-0.02903183406407509,0.02001319773205048,-0.0038171099068355103,-0.0061899250205987594,-0.004101410556421679
3857261,Wales,29377,Attacking Midfield/Wing,49.0,0.0,0.0005719722539425814,0.004210313679230948,0.003984627159860237,-0.004403893064505064
3857261,Wales,34794,Fullback/Wingback,35.93333333333333,-0.0012928611139142062,-0.01766971922825434,-0.01023979577291909,-0.010358330549613784,0.009352170594178756
3857262,Portugal,4272,Attacking Midfield/Wing,81.21666666666667,0.0016910389751648984,-0.0068718724830631045,-0.010505521691770001,-0.00886686311642276,-0.0057692489916982646
3857262,Portugal,5207,Forward,64.93333333333334,-0.09417061417086704,-0.0030730931512932365,-0.1135627592151054,-0.09222098990825253,-0.03647384333586253
3857262,Portugal,5218,Forward,32.05,0.0010648947224851596,0.0021933579130241484,0.00844809285513689,0.007459444247246984,-0.0057692489916982646
3857262,Portugal,7005,Fullback/Wingback,96.98333333333332,-0.0032680021438470765,-0.021980535825558662,-0.03028206956591284,-0.03141991557071802,-0.03647384333586253
3857262,Portugal,9927,Defensive Midfield,64.7,0.05074003813599513,0.029220730413207358,0.018006555804871347,0.023842614264647267,0.02631141525201106
3857262,Portugal,10868,Attacking Midfield/Wing,96.98333333333332,0.0302448048338143,0.005101142372573527,-0.0028221048342125807,-0.0009827757683036988,-0.017094690683746167
3857262,Portugal,12169,Defensive Midfield,32.55,0.024308777623495238,-0.0008723115675387393,-0.005902034883617959,0.0015652326031029991,0.00600653942766758
3857262,Portugal,16028,Fullback/Wingback,96.98333333333332,-0.0038291874728668984,-0.032422253398285916,-0.0269410039555041,-0.025907015544128102,-0.017094690683746167
3857262,Portugal,18360,Attacking Midfield/Wing,32.28333333333333,0.0005324473809073301,-0.02033944364625123,0.0019461037913062556,-0.0005254419578838748,-0.0057692489916982646
3857262,Portugal,20016,Center Back,96.98333333333332,0.20776094528185707,0.11312520291222253,0.0918271525096968,0.09785727531090863,0.07600944137734467
3857262,Portugal,34639,Central/Wide Midfield,81.21666666666667,0.021452774337769764,-0.014712805822360633,-0.004067819756361686,-0.004224897970328944,0.00600653942766758
3857262,Portugal,40874,Central/Wide Midfield,64.43333333333334,-0.008324541960138123,-0.02329264929348424,-0.02533437700999016,-0.025793595478234045,-0.011582262247076761
3857262,Portugal,143854,Center Back,96.98333333333332,-0.021733430755400174,-0.03326455852642107,-0.03621310076670306,-0.03334729143903864,-0.03647384333586253
3857262,South Korea,3083,Attacking Midfield/Wing,96.98333333333332,-0.034900041110200904,-0.028061268652467223,-0.01403421532523701,-0.01842811225938599,-0.017094690683746167
3857262,South Korea,5604,Center Back,80.51666666666667,0.03170753219532535,-0.014608099779773981,-0.012215275674318304,-0.011923641487132897,-0.017094690683746167
3857262,South Korea,5618,Defensive Midfield,96.98333333333332,-0.0009651133089056728,0.03307570745109095,0.02201530819850618,0.023456600035448298,-0.00042906041158938284
3857262,South Korea,5620,Attacking Midfield/Wing,31.59999999999999,0.0005184355694310446,-0.018248829394306994,-0.01945755329808024,-0.02067571727858901,-0.017094690683746167
3857262,South Korea,5623,Attacking Midfield/Wing,65.38333333333334,0.004097870834429111,-0.011124029107297331,-0.016616358520862583,-0.013389978381958824,-0.0057692489916982646
3857262,South Korea,22740,Central/Wide Midfield,81.21666666666667,-0.004103362114524077,-0.017249548906357746,-0.026919019361449765,-0.023966566784852587,-0.0057692489916982646
3857262,South Korea,23763,Central/Wide Midfield,96.98333333333332,-0.0027305178120609766,-0.03277370874599128,-0.03399930954190549,-0.035486775083683524,-0.017094690683746167
3857262,South Korea,40538,Fullback/Wingback,96.98333333333332,-0.01164614295703359,-0.03897127692626674,-0.043234481937609426,-0.0405162517800341,-0.0239565075183477
3857262,South Korea,40542,Forward,92.76666666666668,0.0005184355694310446,-0.002449384811489737,-0.007295926826895728,-0.005593566137549568,-0.003185780714341646
3857262,South Korea,40564,Center Back,96.98333333333332,0.013778072637873456,-0.010353452374915943,-0.0056482916399894475,-0.0073158165652766356,0.00600653942766758
3857262,South Korea,40672,Fullback/Wingback,96.98333333333332,0.004480405569713759,-0.02498507032689819,-0.015571347181762764,-0.014940889304794468,-0.03647384333586253
3857263,Germany,3167,Center Back,95.81666666666666,-0.002809727417403146,-0.021235244400437222,-0.006956318638737475,-0.007579338159321266,-0.0017150570850485414
3857263,Germany,5562,Forward,69.25,-0.0022388701510958767,0.005439441083917391,-0.007955742360609967,-0.008819747043035439,-0.014027881087310219
3857263,Germany,5579,Defensive Midfield,95.81666666666666,-0.04715370392659679,-0.01656709629016627,-0.019543569121690273,-0.019262696555926866,-0.0017150570850485414
3857263,Germany,6322,Center Back,95.81666666666666,0.05406147157038121,0.03753407822506359,0.025587017941831307,0.0266699713809263,0.046207223256968584
3857263,Germany,6324,Defensive Midfield,95.81666666666666,0.38184682106427653,0.259949322222899,0.255033101972391,0.26498382118624847,0.33946527159476736
3857263,Germany,8400,Attacking Midfield/Wing,84.28333333333333,0.052724125118019355,0.03965913502409184,0.019773497580694178,0.02018841497342031,-0.0017150570850485414
3857263,Germany,8507,Fullback/Wingback,26.483333333333334,0.0001616578389841475,-0.028275441985325823,-0.00853250127083706,-0.007259659824981385,-0.00979824499551997
3857263,Germany,8511,Fullback/Wingback,69.33333333333333,0.1894514202017729,0.11009768391933725,0.11170965246868571,0.11552338867374848,0.09355808624531801
3857263,Germany,8546,Forward,26.566666666666663,0.0,0.026118968544873822,0.01753336356873738,0.017336574360296557,-0.0017150570850485414
3857263,Germany,10287,Attacking Midfield/Wing,69.03333333333333,0.000161657854301953,-0.004255035166078161,-0.004228833751981903,-0.004043446287351399,-0.0031587944602985037
3857263,Germany,12034,Fullback/Wingback,86.28333333333333,0.035607233539370724,0.039127981310644946,0.021447013026193583,0.022608412948608006,0.046207223256968584
3857263,Germany,39565,Attacking Midfield/Wing,95.81666666666666,0.04240991134122994,0.046761271563800305,0.03659570096345281,0.037017127632400885,0.046207223256968584
3857263,Spain,3477,Forward,42.4,0.059434281497755474,0.04707602642926547,0.04560772718094308,0.045020030534122055,0.046207223256968584
3857263,Spain,4353,Center Back,95.81666666666666,0.010892607353846817,-0.008605668236978654,-0.008439000094710136,-0.00970390747819971,-0.0017150570850485414
3857263,Spain,5199,Central/Wide Midfield,30.58333333333333,0.0,-0.00917113306916013,0.01032491810007899,0.011549409973709533,-0.0017150570850485414
3857263,Spain,5203,Defensive Midfield,95.81666666666666,-0.016284463944269672,-0.026091055040395342,-0.02138001565427198,-0.021233238356055967,-0.014027881087310219
3857263,Spain,5211,Fullback/Wingback,81.85,-0.01973117602413849,-0.035789292278827274,-0.04062186135029976,-0.04149468342589322,-0.01770850537033458
3857263,Spain,5719,Forward,65.23333333333333,-0.0008828744210083695,0.006054588733448075,0.00868387962648633,0.008735709184509955,-0.0017150570850485414
3857263,Spain,5721,Fullback/Wingback,95.81666666666666,0.05823896879412453,0.015054775527192865,0.02556278883977464,0.026925358197580407,-0.0012690343381247162
3857263,Spain,6748,Attacking Midfield/Wing,53.416666666666664,-0.0026829431162160985,0.0034927870164782127,0.007865987998056911,0.008327464276381149,-0.0017150570850485414
3857263,Spain,6765,Center Back,95.81666666666666,-0.040014710890211386,0.07584827346533425,0.046108545536132334,0.046043313654086974,-0.0031587944602985037
3857263,Spain,16532,Attacking Midfield/Wing,95.81666666666666,-0.007255084518178859,-0.011597782640706442,-0.022963322528192366,-0.02379471126962977,-0.01621651390291
3857263,Spain,30486,Central/Wide Midfield,95.81666666666666,-0.015329714840524556,-0.026145340338146725,-0.016718280116445168,-0.01655787833670112,-0.01621651390291
3857263,Spain,68574,Attacking Midfield/Wing,30.200000000000003,-0.018214694436584765,-0.031191530311506822,-0.013533246150319016,-0.012614077185666761,-0.00979824499551997
3857263,Spain,133353,Central/Wide Midfield,65.61666666666666,-0.019011008245048717,-0.01682017909542992,-0.017020023740489682,-0.016919206305119908,-0.0031587944602985037
3857264,Argentina,2995,Attacking Midfield/Wing,58.3,0.001125074822294454,0.00784012159583875,0.010363070351938666,0.009714924639616502,-0.0017816792327385183
3857264,Argentina,3090,Center Back,96.01666666666668,-0.0034773653337302115,-0.03640853385014261,-0.020524777153125832,-0.019928367174185356,-0.02034777194287232
3857264,Argentina,5503,Forward,96.01666666666668,0.00021258888479608757,0.0009481398755694087,-0.0024380058523547454,-0.001839366639846146,-0.0017816792327385183
3857264,Argentina,5507,Fullback/Wingback,37.56666666666666,0.0,-0.018491037395117024,0.009356655869714788,0.010515744449839597,-0.005581384179644246
3857264,Argentina,7797,Central/Wide Midfield,96.01666666666668,-0.0019648710888129873,-0.010005411244389613,-0.007433927083095145,-0.008139631516980335,-0.0017816792327385183
3857264,Argentina,16308,Defensive Midfield,37.71666666666667,-0.001234634826407553,-0.0012629570891678522,0.01146622816669323,0.012104697243380749,-0.0036555159337753277
3857264,Argentina,19597,Fullback/Wingback,58.45,-0.0020304924468151652,-0.0392310717803915,-0.024528516041841076,-0.023551043406411877,-0.02034777194287232
3857264,Argentina,20572,Center Back,96.01666666666668,-0.002598292698026993,-0.022469690939764392,-0.020543214608333703,-0.020491892076268295,-0.02034777194287232
3857264,Argentina,27886,Central/Wide Midfield,82.78333333333333,-0.05506167447982499,-0.0134637018549639,-0.013520069529972104,-0.01344156334270035,-0.011544838372526052
3857264,Argentina,29201,Fullback/Wingback,96.01666666666668,-0.005200010032590048,-0.026336558578093902,-0.025622627855498906,-0.026191929822929248,-0.029178307025253508
3857264,Argentina,29560,Attacking Midfield/Wing,78.08333333333333,-0.0008923873918739936,-0.014173868849688548,-0.006442549816930354,-0.006243121575373531,-0.011544838372526052
3857264,Argentina,38718,Defensive Midfield,78.4,0.00045795530940477666,-0.025672935003664552,-0.028585087119328084,-0.026658262520124085,-0.02034777194287232
3857264,Poland,3034,Center Back,96.01666666666668,-0.021925006967649097,0.0007454983605012776,-0.022934612809072233,-0.024562672083889868,0.0071196919555316426
3857264,Poland,3637,Defensive Midfield,82.95,-0.03792125799009227,0.006821500819426125,-0.030246933123672846,-0.03199843129763351,-0.02964919435876548
3857264,Poland,4685,Fullback/Wingback,24.016666666666666,-0.0004952787094225641,-0.04164467068984451,-0.03850156773870928,-0.0389132239656844,-0.01823602119162041
3857264,Poland,4734,Fullback/Wingback,96.01666666666668,-0.015176437864283798,0.08718850045916388,0.06396714510938681,0.06552949379757779,0.054060322872363176
3857264,Poland,5660,Central/Wide Midfield,96.01666666666668,-0.11983100696397742,-0.016494811952867314,-0.05335656952774294,-0.05645604343639363,-0.029178307025253508
3857264,Poland,5668,Forward,96.01666666666668,-0.018298364136626333,-0.007090792793953922,-0.022058592862704927,-0.02308440020259578,-0.01288964093511056
3857264,Poland,5673,Fullback/Wingback,72.0,-0.06638861568717402,-0.041046300076191304,-0.0462362621849994,-0.04758008966795152,-0.02034777194287232
3857264,Poland,7979,Central/Wide Midfield,45.0,0.0004826906092603167,-0.02403963782920617,-0.015899258955780617,-0.016424322268669564,-0.02034777194287232
3857264,Poland,8714,Defensive Midfield,34.266666666666666,-0.011679996532620862,-0.023080834140223036,-0.012869551378439337,-0.01276883416361432,-0.011544838372526052
3857264,Poland,8836,Forward,45.0,-0.008650235315599275,-0.014223611510553019,-0.019254850457984054,-0.02047438709851264,-0.02034777194287232
3857264,Poland,11737,Defensive Midfield,61.75,-0.05658091678242272,-0.02192199012218263,-0.046766527578535916,-0.04851083032867649,-0.02126026296464383
3857264,Poland,28453,Central/Wide Midfield,51.016666666666666,0.02877685819839826,0.03861486080733778,0.05678366269048084,0.05773966833749894,0.02614390577144608
3857264,Poland,31955,Central/Wide Midfield,51.016666666666666,-0.009592218498255534,0.02682883272317886,0.0245630559756799,0.024780531108729846,0.004301787846603669
3857264,Poland,44166,Center Back,96.01666666666668,-0.06843409778412024,-0.012068761941648763,-0.02649847295964509,-0.02655658558738306,-0.029178307025253508
3857265,Mexico,5567,Defensive Midfield,97.38333333333334,-0.042265430178411084,0.0023614042397301525,-0.013079857692127602,-0.01429380295594273,-0.01770850537033458
3857265,Mexico,5568,Forward,27.083333333333343,-0.0055694723885287255,-0.026258750916225898,-0.016811869118966274,-0.015914831685745284,-0.00979824499551997
3857265,Mexico,5571,Attacking Midfield/Wing,97.38333333333334,-0.012888409460976939,-0.009022190869023006,-0.013288581049597884,-0.014655028508989573,-0.005834519646347918
3857265,Mexico,5573,Center Back,97.38333333333334,-0.4160316661770647,-0.056214216594092106,-0.1167404198195642,-0.11626723736605586,-0.12927863266997527
3857265,Mexico,5575,Central/Wide Midfield,70.25,0.04309024551356047,0.0011266740498729298,-0.010016275911181838,-0.012857730702285452,-0.0017150570850485414
3857265,Mexico,5576,Fullback/Wingback,97.38333333333334,-0.06300225065548576,-0.03640653760857841,-0.028623512989731592,-0.02850208120172056,-0.01621651390291
3857265,Mexico,26297,Central/Wide Midfield,27.13333333333334,-0.0016899639826185781,-0.01402857207646851,-0.0030112897697155095,-0.002525718037227063,-0.005834519646347918
3857265,Mexico,26301,Attacking Midfield/Wing,83.8,-0.025478137985748404,-0.020020408433864538,-0.01312007440863617,-0.012932946919430196,-0.014027881087310219
3857265,Mexico,26368,Center Back,97.38333333333334,-0.043161315852022895,-0.036284950943480866,-0.03405497589269519,-0.03489742064548262,-0.04300176819154676
3857265,Mexico,26400,Forward,70.3,0.001284151932101368,0.0025375428651955466,0.002618851492426229,0.0020849703765947465,-0.0031587944602985037
3857265,Mexico,26406,Fullback/Wingback,97.38333333333334,0.0319565123765428,0.0038516492926274452,-0.002340534894430743,-0.0022384207955138927,-0.014027881087310219
3857265,Mexico,28825,Central/Wide Midfield,97.38333333333334,0.0026168379254693933,-0.011480587363293285,-0.01933021435980839,-0.021041292164090862,-0.00979824499551997
3857265,Poland,3034,Center Back,97.38333333333334,-0.13796652888834296,-0.003234373537354651,-0.01655178955063221,-0.016383221184852026,-0.01621651390291
3857265,Poland,3637,Defensive Midfield,97.38333333333334,-0.14000645591821298,-0.023758708682497506,-0.02804048505785612,-0.02869717995817257,-0.01621651390291
3857265,Poland,4664,Central/Wide Midfield,71.16666666666667,-0.031847175179506616,-0.018030785426062068,-0.02511809901444476,-0.02616838264268632,-0.01770850537033458
3857265,Poland,4734,Fullback/Wingback,97.38333333333334,-0.021757140023849837,-0.03069871386643384,-0.05463310788032573,-0.05403762285046408,-0.01621651390291
3857265,Poland,5660,Central/Wide Midfield,87.0,-0.02079369067754428,-0.014925767311775933,-0.008385425201012616,-0.008387277457687683,-0.014027881087310219
3857265,Poland,5668,Forward,97.38333333333334,-0.013224773055660617,0.047180194547003444,0.042292973595683125,0.042831953994422814,-0.0017150570850485414
3857265,Poland,5673,Fullback/Wingback,97.38333333333334,-0.0716150321728404,-0.04071864256688312,-0.0472404808525951,-0.04780730820063705,-0.01770850537033458
3857265,Poland,7979,Central/Wide Midfield,26.21666666666667,-0.0016163116694759038,0.00041279720703431885,-0.0006730145439292682,-0.0005232214230065545,-0.0017150570850485414
3857265,Poland,11737,Defensive Midfield,52.38333333333334,-0.03774038839282984,-0.024591302660493683,-0.011946617181097689,-0.011813694839715382,-0.00979824499551997
3857265,Poland,31955,Central/Wide Midfield,97.38333333333334,0.026408703005395783,0.025317988722360744,0.004451268992618075,0.0028587110550815473,-0.0012690343381247162
3857265,Poland,44166,Center Back,97.38333333333334,-0.18817099872506673,-0.009710376461745827,-0.0258977663334548,-0.026541250625117363,-0.01621651390291
3857265,Poland,50502,Central/Wide Midfield,45.0,-0.010768931188286809,-0.028694942104076252,-0.009032079541874202,-0.008396357268391002,-0.010371105966050701
3857266,Denmark,3043,Defensive Midfield,97.15,0.10275265807580627,0.09135669727138097,0.0830642298454566,0.08611704707376387,0.07462514590616294
3857266,Denmark,3570,Defensive Midfield,97.15,0.32949129265402977,0.1875206096882296,0.1991280274350035,0.20555562364848293,0.26079313050406144
3857266,Denmark,3959,Center Back,97.15,0.09236355721832643,0.058708177140358586,0.04066516973168189,0.04692902386228425,0.021598991013246065
3857266,Denmark,4447,Forward,52.150000000000006,-0.00036389902573008136,0.018221668624559633,0.016183432136265052,0.016079847772394098,-0.0014698198215144433
3857266,Denmark,5732,Forward,45.0,-0.025234672998349313,0.004250571805931296,-0.009539229786464022,-0.010589945968591537,-0.0014698198215144433
3857266,Denmark,6302,Forward,24.200000000000003,-0.00018194952207511362,0.01536287337378901,0.01936268369900738,0.01991022183605026,-0.0014698198215144433
3857266,Denmark,8247,Center Back,97.15,0.15406738180163188,0.09736546585397486,0.09810657325528875,0.10097667442821348,0.11068458589668169
3857266,Denmark,16190,Fullback/Wingback,91.61666666666666,0.025041319250830602,-0.03373781324816303,-0.03736596404380228,-0.038696363431508764,-0.015518942498922295
3857266,Denmark,16554,Fullback/Wingback,97.15,0.21877028213819796,0.16231385544671947,0.16392297341123488,0.16873851840251544,0.15941887789403783
3857266,Denmark,17043,Center Back,97.15,-0.002636902934659414,0.14149077503887944,0.16341247122268404,0.16727914238758154,0.26079313050406144
3857266,Denmark,24443,Attacking Midfield/Wing,72.95,0.2315401286218327,0.15043552444201835,0.1593320337326119,0.16467446603509484,0.15941887789403783
3857266,Denmark,27569,Attacking Midfield/Wing,84.26666666666667,0.19304987077772193,0.12653256259610338,0.11669152093017807,0.12103891713852788,0.15941887789403783
3857266,France,2972,Forward,35.16666666666667,-0.004062929618559391,-0.012096910705394152,0.004595801776774777,0.004582256166215366,-0.0014698198215144433
3857266,France,3009,Attacking Midfield/Wing,97.15,-0.002961690452965823,-0.01423973413626835,0.001802615278663858,0.002831888615843809,-0.0014698198215144433
3857266,France,3026,Defensive Midfield,97.15,-0.09607213444239762,0.010110462258064471,-0.008733166001749774,-0.00917601960352119,-0.03161538478950213
3857266,France,3604,Forward,61.983333333333334,0.0003576719779642178,-0.01395131197754344,-0.009909788288740328,-0.010568172080280486,-0.0014698198215144433
3857266,France,4445,Fullback/Wingback,97.15,0.042924000964766104,0.019079945128682097,0.017280725629046444,0.01709287947324116,0.021598991013246065
3857266,France,5477,Attacking Midfield/Wing,74.16666666666667,-0.002543980598921416,-0.028959893451989,-0.01892472961151605,-0.019254687152483487,-0.013256257810289147
3857266,France,5485,Center Back,73.85,-0.04641862567997985,-0.017009894858595602,-0.01833866619602753,-0.019168428557892244,-0.013256257810289147
3857266,France,5487,Attacking Midfield/Wing,92.21666666666668,-0.028523505236741832,-0.021758409361741476,-0.02117905598812375,-0.021643776334921344,-0.013256257810289147
3857266,France,6704,Fullback/Wingback,97.15,-0.017291626986720925,-0.03678463525679529,-0.023268371341765397,-0.024058915257675232,-0.07146042601162036
3857266,France,8217,Attacking Midfield/Wing,22.983333333333334,-0.00018667548368745424,-0.04518603869599409,-0.0009980557937408624,-0.0003180421564095995,-0.013256257810289147
3857266,France,8519,Center Back,97.15,-0.062339005586630726,-0.00299476196365262,-0.03318716391909059,-0.03177444208333826,-0.07146042601162036
3857266,France,10481,Defensive Midfield,97.15,-0.027904484886676073,-0.02070266161492661,-0.017766424408674496,-0.0187026901358309,-0.015518942498922295
3857266,France,11135,Center Back,23.30000000000001,-0.00018667548368745424,-0.05511978800636838,-0.010849909728196569,-0.010009894818561555,-0.015518942498922295
3857267,Ecuador,12583,Defensive Midfield,45.0,-0.012740555541129427,-0.03597839215241323,-0.010392259516815994,-0.009240475213266597,-0.018015251854952678
3857267,Ecuador,24085,Fullback/Wingback,96.93333333333334,-0.07731299373200896,-0.03506381486960234,-0.030466151350614843,-0.03114317639388614,-0.02143316785800416
3857267,Ecuador,28559,Attacking Midfield/Wing,96.93333333333334,-0.2346499529461183,-0.011154079212538127,0.004375561573849052,0.004581748578437193,-0.005926916392711484
3857267,Ecuador,30111,Center Back,96.93333333333334,0.03231824342170573,0.017054379107617257,0.005401890118714652,0.004836312229044947,-0.02143316785800416
3857267,Ecuador,31152,Central/Wide Midfield,96.93333333333334,0.0015952343070811561,-0.00021566065337558807,0.00469706910499603,0.004708892569976049,-0.004403893064505064
3857267,Ecuador,34396,Forward,63.266666666666666,0.039464235493816495,0.045252722793528585,0.04296094177952303,0.042329188194723186,0.04378059442066362
3857267,Ecuador,36148,Defensive Midfield,51.93333333333334,0.023559982766753085,-0.008699044416663117,0.007341745157683934,0.007407490232904139,-0.004101410556421679
3857267,Ecuador,37726,Defensive Midfield,96.93333333333334,-0.05865919945259275,-0.025047743552863395,-0.02528177596050872,-0.02660346348280399,-0.02143316785800416
3857267,Ecuador,37737,Fullback/Wingback,84.76666666666667,-0.016050838739114153,-0.03723927591501815,-0.03809449111272078,-0.03905040786679176,-0.02143316785800416
3857267,Ecuador,37945,Central/Wide Midfield,45.0,0.0017963843439768455,-0.01464561532739571,-0.009306998257455342,-0.009448770035206791,-0.005926916392711484
3857267,Ecuador,38004,Center Back,96.93333333333334,-0.1317977891620798,-0.0104983172666496,-0.060248033735972345,-0.06070361554553783,-0.02143316785800416
3857267,Ecuador,40211,Central/Wide Midfield,51.93333333333334,-0.0013645188006561962,-0.02117878771384901,0.0011528562145929789,0.0017899856195828382,-0.005926916392711484
3857267,Ecuador,91090,Forward,33.66666666666667,-0.0015900717535464281,0.0020737455783333956,0.012200245276907534,0.012618474800612563,-0.004101410556421679
3857267,Senegal,2941,Attacking Midfield/Wing,96.93333333333334,-0.0005432972628398832,-0.010917392322435684,-0.01063504866508852,-0.011625792057689335,-0.02143316785800416
3857267,Senegal,3404,Fullback/Wingback,96.93333333333334,0.01586837463848102,-0.036093416806488934,-0.039858205563847185,-0.041499216992014934,-0.02143316785800416
3857267,Senegal,3436,Attacking Midfield/Wing,96.93333333333334,-0.012238388137712356,-0.010687631281178507,-0.032102245112798314,-0.033970316874457514,-0.02143316785800416
3857267,Senegal,4506,Defensive Midfield,23.083333333333343,-0.0005844832504594542,-0.021531786971205197,-0.012590588511598763,-0.011991100778615675,-0.005926916392711484
3857267,Senegal,5675,Center Back,96.93333333333334,-0.010903652679211605,-0.0428685257612133,-0.07002090920789227,-0.07261035523799861,-0.02143316785800416
3857267,Senegal,8553,Center Back,96.93333333333334,-0.29603802123533407,0.0381423805967764,0.04213627635518252,0.04271152546266451,0.00758924025400865
3857267,Senegal,20611,Forward,94.71666666666668,-0.013880832276814786,-0.004056427972273836,-0.0065167628628120125,-0.006757695680248138,-0.005926916392711484
3857267,Senegal,21026,Defensive Midfield,96.93333333333334,-0.01438417798399095,-0.019256993825270408,-0.02349323975388426,-0.025030344781818564,-0.02143316785800416
3857267,Senegal,31751,Defensive Midfield,73.85,-0.0009504224104296237,-0.02727040824969202,-0.03555812912776032,-0.03684943371102522,-0.02143316785800416
3857267,Senegal,32915,Fullback/Wingback,96.93333333333334,-0.05339759982125104,-0.03810875744139485,-0.034157166559835306,-0.034863235981456256,-0.02143316785800416
3857267,Senegal,80484,Attacking Midfield/Wing,74.05,-0.02904315816598989,-0.018167661226661014,-0.016530116081223394,-0.01705064458484167,-0.005926916392711484
3857267,Senegal,88123,Forward,22.88333333333334,0.0009564555906522346,-0.008399883251652617,0.005697171614518257,0.0059467021522256,-0.005926916392711484
3857268,Belgium,2954,Defensive Midfield,45.0,0.012429286349181305,-0.01388280495699674,-0.007383065936800392,-0.00816434418008097,-0.012841271316240672
3857268,Belgium,3077,Center Back,95.05,-0.04473888205693049,-0.035967745146346375,-0.045511519670985615,-0.04493824436420698,-0.03647384333586253
3857268,Belgium,3089,Attacking Midfield/Wing,95.05,0.001171799102688537,-0.019807934351686346,-0.014931649491513928,-0.020616675188126925,-0.017094690683746167
3857268,Belgium,3176,Fullback/Wingback,50.05,0.012592429171918947,-0.04813065255186935,-0.04599334202833364,-0.04053954792141198,-0.03647384333586253
3857268,Belgium,3457,Forward,77.88333333333334,0.00046354242573108743,0.009873330053090497,-0.00011821267748713272,-0.0005607584228157201,-0.0057692489916982646
3857268,Belgium,3621,Attacking Midfield/Wing,61.81666666666667,0.00024471431970596313,-0.03331498444430249,-0.02266435816671653,-0.023185781785766725,-0.017094690683746167
3857268,Belgium,5633,Fullback/Wingback,45.0,0.045668441007899886,0.08195974622686052,0.03615160118992596,0.03993322741589813,0.07600944137734467
3857268,Belgium,5642,Defensive Midfield,95.05,0.008593025678933105,-0.002146528493284794,-0.012437075678171546,-0.010365268167658303,-0.017094690683746167
3857268,Belgium,6331,Center Back,95.05,-0.24753526411265792,0.011203529912868415,-0.012407660993229739,-0.0023828990706675638,-0.03647384333586253
3857268,Belgium,6989,Fullback/Wingback,95.05,-0.002969714011723066,-0.0067631320806229665,0.0018530838988529397,0.0025865814925099583,-0.0057692489916982646
3857268,Belgium,16559,Attacking Midfield/Wing,33.23333333333333,0.006211728494450012,0.006277615937542602,0.006990579458185452,0.00817569547130756,0.00600653942766758
3857268,Belgium,20005,Center Back,95.05,-0.008558011887704624,0.06174542083801523,0.07678701281372997,0.0694873626191805,0.02631141525201106
3857268,Belgium,48347,Defensive Midfield,50.05,-0.008521460660952418,-0.02932427667693739,-0.022738307252647565,-0.020897436990795354,-0.011582262247076761
3857268,Canada,9922,Attacking Midfield/Wing,57.4,0.0,0.034232825081799596,0.007926042980383272,0.012058568968575958,-0.003185780714341646
3857268,Canada,11187,Defensive Midfield,80.35,-0.024442199346923595,-0.0082984927653408,-0.004515906693945893,-0.012035862902729592,-0.0057692489916982646
3857268,Canada,11846,Center Back,95.05,0.1184174890211974,0.08426315200585358,0.09588447374135713,0.09322058306940395,0.0797887725175591
3857268,Canada,12365,Fullback/Wingback,95.05,-0.019604089832584184,0.018387302527676647,-0.0012148533678343464,0.00020475760144652373,-0.017094690683746167
3857268,Canada,16120,Fullback/Wingback,73.2,-0.03458338608005903,-0.006530478183753604,-0.01026084376408908,-0.00975289895917434,-0.0057692489916982646
3857268,Canada,16459,Forward,37.65,0.0,0.0049189075797773756,0.007679081790300352,0.007111499123154567,-0.0019249822385925975
3857268,Canada,23640,Forward,95.05,0.003302926394011242,0.01232453202228625,0.008419514530098371,0.005013425234975857,-0.0019249822385925975
3857268,Canada,23828,Center Back,95.05,-0.22541755289316223,0.0198292989084953,-0.0018181192090665588,0.008426936753505337,-0.03647384333586253
3857268,Canada,24024,Attacking Midfield/Wing,80.16666666666667,0.0031846540023471757,-0.005126619452969027,-0.00805556687335473,-0.0063213363897283315,-0.0057692489916982646
3857268,Canada,29758,Fullback/Wingback,21.84999999999999,0.0,-0.0018771261365561507,0.01083069846429271,0.007042900731092844,-0.0019249822385925975
3857268,Canada,31684,Defensive Midfield,57.68333333333333,-0.003888686461071203,-0.007673913953039471,-2.975926624063747e-05,-0.0016684066248011972,-0.003185780714341646
3857268,Canada,44703,Center Back,95.05,-0.04777370269006365,-0.02053580711276626,-0.01972743052782584,-0.021077768011001502,-0.011582262247076761
3857268,Canada,133229,Defensive Midfield,37.36666666666667,-0.004446935553821814,-0.022862662398344537,0.0007176020465437954,-0.002915971668260464,-0.0057692489916982646
3857269,Brazil,3202,Forward,23.25,0.0,0.02848581483138989,0.006390397478100685,0.0070083775972480415,-0.0017816792327385183
3857269,Brazil,3280,Forward,72.66666666666667,0.0,0.010778573193435725,0.007591160870313753,0.007329964019425611,-0.0017816792327385183
3857269,Brazil,3295,Center Back,95.91666666666669,0.06428904135215194,0.009507405642279018,-0.003970073378125874,-0.004054810765937503,0.02614390577144608
3857269,Brazil,4372,Center Back,95.91666666666669,0.006775783358056,-0.02358241791448108,-0.02378244288761633,-0.02391674728117999,-0.02034777194287232
3857269,Brazil,5539,Defensive Midfield,95.91666666666669,0.000200688679653563,-0.0036773685210911744,-0.01668146083756801,-0.01703720851938534,-0.02034777194287232
3857269,Brazil,6945,Fullback/Wingback,85.36666666666666,-0.013291508711470095,-0.03672968869461303,-0.025677932275191283,-0.026266750194008287,-0.01288964093511056
3857269,Brazil,9904,Defensive Midfield,57.666666666666664,0.025925695732248163,0.01543052860400338,0.0017219552522275581,0.001637552247267726,0.015721329922496963
3857269,Brazil,10595,Central/Wide Midfield,72.98333333333333,-0.03008132196938325,-0.0033733458819287638,-7.194637813687644e-05,0.0007608359010717557,-0.0020962503873188003
3857269,Brazil,13620,Fullback/Wingback,95.91666666666669,-0.017667804326935623,-0.02050754746763829,-0.007811451405700293,-0.009491968587960923,-0.011544838372526052
3857269,Brazil,18395,Central/Wide Midfield,95.91666666666669,-0.16579105936934388,0.011877413788619999,-0.0003134064117320638,-0.0015281784688736316,-0.0017816792327385183
3857269,Brazil,22600,Attacking Midfield/Wing,45.0,0.0005184355694310446,0.012186573750872254,0.019143286047772712,0.01894821858204835,-0.0017816792327385183
3857269,Brazil,25104,Attacking Midfield/Wing,50.91666666666667,-0.0032489533431975075,-0.0011413063881305138,0.0014038399397905878,0.0012118775763686187,-0.0017816792327385183
3857269,Brazil,25142,Defensive Midfield,38.25000000000001,0.0,-0.007365423221857341,-0.00564197792655104,-0.004927835550329708,-0.0017816792327385183
3857269,Brazil,25363,Central/Wide Midfield,22.933333333333337,-0.0004272043665160278,0.012727673541384836,-0.03330839298264004,-0.030928572685216635,-0.0017816792327385183
3857269,Switzerland,3500,Defensive Midfield,95.91666666666669,-0.007895724566684763,0.0015304290698310873,-0.005792484619647835,-0.006601069017074416,0.004301787846603669
3857269,Switzerland,3913,Attacking Midfield/Wing,38.05,-0.005880301115835567,-0.04975097913939884,-0.019262405862290125,-0.01943735637790559,-0.02034777194287232
3857269,Switzerland,5543,Forward,21.13333333333334,0.0,-0.009202973861248213,0.007168745005369301,0.00869272366121657,-0.005581384179644246
3857269,Switzerland,5544,Fullback/Wingback,95.91666666666669,0.12642387277839098,0.06519238159630734,0.07237978680301392,0.07209006613564414,0.054060322872363176
3857269,Switzerland,5545,Forward,74.78333333333333,0.08360813675955817,0.08025896401249591,0.08337165952907867,0.08490455072744654,0.07904689870627629
3857269,Switzerland,5549,Center Back,95.91666666666669,-0.12003934642645332,-0.02574748840386418,-0.01914291761485389,-0.019573077198039766,0.004301787846603669
3857269,Switzerland,6983,Defensive Midfield,95.91666666666669,0.06429210957270534,0.06367815164987219,0.05842299424369447,0.06032508934458576,0.07904689870627629
3857269,Switzerland,7796,Fullback/Wingback,85.31666666666666,-0.03969400887000846,-0.03742978343623003,-0.02955299424564342,-0.0302723003445574,-0.02126026296464383
3857269,Switzerland,8814,Center Back,95.91666666666669,-0.06851586542652104,-0.026770238212049696,-0.049538171340247884,-0.04737545293706527,-0.02126026296464383
3857269,Switzerland,12326,Attacking Midfield/Wing,37.66666666666667,-0.006589352864813939,-0.026542050653122286,-0.02150155760154097,-0.021435862544123975,-0.003342753574540582
3857269,Switzerland,16016,Attacking Midfield/Wing,21.200000000000003,7.790526417031717e-05,-0.015786871251138045,0.0058458340719427775,0.006765478408018235,-0.007327537488738643
3857269,Switzerland,16026,Attacking Midfield/Wing,74.71666666666667,-0.007256921027588208,-0.024081939410207816,-0.027675710655511818,-0.028120570932140578,-0.011544838372526052
3857269,Switzerland,30401,Attacking Midfield/Wing,57.86666666666667,0.010469328419807671,-0.011078828540508543,-0.001210679492116434,-0.0003040216525098053,-0.0017816792327385183
3857269,Switzerland,50436,Attacking Midfield/Wing,58.25,-0.023852983290810932,-0.018773489461402292,-0.02604104763136446,-0.027273322196628882,-0.02126026296464383
3857270,Portugal,3193,Central/Wide Midfield,100.13333333333334,-0.012691247320617549,-0.02287221288849051,-0.010919397059928325,-0.01046693336088822,-0.02126026296464383
3857270,Portugal,5204,Attacking Midfield/Wing,100.13333333333334,0.0018501838985685026,-0.013113836863356761,-0.012414804700520646,-0.01285454653523079,-0.011544838372526052
3857270,Portugal,5206,Center Back,100.13333333333334,-0.015626780877937563,-0.045309562796947055,-0.04205023099537919,-0.042965014519585225,-0.02034777194287232
3857270,Portugal,5207,Forward,82.0,0.0003316246693430003,0.002023711102055236,0.00034286870572391753,0.0011004441734243397,-0.0017816792327385183
3857270,Portugal,5209,Fullback/Wingback,58.650000000000006,-0.012091157632312388,-0.027237616564797684,-0.020523438069426813,-0.02085750701819685,-0.02034777194287232
3857270,Portugal,5214,Central/Wide Midfield,82.03333333333333,-0.03193088753505435,-0.02597547792189234,-0.02621922512846499,-0.026464224644152094,-0.02126026296464383
3857270,Portugal,7005,Fullback/Wingback,100.13333333333334,-0.013761769923803513,-0.028824959966876774,-0.03679490423786705,-0.037866060197597896,-0.02126026296464383
3857270,Portugal,9927,Defensive Midfield,68.9,0.010109042013937142,-0.0046309379268778764,-0.003652224715493662,-0.004058507289391794,0.004301787846603669
3857270,Portugal,12041,Forward,82.0,0.0013513267731468659,-0.014932280786754059,-0.006271721438396355,-0.005772894125623751,-0.011544838372526052
3857270,Portugal,18360,Attacking Midfield/Wing,31.233333333333334,-0.001981631139642559,-0.043617636980496574,-0.02062212729564979,-0.020176416843173832,-0.01288964093511056
3857270,Portugal,20016,Center Back,100.13333333333334,-0.03561412435374223,-0.038713233368129964,-0.04504042635418672,-0.045451892206097466,-0.02126026296464383
3857270,Portugal,41092,Fullback/Wingback,41.483333333333334,0.0008736592189961812,-0.00445336531365708,0.011730673793391247,0.011011127201713277,-0.0017816792327385183
3857270,Uruguay,4319,Forward,72.98333333333333,-0.0010100943664407456,-0.0030113757386670127,3.49313685782675e-05,-0.00015150331827894453,-0.0029910949690956827
3857270,Uruguay,5246,Forward,27.15000000000001,-0.0006448960323867045,0.0010848944389503317,0.010409195395549114,0.011595145361025853,-0.0017816792327385183
3857270,Uruguay,5249,Center Back,61.71666666666667,-0.005482652187837582,-0.034043759650450964,-0.019237100021343784,-0.019871510812370256,-0.02034777194287232
3857270,Uruguay,5255,Central/Wide Midfield,61.55,0.024639011183018356,0.015464981303258038,0.007232763836787464,0.007631683754387532,-0.003342753574540582
3857270,Uruguay,5258,Central/Wide Midfield,38.58333333333334,-0.0006448960936579265,-0.016145971140975473,0.009964063916036069,0.01012576862317541,-0.003342753574540582
3857270,Uruguay,5259,Center Back,100.13333333333334,-0.10410279578584443,0.024483779406181752,-0.05409779665146996,-0.053213402801373356,-0.02126026296464383
3857270,Uruguay,5260,Defensive Midfield,100.13333333333334,-0.011602622773927195,-0.01422681348366515,-0.02788189770583384,-0.029470269458177406,-0.02964919435876548
3857270,Uruguay,5264,Fullback/Wingback,100.13333333333334,-0.06438714161815465,0.0650579608980608,0.07056328359788178,0.0720098969476455,0.07904689870627629
3857270,Uruguay,6300,Center Back,100.13333333333334,-0.010854867164437709,-0.034961136155403014,-0.0464059382600397,-0.04677892013988734,-0.02034777194287232
3857270,Uruguay,6773,Defensive Midfield,100.13333333333334,0.0006927227399213926,-0.005918551613516109,-0.01558578766399126,-0.015955699859132463,-0.011544838372526052
3857270,Uruguay,7104,Fullback/Wingback,85.18333333333334,0.03554007749986149,0.019498638612438144,-0.0004649190242413076,-0.0013955975655765688,-0.011544838372526052
3857270,Uruguay,32478,Forward,71.75,-0.002123088994075691,0.0017012174585119338,-0.005721944044051198,-0.0059931837486415255,-0.003342753574540582
3857270,Uruguay,36288,Central/Wide Midfield,38.41666666666667,-0.010971914031726652,-0.0001784977187176762,0.005181109545761691,0.004514041835177944,-0.0017816792327385183
3857271,England,3233,Attacking Midfield/Wing,70.45,0.0,-0.004111071101140692,0.008206687813985435,0.009045189772439557,-0.004403893064505064
3857271,England,3244,Center Back,103.08333333333331,-0.21077361342384282,-0.028890329975213784,-0.1026142804178707,-0.108739593584186,-0.09427243429951004
3857271,England,3308,Fullback/Wingback,103.08333333333331,0.03731099678782013,-0.0038586128949170476,0.012731851067589905,0.013872446669296523,-0.004101410556421679
3857271,England,3318,Attacking Midfield/Wing,32.633333333333326,0.0,0.004575180406758413,0.0007719826116470285,0.001086477391244174,-0.004403893064505064
3857271,England,3336,Center Back,70.46666666666667,0.015192568411514389,-0.02240692751056705,-0.0028886405274234804,-0.0027963246562557834,-0.005926916392711484
3857271,England,3382,Fullback/Wingback,103.08333333333331,-0.00511302540403311,-0.01816039406793533,-0.011465840208930163,-0.010842528375162903,-0.005926916392711484
3857271,England,3616,Forward,27.916666666666657,0.0,0.010502869891517115,0.0007774921062296334,0.0005412154282707647,-0.004101410556421679
3857271,England,3943,Defensive Midfield,103.08333333333331,0.0014691035065687065,-0.0013069322110806458,0.0076212926700224915,0.0076509727331937815,0.009352170594178756
3857271,England,4354,Attacking Midfield/Wing,32.61666666666666,-0.016570905978424533,-0.010389189546452342,0.004731629466494956,0.005075436924294592,-0.005926916392711484
3857271,England,7843,Attacking Midfield/Wing,70.46666666666667,-0.004248449465993679,-0.00047521964473368146,-0.0028152372174426953,-0.0036160332649093777,-0.004403893064505064
3857271,England,9638,Attacking Midfield/Wing,32.633333333333326,0.0,-0.011707203174190259,-0.007144218616848491,-0.007105259913130952,-0.004403893064505064
3857271,England,10955,Forward,75.16666666666667,0.0,0.018268312258734865,-0.004380766177518681,-0.005427334051395927,-0.010915974655651597
3857271,England,10956,Center Back,32.61666666666666,0.022242908986906212,-0.009065877721930979,-0.04498442328762723,-0.055015568228375784,-0.02143316785800416
3857271,England,22084,Attacking Midfield/Wing,70.45,-0.008496898931987358,-0.018270779872276377,-0.011356844360537036,-0.011525933768299258,-0.005926916392711484
3857271,England,30714,Defensive Midfield,103.08333333333331,-0.02210682335620125,-0.027178694931879393,-0.025254286331726866,-0.026104793772464115,-0.02143316785800416
3857271,Iran,5220,Center Back,103.08333333333331,0.02277637547926932,0.00026385727988030686,0.004370897330670066,0.005383596362706979,-0.004101410556421679
3857271,Iran,5222,Center Back,45.0,0.04950386604078386,-0.00499318785616837,-0.02097787305386539,-0.02398155484983178,-0.02143316785800416
3857271,Iran,5224,Forward,26.38333333333333,0.0,0.027597138683036468,0.020020333583755347,0.017879719394964085,-0.004101410556421679
3857271,Iran,5226,Forward,103.08333333333331,0.0048543460718242495,0.024479486839111417,0.0073397469895021186,0.006278398275155076,-0.004101410556421679
3857271,Iran,5228,Center Back,103.08333333333331,0.07978461160347229,0.0002819680657380417,-0.026736607438751895,-0.027877643056298158,-0.02143316785800416
3857271,Iran,5230,Fullback/Wingback,103.08333333333331,-0.015502553305406942,-0.02208049658226504,-0.04011690385912929,-0.042283126363000405,-0.004101410556421679
3857271,Iran,5239,Attacking Midfield/Wing,45.0,-0.011945802792225306,-0.017785698954704436,-0.02229603719375823,-0.02308160710012496,-0.018015251854952678
3857271,Iran,5720,Fullback/Wingback,62.833333333333336,-0.033308050975703246,-0.03505555299497048,-0.0270474698583837,-0.027746481937131244,-0.02143316785800416
3857271,Iran,5722,Defensive Midfield,58.08333333333333,-0.014122999230649596,-0.03303174740265791,-0.01721586621818646,-0.017321978315794382,-0.010915974655651597
3857271,Iran,23538,Fullback/Wingback,103.08333333333331,-0.04645772732612563,0.0010318691772582063,-0.016823515659775166,-0.019020635428902696,-0.004101410556421679
3857271,Iran,23874,Attacking Midfield/Wing,58.08333333333333,-0.005544316685167936,-0.018341910158218396,-0.022331190156118123,-0.02345159438302306,-0.010915974655651597
3857271,Iran,124161,Central/Wide Midfield,40.24999999999999,0.03229106880054332,0.025161637727473422,-0.011085834404448294,-0.01709142768070653,-0.004101410556421679
3857271,Iran,124167,Defensive Midfield,76.7,-0.002745104593043102,-0.0003846493908908046,-0.015270184277611148,-0.0165002328260437,-0.010915974655651597
3857271,Iran,124175,Center Back,58.08333333333333,0.031313443380385275,0.008464943425763705,-0.0106740347089847,-0.013760969886009597,0.009352170594178756
3857271,Iran,125818,Defensive Midfield,45.0,0.02461557089146681,-0.010024339685660804,-0.0058616051067076035,-0.006702311064381501,-0.004101410556421679
3857272,England,3233,Attacking Midfield/Wing,67.85,-0.008702216240328173,-0.020086500971984486,-0.007732154699674535,-0.010090136435471405,-0.0057692489916982646
3857272,England,3244,Center Back,94.56666666666666,0.04997179527032438,0.03531362679918043,0.03586708004154237,0.03730251252989178,-0.03647384333586253
3857272,England,3308,Fullback/Wingback,94.56666666666666,-0.016124462413693398,-0.008359591884536294,0.0009517798243195378,0.00019709659412881224,-0.00042906041158938284
3857272,England,3336,Center Back,94.56666666666666,-0.022720307370805194,0.012020624162419363,0.014182708516707958,0.0055758376806996955,0.02631141525201106
3857272,England,3382,Fullback/Wingback,94.56666666666666,-0.020114551659043824,-0.0179645779843914,-0.02773769607347473,-0.025990170720350307,-0.024991034458246974
3857272,England,3532,Defensive Midfield,26.28333333333333,-0.002804180954805982,-0.021832050128933578,-0.013685523025447215,-0.015366826013417082,-0.0057692489916982646
3857272,England,3943,Defensive Midfield,94.56666666666666,0.014919597691607098,0.07159351320775623,0.057772822022612316,0.060826635332655477,0.04509916309241984
3857272,England,7843,Attacking Midfield/Wing,94.56666666666666,-0.01264272190459912,-0.013195800974933985,-0.028713346538576084,-0.02099647946033712,-0.0057692489916982646
3857272,England,9638,Attacking Midfield/Wing,26.71666666666667,-0.003949262883881448,-0.004217532649733842,0.00981904047056601,0.0070097957370933986,-0.0019249822385925975
3857272,England,10955,Forward,94.56666666666666,0.017791016611047615,-0.012657426276550593,-0.01767576059566933,-0.014271396782364549,-0.00042906041158938284
3857272,England,22084,Attacking Midfield/Wing,77.7,0.027653271689827383,0.023820707078851186,0.01856139904065416,0.020295743116345417,0.00866290771222537
3857272,England,30714,Defensive Midfield,68.28333333333333,-0.008693980676135128,-0.024141170634243467,-0.024904695009100388,-0.021422776014770918,-0.017094690683746167
3857272,United States,3377,Forward,82.35,-0.2405493218578737,-0.002343121156398252,-0.013979190343233007,-0.010876578480836242,-0.017094690683746167
3857272,United States,4614,Fullback/Wingback,94.56666666666666,-0.0905675884110458,-0.013118418686620332,-0.028035428476398245,-0.023846175689632647,-0.083889721502598
3857272,United States,8246,Central/Wide Midfield,94.56666666666666,-0.012670870108360594,-0.021244664054692233,-0.008810382862528167,-0.015279786733121038,-0.011582262247076761
3857272,United States,8526,Central/Wide Midfield,76.7,0.07460708421245782,0.04796103532125784,0.024165801714932683,0.02987825504940648,0.04509916309241984
3857272,United States,12524,Center Back,94.56666666666666,0.0015275939156047323,0.034401983391549554,0.02801776373671778,0.029289554389221775,-0.03647384333586253
3857272,United States,12751,Defensive Midfield,94.56666666666666,0.0028365011199970136,0.044061988773435035,0.014307725802504341,0.0266259367626143,0.02631141525201106
3857272,United States,18242,Center Back,94.56666666666666,-0.01431232341212418,0.031151719252059812,0.02132268521783144,0.026413362766154705,0.00600653942766758
3857272,United States,21881,Fullback/Wingback,77.21666666666667,-0.01439324458426034,0.010595834405659293,0.014583346444037824,0.01243217130060493,0.00600653942766758
3857272,United States,22008,Forward,82.5,-0.038054762461053375,-0.020199524236938524,-0.025258738177467054,-0.022596813054663288,-0.017094690683746167
3857272,United States,38792,Defensive Midfield,94.56666666666666,-0.034561195714173445,0.029765041888962698,0.005539925577246392,0.013638597710705903,-0.017094690683746167
3857273,Iran,5220,Center Back,102.13333333333334,-0.01871497543687199,-0.012088738406628729,-0.014479363327978738,-0.014973846762355669,-0.011544838372526052
3857273,Iran,5222,Defensive Midfield,24.733333333333334,-0.002733219484303226,-0.02486605172770488,-0.009231921051468412,-0.007974600827681163,-0.005581384179644246
3857273,Iran,5224,Forward,67.3,0.013557061468786064,0.00829591896210998,0.007426630008317578,0.0064368064914525494,-0.0017816792327385183
3857273,Iran,5226,Attacking Midfield/Wing,102.13333333333334,-0.002354194046037787,-0.0055276474901217836,-0.00760758116210432,-0.008446203704801345,-0.011544838372526052
3857273,Iran,5228,Center Back,102.13333333333334,-0.009946404780419742,-0.0445227062607706,-0.050358419790241894,-0.05213896990702601,-0.02964919435876548
3857273,Iran,5230,Central/Wide Midfield,75.8,-0.013653505804076631,-0.021909415250856042,-0.01459559965476243,-0.01475169472248373,-0.01288964093511056
3857273,Iran,5231,Attacking Midfield/Wing,34.83333333333334,-0.006203089365141189,-0.012123469380145004,-0.007332298355752238,-0.006210903599365556,-0.0017816792327385183
3857273,Iran,5235,Fullback/Wingback,102.13333333333334,-0.04330993025623103,-0.018170903731630057,-0.01726526966514036,-0.02001079785803305,-0.02964919435876548
3857273,Iran,5239,Central/Wide Midfield,26.41666666666667,0.002103779734944568,-0.012702662697193832,-0.008867191596755388,-0.00790988826489213,-0.02034777194287232
3857273,Iran,5720,Fullback/Wingback,102.13333333333334,-0.03955440962330458,-0.02004759159147315,-0.023885482575583213,-0.02547144851192095,-0.02034777194287232
3857273,Iran,5722,Defensive Midfield,82.18333333333334,-0.014694816955523764,-0.014104146318615543,-0.02815754416136212,-0.029188860795839634,-0.02126026296464383
3857273,Iran,23874,Central/Wide Midfield,75.71666666666667,-0.042146383945711276,-0.013396391799453332,-0.010653231869859628,-0.010896554357418658,-0.011544838372526052
3857273,Iran,124161,Central/Wide Midfield,26.333333333333343,-0.018271593689086273,-0.005611893157631628,0.0021199587468213087,0.0019334560248910016,-0.0017816792327385183
3857273,Iran,124167,Defensive Midfield,77.4,-0.018078097863063376,-0.01613397698529778,-0.03583023608325641,-0.03809694920979545,-0.02126026296464383
3857273,Wales,3086,Center Back,102.13333333333334,-0.005745549256411882,-0.007176142810442128,-0.015542610002704725,-0.01589917256122647,-0.005581384179644246
3857273,Wales,3517,Central/Wide Midfield,86.8,0.0033910632527504978,-0.009161922473270918,-0.01401433698944991,-0.013858157076944667,-0.005581384179644246
3857273,Wales,3853,Forward,102.13333333333334,0.0036332838368625976,0.019911622100912994,0.018631156612269086,0.018858679778282254,0.015721329922496963
3857273,Wales,4767,Center Back,102.13333333333334,0.016641717192191534,-0.013193926454897798,-0.009252821845758437,-0.00900018372290617,-0.0017816792327385183
3857273,Wales,4774,Fullback/Wingback,56.88333333333333,0.0091658666347846,-0.01549915579697156,-0.0052650298710124836,-0.006643541485087947,-0.005581384179644246
3857273,Wales,4934,Defensive Midfield,76.86666666666666,0.10804242278353716,0.1222735727491029,0.11589013333187442,0.1179625803877779,0.054060322872363176
3857273,Wales,6399,Forward,102.13333333333334,-0.025437416684909318,-0.0026404023333449537,0.023124860677626483,0.02464213702193875,0.004301787846603669
3857273,Wales,9540,Central/Wide Midfield,56.9,0.0,-0.005106961813318675,0.0006831164405948813,0.0019806593984055595,-0.0017816792327385183
3857273,Wales,10931,Defensive Midfield,25.26666666666668,-0.057465930914100356,-0.03555808713161567,-0.015337689612900668,-0.015253774842633206,0.0005972605264017045
3857273,Wales,11250,Center Back,102.13333333333334,0.018386828984754782,0.09277341749645752,0.10639665924468047,0.10939492731078293,0.02724146636085581
3857273,Wales,11252,Central/Wide Midfield,45.23333333333334,0.011668250021429207,0.006150726318742059,0.008100547708063188,0.008979135557814032,0.004301787846603669
3857273,Wales,29377,Central/Wide Midfield,45.25000000000001,0.004002716890775049,-0.015492427680064398,-0.0006619084100924352,0.00047774263312499944,-0.005581384179644246
3857273,Wales,34794,Fullback/Wingback,102.13333333333334,-0.03691701500569112,-0.010305192872128001,-0.018352474692988226,-0.019034795532610838,-0.02126026296464383
3857274,Ecuador,23830,Defensive Midfield,96.13333333333334,0.13794787412308912,0.06981554036636572,0.0624040680735287,0.06542276126856397,0.07896399516736417
3857274,Ecuador,24085,Fullback/Wingback,96.13333333333334,-0.00525365448763146,-0.028306582356974544,-0.02791441445621889,-0.028366106056122154,-0.01770850537033458
3857274,Ecuador,28559,Attacking Midfield/Wing,89.03333333333333,0.013461049470779356,0.0029465492144996365,-0.0017338469423956572,-0.0030437387215548517,-0.0017150570850485414
3857274,Ecuador,30111,Center Back,96.13333333333334,0.02774406181017668,-0.03492130332092672,-0.030620591510253613,-0.03189496975458793,-0.0017150570850485414
3857274,Ecuador,31152,Attacking Midfield/Wing,89.15,-0.0006464294885886432,-0.01871733266681096,-0.02169171566075222,-0.022521595746458026,-0.0031587944602985037
3857274,Ecuador,34396,Forward,73.38333333333334,0.013872030886668192,-0.002999744238998965,-0.0038776451514110563,-0.0038872438708769945,-0.00979824499551997
3857274,Ecuador,37726,Defensive Midfield,96.13333333333334,-0.0004171967415044768,-0.01625765634220603,-0.020861352594925046,-0.021120971816240158,-0.014027881087310219
3857274,Ecuador,37737,Fullback/Wingback,96.13333333333334,0.001584011155086322,-0.02159241610642896,-0.01694467365698702,-0.016588962726801753,-0.00979824499551997
3857274,Ecuador,38004,Center Back,96.13333333333334,-0.010821750001463144,-0.008965688807837345,-0.027613609869396042,-0.029484112765694653,-0.04300176819154676
3857274,Ecuador,40211,Attacking Midfield/Wing,22.75,0.0,0.027532054989184096,0.01961459241490668,0.019233653473426402,-0.0017150570850485414
3857274,Ecuador,51969,Center Back,96.13333333333334,0.0997239563546344,0.15047323134709512,0.14869686344596883,0.1536126619407056,0.21277725642601023
3857274,Netherlands,2988,Forward,51.13333333333334,-0.00036894922562747854,0.008981462559003192,0.004460105930142895,0.0036851200326973904,-0.0017150570850485414
3857274,Netherlands,3306,Center Back,96.13333333333334,-0.0007746723316482861,-0.008258191480546864,0.005636470881205866,0.0048081237250464,-0.014027881087310219
3857274,Netherlands,3311,Fullback/Wingback,96.13333333333334,-0.027187216123407285,-0.028556635641674932,-0.012275341106016323,-0.013966568389361982,-0.01770850537033458
3857274,Netherlands,3669,Center Back,96.13333333333334,0.0067155672612981025,-0.01090039769553298,-0.027317515671144505,-0.028762096908650225,-0.01621651390291
3857274,Netherlands,4318,Attacking Midfield/Wing,68.93333333333334,7.87906174082309e-05,-0.007399321247578034,-0.002977031252985984,-0.0032192802651176754,-0.0031587944602985037
3857274,Netherlands,7745,Attacking Midfield/Wing,27.200000000000003,-0.0007378984181824225,-0.009274580714964918,0.0016626207878336543,0.001482765957659708,-0.00979824499551997
3857274,Netherlands,7891,Defensive Midfield,79.03333333333333,-0.005021896239751103,-0.02374945468884112,-0.034761004801836234,-0.0359833894466301,-0.01770850537033458
3857274,Netherlands,8118,Defensive Midfield,96.13333333333334,0.10985824231862683,0.05758588671952065,0.05722888421033736,0.05904698072311753,0.06689308915787036
3857274,Netherlands,8125,Fullback/Wingback,96.13333333333334,-0.06657803549552971,-0.02004326071430568,-0.029546874161408693,-0.03039828515884868,-0.01621651390291
3857274,Netherlands,8259,Forward,45.0,0.003248074988898059,-0.002103888947134155,-0.013365040839835396,-0.015396935335656253,-0.0017150570850485414
3857274,Netherlands,20750,Forward,78.93333333333334,0.007491386978389611,-0.0019010453078017054,-0.007454759818404965,-0.007580746946448969,-0.014027881087310219
3857274,Netherlands,21809,Center Back,96.13333333333334,-0.009888972933615812,-0.021771271712010144,-0.037742538699846284,-0.039092409547929946,-0.04300176819154676
3857275,France,3026,Defensive Midfield,39.96666666666667,0.00028678373543216903,-0.021807398989016298,-0.0046338968412265626,-0.004265700960561311,-0.0014698198215144433
3857275,France,5485,Center Back,62.56666666666667,0.000660185469314456,-0.04814745615468248,-0.06768119749991927,-0.06678645134183221,-0.03161538478950213
3857275,France,7153,Central/Wide Midfield,62.71666666666667,-0.0002709288673941046,-0.021253289160736585,-0.012757014963028347,-0.012462522284999823,-0.013256257810289147
3857275,France,7345,Attacking Midfield/Wing,78.1,-0.011847964624929078,-0.04246704691259239,-0.020915508584097287,-0.020571090310982313,-0.013256257810289147
3857275,France,7439,Fullback/Wingback,102.68333333333334,0.12298786417779732,0.1021335495166807,0.09418311816148861,0.09693537754153077,0.07462514590616294
3857275,France,8217,Attacking Midfield/Wing,62.583333333333336,-0.0015018452968968846,-0.018054242256041513,-0.008623855117835531,-0.008755747522037042,-0.015518942498922295
3857275,France,10481,Defensive Midfield,102.68333333333334,-0.026570943334852073,-0.02250562945816359,-0.009012482182403591,-0.010041850240157704,-0.013256257810289147
3857275,France,11135,Center Back,102.68333333333334,0.08863094851703328,0.02029333115385576,0.044105009452015065,0.04546892980944455,0.008297171629744743
3857275,France,11990,Central/Wide Midfield,72.26666666666667,-0.0991280546911773,-0.013557709300359266,-0.01638613821570871,-0.016630935660718722,-0.015518942498922295
3857275,France,17592,Center Back,40.11666666666667,0.020079025690553382,0.048673354088971985,0.06371010809767629,0.05637680584806083,0.05596098107391782
3857275,France,22097,Forward,102.68333333333334,-0.004984730775878929,-0.0050584103247246414,-0.003795037166696357,-0.004715426223455723,-0.004341420846019306
3857275,France,24778,Fullback/Wingback,102.68333333333334,-0.03838748816633597,-0.039689507140298834,-0.05706844853631905,-0.059331144125002976,-0.07146042601162036
3857275,Tunisia,3196,Forward,59.06666666666667,0.0015325541729301524,0.007138191374652733,0.007814875903271526,0.007295446486402502,-0.0014698198215144433
3857275,Tunisia,3767,Defensive Midfield,102.68333333333334,0.0022633079879597062,-0.02348041649833646,-0.023833042976225908,-0.02363021460046566,-0.015518942498922295
3857275,Tunisia,5647,Fullback/Wingback,102.68333333333334,-0.032208016674909835,-0.023643932269568672,-0.02273563947907294,-0.023515192199927662,-0.015518942498922295
3857275,Tunisia,5651,Center Back,102.68333333333334,0.003924695223152715,-0.01600028736144143,-0.026283238374880596,-0.02586987333449701,-0.015518942498922295
3857275,Tunisia,6347,Attacking Midfield/Wing,28.816666666666677,-0.038101919017208274,-0.0332192114906276,-0.024877621410060488,-0.024779253293531346,-0.015518942498922295
3857275,Tunisia,16352,Forward,43.61666666666667,0.0016764941923005001,-0.009225441189774107,-0.00784908163217861,-0.007190785068140022,-0.004341420846019306
3857275,Tunisia,25582,Center Back,102.68333333333334,0.08508169594279025,0.04654032790947348,0.02666348034237127,0.026330575435818317,0.016251411124129304
3857275,Tunisia,32450,Center Back,102.68333333333334,-0.033055067895778244,-0.040846662676333224,-0.0335016159548324,-0.03502879719735051,-0.015518942498922295
3857275,Tunisia,35592,Attacking Midfield/Wing,82.93333333333334,0.0016138402088472503,-0.0136225057935141,-0.013832156585148277,-0.016071197990337377,-0.015518942498922295
3857275,Tunisia,44955,Defensive Midfield,102.68333333333334,-0.02826905541345089,-0.028081986826026067,-0.0345580970581025,-0.034940935440320946,-0.015518942498922295
3857275,Tunisia,102816,Attacking Midfield/Wing,73.86666666666666,-0.016194104591704672,-0.015965651315241552,-0.0053092866924320595,-0.0056466190994925326,-0.015518942498922295
3857275,Tunisia,105944,Fullback/Wingback,102.68333333333334,0.07318790302027385,0.034955655882217704,0.034559229141005184,0.0357627656845947,0.05596098107391782
3857276,Canada,9922,Central/Wide Midfield,75.4,0.0026821514788585212,-0.022242410388852704,-0.010942685890195095,-0.011692140496273548,-0.005834519646347918
3857276,Canada,11846,Center Back,93.9,0.12600761181555498,0.06366835720418179,0.06515527012311138,0.06699073698013516,0.06689308915787036
3857276,Canada,12365,Attacking Midfield/Wing,93.9,0.0010102846620914836,-0.0022524652088293804,-0.002657018547905457,-0.002297626790342128,-0.005834519646347918
3857276,Canada,12770,Defensive Midfield,65.06666666666666,-0.002749396513443058,-0.015262103716126437,-0.005264470750369523,-0.004613954447268293,-0.0017150570850485414
3857276,Canada,16120,Central/Wide Midfield,28.833333333333343,0.0,-0.01287826241265489,-0.002840685788192482,-0.001366406159381789,-0.0017150570850485414
3857276,Canada,16252,Defensive Midfield,59.85,-0.0004162504084002322,-0.0186089481690159,-0.015543077311308202,-0.015444220005211564,-0.0017150570850485414
3857276,Canada,16459,Forward,59.78333333333333,-0.007732276385351538,-0.006333048701897656,-0.005689978750318845,-0.005717647291394178,-0.0012690343381247162
3857276,Canada,23640,Forward,34.116666666666674,0.0005051423497020435,-0.0007621637595236425,0.00041413500573798083,0.0011293613886675942,-0.0017150570850485414
3857276,Canada,23828,Center Back,93.9,-0.006465953722512588,-0.013036682156091774,-0.008234776071858876,-0.008407804872268892,-0.01621651390291
3857276,Canada,24024,Central/Wide Midfield,93.9,-0.0029878630019270647,-0.026534913455185428,-0.018732591022267323,-0.018524730019637985,-0.014027881087310219
3857276,Canada,29758,Fullback/Wingback,60.2,0.01066868597916208,0.011453593599333628,0.006756256313868796,0.007047314127648385,-0.0017150570850485414
3857276,Canada,31684,Defensive Midfield,34.050000000000004,0.014555019786199316,-0.038868283757927696,-0.0196027965255749,-0.019313165137345288,-0.014027881087310219
3857276,Canada,44703,Fullback/Wingback,93.9,0.019164031366996754,-0.00176663188831169,0.00948699523769994,0.009485325365162969,-0.0017150570850485414
3857276,Canada,133229,Defensive Midfield,33.7,-0.018730209595583476,-0.023118931528273913,-0.007019316206606947,-0.006553725105787625,-0.00979824499551997
3857276,Morocco,3625,Attacking Midfield/Wing,64.16666666666667,0.00032457602184182135,-0.018666061661971305,-0.020024478917535355,-0.020668635788925506,-0.014027881087310219
3857276,Morocco,3634,Central/Wide Midfield,64.46666666666667,0.012026477331724645,-0.00808229820327347,-0.01853634888282409,-0.01904599153443015,-0.014027881087310219
3857276,Morocco,5219,Center Back,93.9,0.0021624010647490117,-0.04181801856647946,-0.05129066015929113,-0.051582354392051055,-0.04300176819154676
3857276,Morocco,5234,Defensive Midfield,93.9,-0.02073369749554883,-0.030749679558596053,-0.04154286209933481,-0.04218775886047933,-0.01770850537033458
3857276,Morocco,5237,Attacking Midfield/Wing,75.6,-0.008477015339696173,-0.01983686369868723,-0.025256090015709897,-0.025760300230299415,-0.014027881087310219
3857276,Morocco,5245,Fullback/Wingback,84.91666666666667,-0.02953260312945153,-0.018086121544447584,-0.015727751533375637,-0.0162178443621229,-0.01621651390291
3857276,Morocco,6301,Forward,93.9,0.0008322355426387505,-0.025483803369770026,-0.027504703754573458,-0.02876501401421261,-0.01621651390291
3857276,Morocco,12149,Center Back,93.9,0.015493155309271193,-0.04291788509467543,-0.027608688541669407,-0.028149609830216648,-0.01770850537033458
3857276,Morocco,15890,Fullback/Wingback,93.9,-0.0316831750894656,-0.04663335849114348,-0.02124156927484367,-0.02101971606928818,-0.01621651390291
3857276,Morocco,21736,Fullback/Wingback,29.733333333333334,0.0005206143551537495,-0.016245047560533504,-0.004979257241692528,-0.004677187222398539,-0.0031587944602985037
3857276,Morocco,23774,Attacking Midfield/Wing,29.433333333333337,0.0022763937052464886,-0.006950086367913831,-0.013353908832716537,-0.014853869716892712,-0.014027881087310219
3857276,Morocco,46258,Central/Wide Midfield,75.8,0.0033717900723888635,-0.010093345613669856,-0.012361426248652944,-0.012995523337702678,-0.014027881087310219
3857277,Croatia,3441,Attacking Midfield/Wing,45.0,0.008373156394044014,-0.007788894905347038,0.007332551501666013,0.00793916458808684,-0.004403893064505064
3857277,Croatia,3471,Center Back,96.05,0.04250815948343849,0.08172618185295594,0.06598198290864507,0.06751746591606154,0.060994737202234084
3857277,Croatia,5456,Central/Wide Midfield,78.71666666666667,0.00245016505176278,-0.007016626265796192,-0.0025472442954015376,-0.0021075982718034283,-0.005926916392711484
3857277,Croatia,5460,Forward,69.96666666666667,0.0,0.02109031889165977,0.022406553537097418,0.022052656260175763,-0.004403893064505064
3857277,Croatia,5463,Central/Wide Midfield,96.05,-0.024912410498635,-0.006731108816329199,-0.03171596948521241,-0.03214612579074498,-0.02143316785800416
3857277,Croatia,5469,Defensive Midfield,96.05,-0.16766806764604703,0.01284967792800759,0.0010949114236297897,0.0009117000877041038,-0.02143316785800416
3857277,Croatia,5474,Attacking Midfield/Wing,89.26666666666667,-0.007160441401376299,0.009139409782943541,0.0010370838473979485,0.0012114662372819194,-0.004403893064505064
3857277,Croatia,11603,Attacking Midfield/Wing,51.05,-0.0011265009150470365,-0.016959790066575442,-0.012263522208211298,-0.011393625507167186,-0.009131634068062135
3857277,Croatia,12625,Fullback/Wingback,96.05,-0.09481589786695598,-0.02975131591068802,-0.0326686663205803,-0.033844971302600765,-0.04300319688015602
3857277,Croatia,22041,Forward,26.08333333333333,-0.0011731627276039694,0.001113932462944916,0.006371750252501117,0.005318654064605863,-0.004101410556421679
3857277,Croatia,29163,Fullback/Wingback,96.05,-0.03890939844670157,-0.02423550536780854,-0.015382404631749835,-0.01576945304227223,-0.004403893064505064
3857277,Croatia,33018,Center Back,96.05,0.002891563312852219,-0.029227788136252476,-0.02721578587475368,-0.027371269108155426,-0.0068585427032166356
3857277,Morocco,3625,Central/Wide Midfield,64.76666666666667,-0.016630111853233896,-0.017134251318231822,-0.009190028348311414,-0.00887273525154013,-0.004403893064505064
3857277,Morocco,5219,Center Back,96.05,-0.009926901055643192,-0.04519345358227867,-0.020376176621885865,-0.019837567081401282,-0.018015251854952678
3857277,Morocco,5234,Defensive Midfield,96.05,-0.06332581218045491,0.008138461300116468,-0.008957598884911135,-0.008606059181847484,-0.004403893064505064
3857277,Morocco,5237,Central/Wide Midfield,96.05,-0.004388886224990199,-0.008483805669444731,-0.030892502488694094,-0.033676364363429176,-0.02143316785800416
3857277,Morocco,5245,Fullback/Wingback,96.05,0.01141318934969604,0.028991022514238896,0.01394145465407226,0.014409142299457195,0.009352170594178756
3857277,Morocco,6301,Forward,80.76666666666667,0.002436841080722573,0.04885516535731252,0.03832908875940416,0.03924101156307967,-0.004101410556421679
3857277,Morocco,12149,Center Back,96.05,-0.03423555498267268,-0.0455280355297259,-0.021671229669145337,-0.021072361300990092,-0.02143316785800416
3857277,Morocco,15890,Fullback/Wingback,59.86666666666667,-0.0019001152115659071,-0.0378124664886782,-0.04484329068163981,-0.04526139398071784,-0.02143316785800416
3857277,Morocco,23774,Central/Wide Midfield,96.05,-0.021015424767488633,-0.015149392435690882,-0.020994795683111425,-0.021907402678829232,-0.02143316785800416
3857277,Morocco,31295,Fullback/Wingback,36.18333333333333,0.005396417275603328,-0.036019165206020984,-0.02176250282702039,-0.021295875952487622,-0.02143316785800416
3857277,Morocco,46258,Central/Wide Midfield,81.21666666666667,-0.029021752345795324,-0.009746334632732834,-0.01880311322421793,-0.020320064682559598,-0.005926916392711484
3857277,Morocco,149714,Central/Wide Midfield,31.28333333333333,-0.0014906963410244865,-0.011941890470512579,-0.011497939958408247,-0.011648887463870728,-0.004403893064505064
3857278,Iran,5220,Center Back,99.88333333333334,0.006671464211399575,0.03677560562967571,0.024529557192405373,0.03024331574428194,0.02631141525201106
3857278,Iran,5224,Forward,45.0,-0.005269170531511798,-0.017495430862270858,-0.020328074274813857,-0.019422709349172472,-0.0057692489916982646
3857278,Iran,5226,Attacking Midfield/Wing,99.88333333333334,-0.051880185172514436,0.007275912749799269,-0.01782590099080733,-0.014900320499210933,-0.017094690683746167
3857278,Iran,5228,Center Back,99.88333333333334,-0.003447771202875199,0.06904650510533535,0.051047103219833266,0.057883554558233165,0.06028765551872162
3857278,Iran,5230,Fullback/Wingback,71.05,0.012649880123457738,-0.004124850524619447,-0.004622698225869252,-0.001373654997206044,0.00600653942766758
3857278,Iran,5231,Forward,22.950000000000003,0.0,0.024872983377359225,0.02414692132486118,0.022663435910523784,-0.003185780714341646
3857278,Iran,5235,Fullback/Wingback,99.88333333333334,-0.18516965766928598,0.02524018069108021,0.013211752161302845,0.0195744535018295,-0.017094690683746167
3857278,Iran,5240,Attacking Midfield/Wing,54.88333333333334,-0.0021878775122196794,-0.011012783767964841,-0.00206643642017924,-0.0038664462235216282,-0.003185780714341646
3857278,Iran,5720,Fullback/Wingback,47.016666666666666,-0.001414938878452221,-0.026449066156665726,-0.022194324467194403,-0.015974451761390923,-0.017094690683746167
3857278,Iran,5722,Defensive Midfield,99.88333333333334,0.023345124733808276,0.011933566465929838,0.022521946094521003,0.017193238556712752,0.00600653942766758
3857278,Iran,23874,Central/Wide Midfield,76.93333333333334,-0.07136461701100835,0.001674477109276289,-0.004912700594929681,-0.008678253081929405,-0.03647384333586253
3857278,Iran,124161,Central/Wide Midfield,29.283333333333346,-0.029733865573019772,0.0042977975857368695,-0.015114012459173952,-0.007262626215940773,0.00866290771222537
3857278,Iran,124167,Defensive Midfield,70.6,0.020371147068115054,-0.00302577439711165,0.005189155590301375,0.0038237717965592076,0.00600653942766758
3857278,Iran,125818,Defensive Midfield,52.866666666666674,-0.08768742075087604,-0.0011319385964181725,-0.0016439345707747392,0.002682944648199455,-0.017094690683746167
3857278,Iran,326758,Fullback/Wingback,28.833333333333343,0.0008934155070724395,-0.02856043717967656,-0.010838603639293466,-0.014335607462191478,-0.0057692489916982646
3857278,United States,3377,Attacking Midfield/Wing,81.13333333333334,-0.00729654731747525,-0.028983310383408113,-0.006011189632511642,-0.007997330079354405,-0.0057692489916982646
3857278,United States,4614,Fullback/Wingback,99.88333333333334,-0.0412006337931168,-0.025121254521436705,-0.01642778268709042,-0.017800087833297437,-0.0057692489916982646
3857278,United States,8246,Attacking Midfield/Wing,45.0,-0.0022624645101710817,-0.024013114674843856,-0.01135948794763722,-0.01259917390209439,-0.011582262247076761
3857278,United States,8526,Central/Wide Midfield,64.8,0.014890194407516074,-0.0008706013741007308,0.006159767672036696,0.004437719375112389,-0.00042906041158938284
3857278,United States,12751,Defensive Midfield,99.88333333333334,-0.044344464152924375,-0.004161004155379676,-0.03545006493151482,-0.027994107050580135,-0.03647384333586253
3857278,United States,13035,Defensive Midfield,35.08333333333334,-0.007711265656821938,-0.020937329847142517,-0.00622777811537477,-0.009718596929995658,-0.0057692489916982646
3857278,United States,15971,Center Back,99.88333333333334,0.026918286245993593,-0.025553214469188713,-0.013482254946617464,-0.014169813523573051,0.00600653942766758
3857278,United States,18242,Center Back,99.88333333333334,0.06585059580340219,0.0048968165776433065,0.0031185837546293593,0.005426850511775241,0.00600653942766758
3857278,United States,21881,Fullback/Wingback,81.15,-0.03224668372157877,-0.04036244464153436,-0.02952673193302069,-0.026515574008492526,-0.017094690683746167
3857278,United States,22008,Forward,22.96666666666667,-0.010897603285477751,-0.000722305079594943,-0.005027738195550804,-0.0040385933275636455,-0.017094690683746167
3857278,United States,22168,Forward,76.91666666666667,0.0,0.0001965260196078076,-0.0014234348948223927,0.0004263448364095598,-0.0057692489916982646
3857278,United States,24243,Attacking Midfield/Wing,54.88333333333334,-0.009559011298485777,-0.019678707838579727,-0.015306234795790245,-0.015149317384941617,-0.0057692489916982646
3857278,United States,38792,Central/Wide Midfield,99.88333333333334,-0.009749617641897534,-0.012283281354304839,-0.020831702224956766,-0.016189761234058665,-0.017094690683746167
3857279,Australia,3281,Defensive Midfield,97.21666666666668,-0.057473212116946504,0.0029514187521287047,0.00038537789072086307,-0.0038279787296631477,-0.017094690683746167
3857279,Australia,5479,Fullback/Wingback,97.21666666666668,-0.09059270067229765,-0.025937369220015535,-0.019496514007757544,-0.020804027351638686,-0.03647384333586253
3857279,Australia,5481,Central/Wide Midfield,97.21666666666668,-0.021677735350923995,-0.010027608631297116,-0.0007795740818205021,-0.003934906073182295,-0.011582262247076761
3857279,Australia,5490,Central/Wide Midfield,84.05,0.22063598647547808,0.19372946178256734,0.18523538923179744,0.19046469614936737,0.21110301619475205
3857279,Australia,8346,Central/Wide Midfield,72.66666666666667,-0.00216826678521625,-0.02876711111056765,-0.014236109250286726,-0.016324678727297377,-0.011582262247076761
3857279,Australia,9430,Forward,41.63333333333333,-0.0011265007555739928,-0.0033497072029797514,-0.019015991540600678,-0.010000321633857712,-0.0057692489916982646
3857279,Australia,22293,Center Back,97.21666666666668,-0.04941992348455505,0.021780178880191972,0.02818736545821483,0.019638968798657418,0.00600653942766758
3857279,Australia,24475,Central/Wide Midfield,24.799999999999997,-0.036587397095887625,-0.021063513071464895,-0.022377431309247926,-0.01611270208922347,-0.017094690683746167
3857279,Australia,33477,Central/Wide Midfield,72.41666666666667,0.005257323508673947,-0.01314630343183952,-0.027805904453457545,-0.025388158812101567,-0.017094690683746167
3857279,Australia,33492,Forward,55.583333333333336,0.0035766658870732947,-0.0037989743471651335,-0.009827300053507324,-0.009190147235337282,-0.0057692489916982646
3857279,Australia,33495,Center Back,97.21666666666668,-0.06626133172300784,0.011284512863748595,-0.01281231310310516,-0.005158315332717192,-0.03647384333586253
3857279,Australia,33572,Fullback/Wingback,84.11666666666666,-0.07600205263110159,-0.01217276375246095,0.003194577076006274,-0.00450747339692336,-0.017094690683746167
3857279,Australia,227697,Central/Wide Midfield,24.549999999999997,0.0,-0.0214190918527929,-0.0027686595228160263,-0.0028875289893651214,-0.0057692489916982646
3857279,France,3009,Attacking Midfield/Wing,97.21666666666668,-0.0008218277854701647,0.0028313544034290587,0.00949889461304921,0.005508084072052936,-0.0019249822385925975
3857279,France,3026,Defensive Midfield,97.21666666666668,-0.002086974698333786,-0.01622174230742267,-0.0188883252356382,-0.018679328472412424,-0.0057692489916982646
3857279,France,3604,Forward,88.58333333333333,-0.001317552075936244,-0.0028038145062930743,-0.007442343663916624,-0.0064042332703193264,-0.003185780714341646
3857279,France,5476,Fullback/Wingback,88.56666666666666,0.0,-0.033946342474324265,-0.010966672756050786,-0.01773100558810898,-0.011582262247076761
3857279,France,5477,Attacking Midfield/Wing,76.31666666666666,0.0014747669383023793,-0.004208211458787104,0.004962844996651134,-0.0016170523958466514,-0.0057692489916982646
3857279,France,5487,Attacking Midfield/Wing,97.21666666666668,-0.035092641438285894,0.031382396354942166,0.028961945809163926,0.025760903216805374,-0.0057692489916982646
3857279,France,6704,Fullback/Wingback,85.18333333333334,0.0037431722291960167,-0.035506896871639215,-0.026523434104261168,-0.025502883849636296,-0.017094690683746167
3857279,France,8217,Attacking Midfield/Wing,20.90000000000001,0.0,-0.0420148265925565,-0.010382634012806752,-0.013391812682612674,-0.0057692489916982646
3857279,France,8519,Center Back,97.21666666666668,-0.00406913969737406,-0.038334728213931454,-0.046153123284276475,-0.04482471441789317,-0.03647384333586253
3857279,France,10481,Defensive Midfield,76.15,0.005677493038372352,-0.026528459106783635,-0.009412660709687578,-0.012358930520232366,-0.0057692489916982646
3857279,France,11135,Center Back,97.21666666666668,0.014893098805959407,-0.03689499184131639,-0.02105751634661764,-0.027916752459151276,-0.020933230250310284
3857279,France,11990,Defensive Midfield,21.066666666666663,0.0,-0.01494469648200416,-0.009271928472051686,-0.007671968676809032,-0.003185780714341646
3857280,Brazil,3202,Forward,63.55,0.000547237545510547,4.948499409183557e-06,0.006220161709367044,0.0037970290895424303,-0.003185780714341646
3857280,Brazil,3247,Defensive Midfield,100.1,0.02315639628957595,0.002283074649065378,0.018059350004193644,0.012040835755020912,-0.0019249822385925975
3857280,Brazil,4324,Fullback/Wingback,100.1,0.008158767781828323,-0.0061345658931076415,-0.002696116588830645,-0.001205883647221677,0.00600653942766758
3857280,Brazil,4372,Fullback/Wingback,45.95,-0.000547237545510547,-0.03817104121067539,-0.008488808158953783,-0.009461596529976449,-0.011582262247076761
3857280,Brazil,9904,Defensive Midfield,54.416666666666664,-0.0030816327327758903,-0.016322574409297474,-0.012248779857607408,-0.009351738004326166,-0.017094690683746167
3857280,Brazil,10595,Attacking Midfield/Wing,21.416666666666657,0.0,-0.011071084044897046,-0.002582584063718022,-0.002231504281564843,-0.0057692489916982646
3857280,Brazil,11183,Fullback/Wingback,54.15,0.0140058960419588,-0.041417896445523156,-0.031039433656942228,-0.02842523586887402,-0.017094690683746167
3857280,Brazil,11493,Center Back,100.1,-0.0019308262886220796,-0.030209322889954635,-0.022462223843106435,-0.02406922106670572,-0.017094690683746167
3857280,Brazil,13620,Center Back,100.1,-0.04600116072752927,-0.01648658669802881,-0.013012639668557454,-0.012163589155317008,-0.017094690683746167
3857280,Brazil,25104,Attacking Midfield/Wing,54.416666666666664,0.0,0.001590198936842763,-0.0028481078076315553,-0.004268158075740115,-0.0057692489916982646
3857280,Brazil,25142,Defensive Midfield,45.68333333333333,-0.0057138969875975614,0.005339006228159621,0.0010181655659098293,0.001692316086741671,-0.0057692489916982646
3857280,Brazil,25154,Attacking Midfield/Wing,45.68333333333333,0.0006435371485875092,-0.00640285220293901,0.005933367148607174,0.0015306503761231423,-0.0019249822385925975
3857280,Brazil,25305,Forward,36.55,0.0,-0.007111312767989588,0.0037073140008986936,0.0023356589797395824,-0.003185780714341646
3857280,Brazil,25363,Attacking Midfield/Wing,78.68333333333334,0.0007398367920864581,-0.019324836759954438,-0.008475786150104985,-0.011247186283172466,-0.017094690683746167
3857280,Brazil,29976,Attacking Midfield/Wing,100.1,-0.00034986025841337524,-0.01158223032325367,-0.01938333290999759,-0.01937775323000529,-0.017094690683746167
3857280,Cameroon,3141,Defensive Midfield,100.1,-0.0036302000557168804,-0.012660007570022763,-0.0357317498671302,-0.03056963162632404,-0.017094690683746167
3857280,Cameroon,3499,Forward,100.1,-0.004083086266824654,-0.007822278206067929,-0.009532320905482988,-0.013352381078048908,-0.0057692489916982646
3857280,Cameroon,3551,Central/Wide Midfield,36.95,-0.0002934937980882395,-0.022883683962814413,-0.001896660934133995,-0.00394854647615442,-0.0057692489916982646
3857280,Cameroon,4935,Central/Wide Midfield,63.15,-0.007193718485577011,-0.0076469504789680506,-0.01691561014656197,-0.01578874554009048,-0.011582262247076761
3857280,Cameroon,7551,Center Back,100.1,0.2223942530523429,0.21636646016788785,0.20885709567731592,0.2130973281846676,0.38726158160891416
3857280,Cameroon,10530,Defensive Midfield,32.68333333333332,-0.0012286882860928603,-0.008440349381377586,-0.002812890025040757,-0.0006301824104802856,-0.00042906041158938284
3857280,Cameroon,11174,Forward,100.1,0.021046331893631268,0.013028350691676628,0.017686126631627018,0.012463904339980661,0.00600653942766758
3857280,Cameroon,12623,Defensive Midfield,67.41666666666667,-0.1913741608645403,0.026175006099379488,0.020179832359680436,0.02109996370624366,0.00600653942766758
3857280,Cameroon,13454,Fullback/Wingback,100.1,0.017732604782782154,0.010411410529436964,0.00480772878046528,0.008588014157977851,-0.0057692489916982646
3857280,Cameroon,16015,Central/Wide Midfield,84.95,-0.0052823525874864784,-0.017842135132684286,-0.024608836988615903,-0.021898018479198582,-0.011582262247076761
3857280,Cameroon,16346,Fullback/Wingback,100.1,0.08731799597595015,0.06576339715512292,0.07606083470919403,0.07153976894213956,0.04136358017446987
3857280,Cameroon,74588,Center Back,100.1,-0.07609467831006723,0.13841386192638694,0.1313352768071458,0.13090903054493008,0.21336606561304938
3857281,Canada,9922,Attacking Midfield/Wing,34.6,-0.0037916817602942163,-0.006151733218111769,0.0037617905554795414,0.0048040326197422885,-0.0017150570850485414
3857281,Canada,11187,Defensive Midfield,45.0,0.045689697353839036,-0.008174948989509583,0.004534679684543317,0.004582095784497864,-0.005834519646347918
3857281,Canada,11846,Center Back,96.01666666666668,0.020739448772157342,-0.009722561419026776,-0.014357938515044081,-0.013553620840240657,-0.01770850537033458
3857281,Canada,12365,Central/Wide Midfield,96.01666666666668,-0.009179260618356841,-0.0077011409728127925,-0.02107371955056228,-0.0220131464536175,-0.010371105966050701
3857281,Canada,12770,Defensive Midfield,51.016666666666666,-0.0013235512351763717,-0.013398674564857422,-0.0007844525795518546,-0.0007417427624375817,-0.00979824499551997
3857281,Canada,16120,Fullback/Wingback,61.416666666666664,-0.01863086775332438,-0.043370077408818555,-0.0315967345287386,-0.03157195734863118,-0.01621651390291
3857281,Canada,16459,Forward,45.0,-0.04678319713226362,-0.010805631468233786,-0.002518232192575637,-0.002523164012421146,-0.005313788373614938
3857281,Canada,23640,Forward,72.45,-0.002237043364412999,-0.0045733811416720045,-0.0068562300845564595,-0.007648064484644244,-0.005834519646347918
3857281,Canada,23828,Center Back,96.01666666666668,0.04431084341243998,-0.011420495705665059,-0.0673616926324981,-0.06915884110423262,-0.12927863266997527
3857281,Canada,24024,Central/Wide Midfield,96.01666666666668,0.011021418044385448,0.030506296069450854,0.013224618650290147,0.013559335846108054,0.046207223256968584
3857281,Canada,26348,Forward,23.566666666666663,0.0,-0.007093273013995361,0.007490426308271704,0.007575471021900219,-0.0017150570850485414
3857281,Canada,29758,Fullback/Wingback,23.549999999999997,0.0,-0.033627657822470944,-0.001594613384748892,0.0002708003297285033,-0.005834519646347918
3857281,Canada,31684,Defensive Midfield,72.46666666666667,0.011446433576095975,-0.019762253533565737,-0.022386107043400987,-0.022614876903780917,-0.01770850537033458
3857281,Canada,44703,Fullback/Wingback,96.01666666666668,0.15067470212875123,0.04841820240565262,0.02767394633144828,0.026800233321516934,-0.0012690343381247162
3857281,Canada,133229,Defensive Midfield,51.016666666666666,-0.00378469546754541,-0.02832117396338873,-0.009703759485055544,-0.008580943628711877,-0.00979824499551997
3857281,Croatia,3441,Attacking Midfield/Wing,23.83333333333333,-0.003767692457283071,-0.023896467950143177,-0.0008632010677867756,-0.0007387086908402123,-0.00979824499551997
3857281,Croatia,3471,Center Back,96.01666666666668,-0.004742246043557922,-0.034572314851805765,-0.020484506772958416,-0.02035287735279002,-0.014027881087310219
3857281,Croatia,5456,Central/Wide Midfield,85.7,-0.027233042904602673,-0.001158962057895538,-0.007999193593412847,-0.008087359239573676,-0.005834519646347918
3857281,Croatia,5460,Attacking Midfield/Wing,72.18333333333334,-0.002920809007870654,-0.021246725233444952,-0.007306489885855347,-0.007131823249223165,-0.005834519646347918
3857281,Croatia,5463,Central/Wide Midfield,85.41666666666667,-0.011424271906435024,-0.018495591134198876,-0.022508889946832263,-0.022509624747242964,-0.00979824499551997
3857281,Croatia,5469,Defensive Midfield,96.01666666666668,0.005750627254504555,0.04639426900378841,0.014928021342734198,0.015573996860713363,-0.04300176819154676
3857281,Croatia,5474,Attacking Midfield/Wing,85.33333333333333,0.0074275678950167885,-0.005591623717268798,0.003912242972141984,0.0031498652482389046,-0.0017150570850485414
3857281,Croatia,7693,Forward,36.05,0.0,0.0033951401004151905,0.0023093969573227094,0.002531771896450974,-0.005834519646347918
3857281,Croatia,12625,Fullback/Wingback,96.01666666666668,-0.16678409968638638,-0.034688361141800225,-0.0211864930061339,-0.02106147429819744,-0.014027881087310219
3857281,Croatia,22041,Forward,59.96666666666667,0.01638286285015056,0.012615598671286445,0.004805136030528722,0.004852362112355324,-0.0031587944602985037
3857281,Croatia,29163,Fullback/Wingback,96.01666666666668,0.002273473789197548,-0.013953191820308547,0.002047134852703391,0.0014300007640333677,-0.014027881087310219
3857281,Croatia,33018,Center Back,96.01666666666668,0.04334184759500204,0.022023721175734434,0.016456295818058936,0.01691631213589724,0.046207223256968584
3857282,United States,3377,Attacking Midfield/Wing,87.55,-0.0034259972319509208,-0.0014829838461741377,0.0039025350437968,0.004005949313157234,-0.0014698198215144433
3857282,United States,3658,Fullback/Wingback,26.33333333333333,-0.0025033700970535197,-0.04038135334099781,-0.007264277504003474,-0.006402071801583255,-0.013256257810289147
3857282,United States,4614,Fullback/Wingback,100.58333333333331,-0.07203916977866019,0.005598945476525158,0.0047534477094943,0.004408326700842206,-0.0014698198215144433
3857282,United States,8246,Attacking Midfield/Wing,100.58333333333331,0.003672547453983028,-0.00029579138804698766,0.0015078043978698896,0.0005420801731640145,-0.0014698198215144433
3857282,United States,8526,Central/Wide Midfield,65.2,-0.0066484578393316,-0.008930087363415624,-0.01078043269146504,-0.011210015976572273,-0.0014698198215144433
3857282,United States,12524,Center Back,100.58333333333331,-0.040954776684455366,-0.016232914232143857,-0.0896048133229107,-0.09169568966606394,-0.13836447196193682
3857282,United States,12751,Defensive Midfield,100.58333333333331,-0.03369338797363505,-0.007600226113184011,-0.022870527555269637,-0.022447618400535586,-0.026919815196802744
3857282,United States,13035,Central/Wide Midfield,26.33333333333333,-0.018203533202242314,-0.03083755614554312,-0.008763637869204815,-0.008328703275120617,-0.011448885193296187
3857282,United States,18242,Center Back,100.58333333333331,0.12083180952461416,0.06312381399312451,0.0700673690234634,0.0720883183222084,0.05596098107391782
3857282,United States,21881,Fullback/Wingback,74.25,0.025456171601178815,-0.007436121386828715,-0.000204161350324406,-0.00045041974891121296,0.008297171629744743
3857282,United States,22008,Forward,27.09999999999999,0.00047092378306924626,-0.03535539340219662,0.002861934671615364,0.0032969450471179505,-0.015518942498922295
3857282,United States,22168,Forward,73.48333333333333,0.0025093119219991933,0.004610098406524425,0.0012908410000924148,0.0014724061205047072,-0.0014698198215144433
3857282,United States,24243,Central/Wide Midfield,35.383333333333326,-6.713233417255824e-05,-0.015666329734354653,-0.01409534425199923,-0.01349664533598146,-0.004341420846019306
3857282,United States,38792,Central/Wide Midfield,74.25,-0.01596145389413231,-0.01523509297400835,-0.014336090266303248,-0.014424272962009321,-0.013256257810289147
3857282,Wales,3086,Center Back,100.58333333333331,-0.027838339927432364,0.0036838781910536363,0.0001423503333722331,-0.0011773904195846153,-0.013256257810289147
3857282,Wales,3517,Central/Wide Midfield,100.58333333333331,-0.049469238553891876,0.005425699153818617,-0.0036943258805473083,-0.004182813546568333,-0.0014698198215144433
3857282,Wales,3853,Forward,55.58333333333333,-0.0021951412115840756,-0.00202436204769487,-0.0014744624475176108,-0.0014545965904271011,-0.0014698198215144433
3857282,Wales,4767,Center Back,100.58333333333331,0.11508585706336356,0.05253127113272174,0.05658110945702705,0.059479924872822894,0.07462514590616294
3857282,Wales,4774,Fullback/Wingback,100.58333333333331,0.018878354314372438,-0.011240896932538214,-0.012868276770226575,-0.012265536110081828,-0.0014698198215144433
3857282,Wales,4934,Defensive Midfield,94.7,-0.010218189226979592,-0.01313732546238696,-0.03107948279823155,-0.03319571059365597,-0.03161538478950213
3857282,Wales,6399,Forward,100.58333333333331,-0.010682668758511364,-0.00745250864457527,-0.007427707053818271,-0.006572922791535794,-0.0014698198215144433
3857282,Wales,9540,Central/Wide Midfield,92.58333333333331,0.0012225193898642369,-0.026413503050935674,-0.02894699150434582,-0.030859308752378876,-0.015518942498922295
3857282,Wales,11250,Center Back,100.58333333333331,-0.07611556867199265,-0.013979633455139818,-0.015301022981346302,-0.015810741726767663,-0.015518942498922295
3857282,Wales,11252,Forward,45.0,0.0016769716173904129,-0.007278640515706619,0.003078346624469678,0.0023453684419887464,-0.0014698198215144433
3857282,Wales,29377,Central/Wide Midfield,22.266666666666666,0.0008398466406906225,-0.02764016271002126,-0.006251883333054402,-0.004342948127969698,-0.013256257810289147
3857282,Wales,34794,Fullback/Wingback,78.31666666666666,-0.013210941723222474,-0.0029294191034583937,-0.0029377400006927773,-0.0028463240683297836,-0.0014698198215144433
3857283,Belgium,2954,Defensive Midfield,35.56666666666667,0.022281979214149848,-0.01656019313187624,-0.008149839296516175,-0.008102688912833764,-0.005834519646347918
3857283,Belgium,3077,Center Back,95.23333333333332,0.02518948706200541,-0.02589318599505759,-0.020877216001096946,-0.022568170331755004,-0.01621651390291
3857283,Belgium,3089,Attacking Midfield/Wing,95.23333333333332,0.0,-0.001072249590948536,0.008689880768655584,0.007932576429899389,-0.0017150570850485414
3857283,Belgium,3176,Fullback/Wingback,80.7,-0.01965694793208099,-0.038623378662782926,-0.020384967650169727,-0.019342360410933193,-0.00979824499551997
3857283,Belgium,3457,Forward,74.01666666666667,8.687710584099614e-11,0.0070442154444657545,-0.005350282860004627,-0.006239347178995687,-0.0031587944602985037
3857283,Belgium,3621,Attacking Midfield/Wing,59.65,-0.0071566345156239925,-0.013991158375714272,-0.006244887934439151,-0.005833637237391229,-0.0017150570850485414
3857283,Belgium,5630,Attacking Midfield/Wing,35.583333333333336,-0.004185039772471385,-0.009504519143011779,-0.0002629172183897402,0.00014135739221750825,-0.0017150570850485414
3857283,Belgium,5632,Attacking Midfield/Wing,74.05,-0.039270828015852105,0.012533018580410104,-0.008710239965337636,-0.0076570075639719294,-0.014027881087310219
3857283,Belgium,5642,Defensive Midfield,95.23333333333332,-0.031924881510186326,0.01788627524688693,0.005245037265449561,0.005703972984310805,-0.00979824499551997
3857283,Belgium,6989,Fullback/Wingback,95.23333333333332,-0.027093261483806506,-0.006121712003239654,-0.00683458689499171,-0.0069388080541804426,-0.00979824499551997
3857283,Belgium,16559,Attacking Midfield/Wing,21.183333333333337,0.0,-0.006634958994638325,0.009876071897895418,0.009886422348284721,-0.00979824499551997
3857283,Belgium,20005,Center Back,95.23333333333332,0.00037105350908058795,-0.04144225815656708,-0.02009464342147949,-0.020723628651426317,-0.01621651390291
3857283,Belgium,32688,Attacking Midfield/Wing,21.21666666666667,-0.0012134449424416717,-0.04502350497240371,-0.0014384990764561866,0.0007500709239821699,-0.005834519646347918
3857283,Belgium,48347,Defensive Midfield,59.666666666666664,0.03676781467328877,0.009789263571008502,0.01998103455621208,0.020787934396314663,-0.0017150570850485414
3857283,Morocco,3625,Attacking Midfield/Wing,71.63333333333334,-0.003878846791326657,-0.010518476157798162,-0.0062305648020232205,-0.005456035203406393,-0.00979824499551997
3857283,Morocco,3634,Defensive Midfield,28.59999999999999,-0.007101808455183931,-0.008493027931401411,-0.009235494503955213,-0.00858348933899741,-0.0017150570850485414
3857283,Morocco,5219,Center Back,95.23333333333332,0.0654391088688896,-0.01963356735352866,9.070341489440716e-05,0.0007590101006863018,-0.014027881087310219
3857283,Morocco,5234,Defensive Midfield,95.23333333333332,-0.021522590855735987,-0.0074331674078917795,-0.022981443087344136,-0.024018545467279107,-0.01770850537033458
3857283,Morocco,5237,Attacking Midfield/Wing,95.23333333333332,-0.042971680623254384,-0.01246414744785055,-0.02468276425025161,-0.026175099308614398,-0.014027881087310219
3857283,Morocco,5245,Fullback/Wingback,66.63333333333334,0.05878436682884978,0.0018420786005047278,0.0016350338327271968,0.0008488005558527942,-0.014027881087310219
3857283,Morocco,6301,Forward,71.66666666666667,-0.0006487382302895702,0.008707496308932592,-0.014644553288003534,-0.01650640177157061,-0.005834519646347918
3857283,Morocco,12149,Center Back,95.23333333333332,0.023678790084782176,-0.0029909829368544374,-0.032090202913289796,-0.03393328396007451,-0.01770850537033458
3857283,Morocco,15890,Fullback/Wingback,95.23333333333332,-0.04393027382153461,-0.034435459720028205,-0.03324956528040672,-0.03334217899970466,-0.01621651390291
3857283,Morocco,21736,Attacking Midfield/Wing,23.59999999999999,0.0009344920152048955,-0.021705042326300873,-0.01202987351215745,-0.0123434188227456,-0.00979824499551997
3857283,Morocco,23774,Central/Wide Midfield,66.6,-0.0006683580925281363,-0.018470697850292598,-0.03004483080005508,-0.031014139885722887,-0.01770850537033458
3857283,Morocco,31295,Fullback/Wingback,28.63333333333334,-0.00939027810383631,-0.04789031532225194,-0.011331399154422108,-0.009640163095137549,-0.00979824499551997
3857283,Morocco,46258,Central/Wide Midfield,77.61666666666666,-0.0013539775665421252,-0.021375297497290047,-0.01943952703847137,-0.019283836812951028,-0.010371105966050701
3857283,Morocco,59493,Forward,23.566666666666663,0.0,-0.005738318061053147,0.014379876319709,0.014799124072519829,-0.00979824499551997
3857284,Germany,3167,Center Back,98.15,0.004020658282873531,0.06647271743246258,0.06003672468246016,0.06023579889192374,-0.03161538478950213
3857284,Germany,5562,Attacking Midfield/Wing,66.61666666666666,0.001742267340887338,0.0017791750190119474,0.005340357141970286,0.004987872823244236,-0.015518942498922295
3857284,Germany,5579,Defensive Midfield,98.15,-0.001189456654376247,-0.005472874325475037,-0.004649525945953391,-0.005212207625006567,-0.013256257810289147
3857284,Germany,6322,Fullback/Wingback,98.15,0.02530424389988184,-0.019472789373013482,-0.014161559976173984,-0.016001873692150843,-0.0014698198215144433
3857284,Germany,6324,Defensive Midfield,31.066666666666677,-0.04093693633977738,-0.02033956802072545,-0.017700946685141047,-0.016481333904026837,-0.004341420846019306
3857284,Germany,8400,Attacking Midfield/Wing,89.01666666666667,0.001012865686789155,-0.01886425806122557,-0.022086482515834456,-0.021103033092765365,-0.013256257810289147
3857284,Germany,8804,Attacking Midfield/Wing,31.533333333333346,0.0,-0.009146559037247308,0.015428334127059353,0.015616781663977217,-0.0014698198215144433
3857284,Germany,8966,Forward,78.23333333333333,0.0012367666285071108,0.016327609226598587,0.004953256076245059,0.00476977327587921,-0.0014698198215144433
3857284,Germany,10287,Defensive Midfield,67.08333333333333,0.0012474285742630148,-0.004087087730047883,0.004993423844730029,0.004815696952874133,-0.0014698198215144433
3857284,Germany,12034,Fullback/Wingback,98.15,-0.03234404446427814,0.0037131487586418554,-0.010909767864906739,-0.011725354370987226,0.006188993286017938
3857284,Germany,24118,Center Back,98.15,-0.0780464334335799,-0.009480912182857201,-0.002428799798228724,-0.0012185331323978817,-0.015518942498922295
3857284,Germany,39565,Attacking Midfield/Wing,78.21666666666667,-0.009685692041077547,0.0015765339763148462,0.008684443352391791,0.008684472046002633,-0.0014698198215144433
3857284,Japan,3300,Center Back,98.15,-0.03933024586876854,-0.014707331441325945,-0.02681344357315006,-0.02642601110281627,-0.015518942498922295
3857284,Japan,3530,Fullback/Wingback,73.88333333333334,-0.01681810716399923,-0.01336717894878337,-0.01165665373368653,-0.013404966588711504,-0.013256257810289147
3857284,Japan,5690,Fullback/Wingback,56.55,-0.0004660615813918412,-0.03221386348129967,-0.004697827453207966,-0.004251931120920182,-0.013256257810289147
3857284,Japan,8361,Attacking Midfield/Wing,27.516666666666666,-0.0018907217308878899,-0.02429077492508873,-0.009538054872418036,-0.009621813587550123,-0.013256257810289147
3857284,Japan,8776,Attacking Midfield/Wing,24.266666666666666,-0.01742062234552577,-0.021964731519164855,-0.013457029709607549,-0.01599984388533128,-0.013256257810289147
3857284,Japan,8949,Forward,41.50000000000001,-0.0005001248209737241,-0.01149649278955217,-0.000400186646917768,-0.0005848589809080298,-0.011448885193296187
3857284,Japan,9411,Attacking Midfield/Wing,98.15,-0.028152035374660045,-0.007572570718908439,-0.005930446396941745,-0.006372788726234394,-0.013256257810289147
3857284,Japan,23527,Attacking Midfield/Wing,98.15,0.00844377459725365,0.03064722924562732,0.021893943379712746,0.023803455021485294,-0.0014698198215144433
3857284,Japan,23721,Defensive Midfield,98.15,-0.04226655047386885,0.01849500043303861,-0.006115067792121248,-0.006145237272649958,-0.0014698198215144433
3857284,Japan,23730,Center Back,53.150000000000006,0.007380740775261074,-0.03854695431857008,-0.020308976843692476,-0.01960364077097316,-0.0014698198215144433
3857284,Japan,29595,Center Back,98.15,-0.05438843258889392,-0.03374806100033612,-0.024247434580745415,-0.02410924336054307,-0.03064392018935238
3857284,Japan,30628,Forward,56.65,-0.02688163658604026,-0.0029450224702081557,-0.016211799360208223,-0.017075541421622858,-0.013256257810289147
3857284,Japan,31090,Attacking Midfield/Wing,45.0,-0.020166281377896667,-0.005016815017198629,-0.0051215478351122464,-0.005062675854579462,-0.013256257810289147
3857284,Japan,37208,Defensive Midfield,70.63333333333334,-0.00442741863662377,-0.013038835791561157,-0.02103430828235839,-0.02222178944271543,-0.015518942498922295
3857284,Japan,37211,Fullback/Wingback,41.60000000000001,-0.007224023516755551,-0.0052712919662116,-0.006560453708586564,-0.008007051889564975,-0.03161538478950213
3857285,Netherlands,2988,Forward,38.73333333333333,0.0,-0.0026113106164416776,0.007401437385246435,0.0068224943189708126,-0.004101410556421679
3857285,Netherlands,3264,Forward,61.38333333333333,-0.003095780834328474,0.021371782353770463,0.004714874562661198,0.004504270637180733,-0.004403893064505064
3857285,Netherlands,3306,Center Back,100.11666666666666,-0.21269079155811085,-0.010184935817241465,-0.0064870161014969,-0.006509341051173297,-0.010915974655651597
3857285,Netherlands,3311,Fullback/Wingback,100.11666666666666,-0.009709668222235561,-0.016474019680925878,-0.022143929907780812,-0.023430012248544928,-0.010915974655651597
3857285,Netherlands,3669,Center Back,100.11666666666666,-0.09858837321389285,-0.0030543542291825523,-0.018521075544667212,-0.018627251473399796,-0.02143316785800416
3857285,Netherlands,4318,Attacking Midfield/Wing,22.03333333333333,-0.005017080281792981,-0.0036090309593451676,-0.010471599549163928,-0.013416634200461602,-0.004101410556421679
3857285,Netherlands,7745,Defensive Midfield,78.23333333333333,-0.007427835811451986,-0.012858201507625018,-0.014169633003156837,-0.014642191733664583,-0.004403893064505064
3857285,Netherlands,7891,Defensive Midfield,21.88333333333333,-0.0035762820938011496,-0.016211193820602664,-0.012732719488986684,-0.012341918527905815,-0.004403893064505064
3857285,Netherlands,8069,Center Back,100.11666666666666,-0.05846037958867893,-0.020630999918025517,-0.0011987439561105494,-0.00012170252216980144,-0.018015251854952678
3857285,Netherlands,8118,Defensive Midfield,100.11666666666666,0.012323034646148543,-0.005047586117648099,-0.008639892632954279,-0.007886226520353557,-0.004101410556421679
3857285,Netherlands,8125,Fullback/Wingback,100.11666666666666,-0.06013773850210738,-0.028335570756421735,-0.02201280009200202,-0.02166987856143086,-0.02143316785800416
3857285,Netherlands,8259,Forward,78.08333333333333,0.00144150374292555,0.0018126993904580937,0.0005352574021193999,0.0005322891404502821,-0.004403893064505064
3857285,Netherlands,20750,Attacking Midfield/Wing,93.58333333333331,-0.004281874862499535,0.015715605413108426,0.009158648301223583,0.00848603944528369,-0.004101410556421679
3857285,Senegal,2941,Attacking Midfield/Wing,100.11666666666666,-0.028531489494655813,-0.010014478598264159,-0.03400549284924936,-0.03658716806952598,0.009352170594178756
3857285,Senegal,3404,Fullback/Wingback,100.11666666666666,-0.014348408876685426,-0.04092001885887794,-0.0384081554229094,-0.038702351162467306,-0.02143316785800416
3857285,Senegal,3436,Attacking Midfield/Wing,100.11666666666666,-0.09575851391197093,-0.015808554508014393,-0.02548972835912792,-0.027409768426342816,-0.018015251854952678
3857285,Senegal,3684,Defensive Midfield,73.18333333333334,0.030821618461881632,0.07215591588692977,0.06007115533649852,0.06049400074039918,0.07765005125122033
3857285,Senegal,4506,Defensive Midfield,100.11666666666666,-0.06930965138876456,-0.015277198279326458,-0.019152800699498797,-0.019031463292110622,-0.02143316785800416
3857285,Senegal,5675,Center Back,100.11666666666666,0.021514613001186046,0.1119002159878661,0.132771792563876,0.1394079382204326,0.07765005125122033
3857285,Senegal,8553,Fullback/Wingback,61.416666666666664,-0.05613656546865102,-0.010542344205334356,-0.017711885092506305,-0.019313896434895377,-0.02143316785800416
3857285,Senegal,15970,Center Back,100.11666666666666,-0.03497450019321626,-0.0269118636611466,-0.0317063399792904,-0.03252154431739085,-0.02143316785800416
3857285,Senegal,20611,Forward,68.18333333333334,0.0004690607532947546,0.006626153601001338,0.006827052909155238,0.006062521127228749,-0.004101410556421679
3857285,Senegal,20758,Attacking Midfield/Wing,73.2,-0.004393995844847744,-0.016019062646482892,-0.008079153794646979,-0.007926404807974307,-0.005926916392711484
3857285,Senegal,21026,Central/Wide Midfield,26.933333333333323,-0.000386518201724227,-0.03518714357972386,-0.00936436792115437,-0.009043029958000779,-0.005926916392711484
3857285,Senegal,32915,Fullback/Wingback,38.7,0.11670479347923815,-0.015505758511913879,-0.023126077843712362,-0.032513074533494106,-0.02143316785800416
3857285,Senegal,50497,Attacking Midfield/Wing,26.916666666666657,-0.0052495748345141435,-0.03516141645243458,-0.0008318560021872009,0.0006654453525736481,-0.010915974655651597
3857285,Senegal,88123,Forward,31.933333333333323,0.0005516032009230306,-0.011036471221310152,-0.0006768606897369232,-0.0002628813607869091,-0.004403893064505064
3857286,Ecuador,12803,Central/Wide Midfield,67.1,-0.0030781544643478133,-0.016629075338188467,-0.0025641462453502876,-0.002433145629997303,-0.004341420846019306
3857286,Ecuador,23830,Defensive Midfield,95.31666666666666,0.0036558678682642775,-0.0154018087067608,-0.007693858645886155,-0.007707535046595724,-0.015518942498922295
3857286,Ecuador,24085,Fullback/Wingback,95.31666666666666,-0.054999718794043966,-0.029520249202431424,-0.025369044061571634,-0.025213828215886636,-0.015518942498922295
3857286,Ecuador,28559,Forward,75.95,0.004603617577604615,0.0020093712983838075,-0.006791709715433494,-0.007367900945093341,-0.03161538478950213
3857286,Ecuador,30111,Center Back,95.31666666666666,0.0021494401899429085,-0.024806838362267852,-0.00503036341683285,-0.00412103216419889,-0.013256257810289147
3857286,Ecuador,31152,Central/Wide Midfield,95.31666666666666,0.005502080435130315,0.0057631062876273426,-0.0005967121171129662,-0.0005931917463888326,-0.011448885193296187
3857286,Ecuador,34396,Forward,89.16666666666667,-0.0018696931081835944,0.006594270550704052,0.0005735462116017381,0.00027237444602407925,-0.0014698198215144433
3857286,Ecuador,37726,Defensive Midfield,89.9,-0.014044157209215112,-0.023963094104566936,-0.00899519140509501,-0.008783238635690551,-0.015518942498922295
3857286,Ecuador,37737,Fullback/Wingback,95.31666666666666,-0.0009696176745749724,-0.020118342634116063,-0.018179858674176774,-0.01853050302092071,-0.015518942498922295
3857286,Ecuador,38004,Center Back,95.31666666666666,0.0005373360368256003,-0.047620335378433125,-0.011890540332473568,-0.010642776356752426,-0.015518942498922295
3857286,Ecuador,40211,Attacking Midfield/Wing,28.21666666666667,-0.0023104500052375863,-0.020779053568589705,0.00015917079972739394,0.00030465483953243794,-0.011448885193296187
3857286,Qatar,40784,Forward,95.31666666666666,-0.0018262046299391437,-0.008086440350466215,-0.006075512703795369,-0.005183669452401548,-0.0014698198215144433
3857286,Qatar,124488,Central/Wide Midfield,71.01666666666667,0.02293763219900547,0.006538466089656902,-0.0007952013052376067,-0.0012675749952275684,-0.015518942498922295
3857286,Qatar,124492,Defensive Midfield,95.31666666666666,-0.034316274325681635,-0.015919035554995353,-0.012951455182118501,-0.014302536347679617,-0.03161538478950213
3857286,Qatar,124493,Center Back,95.31666666666666,-0.05700486705526474,-0.036591273321082536,-0.024930951774346434,-0.026024235489342067,-0.03161538478950213
3857286,Qatar,124494,Center Back,95.31666666666666,-0.0709638906542589,-0.04641758325757189,-0.028135638123161603,-0.028065085840651642,-0.07146042601162036
3857286,Qatar,124495,Forward,71.16666666666667,-0.0061094175318338545,-0.007895701483758554,-0.0008959991708206086,-0.0020190249276463524,-0.0014698198215144433
3857286,Qatar,124503,Center Back,95.31666666666666,-0.02709363247901555,-0.006929623159937151,-0.014037820552163441,-0.014837032013208167,-0.013256257810289147
3857286,Qatar,124506,Fullback/Wingback,95.31666666666666,-0.0016427957718083753,-0.022226912080991305,-0.021605941990287342,-0.02145407263115083,-0.015518942498922295
3857286,Qatar,124514,Central/Wide Midfield,95.31666666666666,0.0005097735578878016,-0.017588510800602426,-0.01935263490828058,-0.020163553670653023,-0.015518942498922295
3857286,Qatar,124900,Fullback/Wingback,95.31666666666666,0.011746991551746437,-0.0039028546629209107,-0.009894456956401582,-0.010966969290371343,-0.015518942498922295
3857286,Qatar,124901,Forward,24.14999999999999,-0.005573991286756966,-0.019037463368687273,0.0015428495106463067,0.001497716924085876,-0.0014698198215144433
3857286,Qatar,124909,Central/Wide Midfield,24.299999999999997,-0.0217024373594978,-0.01847355594722326,-0.009755802152649892,-0.009029790400912075,-0.013256257810289147
3857287,South Korea,3083,Attacking Midfield/Wing,97.78333333333332,-0.003545956937351117,-0.028800983898457377,-0.011251257956213895,-0.011385906773947501,-0.015518942498922295
3857287,South Korea,5604,Center Back,97.78333333333332,-0.002486948084735655,-0.008974427778643301,0.0010458057398862236,0.00041323491470494515,0.008297171629744743
3857287,South Korea,5618,Defensive Midfield,97.78333333333332,-0.03161288734286485,-0.0034168957262679794,-0.02720291232685091,-0.028029784900941636,-0.015518942498922295
3857287,South Korea,5623,Attacking Midfield/Wing,73.63333333333334,-0.03854538211415179,0.020157999031588988,0.0006088252704893095,0.001238272356489164,0.008297171629744743
3857287,South Korea,22740,Attacking Midfield/Wing,23.733333333333334,0.00018246248241906104,-0.025859368448447332,-0.014317096375419546,-0.012059956838720173,-0.013256257810289147
3857287,South Korea,23763,Defensive Midfield,97.78333333333332,-0.0031577221402824904,-0.017882846786116586,-0.022183649637987857,-0.02311387609993481,-0.015518942498922295
3857287,South Korea,29966,Forward,73.56666666666666,0.0006096668106405751,0.0013231776280718914,-0.005423748482321076,-0.005885039487466753,-0.013256257810289147
3857287,South Korea,40538,Fullback/Wingback,97.78333333333332,-0.021563239179637383,-0.04181365578597817,-0.027287960781537696,-0.027917066111933803,-0.015518942498922295
3857287,South Korea,40542,Forward,24.21666666666667,0.0,-0.010081031168371475,0.0013159451699929917,0.0023192414816774302,-0.0014698198215144433
3857287,South Korea,40558,Defensive Midfield,24.14999999999999,0.0,-0.011720372513031546,0.006872420987335896,0.008105170309644019,-0.0014698198215144433
3857287,South Korea,40672,Fullback/Wingback,97.78333333333332,0.0034825052257235114,-0.015222308795670747,-0.022514817696009423,-0.02277256198153931,-0.03161538478950213
3857287,South Korea,41711,Attacking Midfield/Wing,74.05,-0.02019039487717428,-0.006977694950725551,-0.006694018701517507,-0.007220950085339419,-0.013256257810289147
3857287,South Korea,43565,Center Back,97.78333333333332,0.020067293294950536,-0.006159907201258033,-0.021817300888442935,-0.022068733584662655,0.008297171629744743
3857287,Uruguay,4319,Forward,34.18333333333333,0.0005184355694310446,0.0027854654738923967,0.011410886879358078,0.011974536855832631,-0.0014698198215144433
3857287,Uruguay,5246,Forward,63.6,0.0006096667723460613,-0.01690914389524765,-0.017805956776127653,-0.018350957603319222,-0.015518942498922295
3857287,Uruguay,5248,Fullback/Wingback,97.78333333333332,0.08931812580589107,0.048086797240165804,0.05301899219052747,0.05596778179701734,0.06736649604073823
3857287,Uruguay,5249,Center Back,97.78333333333332,0.09094620675712481,0.05512348393017523,0.045026508175937265,0.04539614695081083,0.016251411124129304
3857287,Uruguay,5255,Central/Wide Midfield,77.83333333333333,-0.01369073123848801,-0.020101522019663073,-0.025118783808830075,-0.025826546634858717,-0.026919815196802744
3857287,Uruguay,5259,Center Back,97.78333333333332,-0.0297599455255917,-0.05052170713376804,-0.050455248304209464,-0.05282509742066429,-0.03161538478950213
3857287,Uruguay,5260,Defensive Midfield,97.78333333333332,0.007124083985170154,-0.01828647063560827,-0.0075955209532184795,-0.0083085499054506,-0.013256257810289147
3857287,Uruguay,6773,Defensive Midfield,97.78333333333332,-0.025356719982626504,-0.02250968969978773,-0.015068833787293878,-0.016793197675729288,-0.015518942498922295
3857287,Uruguay,7104,Fullback/Wingback,78.28333333333333,-0.07555534723092262,-0.03651193534570468,-0.035227383527076064,-0.03565999329243411,-0.03161538478950213
3857287,Uruguay,32478,Attacking Midfield/Wing,97.78333333333332,-0.004246854950906709,-0.0196976013405709,-0.008508769675932447,-0.008341195985742463,-0.013256257810289147
3857287,Uruguay,36288,Attacking Midfield/Wing,87.36666666666666,-0.0003359732018955248,-0.026447664034517853,-0.01859583016237459,-0.01910703221209884,-0.015518942498922295
3857288,Australia,3281,Defensive Midfield,96.28333333333332,0.021672063359381773,-0.0015814562503217518,-0.0028131342740003186,-0.0023877722630475918,-0.02126026296464383
3857288,Australia,5479,Fullback/Wingback,96.28333333333332,0.0032289558126089666,-0.023818802084812973,-0.03754463541130849,-0.038333459114893206,-0.02034777194287232
3857288,Australia,5481,Central/Wide Midfield,84.46666666666667,-0.05615299020204335,-0.01359780183037219,-0.011890227476646132,-0.011620266672298865,-0.02034777194287232
3857288,Australia,5490,Defensive Midfield,96.28333333333332,-0.02856246193494791,-0.013351074758092166,-0.021390774550273838,-0.021672834225947922,-0.011544838372526052
3857288,Australia,8346,Central/Wide Midfield,84.53333333333333,-0.054685205787581466,-0.01920601786291202,-0.01695237856547798,-0.017777388352505794,-0.02126026296464383
3857288,Australia,8859,Forward,33.199999999999996,-0.014745016009188615,-0.004541051934642954,0.0013966176931932228,0.0010269093726611325,-0.0029910949690956827
3857288,Australia,9980,Forward,33.266666666666666,0.003002037668081287,0.001522432878516273,0.00688773825842634,0.0072798868091677234,-0.0029910949690956827
3857288,Australia,15957,Fullback/Wingback,21.46666666666667,-0.07488487295072097,-0.05555275015304892,-0.021740284557428817,-0.021963572159879804,-0.02964919435876548
3857288,Australia,22293,Center Back,96.28333333333332,0.0413103083981416,8.395802181758926e-05,-0.00844155016579112,-0.009529072928654438,-0.02034777194287232
3857288,Australia,28370,Fullback/Wingback,74.81666666666666,-0.030685760038277995,-0.03647293675244834,-0.018542297425509318,-0.018702244936948227,-0.02126026296464383
3857288,Australia,33477,Forward,63.083333333333336,-0.0061812327028467106,0.000793603262062411,-0.007537959413380367,-0.007584436533151778,-0.0029910949690956827
3857288,Australia,33492,Forward,63.016666666666666,0.002853125009166363,-0.009607377844819727,-0.01569778059828141,-0.016149715056459464,-0.003342753574540582
3857288,Australia,33495,Center Back,96.28333333333332,-0.1628221754799597,-0.023727087454098593,-0.0811648429319937,-0.08208700556298383,-0.02126026296464383
3857288,Tunisia,3196,Attacking Midfield/Wing,29.5,-0.0017877469153338393,-0.012922657091071599,0.007914197560063318,0.008680071871921272,-0.0017816792327385183
3857288,Tunisia,3557,Attacking Midfield/Wing,96.28333333333332,7.921670087028382e-05,-0.010995776501453324,-0.008975689735574683,-0.009073639456740546,-0.0017816792327385183
3857288,Tunisia,3767,Defensive Midfield,96.28333333333332,-0.006466700565503087,-0.01774115846384147,-0.026821694034251484,-0.02764450572664144,-0.02126026296464383
3857288,Tunisia,5650,Defensive Midfield,51.28333333333333,0.0010047503882412647,-0.022113375717589794,-0.014493549676219781,-0.013801435826631271,-0.011544838372526052
3857288,Tunisia,5651,Center Back,96.28333333333332,-0.04994973417122437,-0.03615669619137462,-0.027777440195438697,-0.028328385858982175,-0.02034777194287232
3857288,Tunisia,5655,Center Back,72.71666666666667,-0.0013633568224302212,-0.03397563248516682,-0.03374028323239229,-0.03473023921148324,-0.01288964093511056
3857288,Tunisia,9236,Fullback/Wingback,45.0,-0.048866988360058775,-0.043924983395044616,-0.026784200074034918,-0.027718703610037317,-0.02964919435876548
3857288,Tunisia,16352,Forward,72.71666666666667,0.0026345469577367915,-0.02231376078100128,-0.003558965094556469,-0.0030192599468632387,-0.011544838372526052
3857288,Tunisia,23910,Attacking Midfield/Wing,96.28333333333332,-0.01736078891892333,-0.018880434749288518,-0.019868539169847585,-0.01936893910110562,-0.011544838372526052
3857288,Tunisia,30681,Fullback/Wingback,96.28333333333332,-0.07219423240776239,-0.031406314908048905,-0.1150654263679848,-0.11709325317343602,-0.4144816127858527
3857288,Tunisia,32450,Center Back,96.28333333333332,-0.011671919153656724,-0.01915723528473203,-0.028558520176069826,-0.02821222018424674,-0.025217356177857864
3857288,Tunisia,44955,Defensive Midfield,66.78333333333333,0.014136023115539966,-0.01956362628179948,-0.014372358007650873,-0.01451527860884746,-0.006350617006266556
3857288,Tunisia,105944,Fullback/Wingback,23.566666666666663,0.0,-0.01684199031844709,0.003927489459733726,0.005317468352337596,-0.003342753574540582
3857288,Tunisia,128793,Forward,23.566666666666663,-0.0005815406248709837,0.015172258825069678,0.013031045964412687,0.013000117742927426,-0.0017816792327385183
3857289,Argentina,2995,Central/Wide Midfield,68.8,0.008277840323797945,0.01245475814109793,0.021397112922524424,0.020298709882197754,0.008297171629744743
3857289,Argentina,3090,Center Back,96.48333333333332,0.06697714626271692,0.05084318830810506,0.03299194745467799,0.033603198527513714,0.05596098107391782
3857289,Argentina,5503,Forward,96.48333333333332,-0.0043788572131436216,-0.004696255317410186,-0.011146590024853735,-0.010869203138044577,-0.004341420846019306
3857289,Argentina,7797,Defensive Midfield,96.48333333333332,-0.0046192310239550555,-0.02219972184636589,-0.01896441282968349,-0.01912307936002126,-0.013256257810289147
3857289,Argentina,11456,Forward,62.43333333333333,0.008676599504219161,0.025317818688885295,0.01626556327166023,0.01579269226830233,-0.0014698198215144433
3857289,Argentina,19597,Fullback/Wingback,96.48333333333332,-0.036177275109770965,-0.03637306581506951,-0.028993846242127204,-0.029175298698561284,-0.015518942498922295
3857289,Argentina,20572,Center Back,27.683333333333337,-0.0416572803563516,-0.030786425585168774,-0.03335796010408605,-0.03540780307501621,-0.015518942498922295
3857289,Argentina,26404,Defensive Midfield,56.766666666666666,-0.0048188703860634835,-0.029649268176733155,-0.0240890851101965,-0.023633437688410166,-0.013256257810289147
3857289,Argentina,27768,Center Back,96.48333333333332,-0.022461413694448613,-0.04292085520727992,-0.03324136060886063,-0.034286802616554105,-0.015518942498922295
3857289,Argentina,27886,Central/Wide Midfield,68.26666666666667,-0.01931752271452246,-0.02206646053021964,-0.005919157137559385,-0.006490039839306072,-0.013256257810289147
3857289,Argentina,28263,Fullback/Wingback,62.53333333333333,-0.02728789489386448,-0.025315657106342655,-0.0173153935016527,-0.018522617560935355,-0.013256257810289147
3857289,Argentina,28268,Central/Wide Midfield,28.21666666666667,-0.0031673634010884496,-0.004642160107703106,0.002385610302284846,0.0027893759519116517,-0.0014698198215144433
3857289,Argentina,29201,Fullback/Wingback,33.95,-0.00019963905894352743,-0.047778196924609204,-0.031475145984439686,-0.030247014114302022,-0.015518942498922295
3857289,Argentina,29560,Forward,34.050000000000004,-0.0036073760889444705,-0.0075261751369859065,-0.011227779331877592,-0.011251048577461144,-0.0014698198215144433
3857289,Argentina,38718,Defensive Midfield,39.71666666666667,-0.006527661227866904,0.003224457876265777,-0.010882449546504386,-0.010548421329689013,-0.013256257810289147
3857289,Mexico,5563,Central/Wide Midfield,40.86666666666667,-0.0013311874304568713,-0.016410392137497357,-0.010678847205919379,-0.01058755425225599,-0.013256257810289147
3857289,Mexico,5568,Forward,31.13333333333334,-0.00334568854092007,-0.020655008787123844,0.0039055288239902806,0.00435109835935544,-0.004341420846019306
3857289,Mexico,5571,Forward,72.3,-0.02723708219979549,-0.006758750610965665,-0.01743993583220377,-0.019204534010843915,-0.015518942498922295
3857289,Mexico,5573,Center Back,96.48333333333332,0.24184337295393074,0.23023694440244635,0.24853893850653933,0.25336670705815034,0.26079313050406144
3857289,Mexico,5575,Defensive Midfield,96.48333333333332,0.017941356320700767,0.011016879568761063,-0.0006843464171673617,-0.0009354213238687588,0.006188993286017938
3857289,Mexico,5576,Fullback/Wingback,96.48333333333332,0.22086257611191262,0.12673566357966382,0.12637262342648925,0.13281094208115568,0.15941887789403783
3857289,Mexico,11388,Center Back,96.48333333333332,-0.008600301261162159,-0.0409156033231118,-0.02546969049334359,-0.025680500292468243,-0.015518942498922295
3857289,Mexico,15452,Attacking Midfield/Wing,31.11666666666667,-0.0005258785677142441,-0.03182798487600723,-0.008764953462322788,-0.008356198794379197,-0.013256257810289147
3857289,Mexico,15872,Defensive Midfield,55.61666666666667,0.021037482709777202,-0.019107972229981417,-0.021536759516078283,-0.023711900320773395,-0.013256257810289147
3857289,Mexico,26301,Forward,65.36666666666666,-0.01699380298349552,0.0024014703993150664,-0.006579390914308515,-0.007075533539514943,-0.013256257810289147
3857289,Mexico,26368,Center Back,96.48333333333332,-0.004732885530002688,-0.043283806226232124,-0.052463975040895484,-0.05499300739281009,-0.03161538478950213
3857289,Mexico,26375,Attacking Midfield/Wing,24.183333333333337,-0.0009151746337188453,-0.0016550393122564996,0.01150714885064627,0.012296830815544776,-0.0014698198215144433
3857289,Mexico,28825,Central/Wide Midfield,96.48333333333332,-0.04080861301811571,-0.013115018423549177,-0.013648579336794708,-0.01409400146034127,-0.013256257810289147
3857289,Mexico,30500,Fullback/Wingback,65.35,-0.003743629207658559,-0.043513103103546544,-0.016370188677380465,-0.015776140121620846,-0.015518942498922295
3857290,Cameroon,3141,Central/Wide Midfield,96.23333333333332,0.0018574379324956343,-0.023699997698204887,-0.022021267919293916,-0.021899808974687303,-0.005926916392711484
3857290,Cameroon,3499,Forward,73.66666666666667,0.0017937092749445245,-0.00864786373580164,-0.005558620221247686,-0.005422512811168632,-0.004403893064505064
3857290,Cameroon,3551,Attacking Midfield/Wing,73.45,-0.00882862720551879,-0.02042677104634164,-0.009297577506872476,-0.008908470555317445,-0.005926916392711484
3857290,Cameroon,3639,Attacking Midfield/Wing,22.78333333333333,-0.0009562156899550627,-0.007560357755201997,-0.0048518203774128785,-0.004803258266135819,-0.004403893064505064
3857290,Cameroon,4935,Attacking Midfield/Wing,80.73333333333333,0.02333503026991736,-0.015348899992885754,-0.015824702236482392,-0.017567593753787664,-0.010915974655651597
3857290,Cameroon,7426,Center Back,96.23333333333332,0.07302616018975197,0.0335707759508322,0.03374002545725088,0.03403943954015072,-0.005926916392711484
3857290,Cameroon,7472,Center Back,96.23333333333332,0.37682648662878415,0.2486037090574676,0.26760388250256567,0.27996052329528376,0.28422745751935724
3857290,Cameroon,8591,Defensive Midfield,96.23333333333332,-0.008685856470080135,-0.025495748470992476,-0.023458769318083345,-0.02420884211845423,-0.02143316785800416
3857290,Cameroon,11174,Forward,22.566666666666663,-0.016835357907206513,-0.03790652732144122,-0.03061807013394091,-0.02986115655622128,-0.02143316785800416
3857290,Cameroon,13454,Fullback/Wingback,96.23333333333332,-0.04697893015217296,-0.03785100817680938,-0.037460661592632526,-0.03852621302640382,-0.02143316785800416
3857290,Cameroon,16346,Fullback/Wingback,96.23333333333332,-0.017431579248676467,-0.03916602898620295,-0.020915449647559127,-0.020506288117040705,-0.018015251854952678
3857290,Cameroon,28966,Central/Wide Midfield,28.34999999999999,0.0014190339391271388,-0.019268612479394123,-0.012397242398162447,-0.01219762882278743,-0.004403893064505064
3857290,Cameroon,30016,Central/Wide Midfield,67.88333333333334,0.010220979497399788,-0.00747532053127109,-0.008977900079503151,-0.008467991872292096,-0.007288058068970784
3857290,Switzerland,3500,Defensive Midfield,96.23333333333332,-0.009479338555914782,-0.01649927955180852,-0.004131027788725403,-0.0050973956012904924,-0.02143316785800416
3857290,Switzerland,3533,Attacking Midfield/Wing,71.16666666666667,-0.005843009297145394,-0.013554651642287105,-0.01021428559962028,-0.010405623540239077,-0.005926916392711484
3857290,Switzerland,5543,Forward,24.86666666666667,-0.0010444008938332156,-0.008880476156108836,0.009709240841587224,0.010941503227963084,-0.004403893064505064
3857290,Switzerland,5544,Fullback/Wingback,89.88333333333334,-0.03623168712493214,-0.037165766736991984,-0.02630869857994575,-0.026074271465057832,-0.02143316785800416
3857290,Switzerland,5545,Forward,71.36666666666666,-0.012252757484774763,0.003211887670506349,-0.007808561754617535,-0.008914468951814618,-0.004403893064505064
3857290,Switzerland,5549,Center Back,96.23333333333332,-0.06349745728984112,-0.026259531618528134,-0.023207273141533508,-0.023298456863163584,-0.02143316785800416
3857290,Switzerland,6983,Defensive Midfield,96.23333333333332,-0.02396641130184346,-0.02022285759079267,-0.027537188976242494,-0.02799680047368946,-0.02143316785800416
3857290,Switzerland,7796,Fullback/Wingback,96.23333333333332,0.0343043010727298,-0.01034614991265188,-0.013385916040105549,-0.01344819184752211,-0.010915974655651597
3857290,Switzerland,8561,Attacking Midfield/Wing,25.266666666666666,0.006598615294844821,-0.020421459401506813,-0.017542284091559064,-0.01747426594633229,-0.010915974655651597
3857290,Switzerland,8814,Center Back,96.23333333333332,-0.012250772106642948,-0.010159295907878034,-0.02169069938139623,-0.022679758385563825,-0.02143316785800416
3857290,Switzerland,16026,Attacking Midfield/Wing,70.96666666666667,-0.0488866027586571,-0.01246024715480873,-0.011762820284652205,-0.011645123096678752,-0.018015251854952678
3857290,Switzerland,29006,Attacking Midfield/Wing,25.066666666666663,-0.0006514488543361062,-0.0036142424552903056,0.003955419578871892,0.004992760586784375,-0.004101410556421679
3857290,Switzerland,30401,Attacking Midfield/Wing,80.51666666666667,0.01226724579748584,-0.006363036587485498,-0.007862950644947773,-0.008494640088595814,-0.018015251854952678
3857291,Costa Rica,5581,Forward,98.06666666666666,-0.012403996390028984,-0.0023841071817068474,-0.0009626803285508103,-0.0009440662896283945,-0.0057692489916982646
3857291,Costa Rica,5582,Central/Wide Midfield,71.2,0.0647192541366144,0.030710416529730295,0.023769037996212123,0.02432938972943613,-0.0057692489916982646
3857291,Costa Rica,5592,Attacking Midfield/Wing,37.18333333333333,0.04119667748993918,0.024270409680944467,0.009023883893449117,0.019626845480999133,0.00600653942766758
3857291,Costa Rica,5598,Center Back,98.06666666666666,-0.5108096205843555,0.021700673862958677,-0.0518113262270255,-0.04340314765293745,-0.03647384333586253
3857291,Costa Rica,5600,Center Back,98.06666666666666,-0.14852478577975287,0.013774243009422793,0.01715917830288037,0.01837424619024243,-0.0057692489916982646
3857291,Costa Rica,5836,Fullback/Wingback,81.06666666666666,-0.06893812716481518,-0.041917823771297505,-0.03761545371767588,-0.03562256194118401,-0.017094690683746167
3857291,Costa Rica,5839,Central/Wide Midfield,98.06666666666666,-0.021384577669295263,-0.016849790533025998,-0.013237595552549072,-0.01427550475410109,-0.017094690683746167
3857291,Costa Rica,6328,Center Back,53.06666666666666,-0.013416560142542477,-0.03946536206200478,-0.033290198173348814,-0.03448908363589561,-0.021936755709217163
3857291,Costa Rica,108340,Central/Wide Midfield,26.86666666666666,0.0008124525063774652,-0.015681530683749473,-0.007552945049207343,-0.007556502484612811,-0.011582262247076761
3857291,Costa Rica,130185,Fullback/Wingback,98.06666666666666,-0.033693360276146576,-0.02678740902682135,-0.036829561926973405,-0.03315414099290172,-0.03647384333586253
3857291,Costa Rica,132271,Fullback/Wingback,45.0,-0.012403029558984677,-0.029476220383850976,-0.029904631493225343,-0.025000520025330285,-0.017094690683746167
3857291,Costa Rica,132296,Forward,60.78333333333333,0.000735218737297404,-0.018333902347690216,-0.011434455604303633,-0.01003600039429313,-0.0057692489916982646
3857291,Costa Rica,132728,Attacking Midfield/Wing,60.88333333333333,-0.022381752250460265,-0.003742973757234148,-0.001775164744341013,-0.0028061532053050677,-0.0057692489916982646
3857291,Costa Rica,184468,Attacking Midfield/Wing,37.28333333333333,-0.0021515985416179456,-0.0051287715627454725,0.005941232828975641,0.003752673921910503,-0.003185780714341646
3857291,Spain,3477,Forward,41.666666666666664,0.001323096900402258,0.019634390256286816,0.006905234215336502,0.008047341040803737,-0.003185780714341646
3857291,Spain,3957,Fullback/Wingback,98.06666666666666,-0.0020746580776176415,-0.01675991823362737,-0.03247580245810673,-0.030421030799557325,-0.017094690683746167
3857291,Spain,4353,Center Back,98.06666666666666,-0.003026987142220605,-0.024383719405499143,-0.02494307141904651,-0.03024409740928053,-0.017094690683746167
3857291,Spain,5199,Defensive Midfield,34.666666666666664,0.0004062770555416743,0.0011248377957722453,0.014169376404471103,0.008603280798362008,-0.0019249822385925975
3857291,Spain,5203,Defensive Midfield,63.4,0.043145482365313605,0.02397538893885801,0.02664549970774647,0.0233172830360932,0.00600653942766758
3857291,Spain,5211,Fullback/Wingback,63.3,-0.00042070130196710426,-0.02052296667408022,-0.010100753518496673,-0.013224534871999661,-0.011582262247076761
3857291,Spain,5719,Forward,68.43333333333334,0.004141932477068622,0.018008714075310454,0.019525754221997486,0.015268229550617272,-0.003185780714341646
3857291,Spain,6583,Central/Wide Midfield,41.55,-0.001233255413050453,0.012502729558986398,0.026990071697981458,0.01988013956441155,-0.0019249822385925975
3857291,Spain,6748,Attacking Midfield/Wing,56.4,-0.0018658183398656547,-0.016491761397071116,-0.008606187559599448,-0.013296824200109414,-0.0057692489916982646
3857291,Spain,6765,Center Back,98.06666666666666,-0.039209615594396986,-0.043528362489829504,-0.03894417023325978,-0.036375295430518644,-0.017094690683746167
3857291,Spain,16532,Attacking Midfield/Wing,98.06666666666666,-0.000913109591541191,-0.006182657356678511,-0.002382266616828086,-0.007366500747463532,-0.0057692489916982646
3857291,Spain,30486,Central/Wide Midfield,56.516666666666666,-0.016590199278046686,-0.01963493339564693,-0.013600651525689865,-0.015851534314322353,-0.011582262247076761
3857291,Spain,39161,Fullback/Wingback,34.766666666666666,-0.00031643567732923356,-0.02744222758395022,0.0005604505219238562,-0.004204607062072113,-0.0019249822385925975
3857291,Spain,68574,Attacking Midfield/Wing,29.63333333333333,0.0012547204217601877,0.004312493369072717,0.008950120434381481,-0.0005928289885582206,-0.0057692489916982646
3857291,Spain,133353,Central/Wide Midfield,98.06666666666666,-0.016390033658050623,-0.005229771314773481,-0.00943673946819485,-0.015089787537508082,-0.017094690683746167
3857292,Costa Rica,5581,Forward,100.03333333333332,-0.04831929600590633,-0.010368883269373871,-0.019383638560786884,-0.017837191499197824,-0.017094690683746167
3857292,Costa Rica,5582,Defensive Midfield,100.03333333333332,-0.06592966713166486,0.06065477242638295,0.04223174480516432,0.045126994346768215,0.00866290771222537
3857292,Costa Rica,5595,Forward,73.23333333333333,-0.017243751272973087,-0.01799711713538112,-0.020264300295750572,-0.015921217968126615,-0.017094690683746167
3857292,Costa Rica,5598,Center Back,100.03333333333332,-0.07664103397271699,0.0298856844557031,0.016861063287951165,0.018729469488759427,-0.017094690683746167
3857292,Costa Rica,5836,Fullback/Wingback,92.48333333333332,0.040035999392987125,0.03397865456452253,0.04374428681685397,0.045718661743490534,0.00600653942766758
3857292,Costa Rica,5839,Defensive Midfield,92.53333333333332,-0.06642340294395883,0.06817173860761448,0.04793334859644169,0.05244093872650436,0.02631141525201106
3857292,Costa Rica,6328,Center Back,100.03333333333332,0.12168951623607427,0.18059281065777416,0.17528890161173544,0.1751386628388653,0.21336606561304938
3857292,Costa Rica,15477,Attacking Midfield/Wing,26.799999999999997,0.0010272614114607375,-0.028142254539767753,-0.002133915344652475,-0.004471076398244502,-0.0057692489916982646
3857292,Costa Rica,27163,Center Back,100.03333333333332,-0.025293951362578407,0.056918367765259874,0.040970111400409584,0.04694402568629726,0.00600653942766758
3857292,Costa Rica,108340,Attacking Midfield/Wing,45.0,-0.004961937536588973,-0.022382644373291787,-0.02812217449937674,-0.024816717961011134,-0.0057692489916982646
3857292,Costa Rica,130185,Attacking Midfield/Wing,73.5,0.46519349671952015,0.42058359310255033,0.4578902746941064,0.43275037919840625,0.21336606561304938
3857292,Costa Rica,132728,Attacking Midfield/Wing,26.53333333333333,-0.03163506794306967,-0.03255949691834508,-0.010906932964226148,-0.01173448024394528,-0.0057692489916982646
3857292,Costa Rica,132756,Fullback/Wingback,55.03333333333333,-0.02207504721203198,-0.024022517471560978,-0.006924499129113592,-0.00503078299883238,-0.0057692489916982646
3857292,Germany,3053,Attacking Midfield/Wing,100.03333333333332,-0.034088745768017625,-0.022769498507956412,-0.012159050831995973,-0.014089818585914465,-0.017094690683746167
3857292,Germany,3167,Center Back,100.03333333333332,-0.09456329540733029,-0.017371812155232886,-0.07488968112811353,-0.07131531078982646,-0.14312094186045507
3857292,Germany,5562,Forward,65.85,-0.01703341875006171,0.008710286888457278,0.0009301742592308017,0.0017162642245436134,-0.0057692489916982646
3857292,Germany,5579,Fullback/Wingback,100.03333333333332,-0.06160625194966355,-0.021363373795671037,-0.020870788886930624,-0.02436996059145452,-0.017094690683746167
3857292,Germany,6322,Center Back,93.61666666666666,0.009560190647950067,-0.008805260787049296,-0.005654001612324684,-0.006711648045140937,-0.00042906041158938284
3857292,Germany,6324,Defensive Midfield,45.0,0.0030717248206629474,-0.012617285425153642,-0.0014866831684877285,-0.0025809173802586486,-0.0057692489916982646
3857292,Germany,8227,Central/Wide Midfield,34.16666666666667,-0.0005883821423220284,-0.012461233751986305,0.001537964007877259,-0.0016616167055899579,-0.0019249822385925975
3857292,Germany,8400,Attacking Midfield/Wing,100.03333333333332,8.014866205699304e-05,0.0006574853495996704,-0.006540409047084698,-0.008845343252449038,-0.011582262247076761
3857292,Germany,8507,Fullback/Wingback,55.03333333333333,-0.04775471752509475,-0.031571240053679034,-0.008853485055540436,-0.011007789551883437,-0.0057692489916982646
3857292,Germany,8546,Forward,46.1,-0.0010476140853236703,-0.007919467323213828,0.006873546859080738,0.0037726816702933793,-0.003185780714341646
3857292,Germany,8966,Forward,34.18333333333334,-0.001885369693969979,-3.5670904052468536e-05,0.008488800692535027,0.003636989770073676,-0.0019249822385925975
3857292,Germany,10287,Defensive Midfield,53.93333333333333,0.0,-0.013269528808560147,-0.01178330746949574,-0.008377940764491134,-0.0057692489916982646
3857292,Germany,12034,Fullback/Wingback,65.86666666666666,4.910548929782475e-05,-0.025736702704399768,-0.02811585318879446,-0.027101394978839836,-0.011582262247076761
3857292,Germany,39565,Attacking Midfield/Wing,100.03333333333332,-0.000628456610309727,0.005642876711556768,-0.00024324611303767896,-0.002857266383799151,-0.0057692489916982646
3857293,Ghana,3347,Attacking Midfield/Wing,45.0,0.0036165557420727882,-0.021182867823712166,-0.002229794014614009,-0.0015543050113029937,-0.00979824499551997
3857293,Ghana,3450,Attacking Midfield/Wing,45.0,0.001464199687523598,-0.01838641442656223,-0.0026827310367068184,-0.003042892617049521,-0.00979824499551997
3857293,Ghana,3709,Center Back,100.16666666666669,-0.010348937212256715,-0.027843610999779805,-0.019733387452977282,-0.01979233863711889,-0.01770850537033458
3857293,Ghana,6383,Defensive Midfield,100.16666666666669,0.002118663476060399,-0.02369549669574992,-0.027232545974020646,-0.027759696686890864,-0.01621651390291
3857293,Ghana,6393,Forward,71.75,-0.0028508823809467935,0.0037810534793805087,-0.0012242397378884533,-0.0017606780512127343,-0.0031587944602985037
3857293,Ghana,9286,Forward,28.41666666666667,-0.006828191015467217,-0.0021552979830728627,-0.009499214552268232,-0.009538928333313096,-0.014027881087310219
3857293,Ghana,12325,Fullback/Wingback,100.16666666666669,-0.05933613323246722,-0.02816396219679605,-0.01761547725651483,-0.0179281934759756,-0.01621651390291
3857293,Ghana,17033,Attacking Midfield/Wing,97.13333333333334,0.003005715155847032,-0.003822849487549247,-0.003181436868317939,-0.0032904958302456544,-0.0017150570850485414
3857293,Ghana,28616,Defensive Midfield,28.233333333333334,-0.004142362608531998,-0.031128355221356103,-0.01829453616413087,-0.01701534925270137,-0.00979824499551997
3857293,Ghana,30519,Center Back,100.16666666666669,-0.024997729831904344,-0.024299372141240776,-0.018282473408048727,-0.018346586150811996,-0.01770850537033458
3857293,Ghana,31029,Defensive Midfield,71.93333333333334,-0.012060238209828227,-0.02386658356531942,-0.022087183747084363,-0.022523305890742716,-0.01621651390291
3857293,Ghana,35658,Attacking Midfield/Wing,55.16666666666667,0.0,-0.0122905192342686,0.00019343211071628992,0.0006060435796691316,-0.005834519646347918
3857293,Ghana,44225,Attacking Midfield/Wing,55.16666666666667,0.0009819152182899415,0.0016243623831231479,0.0035790237778384774,0.0031958820968327117,-0.0017150570850485414
3857293,Ghana,45047,Fullback/Wingback,100.16666666666669,-0.06356931632829153,0.008567900989047432,-0.009151211004967822,-0.00935537071906903,-0.01770850537033458
3857293,Uruguay,4319,Forward,34.95,0.0,0.003297527735656544,0.008443908697624562,0.008351421226813033,-0.0017150570850485414
3857293,Uruguay,5246,Forward,65.21666666666667,0.005260428433564115,-0.010745081819047413,-0.0012605919057536222,-0.001587314825449353,-0.0017150570850485414
3857293,Uruguay,5255,Defensive Midfield,66.41666666666667,-0.0773766809366049,-0.027273345733423562,-0.02872326846254926,-0.02925597106423147,-0.01621651390291
3857293,Uruguay,5258,Central/Wide Midfield,79.51666666666667,0.0037810703903000723,-0.014871534758912622,-0.017529171600813884,-0.018237996249549845,-0.01621651390291
3857293,Uruguay,5259,Center Back,100.16666666666669,-0.050608424452490156,-0.022515996094185444,-0.01776690483592655,-0.017120808084268416,-0.04300176819154676
3857293,Uruguay,5260,Defensive Midfield,33.75,0.013884823915469361,-0.01239259931740619,-0.017109621282458166,-0.01727424805200467,-0.01770850537033458
3857293,Uruguay,5264,Fullback/Wingback,100.16666666666669,-0.09844991281886209,-0.01814381446139136,-0.01713663161116517,-0.017331684248019397,-0.01621651390291
3857293,Uruguay,6297,Forward,20.483333333333334,0.0,-0.003736155508109274,0.010802769195291807,0.011784880539888389,-0.0017150570850485414
3857293,Uruguay,6300,Center Back,100.16666666666669,0.0010279521217292293,-0.045151800026926654,-0.032893343358963295,-0.03315166667521048,-0.01770850537033458
3857293,Uruguay,6773,Defensive Midfield,100.16666666666669,-0.019227947167893673,-0.015535070509605637,-0.024159009653008996,-0.024642105799735185,-0.014027881087310219
3857293,Uruguay,7104,Fullback/Wingback,100.16666666666669,-0.04468795421107256,-0.03629057743612198,-0.027708414117570492,-0.02780690853086396,-0.01770850537033458
3857293,Uruguay,28729,Defensive Midfield,34.71666666666667,-0.034079994223615594,-0.016201869210023263,-0.010288289691311564,-0.010008816285793034,-0.005834519646347918
3857293,Uruguay,32478,Forward,79.68333333333334,-0.05236186441331309,-0.0070741444292933735,0.0005304253558722223,0.00032803647250366697,-0.0031587944602985037
3857293,Uruguay,36288,Central/Wide Midfield,65.45,0.0003626869193852899,-0.009228268692395934,-0.007835566036984293,-0.008274957590179552,-0.0031587944602985037
3857293,Uruguay,36666,Central/Wide Midfield,20.65000000000001,0.004856897879669324,-0.03586855883096311,-0.007292839218692936,-0.006123331900326261,-0.00979824499551997
3857294,Netherlands,2988,Forward,65.75,0.0007045726678951318,0.007503891030889752,0.011492221879782445,0.011170347993558847,-0.0017150570850485414
3857294,Netherlands,3264,Forward,30.299999999999997,-0.0007309675453713231,0.0036557066834313626,0.008359372891903001,0.008885614614443205,-0.0017150570850485414
3857294,Netherlands,3306,Center Back,96.05,-0.01543483666020883,-0.029416384194737893,-0.025983985620375315,-0.02552417660613239,-0.01621651390291
3857294,Netherlands,3311,Fullback/Wingback,96.05,-0.12338794552207734,-0.02114276533455113,-0.015118542745348875,-0.014611076711170732,-0.00979824499551997
3857294,Netherlands,3669,Center Back,96.05,-0.01796133124061961,-0.03393996719044079,-0.01748392168780578,-0.017856331058645463,-0.01770850537033458
3857294,Netherlands,4318,Attacking Midfield/Wing,65.4,-0.0018201460528849479,-0.006624117562183808,0.007131342636593771,0.007131305946519842,-0.005834519646347918
3857294,Netherlands,6994,Defensive Midfield,82.16666666666667,-0.01026252677372421,0.008215917195077993,0.00047240344062204675,0.0006746920137445708,-0.0017150570850485414
3857294,Netherlands,7745,Attacking Midfield/Wing,30.64999999999999,0.0005313918676160006,-0.013643427321816214,0.005841779794227443,0.006710155605654562,-0.0017150570850485414
3857294,Netherlands,8118,Defensive Midfield,85.98333333333333,0.029197452955946595,0.010196360682712437,0.013566603102919794,0.013851233934256196,-0.0017150570850485414
3857294,Netherlands,8125,Fullback/Wingback,96.05,0.04326591407739928,0.016396893162133965,0.028727281950845306,0.029815436191330383,-0.014027881087310219
3857294,Netherlands,20750,Forward,82.1,-0.0012887541852689471,0.00013180712870214086,-0.0029059736068000096,-0.0030898899633498684,-0.0031587944602985037
3857294,Netherlands,21809,Center Back,96.05,-0.019437386983927024,-0.01947882864092831,-0.011499381303720444,-0.011677389800335485,-0.01621651390291
3857294,Qatar,40784,Forward,96.05,-0.0004125172660375635,0.00288819822611726,0.0006275783738651541,-0.0002082922642197914,-0.0031587944602985037
3857294,Qatar,124488,Central/Wide Midfield,63.78333333333333,0.18968160283596566,0.15368451356124246,0.15291209995881375,0.15883541768187956,0.21277725642601023
3857294,Qatar,124492,Defensive Midfield,32.23333333333333,0.24209851150711378,0.1633706291203463,0.18993163542019156,0.194043610401863,0.33946527159476736
3857294,Qatar,124493,Center Back,96.05,-0.11255653769088288,0.05137179157586592,-0.0038574845055328964,-0.0037180012818231523,-0.01770850537033458
3857294,Qatar,124494,Center Back,96.05,0.05314046738203615,0.07609339808427489,0.06618185889811583,0.06682267920920244,0.06689308915787036
3857294,Qatar,124495,Forward,64.2,-0.004232913294496636,-0.005485513258439804,-0.001426031991208952,-0.0016341727439426249,-0.0017150570850485414
3857294,Qatar,124500,Defensive Midfield,63.81666666666667,-0.2873603007950199,-0.026196614282449408,-0.04435477547422273,-0.04531319004881665,-0.04300176819154676
3857294,Qatar,124506,Center Back,96.05,0.028986791109976668,0.08357698179837293,0.07464570665266289,0.07655756641338664,0.07522617529484348
3857294,Qatar,124514,Central/Wide Midfield,84.46666666666667,-0.01673872082028538,-0.024006581702166352,-0.003685212213222946,-0.0028072444396843696,-0.00979824499551997
3857294,Qatar,124899,Fullback/Wingback,84.58333333333333,0.1288763189998766,0.1748255583126146,0.23651709293737924,0.24011238815364733,0.24745665611449613
3857294,Qatar,124900,Fullback/Wingback,96.05,-0.008033655545053383,-0.003900931912804678,0.007142342464917167,0.007395912603518358,-0.0017150570850485414
3857294,Qatar,124901,Forward,31.84999999999999,0.00020476667365680137,-0.014380303211855698,-0.00764334062474173,-0.007345541755320279,-0.00979824499551997
3857294,Qatar,149463,Central/Wide Midfield,32.266666666666666,0.26625415329666186,0.27575192926211034,0.3955209375163874,0.38986497841573065,0.33946527159476736
3857295,Costa Rica,5581,Attacking Midfield/Wing,94.33333333333331,-0.0017126327891881237,-0.014298978544364602,-0.01577500468640259,-0.01609786252230872,-0.011544838372526052
3857295,Costa Rica,5582,Defensive Midfield,88.81666666666666,-0.022305268296954235,-0.026365320104504385,-0.034981689838466355,-0.036636862126329175,-0.02126026296464383
3857295,Costa Rica,5598,Center Back,96.35,0.0009719794468742005,-0.009389017867267216,-0.01703231687256053,-0.017582857701759345,-0.02964919435876548
3857295,Costa Rica,5600,Center Back,96.35,-0.010824774313110953,-0.0026955626229954867,-0.03064474009672074,-0.031145115397951097,-0.02964919435876548
3857295,Costa Rica,5836,Fullback/Wingback,96.35,0.033471490848880216,0.03585481274506489,0.021016377284820593,0.02231770285979652,0.054060322872363176
3857295,Costa Rica,5839,Defensive Midfield,96.35,0.03665050963614772,0.05595653009525405,0.015658081088322135,0.01677938041493513,0.02614390577144608
3857295,Costa Rica,6328,Center Back,96.35,-0.028568455364401866,-0.032493012094954976,-0.049231858920240144,-0.05009470413133713,-0.02964919435876548
3857295,Costa Rica,108340,Attacking Midfield/Wing,32.28333333333333,0.009359492326473606,-0.005763172088330262,-0.003339688679099412,-0.0022385362829514597,-0.01288964093511056
3857295,Costa Rica,130185,Fullback/Wingback,96.35,0.09479463751401304,0.06116539555307037,0.05859184347036473,0.06095865041790884,0.054060322872363176
3857295,Costa Rica,132296,Forward,64.45,-0.009157153913350423,-0.006466502323859936,-0.007089621464733988,-0.007141047718759187,-0.0017816792327385183
3857295,Costa Rica,132497,Attacking Midfield/Wing,64.06666666666666,-0.0005182958594110759,-0.020744462108374117,-0.010744249813772172,-0.011002551394404758,-0.011544838372526052
3857295,Costa Rica,132728,Attacking Midfield/Wing,31.89999999999999,-0.0025397250053024838,-0.012455130979811498,-0.01367368751711247,-0.013780147608997262,-0.011544838372526052
3857295,Japan,3300,Center Back,96.35,-0.0005240804132293252,-0.024979370949899715,-0.0049435044396763436,-0.004755630400399988,-0.02126026296464383
3857295,Japan,5690,Fullback/Wingback,45.0,0.00876111230087083,-0.009436874361534705,0.0020876313377933367,0.0016475105926338285,-0.0017816792327385183
3857295,Japan,8361,Central/Wide Midfield,66.18333333333334,-0.0014156079508692904,0.002748995045461093,0.00789734074194153,0.0075663847528467856,-0.006350617006266556
3857295,Japan,8949,Forward,51.349999999999994,-0.00028168815119630276,0.0021881276905455784,-0.0027204799499413123,-0.0016007047253593903,-0.0017816792327385183
3857295,Japan,9411,Attacking Midfield/Wing,96.35,-0.03131686884444207,0.0032518969705371092,0.005829129531265392,0.0050162566504978814,-0.011544838372526052
3857295,Japan,23527,Attacking Midfield/Wing,30.166666666666657,0.00048517157077131905,-0.009753547558724481,-0.004353602153880011,-0.0033500490857526983,-0.0017816792327385183
3857295,Japan,23721,Defensive Midfield,96.35,0.026781135906383174,0.000889996813237247,0.009687486764957863,0.010475995358928597,-0.02034777194287232
3857295,Japan,29595,Center Back,96.35,0.06626883735674817,0.04142076238700695,0.05940712755608903,0.06098691957011994,0.054060322872363176
3857295,Japan,37122,Central/Wide Midfield,81.81666666666666,0.0002113967510762022,-0.010530699036203845,0.007159401443059571,0.006698439527632375,-0.0017816792327385183
3857295,Japan,37209,Fullback/Wingback,61.56666666666667,0.0005186741541632835,-0.02348745095781385,-0.00777087023588008,-0.007890727184145156,-0.011544838372526052
3857295,Japan,37211,Fullback/Wingback,34.783333333333324,-0.000281688168316203,-0.017199620223326134,-0.015244072526709602,-0.011785749957716455,-0.0017816792327385183
3857295,Japan,37221,Defensive Midfield,96.35,-0.0003440662198152174,-0.011313741560157416,-0.0007488045905938185,-0.000555068814284904,-0.011544838372526052
3857295,Japan,38285,Forward,45.0,0.0026860613519709337,0.007960486907799939,0.009810157527134593,0.008880488027731368,-0.011544838372526052
3857295,Japan,95272,Center Back,51.349999999999994,-0.0008450644707088085,-0.01305724839431741,0.002735466133141016,0.003842718349655178,-0.0017816792327385183
3857296,Belgium,2954,Defensive Midfield,22.36666666666667,0.0200610185533555,0.008299706699665621,0.004958097043049439,0.007287227461421559,0.00600653942766758
3857296,Belgium,3077,Center Back,93.98333333333332,0.017523372274202604,0.04492802429090897,0.04127570662006194,0.04198798804667583,0.04509916309241984
3857296,Belgium,3089,Attacking Midfield/Wing,93.98333333333332,-0.009980610921047628,0.002339693149509204,0.0010366541453318326,-6.956945933686608e-05,-0.0057692489916982646
3857296,Belgium,3176,Fullback/Wingback,86.61666666666666,-0.10900234415506323,0.03719799764466168,0.046527708872682275,0.04156608860169991,0.00866290771222537
3857296,Belgium,3289,Forward,48.983333333333334,0.012118594410518805,0.008772719498464837,0.010967158279170441,0.009562638963393072,0.00600653942766758
3857296,Belgium,5630,Attacking Midfield/Wing,45.0,0.0009033423460399111,0.0040515687214224185,0.014488123573854286,0.010595134386324374,-0.0019249822385925975
3857296,Belgium,5632,Attacking Midfield/Wing,35.9,-0.017582951825008623,0.00748758014484972,0.014842863691045786,0.01390220777469332,0.00600653942766758
3857296,Belgium,5633,Attacking Midfield/Wing,71.5,0.0009033423460399111,0.001727963517555958,0.004997363512939221,0.003675500242029589,-0.0019249822385925975
3857296,Belgium,5642,Defensive Midfield,93.98333333333332,0.09270725118565476,0.043647262657959526,0.04406844441776186,0.04161124328973552,0.00866290771222537
3857296,Belgium,6331,Defensive Midfield,71.61666666666666,-0.02778729210452487,0.02199547887675048,0.016500492053204762,0.019556909856520116,0.00600653942766758
3857296,Belgium,6989,Fullback/Wingback,93.98333333333332,0.0006075266153655119,-0.03482636702866219,-0.04471013818114501,-0.038645960743323146,-0.0239565075183477
3857296,Belgium,16559,Forward,58.083333333333336,0.0006071153459035688,0.011469968827315106,0.020452683543818614,0.01657269410636126,0.00600653942766758
3857296,Belgium,20005,Center Back,93.98333333333332,-0.018593554915342893,-0.038057274104289336,-0.043618900040147845,-0.042776864695556596,-0.03647384333586253
3857296,Belgium,23650,Attacking Midfield/Wing,22.483333333333334,0.0,0.020444283597364853,0.02704300978918201,0.02222289284585438,-0.0019249822385925975
3857296,Croatia,3471,Center Back,93.98333333333332,-0.41573201977169244,0.06485206148890639,0.022715769969803852,0.03876730747827982,0.00600653942766758
3857296,Croatia,5456,Central/Wide Midfield,90.9,0.03633010419434868,0.008723035437144495,-0.011534323705814632,-0.0065205703963068015,-0.0239565075183477
3857296,Croatia,5460,Attacking Midfield/Wing,63.7,0.0,-0.006955480712718419,0.0030803208586469527,-0.0016776746855843494,-0.0019249822385925975
3857296,Croatia,5463,Central/Wide Midfield,93.98333333333332,-0.018171624752641138,0.026183145898234284,0.021879122369408595,0.022064393042184792,0.00600653942766758
3857296,Croatia,5469,Defensive Midfield,93.98333333333332,0.011345184369323155,0.036937012053612224,0.024198865708004846,0.026511126825385846,0.00600653942766758
3857296,Croatia,5474,Attacking Midfield/Wing,93.98333333333332,0.053400052840717964,0.031894734450553255,0.03136754066711368,0.025989998718985975,0.00600653942766758
3857296,Croatia,7693,Forward,30.71666666666667,0.0,-0.01774173548547061,0.0006174666630785453,-0.000800941707443163,-0.0057692489916982646
3857296,Croatia,11603,Attacking Midfield/Wing,30.28333333333333,-0.0485815974469814,0.028629877680502343,0.014051279036038105,0.021822242757014457,0.00600653942766758
3857296,Croatia,12625,Fullback/Wingback,93.98333333333332,-0.07801397134446436,-0.015472984562137193,-0.0404160324506773,-0.029396775305040458,-0.0239565075183477
3857296,Croatia,22041,Forward,63.266666666666666,-0.00936524407330176,0.008140025712234409,-0.00432808377381515,-0.0023290427851739336,-0.0057692489916982646
3857296,Croatia,29163,Fullback/Wingback,93.98333333333332,-0.0053895532295832205,0.08943918250122353,0.057349416280940355,0.06537944816858848,0.07600944137734467
3857296,Croatia,33018,Center Back,93.98333333333332,-0.08724110092670243,0.07639893465875527,0.055890123430138876,0.06221896788067128,0.07600944137734467
3857297,Poland,3034,Center Back,97.08333333333331,0.07431509048718918,0.043178889345367226,0.027550194949703104,0.027017651915939692,-0.02143316785800416
3857297,Poland,3637,Defensive Midfield,97.08333333333331,0.0005628263122391897,-0.01353933862735846,-0.007816835575084835,-0.007508506320128268,-0.010915974655651597
3857297,Poland,4734,Fullback/Wingback,97.08333333333331,0.33357238191036653,0.23632109896479442,0.2808565925437851,0.29108130984353586,0.32510675642667486
3857297,Poland,5660,Attacking Midfield/Wing,62.13333333333333,0.0015433140196274597,-0.006174389810416099,0.0022318964481404494,0.0026862730068665645,-0.004403893064505064
3857297,Poland,5665,Central/Wide Midfield,70.61666666666666,0.007486252298394403,-0.019007259327543956,-0.0063310596809926815,-0.006036524574565814,-0.005926916392711484
3857297,Poland,5668,Forward,97.08333333333331,-0.008712005660777072,-0.0031113203011945523,-0.00800729818809598,-0.008131305517563874,-0.005926916392711484
3857297,Poland,5673,Fullback/Wingback,97.08333333333331,-0.04541431246632403,-0.033584469730031256,-0.024874921380961396,-0.024975412713104158,-0.02143316785800416
3857297,Poland,7979,Central/Wide Midfield,97.08333333333331,-0.0066942965181974266,0.02430393481460617,0.02373598536032225,0.02513249822130395,-0.010915974655651597
3857297,Poland,11737,Defensive Midfield,97.08333333333331,-0.11509933853061399,-0.011749344270744266,-0.06668925740249212,-0.06695695106278357,-0.09427243429951004
3857297,Poland,12493,Forward,26.46666666666667,-0.02121133646661682,-0.0160832321039591,-0.008042001755715577,-0.008110853388379684,-0.005926916392711484
3857297,Poland,31955,Central/Wide Midfield,34.949999999999996,-0.0016983143043714565,-0.006655768874023398,-0.008504030381950894,-0.008467366008569982,-0.010915974655651597
3857297,Poland,44166,Center Back,97.08333333333331,-0.04119254939084115,0.022051625744631907,0.01856070205753329,0.01813082622890998,-0.047283714431847576
3857297,Saudi Arabia,5187,Attacking Midfield/Wing,97.08333333333331,-0.009992841972104673,-0.02271565061511632,0.0024021349579176152,0.003510990965639636,-0.005926916392711484
3857297,Saudi Arabia,5191,Fullback/Wingback,64.75,-0.03887614875566214,-0.036861542582241356,-0.022945688030318347,-0.02458297287107781,-0.04300319688015602
3857297,Saudi Arabia,5713,Defensive Midfield,97.08333333333331,0.015355365342527096,-0.017540970566395975,-0.006426534181324552,-0.006691047047024738,-0.02143316785800416
3857297,Saudi Arabia,5715,Center Back,97.08333333333331,-0.1321972129517235,-0.00845976284458595,-0.00899090405593329,-0.009201776264960531,-0.02143316785800416
3857297,Saudi Arabia,51094,Center Back,97.08333333333331,0.010867803315964661,-0.017832080182276697,-0.005913392523006484,-0.006185261622890118,-0.02143316785800416
3857297,Saudi Arabia,51099,Attacking Midfield/Wing,97.08333333333331,0.001574474680680959,-0.009528439221786715,0.001834390154900456,0.0022295207326712674,-0.004403893064505064
3857297,Saudi Arabia,51469,Forward,85.0,-0.0010195342058848058,0.007716925455092506,0.0029776669704728795,0.0030349906724881407,-0.004403893064505064
3857297,Saudi Arabia,51632,Attacking Midfield/Wing,45.0,-0.0010195342751796403,-0.004230880365758876,-0.0024896406759179067,-0.0016658999836521885,-0.004403893064505064
3857297,Saudi Arabia,51710,Fullback/Wingback,97.08333333333331,-0.060774416488129646,-0.03345907714519569,-0.02614117906920109,-0.02618738969064856,-0.02143316785800416
3857297,Saudi Arabia,54144,Attacking Midfield/Wing,49.68333333333334,0.0013090038832853593,-0.024152144101702563,0.0047038867576777435,0.005396149101090924,-0.018015251854952678
3857297,Saudi Arabia,56755,Defensive Midfield,84.93333333333334,-0.05777169842206474,-0.005619133588072601,-0.00840235011198896,-0.00916159927315637,-0.02143316785800416
3857297,Saudi Arabia,57620,Fullback/Wingback,32.33333333333333,0.0043932981844547955,-0.033610571133560266,-0.010625446958339987,-0.00906914466587524,-0.010915974655651597
3857298,Ghana,2989,Center Back,91.71666666666668,0.03367832592313947,-0.003417536705998284,-0.031765011268188904,-0.03460616205064055,0.008297171629744743
3857298,Ghana,3347,Forward,76.36666666666666,-0.006709082252042287,-0.006682891131575847,-0.0119387790386664,-0.012045523631711318,-0.0014698198215144433
3857298,Ghana,3450,Central/Wide Midfield,23.75,0.0,0.007455756784995452,0.014088140776597684,0.015853923485482705,-0.0014698198215144433
3857298,Ghana,3709,Center Back,100.11666666666666,-0.08015034045851992,0.05923987603122675,0.04962553923239088,0.04917587901860241,-0.0014698198215144433
3857298,Ghana,6383,Central/Wide Midfield,100.11666666666666,0.006467398982393839,0.01774623923686825,0.014038873944960721,0.01323726407842813,-0.0014698198215144433
3857298,Ghana,6393,Forward,100.11666666666666,-0.0045449861436677366,-0.0007870435977026791,-0.0027045507232864112,-0.004387560025640165,-0.004341420846019306
3857298,Ghana,12325,Fullback/Wingback,100.11666666666666,-0.0036331630089198766,-0.019377930304251285,-0.08870199127768391,-0.09033542863869744,-0.07146042601162036
3857298,Ghana,17033,Central/Wide Midfield,75.66666666666667,-0.014481763039087958,-0.01448939226980562,-0.01863130676246739,-0.018387617132129934,-0.013256257810289147
3857298,Ghana,30519,Center Back,100.11666666666666,-0.03249505382922033,-0.007482923181454149,-0.09959788672832665,-0.10108219447815033,-0.07146042601162036
3857298,Ghana,31029,Defensive Midfield,92.1,0.034165412058507136,0.027974405520413824,0.028969304891186525,0.029340522203533715,0.05596098107391782
3857298,Ghana,33602,Fullback/Wingback,34.44999999999999,-0.06338452436940988,-0.010415211103716614,0.0004985873558685793,0.000442817561190879,-0.013256257810289147
3857298,Ghana,44225,Forward,24.44999999999999,-0.00216409648798973,-0.01716655949307136,0.0039470398637862355,0.003998959631407163,-0.0014698198215144433
3857298,Ghana,45047,Fullback/Wingback,65.66666666666667,0.0017640411818359532,-0.012446789322249154,-0.008252817741829548,-0.009312568867482543,-0.015518942498922295
3857298,Portugal,3193,Central/Wide Midfield,87.51666666666667,-0.007683056621597364,-0.0039168892975522136,-0.007939799307780248,-0.00843595331844393,-0.0014698198215144433
3857298,Portugal,5204,Attacking Midfield/Wing,100.11666666666666,0.011992255727259012,0.0030854322693162463,0.007647763298261799,0.0083290577133644,-0.0014698198215144433
3857298,Portugal,5206,Center Back,100.11666666666666,-0.001030650685776721,-0.02277063239752221,-0.016944543420987484,-0.01778181616628343,-0.0014698198215144433
3857298,Portugal,5207,Forward,87.3,-0.011721611596070804,0.02077388222116051,0.015101236965725974,0.015113658305125972,-0.0014698198215144433
3857298,Portugal,5209,Fullback/Wingback,100.11666666666666,0.0,-0.010309454092440749,0.01002264085807267,0.010470274580488471,-0.0014698198215144433
3857298,Portugal,5214,Central/Wide Midfield,44.29999999999999,-0.005269170275653948,-0.01625061128384782,-0.025030035969594723,-0.024810603558347313,-0.013256257810289147
3857298,Portugal,7005,Fullback/Wingback,100.11666666666666,-0.3676335684888597,-0.010744288364669709,-0.010434916462330456,-0.010841764904612848,-0.0014698198215144433
3857298,Portugal,9927,Defensive Midfield,76.76666666666667,0.0036349597484241804,0.0049440295917440764,0.011796390037006655,0.012062531448909721,-0.0014698198215144433
3857298,Portugal,11184,Central/Wide Midfield,55.81666666666667,-0.0032091465942397875,0.0010470031505243839,-0.004733247122533756,-0.004876846993171222,-0.015518942498922295
3857298,Portugal,12041,Attacking Midfield/Wing,87.38333333333334,0.014399309133455813,0.023631001797448543,-0.00016189763785524251,0.0019292923824810997,-0.0014698198215144433
3857298,Portugal,13621,Center Back,100.11666666666666,-0.043796080069943934,-0.030205336203502218,-0.09945714807600425,-0.10226811779163866,-0.07146042601162036
3857298,Portugal,18360,Attacking Midfield/Wing,23.34999999999999,0.0,0.00653304337805146,0.017748399083646747,0.017752477167014048,-0.0014698198215144433
3857299,Ghana,3347,Attacking Midfield/Wing,77.78333333333333,-0.022621697350685675,-0.012915532611488879,-0.022545706702554992,-0.02287825688882641,-0.00979824499551997
3857299,Ghana,3450,Attacking Midfield/Wing,77.8,-0.015061651409115553,-0.022559983319042822,-0.026939329463641425,-0.028010570468277395,-0.01770850537033458
3857299,Ghana,3709,Center Back,100.91666666666669,0.30922759383922466,0.28631500818807326,0.29066341986641164,0.29662608874060786,0.21277725642601023
3857299,Ghana,6383,Defensive Midfield,100.91666666666669,0.02680897438500346,-0.002184873880064818,-0.0007206709212639196,-0.00026958741805658393,-0.01770850537033458
3857299,Ghana,6393,Forward,100.91666666666669,-0.002588957186272166,-0.01393148511700403,-0.027375555227668193,-0.02806755374608992,-0.005834519646347918
3857299,Ghana,12259,Fullback/Wingback,23.15000000000001,0.20406078803212752,0.20287855366104773,0.22267000244396348,0.22190901770704732,0.15816935833123075
3857299,Ghana,17033,Attacking Midfield/Wing,82.13333333333334,-0.007846510947362172,-0.02720544671581545,-0.03732310214648285,-0.038296015222113,-0.01770850537033458
3857299,Ghana,23615,Fullback/Wingback,87.51666666666667,0.014318371225283089,-0.021548960929279708,-0.032903715424815384,-0.03392426901735116,-0.01770850537033458
3857299,Ghana,28616,Attacking Midfield/Wing,23.13333333333334,-0.011608546199305096,-0.03827323199158069,-0.023951964018361065,-0.023120508647731783,-0.01621651390291
3857299,Ghana,30519,Center Back,100.91666666666669,0.04046758965039289,0.028606978144074188,0.009920171463601302,0.009978538543988945,0.046207223256968584
3857299,Ghana,31029,Defensive Midfield,100.91666666666669,0.06675366401680778,0.044210941016490625,0.009858639849696784,0.010511820701425187,-0.00979824499551997
3857299,Ghana,33602,Fullback/Wingback,77.76666666666667,0.03780476753852409,0.0351435053574331,0.02015756275271515,0.02077089835237147,-0.0012690343381247162
3857299,Ghana,35658,Attacking Midfield/Wing,23.11666666666667,-0.01912638865879748,-0.026508811502770815,-0.008869515165024839,-0.00810433505954053,-0.014027881087310219
3857299,South Korea,3083,Attacking Midfield/Wing,100.91666666666669,-0.03975998302003447,-0.03442906637095572,-0.011175966241956105,-0.010645552957238964,-0.014027881087310219
3857299,South Korea,3135,Attacking Midfield/Wing,56.31666666666667,0.019895767405281553,0.009005914435119463,0.010591179942551847,0.009964577369700356,-0.0017150570850485414
3857299,South Korea,5604,Center Back,100.91666666666669,-0.049449498256878326,-0.04635498210120186,-0.03638289944574131,-0.0355257503581137,-0.01621651390291
3857299,South Korea,5618,Defensive Midfield,78.15,-0.019692620516649748,-0.032419235527259276,-0.021634386638046794,-0.020630639221877314,-0.01621651390291
3857299,South Korea,22067,Attacking Midfield/Wing,45.0,0.0013831480034023629,-0.009594692805137223,-0.016732258462986375,-0.01710947706546781,-0.005834519646347918
3857299,South Korea,22740,Defensive Midfield,44.6,-0.002793220534238597,-0.022353870901737457,-0.007202718916344014,-0.006354633211097013,-0.01621651390291
3857299,South Korea,23763,Defensive Midfield,100.91666666666669,-0.01864267847645031,-0.0007236444648485477,-0.004337479954849025,-0.0039627156762469945,-0.014027881087310219
3857299,South Korea,29966,Attacking Midfield/Wing,22.766666666666666,-0.00020245087667512642,0.0009263154575112524,0.012102275513995519,0.012325094152160399,-0.0017150570850485414
3857299,South Korea,40538,Fullback/Wingback,100.91666666666669,0.004814964396105161,-0.006103463434715083,-0.004602430113388225,-0.0039049746546878676,-0.0031587944602985037
3857299,South Korea,40542,Forward,100.91666666666669,-0.023735578161251113,-0.01427191892155287,-0.02332672734301619,-0.025374863517971236,-0.01621651390291
3857299,South Korea,40672,Fullback/Wingback,100.91666666666669,0.0014930310114745942,-0.035633223079048815,-0.02226386221068485,-0.021529113052962106,-0.01621651390291
3857299,South Korea,41711,Attacking Midfield/Wing,55.91666666666667,-0.006454804187483141,-0.01277858391936415,-0.017977342444308608,-0.019472680484345504,-0.00979824499551997
3857299,South Korea,43565,Center Back,91.7,0.16259448082205957,0.17935057653036438,0.1916171411974854,0.19616381551835543,0.33946527159476736
3857300,Argentina,2995,Central/Wide Midfield,103.83333333333331,0.0415218580562237,0.007820912255078985,0.016256918726076423,0.01636107335790912,-0.004101410556421679
3857300,Argentina,3090,Center Back,103.83333333333331,-0.031920586964891605,-0.04194055356686518,-0.12018453000797047,-0.12435994163878249,-0.09427243429951004
3857300,Argentina,5503,Forward,103.83333333333331,-0.000912635698027554,-0.007435778383915176,-0.004167205896351465,-0.0042345364166052795,-0.004403893064505064
3857300,Argentina,5507,Fullback/Wingback,70.01666666666667,-0.004110935962729392,-0.03514567441037747,-0.03314468811243227,-0.03378840789550313,-0.02143316785800416
3857300,Argentina,7006,Central/Wide Midfield,58.25,-0.0002281589245068885,-0.013108917333653618,-0.012371572170880647,-0.013358180589156332,-0.005926916392711484
3857300,Argentina,7797,Defensive Midfield,103.83333333333331,0.037016273806026824,0.034298497536773866,0.004370803617645384,0.0045400611872905535,-0.005926916392711484
3857300,Argentina,11456,Forward,103.83333333333331,-0.0031479150897616315,-0.0016401310130299428,0.004408409407702596,0.003833281491720456,-0.004403893064505064
3857300,Argentina,16308,Defensive Midfield,58.4,-0.009057657850447983,-0.009364790791728457,-0.018943493230216747,-0.019843990811083387,-0.005926916392711484
3857300,Argentina,19597,Fullback/Wingback,33.81666666666666,-0.0376035226508975,-0.062083026474926174,-0.03278498594001695,-0.0329476701685777,-0.04300319688015602
3857300,Argentina,20572,Center Back,58.233333333333334,0.24600882366824423,0.29076536008980725,0.3043156867493913,0.3147992148488778,0.32510675642667486
3857300,Argentina,27768,Center Back,45.599999999999994,-0.0002281589245068885,-0.037133629115846646,-0.0071546145032753425,-0.006144320481302086,-0.02143316785800416
3857300,Argentina,29201,Fullback/Wingback,103.83333333333331,0.047428874434748046,0.022582379123661046,0.027459682691638974,0.028646608456098337,0.0327796166439698
3857300,Argentina,29560,Central/Wide Midfield,45.58333333333333,-0.025232060671976163,-0.019295083329026765,-0.01215394051066588,-0.012029625420411524,-0.0061268025625319375
3857300,Argentina,38718,Defensive Midfield,45.43333333333333,-0.017109693426247095,-0.025060027184540194,-0.03178270124189978,-0.033427164022279736,-0.02143316785800416
3857300,Saudi Arabia,5178,Central/Wide Midfield,47.65,0.0014701841023957564,0.002560730324554654,0.011028918296415002,0.011241672271429652,-0.004403893064505064
3857300,Saudi Arabia,5183,Fullback/Wingback,98.6,-0.034615155309438705,-0.02705503443170784,-0.04361240356782887,-0.04577764479677495,-0.02143316785800416
3857300,Saudi Arabia,5187,Central/Wide Midfield,103.83333333333331,0.007894298016455852,0.019004637976196174,0.009222410611832137,0.00895634910694994,-0.004101410556421679
3857300,Saudi Arabia,5713,Central/Wide Midfield,103.83333333333331,-0.02672337690859826,-0.009929142400895614,-0.01702350058680134,-0.017376530708636078,-0.010915974655651597
3857300,Saudi Arabia,5715,Center Back,103.83333333333331,0.030164187660880595,-0.022541120488793552,-0.02231430882144261,-0.024611508905891463,-0.004101410556421679
3857300,Saudi Arabia,51099,Central/Wide Midfield,88.41666666666667,0.16739842685637996,0.10818219129948255,0.1016232559400695,0.10567117295656918,0.06945835267906593
3857300,Saudi Arabia,51469,Forward,77.35,-0.00018405317354740368,0.006075998599989651,-0.016461347270043104,-0.017864466690414044,-0.005926916392711484
3857300,Saudi Arabia,51546,Center Back,103.83333333333331,0.27359694856891614,0.182489790581848,0.21517341083094185,0.22263867009786487,0.19208555362525814
3857300,Saudi Arabia,51710,Fullback/Wingback,103.83333333333331,-0.31648248847987914,0.041485974512969495,-0.023064850338860108,-0.02131131650708072,-0.004101410556421679
3857300,Saudi Arabia,54144,Attacking Midfield/Wing,40.083333333333336,-0.004897142547027518,-0.006403945550727222,0.0031233468562403624,0.003131055344858233,-0.004403893064505064
3857300,Saudi Arabia,56755,Defensive Midfield,103.83333333333331,0.5188560926924564,0.3193629185048661,0.3217349807495203,0.33778114407928583,0.32510675642667486
3857300,Saudi Arabia,57620,Central/Wide Midfield,26.483333333333334,0.02673980492141305,0.0013940170199737074,-0.010627177266116769,-0.01843574426129185,0.04378059442066362
3857301,Qatar,40784,Forward,96.03333333333332,0.05779545317636803,0.03483816280072262,0.026212105146055632,0.026224167981407854,0.009352170594178756
3857301,Qatar,124488,Central/Wide Midfield,74.28333333333333,0.00045741021278358643,0.002797852278431326,0.004703634999737721,0.0038736338513684606,-0.004101410556421679
3857301,Qatar,124492,Central/Wide Midfield,68.31666666666666,-0.01101606905562914,-0.02645310668323739,-0.021775766770593678,-0.022517048222674863,-0.007115928270177712
3857301,Qatar,124493,Center Back,96.03333333333332,-0.1657365440526822,-0.02351236091643883,-0.1137920202529178,-0.11742332311300094,-0.09427243429951004
3857301,Qatar,124494,Center Back,96.03333333333332,-0.03236418553916294,0.006083505861367295,-0.0014590230655233702,-0.0003470656998625527,-0.02143316785800416
3857301,Qatar,124495,Forward,96.03333333333332,-0.042468733382910226,-0.003449061072281678,-0.016969167741239907,-0.018479703459014153,-0.02143316785800416
3857301,Qatar,124500,Defensive Midfield,96.03333333333332,-0.0008536918141457829,-0.006269199875887978,-0.020312733991162332,-0.021791474531194496,-0.02143316785800416
3857301,Qatar,124506,Center Back,82.23333333333333,0.06725409106625843,0.034875353682978914,0.03190248505244576,0.033098850425221066,0.0327796166439698
3857301,Qatar,124514,Central/Wide Midfield,27.71666666666667,-0.00017111919338016639,-0.015314908817634384,-0.002130529660685699,-0.0008524833351543478,-0.004101410556421679
3857301,Qatar,124899,Fullback/Wingback,96.03333333333332,-0.007877778677668954,-0.025629496206255487,-0.025052748301567437,-0.02656272233113582,-0.010915974655651597
3857301,Qatar,124900,Fullback/Wingback,82.13333333333334,-0.003750432751119314,-0.017364740418729055,-0.009461522486227818,-0.009225952331856002,-0.005926916392711484
3857301,Qatar,124901,Forward,21.75,-0.00019719977682966384,-0.003592521047141916,-0.0046749646073775694,-0.0043768999462831535,-0.004403893064505064
3857301,Senegal,2941,Attacking Midfield/Wing,73.95,0.08536805145277251,0.05486543029937116,0.047669147925176805,0.04764088810750899,0.05791298493897836
3857301,Senegal,3404,Fullback/Wingback,96.03333333333332,0.03267050599015909,0.001256944476150411,0.015052386921152742,0.01532330539250937,0.00758924025400865
3857301,Senegal,3436,Defensive Midfield,96.03333333333332,-0.013128215677395303,-0.022809895210886458,-0.026846247995409914,-0.02770093115289193,-0.010915974655651597
3857301,Senegal,4506,Defensive Midfield,76.96666666666667,0.0002961369514245019,-0.02477784381059797,-0.010458339290331048,-0.01008734668300874,-0.005926916392711484
3857301,Senegal,5675,Center Back,96.03333333333332,-0.021532052747344457,-0.04869886529340658,-0.04742823398719681,-0.04815253969413245,-0.02143316785800416
3857301,Senegal,8553,Center Back,96.03333333333332,-0.07169676972152565,0.008113568205238031,-0.0010598077620364234,-0.0016596750064701324,0.009352170594178756
3857301,Senegal,13314,Forward,73.78333333333333,-0.08244420220557179,0.02969623576913239,0.01984090931692004,0.0197109057522919,0.009352170594178756
3857301,Senegal,20611,Attacking Midfield/Wing,96.03333333333332,0.022636322456071535,-0.009664932801758596,-0.016551049183135626,-0.015876485708038186,-0.0049734804666957564
3857301,Senegal,20758,Attacking Midfield/Wing,63.71666666666667,-0.04919578699314947,-0.007421012299695396,-0.01780718127216958,-0.019404985798995175,-0.010915974655651597
3857301,Senegal,31751,Defensive Midfield,32.31666666666666,-0.0034216193041654045,-0.03456544865968118,-0.007838934717448804,-0.006576505378124807,-0.010915974655651597
3857301,Senegal,32915,Fullback/Wingback,76.95,-0.14738039005928302,-0.029883068439734692,-0.025158283677404143,-0.0251084495134384,-0.02143316785800416
3857301,Senegal,80484,Attacking Midfield/Wing,22.08333333333333,-0.0001545592557929296,0.01324664508466738,0.01775421583249409,0.01853362434925587,-0.004101410556421679
3857301,Senegal,88123,Forward,22.25,-0.0016138563433321573,-0.007595493891996626,-0.0015585613834308222,-0.0012195571174507796,-0.004403893064505064
3869117,Netherlands,2988,Forward,82.01666666666667,-0.0023418913513202876,-0.0041858356312186006,-0.01578897087949688,-0.015447595660280469,-0.011544838372526052
3869117,Netherlands,3306,Center Back,92.91666666666669,-0.005768626716042704,-0.0004103106062310852,-0.03205799294533617,-0.032699290998352754,-0.02964919435876548
3869117,Netherlands,3311,Fullback/Wingback,96.16666666666669,-0.0024685160914326414,0.016824577478411897,0.007283765909489627,0.008131602603573977,-0.0017816792327385183
3869117,Netherlands,3669,Center Back,96.16666666666669,0.35786739690914093,0.26432190474909,0.2522779885354544,0.2596562963142513,0.21950549074713255
3869117,Netherlands,4318,Attacking Midfield/Wing,45.0,-0.006615613066755673,-0.0251680170937186,-0.0172482748591431,-0.017252893531783484,-0.02034777194287232
3869117,Netherlands,6994,Defensive Midfield,45.0,0.21645223656806217,0.13614919580661378,0.08536996087643667,0.08809817509026086,0.1895908970830353
3869117,Netherlands,7891,Defensive Midfield,51.16666666666667,-0.0029638751670170355,-0.03460901116597843,-0.03200863327022188,-0.03235440776197255,-0.021027720296438727
3869117,Netherlands,8118,Defensive Midfield,96.16666666666669,-0.1381721836001174,-0.024089865912770545,-0.0547945240868073,-0.056434577090757665,-0.029178307025253508
3869117,Netherlands,8125,Fullback/Wingback,96.16666666666669,-0.018191971963353676,-0.03320312676237842,-0.049745914802524695,-0.05167055361619312,-0.02964919435876548
3869117,Netherlands,8259,Forward,51.16666666666667,-0.00016910602639922325,0.009698107117111927,0.014441278219336173,0.01481850547446771,-0.0017816792327385183
3869117,Netherlands,20750,Attacking Midfield/Wing,92.91666666666669,0.05524358912439579,0.02599559817293522,0.037531233685206264,0.03803028601282679,0.02614390577144608
3869117,Netherlands,21809,Center Back,96.16666666666669,0.07571505630895604,0.019740374358448082,-0.005165042924934096,-0.00474464125621386,-0.02964919435876548
3869117,United States,3377,Attacking Midfield/Wing,66.85,0.0,-0.0013085733322125994,0.010735287786994998,0.011180233601737047,-0.0017816792327385183
3869117,United States,3658,Fullback/Wingback,21.21666666666667,-0.08524152994811486,-0.015662824805884868,-0.005726986389924462,-0.00821339430899897,0.02614390577144608
3869117,United States,4614,Fullback/Wingback,91.23333333333332,-0.04264707546864979,0.044575490786836855,0.038596266679146125,0.040765324846297926,0.02614390577144608
3869117,United States,8246,Attacking Midfield/Wing,96.16666666666669,-0.03402677539270371,-0.008738404655638195,-0.0070308389162268906,-0.006150902327167516,-0.011544838372526052
3869117,United States,8526,Central/Wide Midfield,66.85,-0.023072988474986664,-0.01696704622093084,-0.011106947907192317,-0.012113663667604994,-0.005581384179644246
3869117,United States,12524,Center Back,96.16666666666669,0.33879750086558297,0.3784661254379878,0.3216845422013264,0.33338897555896296,0.33827947866782454
3869117,United States,12751,Defensive Midfield,96.16666666666669,-0.019910905700127938,0.0034690701876758027,0.002689334420382076,0.0026559207427743693,-0.02034777194287232
3869117,United States,18242,Center Back,96.16666666666669,0.012588692315100496,-0.011200879439670802,-0.01769328226005482,-0.019400655557529012,-0.025515686390007744
3869117,United States,21881,Fullback/Wingback,74.95,-0.0014297229522765662,-0.02620283957805213,-0.02397137893042197,-0.024155897571578294,-0.011544838372526052
3869117,United States,22008,Forward,29.316666666666677,-0.00018913174005176283,-0.0076072481822512215,0.01168350751325823,0.012722306074114455,-0.0017816792327385183
3869117,United States,22433,Forward,45.0,0.0005803358554227376,-0.00023804241475409212,0.004355836030679228,0.004115903852337812,-0.0017816792327385183
3869117,United States,24243,Central/Wide Midfield,29.316666666666677,-0.0009585993355262632,-0.009786335688185405,0.004183087700678566,0.00532062567857078,-0.0017816792327385183
3869117,United States,34339,Attacking Midfield/Wing,51.16666666666667,-0.00018913174005176283,0.015757815559936945,0.005377280364133149,0.005507497118817208,-0.0017816792327385183
3869117,United States,38792,Central/Wide Midfield,96.16666666666669,-0.0006250470936433167,-0.01825987159779217,-0.011195621297173386,-0.010851741626543508,-0.011544838372526052
3869118,England,3205,Fullback/Wingback,94.2,0.0001608762505457963,-0.008590938229388721,-0.0028927603735192176,-0.004582039264793848,-0.017094690683746167
3869118,England,3244,Center Back,76.16666666666667,-0.028514963923953474,-0.034973089638192845,-0.02362716706281533,-0.025415719379571357,0.00600653942766758
3869118,England,3318,Attacking Midfield/Wing,29.88333333333334,0.0007433673631198503,-0.005095898517976015,0.008824250132247104,0.006243940036724214,-0.0019249822385925975
3869118,England,3336,Center Back,94.2,0.011774603390713801,0.016504324500037096,0.023340034065205306,0.02175071425755841,-0.0057692489916982646
3869118,England,3382,Fullback/Wingback,94.2,-0.0035118910238599857,-0.03617557482340796,-0.03137292999567843,-0.032168212149488395,-0.017094690683746167
3869118,England,3532,Central/Wide Midfield,81.15,0.0023583869758137576,-0.007745701521615148,-0.007540971129205454,-0.008178640378682468,-0.003185780714341646
3869118,England,3943,Defensive Midfield,94.2,0.025517758724556583,0.010314952275145442,0.00908852374231357,0.009971223611809934,0.00600653942766758
3869118,England,4354,Attacking Midfield/Wing,64.45,0.001516084130098288,0.007742416108409446,0.011582363168003828,0.009006825309902527,-0.003185780714341646
3869118,England,9638,Attacking Midfield/Wing,29.75,-0.001896871892952461,-0.021539116577192485,-0.01929088843910008,-0.02281085822029562,-0.017094690683746167
3869118,England,10955,Forward,94.2,0.03252865587726135,0.02940274305711473,0.022230608618551168,0.020948423789314212,-0.0057692489916982646
3869118,England,22084,Attacking Midfield/Wing,64.31666666666666,-0.028518854634131532,-0.011402903731327288,0.0007534136650321043,-0.0032535946887664244,-0.0057692489916982646
3869118,England,30714,Central/Wide Midfield,75.91666666666667,-0.001897429968733844,-0.00031712649961311047,-0.016919297190124305,-0.015389738768990012,-0.017094690683746167
3869118,Senegal,2941,Attacking Midfield/Wing,94.2,0.0007412945706164464,-0.0001670500201414334,-0.01093340819176413,-0.007355418772541058,-0.0057692489916982646
3869118,Senegal,3404,Fullback/Wingback,94.2,0.034435867641341725,-0.03078121520179855,-0.047886165493667567,-0.04306464065127931,-0.017094690683746167
3869118,Senegal,4506,Defensive Midfield,94.2,-0.010167675846835329,-0.022215149364274506,-0.026730497103970997,-0.0233906008962413,-0.017094690683746167
3869118,Senegal,5675,Center Back,94.2,-0.003981360599649825,-0.017943344604842128,-0.0492461699331484,-0.04274977666591739,-0.03647384333586253
3869118,Senegal,8553,Center Back,94.2,-0.02325405772640615,-0.03579914371310573,-0.03666517719700196,-0.03374227933800653,-0.017094690683746167
3869118,Senegal,13314,Forward,23.083333333333343,-0.0002498176399967633,0.0011245445702022837,0.010927932566511745,0.008583712328531608,-0.0019249822385925975
3869118,Senegal,20611,Forward,71.11666666666666,0.05638614782487581,0.051771749562102336,0.05067559028931614,0.051007515111278864,0.00600653942766758
3869118,Senegal,20758,Attacking Midfield/Wing,45.0,-0.0005673900791168164,-0.020830703898757463,-0.02235785027340123,-0.01969149830676309,-0.011582262247076761
3869118,Senegal,21026,Attacking Midfield/Wing,49.2,-0.0024604106760020123,-0.02075241792024457,-0.006992346606053829,-0.011446135235985514,-0.017094690683746167
3869118,Senegal,31751,Defensive Midfield,45.0,-0.002710228153247092,-0.017422933956756374,-0.016304919965574118,-0.01717705714083953,-0.017094690683746167
3869118,Senegal,32915,Fullback/Wingback,83.9,-0.08760207611454748,-0.04442627605976869,-0.03238497354903962,-0.03030814364126415,-0.03647384333586253
3869118,Senegal,50498,Attacking Midfield/Wing,49.2,-0.00968254425013009,-0.019863421688169198,-0.011392835258397268,-0.013146544097199472,-0.011582262247076761
3869118,Senegal,80484,Attacking Midfield/Wing,45.016666666666666,0.002645402683380158,-0.001547108286837736,-0.006189615285216273,-0.00465959817430435,-0.0057692489916982646
3869118,Senegal,88123,Forward,49.18333333333334,0.003077039687731916,-0.0031498667179955435,0.0002782097616209622,0.0009114124131018259,-0.0057692489916982646
3869151,Argentina,3090,Center Back,97.36666666666666,-0.0494715219045045,-0.04044857165834976,-0.058345734124707484,-0.062436602363229975,-0.02143316785800416
3869151,Argentina,5503,Forward,97.36666666666666,-0.0008426431627918242,-0.001774353299478067,-0.011070561768985493,-0.011297343196122814,-0.004403893064505064
3869151,Argentina,5507,Fullback/Wingback,26.049999999999997,0.01161231828316684,-0.0196595559074967,-0.023303460392494344,-0.026087864980784883,-0.004101410556421679
3869151,Argentina,7006,Central/Wide Midfield,49.11666666666667,0.03362439521070984,0.031250725386845424,0.01699334900114348,0.013415675150332346,0.009352170594178756
3869151,Argentina,7797,Central/Wide Midfield,97.36666666666666,-0.008821954320915716,-0.007049208847948264,-0.027126876346136346,-0.029348978170199106,-0.02143316785800416
3869151,Argentina,11456,Forward,26.36666666666666,-0.00019963905894352743,0.0235904949271452,0.01971882570978046,0.01917333111297623,-0.004101410556421679
3869151,Argentina,19597,Fullback/Wingback,71.31666666666666,-0.02254849330509185,-0.029109531874542252,-0.01146585565435266,-0.012195760106897359,-0.010915974655651597
3869151,Argentina,20572,Center Back,97.36666666666666,0.03725866481545381,0.02387900905977792,0.03843149996524573,0.03954188628803576,0.0733073081665588
3869151,Argentina,27768,Center Back,48.24999999999999,0.04763884256438663,0.05068593127100061,0.05239231782651529,0.05075095605371654,0.060994737202234084
3869151,Argentina,27886,Central/Wide Midfield,79.28333333333333,-0.0003992780976760615,-0.00048325182255813394,-0.004045914334221965,-0.004935899463565951,-0.004403893064505064
3869151,Argentina,29201,Fullback/Wingback,79.25,-0.0003345464493678365,-0.03505404472535013,-0.018117723273681916,-0.018186320598304277,-0.02143316785800416
3869151,Argentina,29560,Forward,71.0,-0.00019963895788856057,0.011713845032611378,-0.0021075328029655253,-0.0031933051752802773,-0.004403893064505064
3869151,Argentina,38718,Defensive Midfield,97.36666666666666,-0.12132916914803597,-0.027927991417661162,-0.032648964840993604,-0.034840938568748106,-0.018015251854952678
3869151,Australia,3281,Defensive Midfield,97.36666666666666,-0.045227253754203,-0.019216746557309764,-0.037194428055453935,-0.03952134212405015,-0.02143316785800416
3869151,Australia,5479,Fullback/Wingback,97.36666666666666,-0.03187153371272427,-0.04148338463242055,-0.03950695311885854,-0.040357544955122726,-0.02143316785800416
3869151,Australia,5481,Central/Wide Midfield,71.8,-0.01752631621301833,0.0007612593398759959,-0.009869708397533195,-0.011773081742914197,-0.02143316785800416
3869151,Australia,5490,Forward,97.36666666666666,0.23592606644009853,0.03757761147573206,0.023756305585390398,0.02009799168574202,0.03329461229900839
3869151,Australia,8346,Central/Wide Midfield,39.49999999999999,-0.0009151746159726073,-0.0007551662094258109,0.003343266276338654,0.00346723397759049,-0.004403893064505064
3869151,Australia,8859,Central/Wide Midfield,39.49999999999999,-0.004819373808880677,-0.015171299765727156,-0.004071082060675535,-0.0038890513429141876,-0.005926916392711484
3869151,Australia,9980,Forward,25.566666666666663,7.098495233349684e-11,0.003294167701354574,0.0063897197387891925,0.005967097203273425,-0.004403893064505064
3869151,Australia,15957,Fullback/Wingback,71.81666666666666,0.45079866975401073,0.2866912454908433,0.33252545453364635,0.34695027319981103,0.32510675642667486
3869151,Australia,22293,Center Back,97.36666666666666,0.23191832025498493,0.1544579694443475,0.15944953690481115,0.16621144859893397,0.28422745751935724
3869151,Australia,28370,Fullback/Wingback,25.549999999999997,0.25669543460159133,0.23087256898497394,0.2827781297354156,0.2876302206521564,0.21967851879446076
3869151,Australia,33477,Central/Wide Midfield,57.86666666666667,-0.020663362729686836,-0.008186857091098329,-0.012069566780823531,-0.01329490862511065,-0.010915974655651597
3869151,Australia,33488,Defensive Midfield,57.86666666666667,-0.0046945709228322545,-0.01190778721244868,-0.040484367225663,-0.04259954202821054,-0.02143316785800416
3869151,Australia,33492,Forward,71.8,-0.00723789395656573,0.011417954456627749,-0.01197354949153797,-0.014757044053246774,-0.02143316785800416
3869151,Australia,33495,Center Back,97.36666666666666,0.6440214211867963,0.5545589110263888,0.6515120269213946,0.6734201303729125,0.3238202239858978
3869151,Australia,227697,Forward,25.566666666666663,-0.00017529283224309726,0.007498706904549523,0.01533903736244479,0.015304944755973458,-0.004403893064505064
3869152,France,3009,Attacking Midfield/Wing,99.26666666666668,-0.00043875043047592044,-0.004153392255081998,-0.0007509552096416773,-0.0004765974049447054,-0.0017816792327385183
3869152,France,3026,Defensive Midfield,99.26666666666668,-0.03452916642197886,0.006013018854145695,-0.020999854390699832,-0.022271026758217224,-0.02126026296464383
3869152,France,3604,Forward,75.8,9.369695043140971e-05,-0.0019664073086251605,0.005173903712494878,0.0054479291882919174,-0.0017816792327385183
3869152,France,4445,Fullback/Wingback,91.58333333333331,-0.13321717175327846,-0.04876370900116895,-0.028754767749872838,-0.02942430694794724,-0.02034777194287232
3869152,France,5477,Attacking Midfield/Wing,75.66666666666667,-0.024730432345972372,-0.017546727085791212,-0.010566632460672513,-0.009143421018447987,-0.006350617006266556
3869152,France,5485,Center Back,99.26666666666668,-0.0030558864268272912,-0.023440893027229986,-0.04347710625977945,-0.04539948970116528,-0.029178307025253508
3869152,France,5487,Attacking Midfield/Wing,99.26666666666668,-0.001553023183667982,-0.00746401898476457,-0.028790651067034993,-0.030518026461908425,-0.02126026296464383
3869152,France,6704,Fullback/Wingback,99.26666666666668,-0.015681753260700183,-0.03414085838946075,-0.028367852132083534,-0.03047574661624229,-0.02034777194287232
3869152,France,8217,Attacking Midfield/Wing,23.59999999999999,0.0,-0.019585993211911526,0.00223527947602941,0.002189583131707625,-0.006350617006266556
3869152,France,8519,Center Back,99.26666666666668,-0.16023488282666518,-0.02039976093937949,-0.09125135663696354,-0.09063247738318173,-0.4160316661770647
3869152,France,10481,Defensive Midfield,65.66666666666667,-0.04226347172752375,-0.01532628639119414,-0.021618733502698367,-0.022051873080990166,-0.01288964093511056
3869152,France,11990,Defensive Midfield,33.599999999999994,-0.003869210313250487,-0.02542489359635973,-0.005012203048011525,-0.004952459543534059,-0.011544838372526052
3869152,Poland,3034,Center Back,99.26666666666668,0.02207438803169054,-0.025501583654050964,0.010596245444474758,0.010128511993048588,0.02614390577144608
3869152,Poland,3637,Defensive Midfield,70.46666666666667,-0.012951823784485943,-0.0005521498600618059,-0.019383427259877396,-0.019924226686207372,-0.02034777194287232
3869152,Poland,4664,Central/Wide Midfield,63.78333333333333,0.005616862878699291,0.01049074912339416,-0.003841598731786296,-0.004831375124156101,-0.003342753574540582
3869152,Poland,4734,Fullback/Wingback,99.26666666666668,-0.06896826134716438,-0.03409035086019548,-0.04367785083819578,-0.04531866360564448,-0.02964919435876548
3869152,Poland,5660,Central/Wide Midfield,99.26666666666668,-0.0717274747507695,-0.01557167292798269,-0.022518092532215345,-0.023900098922502597,-0.02034777194287232
3869152,Poland,5665,Attacking Midfield/Wing,35.483333333333334,0.008927190724711914,0.0144555321796788,0.004324572077972058,0.0033493413239068944,0.004301787846603669
3869152,Poland,5668,Forward,99.26666666666668,0.011318942982485735,-0.0030882887739263503,0.0038482662490537515,0.0040074275086240275,0.015721329922496963
3869152,Poland,5673,Fullback/Wingback,99.26666666666668,-0.024750746420717666,-0.011463471801571545,-0.01185913696370795,-0.011591153921885044,0.02614390577144608
3869152,Poland,7979,Central/Wide Midfield,86.23333333333333,-0.0037177103759067787,-0.007863804361308489,-0.010841796472564566,-0.012049138650775977,-0.003342753574540582
3869152,Poland,11737,Defensive Midfield,28.799999999999997,-0.0003316099135592193,-0.03345072425281287,-0.02400816456554933,-0.023900578180726814,-0.02034777194287232
3869152,Poland,31955,Central/Wide Midfield,70.28333333333333,-0.0008433125157199509,-0.020407037230778496,-0.01791391873637015,-0.01905786285402286,-0.011544838372526052
3869152,Poland,44166,Center Back,86.21666666666667,-0.15842281523850058,-0.030641171517128512,-0.04528936437129387,-0.04839530207361216,-0.02964919435876548
3869152,Poland,50502,Attacking Midfield/Wing,28.983333333333334,-0.008051791462696509,-0.0361141749525533,-0.007940719138444146,-0.00747514075513374,-0.01288964093511056
3869219,Croatia,3441,Central/Wide Midfield,22.58333333333333,0.004304048598625518,-0.02411887497882917,-0.0177995742707779,-0.018648885883900755,0.004301787846603669
3869219,Croatia,3471,Center Back,121.0,0.04856943085446561,0.03762683997758992,0.04963849964986515,0.0515540865224057,0.02614390577144608
3869219,Croatia,5456,Central/Wide Midfield,98.41666666666669,-0.02951552520052677,-0.014436161678129908,-0.014944977531526618,-0.01615435715400891,-0.011544838372526052
3869219,Croatia,5460,Attacking Midfield/Wing,67.83333333333333,0.0023704160539956207,-0.004260186634790606,0.009172181543475757,0.008972789848607735,-0.0017816792327385183
3869219,Croatia,5463,Central/Wide Midfield,98.35,0.03217715716904454,0.011529744093238417,0.015680010244840767,0.015577524397853206,0.004301787846603669
3869219,Croatia,5469,Defensive Midfield,121.0,0.08815620390681975,0.02301312478527126,0.047628959174008695,0.047167769760964144,0.054060322872363176
3869219,Croatia,5474,Attacking Midfield/Wing,105.0,0.04534072316968568,0.05186851979772604,0.046294169927062714,0.04738106800459343,0.02614390577144608
3869219,Croatia,7693,Forward,61.31666666666667,0.0005717813588776871,0.009957812888504098,0.0013189387910802794,0.001536152721477703,-0.0017816792327385183
3869219,Croatia,8654,Forward,43.68333333333333,-0.000937562780516026,0.005887447131639202,0.006890275016840754,0.007082127238966851,-0.0020962503873188003
3869219,Croatia,11127,Fullback/Wingback,121.0,0.007223776373665028,-0.014948637215583855,-0.024795372248477547,-0.02535124435942651,-0.02126026296464383
3869219,Croatia,11603,Attacking Midfield/Wing,53.16666666666667,0.09178206025369531,0.08104383396350244,0.05721201484776385,0.053581517723078204,0.1895908970830353
3869219,Croatia,28914,Central/Wide Midfield,22.65000000000001,0.0011435627815795637,-0.023983239045942937,-0.022467082351415348,-0.022007457808075753,-0.006350617006266556
3869219,Croatia,29163,Fullback/Wingback,121.0,0.1751954395762081,0.16911999388212412,0.23752165814398965,0.23825054259287176,0.21950549074713255
3869219,Croatia,33018,Center Back,121.0,0.00230596374501801,-0.01370206859087194,0.0009384057187336952,0.0014138503346843526,0.015721329922496963
3869219,Japan,3300,Center Back,121.0,0.05671605655475232,0.006372661485121996,0.01581042289694542,0.018022107254856527,0.02614390577144608
3869219,Japan,3530,Fullback/Wingback,47.099999999999994,0.009135897507973747,-0.025156513251229647,0.010231676925671852,0.00957890186282614,0.004301787846603669
3869219,Japan,5690,Fullback/Wingback,63.28333333333333,0.01708284362053899,-0.025114123378430997,0.0026444969041104593,0.002467781488135824,0.004301787846603669
3869219,Japan,8361,Attacking Midfield/Wing,86.15,-0.0026555026056697575,-0.009700679670593616,-0.00627002407551085,-0.006796660661654184,-0.011544838372526052
3869219,Japan,8776,Attacking Midfield/Wing,34.849999999999994,0.0001679319305188745,-0.017310061185515136,-0.010985081042685385,-0.010955141275387293,-0.005581384179644246
3869219,Japan,8949,Forward,57.516666666666666,0.003173185385128257,0.0010453278228769714,-0.002002604151028218,-0.0026191130324363897,-0.011544838372526052
3869219,Japan,9411,Attacking Midfield/Wing,73.9,-0.0197997736683655,-0.016940353505113255,-0.015470349746126938,-0.016247652178205667,-0.005581384179644246
3869219,Japan,23527,Fullback/Wingback,121.0,0.05981020047873363,0.044704156643944226,0.05237829385579007,0.05467515380518066,0.02614390577144608
3869219,Japan,23721,Defensive Midfield,121.0,0.04631195541865096,0.08188282333000126,0.06587645262327739,0.06846924663561574,0.054060322872363176
3869219,Japan,23730,Center Back,121.0,0.15740508129863748,0.10273745393718474,0.03571735788041709,0.038246087148313124,0.11725661383889369
3869219,Japan,30628,Forward,63.483333333333334,0.0005736765228690596,0.0021935626416777223,-0.004181244838343085,-0.004217186142717206,-0.003342753574540582
3869219,Japan,37211,Fullback/Wingback,57.71666666666667,-0.036042954168330324,-0.02528034909561474,-0.014348494004803357,-0.014351407649257951,-0.02034777194287232
3869219,Japan,37215,Center Back,121.0,-0.010318894790067711,-0.003343793499366739,0.014787602562937556,0.015578620784668776,-0.0017816792327385183
3869219,Japan,37221,Defensive Midfield,105.0,0.03874320496052121,0.02999961507313374,0.019847345348016465,0.021720127581634746,-0.02126026296464383
3869220,Morocco,3625,Attacking Midfield/Wing,65.86666666666666,0.09442814269401054,0.04519076354540824,0.06008457669468578,0.05986545695347026,0.02614390577144608
3869220,Morocco,3634,Central/Wide Midfield,41.43333333333334,0.02609786461107433,0.01922620652875891,0.021797285199778207,0.01739353876772312,0.0071196919555316426
3869220,Morocco,5219,Center Back,123.05,0.096914190041805,0.07263649035983559,0.06916820517555307,0.07141450010656175,0.054060322872363176
3869220,Morocco,5234,Defensive Midfield,123.05,0.11155344935536574,0.055910081777529826,0.05186339472437411,0.05365165945144526,0.07904689870627629
3869220,Morocco,5237,Attacking Midfield/Wing,123.05,0.025999380233184575,0.012700954143100763,0.008372456124572734,0.00897265874454086,-0.005581384179644246
3869220,Morocco,5245,Fullback/Wingback,123.05,0.0771532162616495,0.05424097035717641,0.05745748978050573,0.06000326269881764,0.054060322872363176
3869220,Morocco,6301,Forward,81.61666666666666,0.024487324117217213,0.006558216112242667,0.02287460189997209,0.022767134443705636,0.015721329922496963
3869220,Morocco,7459,Center Back,39.05,0.012553302656022548,-0.006485629457896458,-0.0018546784409264488,-0.005546441418962262,0.0005972605264017045
3869220,Morocco,12149,Center Back,84.0,0.16113748015259724,0.0972104893679495,0.11104014033588032,0.10942711417999977,0.07904689870627629
3869220,Morocco,15890,Fullback/Wingback,82.83333333333333,0.014625943447877574,-0.03574622476610735,-0.005062878605378459,-0.0044767066231807505,-0.006350617006266556
3869220,Morocco,23774,Central/Wide Midfield,81.58333333333333,-0.0013560078390952893,-0.011097987285463982,-0.016364490951526863,-0.01651456761923103,-0.003342753574540582
3869220,Morocco,31295,Fullback/Wingback,40.21666666666667,-0.00339772647702514,-0.04145100291120507,-0.013248006953442635,-0.012985794008260413,-0.02034777194287232
3869220,Morocco,46258,Central/Wide Midfield,119.5,-0.002627080785884064,-0.01928922633559491,-0.013723033809671712,-0.01374829386762577,-0.01288964093511056
3869220,Morocco,149714,Attacking Midfield/Wing,57.18333333333334,0.0018534129332569507,-0.016819877216874765,-0.019546407030789366,-0.020632104588942636,-0.02034777194287232
3869220,Morocco,296254,Forward,41.46666666666667,0.004948357845778908,-0.011997821434951381,0.004930880562246482,0.0050203129178126495,0.004301787846603669
3869220,Spain,3477,Forward,60.48333333333333,-5.915620085313031e-05,0.004722777055939936,0.005730910581240787,0.006037891311913695,-0.0017816792327385183
3869220,Spain,4353,Center Back,123.05,-0.01906459862343266,-0.013142354298667848,-0.01711905618208065,-0.018292906065618383,0.004301787846603669
3869220,Spain,5203,Defensive Midfield,123.05,-0.010774518786191867,0.0050278797859342455,0.028966148133906605,0.030105813207454563,0.015721329922496963
3869220,Spain,5211,Fullback/Wingback,97.5,0.02909613514461988,-0.03143983170185596,-0.015706765804581926,-0.015824542130152566,-0.011544838372526052
3869220,Spain,5719,Forward,62.56666666666667,0.0054237629300776385,0.013812154799640293,0.021449634527395973,0.020973608067908316,-0.0017816792327385183
3869220,Spain,6583,Central/Wide Midfield,60.5,0.00017790809921496134,0.009056936187336453,0.015712739620043686,0.016165416177546417,-0.0017816792327385183
3869220,Spain,6748,Attacking Midfield/Wing,75.06666666666666,-0.0010509268694216072,-0.005451904318763188,0.0056587239297210944,0.0056122144102296045,-0.0029910949690956827
3869220,Spain,6765,Center Back,123.05,0.1135616377831695,0.07492084943669478,0.07605726057481663,0.07973637737949686,0.054060322872363176
3869220,Spain,6840,Fullback/Wingback,123.05,-0.027756432490884372,-0.02184519618219441,-0.011597468368116282,-0.01208878225564289,-0.02126026296464383
3869220,Spain,16532,Attacking Midfield/Wing,97.35,0.0009843149875973047,-0.012530812854997101,-0.006276841307244029,-0.0069115429022661,-0.006350617006266556
3869220,Spain,30486,Central/Wide Midfield,123.05,0.05766244904578451,-0.011783730148814143,-0.0013104543440030842,-0.0033509606979065434,0.015721329922496963
3869220,Spain,30756,Attacking Midfield/Wing,25.700000000000003,-0.00023706428566025477,0.0042299135892768965,0.015972349147688754,0.016497445943929274,-0.0017816792327385183
3869220,Spain,39161,Fullback/Wingback,25.549999999999997,0.06627144192871039,0.09236810362358262,0.1060435350618354,0.10149063668615749,0.1895908970830353
3869220,Spain,68574,Attacking Midfield/Wing,42.83333333333334,-0.0004741285857283464,0.009470587117314768,0.0018932966043772432,0.0023852256327068014,-0.0017816792327385183
3869220,Spain,133353,Central/Wide Midfield,62.55,-0.002879875690196779,-0.004231074379182171,0.008354645581766277,0.008655164458172927,-0.0029910949690956827
3869253,Brazil,3063,Fullback/Wingback,71.73333333333333,-0.05660615493788531,-0.03650178735632871,-0.10170878153591549,-0.10318587126269338,-0.12927863266997527
3869253,Brazil,3280,Forward,93.96666666666668,0.04938049854612664,0.008557634343686163,0.032755477432925284,0.033242297557693194,-0.0012690343381247162
3869253,Brazil,3295,Center Back,93.96666666666668,0.022122380170530004,-0.006439858054692795,-0.022093273059139423,-0.024033950911275463,-0.0017150570850485414
3869253,Brazil,4320,Attacking Midfield/Wing,80.28333333333333,0.001069747515047263,-0.004429039530766625,0.008983289590587324,0.008944984306925315,-0.005834519646347918
3869253,Brazil,4324,Fullback/Wingback,31.41666666666667,0.0,0.00621988329464761,0.006749556073657961,0.005578252344011714,-0.0031587944602985037
3869253,Brazil,4372,Center Back,93.96666666666668,-0.008609902579337358,-0.03676618003803492,-0.036703847942098786,-0.03794348495322426,-0.01621651390291
3869253,Brazil,5539,Defensive Midfield,93.96666666666668,0.07056594691484382,0.01970966702217033,0.02274905036209468,0.02400962126399059,-0.014027881087310219
3869253,Brazil,10595,Attacking Midfield/Wing,93.96666666666668,-0.008928834224781511,-0.0115181506530945,-0.023892873150615206,-0.024707500491910565,-0.014027881087310219
3869253,Brazil,11493,Fullback/Wingback,22.233333333333334,-0.018421048298478127,-0.011801192543040044,-0.02793175179594949,-0.03249439445121711,-0.014027881087310219
3869253,Brazil,13620,Fullback/Wingback,62.55,-0.20909182425576114,-0.0016596281792338819,-0.004824926904677695,-0.0064711131360187385,-0.0012690343381247162
3869253,Brazil,18395,Attacking Midfield/Wing,71.76666666666667,-0.005239390578169964,-0.021466815531701277,-0.0024206396255557257,-0.0021775002826594572,-0.010371105966050701
3869253,Brazil,22600,Defensive Midfield,93.96666666666668,0.07217532264277045,0.043549777756382205,0.013122177506580143,0.011609085476961694,-0.01621651390291
3869253,Brazil,29976,Central/Wide Midfield,22.200000000000003,-0.002619695442263037,-0.017979165413500503,0.009542220221808912,0.010941080215404566,-0.00979824499551997
3869253,South Korea,3083,Forward,93.96666666666668,0.014459250823539846,-0.005225736619535094,-0.06840401429134892,-0.07048777276699526,-0.12927863266997527
3869253,South Korea,5604,Center Back,93.96666666666668,0.05046472836778883,0.011580568555007782,-0.0059193958592132995,-0.006408382205786699,-0.01770850537033458
3869253,South Korea,5618,Defensive Midfield,45.0,-0.026189151206327713,0.01570087102672883,-0.05665089274368542,-0.059071975365488305,-0.12927863266997527
3869253,South Korea,5620,Central/Wide Midfield,93.96666666666668,0.2504200295901255,0.21274627133778093,0.2087252603967879,0.2170081850668536,0.21277725642601023
3869253,South Korea,5623,Central/Wide Midfield,73.46666666666667,-0.0023423158563673496,-0.0025229498047105517,-0.011854598748172606,-0.012449267688415784,-0.005834519646347918
3869253,South Korea,5986,Fullback/Wingback,48.96666666666667,-0.012980096576297107,-0.013739476312597431,-0.019568775424426626,-0.01947173588510695,-0.0017150570850485414
3869253,South Korea,22740,Central/Wide Midfield,20.5,-0.004919278983245878,-0.025948025462432328,-0.0030483583004663477,-0.002241411564323694,-0.00979824499551997
3869253,South Korea,23264,Central/Wide Midfield,29.53333333333333,-0.005641112323192989,-0.020296128834120773,0.00011991339622519759,0.0009027572548638591,-0.0017150570850485414
3869253,South Korea,23763,Defensive Midfield,64.43333333333334,-0.024130169973325205,0.03183431892416101,0.018131902749729093,0.01785282278975843,-0.0017150570850485414
3869253,South Korea,40538,Fullback/Wingback,45.0,0.015885128762901705,-0.027815844925262675,-0.016443012788815364,-0.016621320884712944,-0.010371105966050701
3869253,South Korea,40542,Forward,79.51666666666667,-0.004919278914766277,-0.001979559444736461,-0.017032336628362385,-0.018014465228888978,-0.010371105966050701
3869253,South Korea,40558,Defensive Midfield,48.96666666666667,0.002243720364811666,0.016717179228362546,-0.0011165294983445312,-0.0018998923467309571,-0.00979824499551997
3869253,South Korea,40672,Fullback/Wingback,93.96666666666668,0.04663722247214002,0.055779120103667174,0.036919834409321846,0.03645568477293123,0.046207223256968584
3869253,South Korea,43565,Center Back,93.96666666666668,0.005005459191606325,0.026228593204917883,0.009010640944815634,0.007311282776486795,-0.01770850537033458
3869254,Portugal,3193,Central/Wide Midfield,80.65,-0.02212615454905168,-0.0008338973247314647,-0.009262678004534876,-0.009604486286770244,-0.0014698198215144433
3869254,Portugal,5204,Attacking Midfield/Wing,86.66666666666667,0.003909580490746817,0.003289291932129697,-0.008469165588419179,-0.008698690571749452,-0.013256257810289147
3869254,Portugal,5206,Center Back,94.13333333333334,-0.00016725693861845622,-0.04078618643216362,-0.02973804385371369,-0.029398865831965524,-0.015518942498922295
3869254,Portugal,5207,Forward,21.316666666666677,0.0,0.0015554762666249943,0.0035815405541471538,0.0037761203424461934,-0.0014698198215144433
3869254,Portugal,5209,Fullback/Wingback,94.13333333333334,-0.041601813647376244,-0.0299338318803216,-0.018164468543721574,-0.017825546747109306,-0.013256257810289147
3869254,Portugal,5214,Defensive Midfield,94.13333333333334,-0.012185186659375768,-0.02523749001223235,-0.046806664783182496,-0.04480680817399244,-0.015518942498922295
3869254,Portugal,10868,Attacking Midfield/Wing,21.55000000000001,-0.011144958566441092,0.01199991298061004,0.01247100339803253,0.01272678569206616,-0.0014698198215144433
3869254,Portugal,11184,Central/Wide Midfield,73.06666666666666,0.001154257645180752,-0.023537094024580443,-0.023008684246674026,-0.023172282535485984,-0.013256257810289147
3869254,Portugal,12041,Attacking Midfield/Wing,72.81666666666666,-0.0010354325261919997,-0.006771451572633418,7.183715963085177e-05,-0.00042221951665831535,-0.0014698198215144433
3869254,Portugal,16028,Fullback/Wingback,94.13333333333334,0.010227062536381878,-0.02215242504825208,-0.0184843040899602,-0.018835928732500264,-0.03161538478950213
3869254,Portugal,20016,Center Back,94.13333333333334,0.008566088793084545,-0.030532890879744555,-0.025936733294337228,-0.025621003102293732,-0.013256257810289147
3869254,Portugal,34639,Central/Wide Midfield,21.066666666666677,-0.001880797749753435,-0.025159018417912998,-0.02289733649583212,-0.023736835981421674,-0.015518942498922295
3869254,Portugal,38803,Forward,72.58333333333333,-0.02980157516376917,0.0148397178253406,0.00711565320092043,0.007194816387563827,-0.013256257810289147
3869254,Switzerland,3500,Defensive Midfield,94.13333333333334,-0.02758683169611379,0.0071027412987959004,-0.013116135212847905,-0.013837428753830388,-0.013256257810289147
3869254,Switzerland,3533,Central/Wide Midfield,94.13333333333334,4.423789788860005e-05,0.005742679401719935,0.010086111839751591,0.009814411656520852,-0.0014698198215144433
3869254,Switzerland,3913,Fullback/Wingback,94.13333333333334,-0.039410011241115726,-0.020583907418950293,-0.016089068716171117,-0.015414968717368348,-0.015518942498922295
3869254,Switzerland,5537,Center Back,45.0,-0.021876938423359547,-0.03209721139164455,-0.013961552362150154,-0.013508429627539486,-0.03161538478950213
3869254,Switzerland,5538,Defensive Midfield,40.53333333333334,0.0,-0.0027977516039041014,0.010449155733176408,0.010484011743719556,-0.0014698198215144433
3869254,Switzerland,5543,Forward,40.23333333333334,-0.0013575852884874715,-0.010182098712878134,-0.02385702347093618,-0.022768173221278352,-0.004341420846019306
3869254,Switzerland,5544,Center Back,94.13333333333334,-0.04252491204382537,0.002695824532414727,-0.004607780413448201,-0.005086337221472361,0.008297171629744743
3869254,Switzerland,5545,Forward,88.6,-0.01677242115248817,0.0130095143460141,-0.01828259605987303,-0.01844533925946234,-0.013256257810289147
3869254,Switzerland,5549,Center Back,94.13333333333334,-0.0842199442369936,0.013975001754808893,-0.0012492654164704244,-0.003097183388858609,0.016251411124129304
3869254,Switzerland,6983,Central/Wide Midfield,53.6,-0.0021901700567067057,-0.009221925225989507,-0.0031958665280660396,-0.0031920414807674016,-0.0014698198215144433
3869254,Switzerland,16026,Central/Wide Midfield,53.9,0.003390865061770786,-0.0077149154092068534,-0.0017027404813837036,-0.002268502019774258,-0.0014698198215144433
3869254,Switzerland,29006,Central/Wide Midfield,28.41666666666667,0.00046270645477555013,-0.0016823006008677831,-0.004036832259257854,-0.004242514060732499,-0.0014698198215144433
3869254,Switzerland,29012,Center Back,49.13333333333334,-0.07154062676074152,-0.0006524701075516675,-0.009950525862318906,-0.009218415300966494,-0.0014698198215144433
3869254,Switzerland,30401,Fullback/Wingback,65.71666666666667,-0.07067646917451609,-0.027653395763112067,-0.010095835771759636,-0.009811148471401318,-0.0014698198215144433
3869321,Argentina,3090,Center Back,121.05,-0.006887741037644446,-0.03959923862505361,-0.052099082164658125,-0.04932545763443154,-0.03647384333586253
3869321,Argentina,5503,Forward,121.05,-0.006617317308804819,0.0028610054798473305,-0.0019355382209630865,-0.00151091052165388,-0.0057692489916982646
3869321,Argentina,5507,Fullback/Wingback,43.89999999999999,0.007487850019796973,-0.03317829254904276,-0.01730387774999877,-0.018457576033789357,-0.0239565075183477
3869321,Argentina,7161,Center Back,43.58333333333333,0.016281574110810954,-0.03676209987222894,-0.033757233494793266,-0.029362292970593902,-0.0057692489916982646
3869321,Argentina,7797,Central/Wide Midfield,65.78333333333333,0.020238053402863443,-0.010260132003777926,-0.012021079735423355,-0.01167856673550468,-0.0057692489916982646
3869321,Argentina,11456,Forward,40.133333333333326,0.010437051809969403,-0.01680996986983831,-0.04608620384233012,-0.03263340379216032,0.00600653942766758
3869321,Argentina,16308,Defensive Midfield,55.266666666666666,0.0009485992736050061,-0.024261462937075467,-0.016510884166878365,-0.01777478559574624,-0.011582262247076761
3869321,Argentina,19597,Fullback/Wingback,77.15,-0.004553952825344389,-0.04227040898253764,-0.025246879505831158,-0.024053074638751212,-0.011582262247076761
3869321,Argentina,20572,Center Back,77.46666666666667,-0.016626436900835307,-0.016939441196794663,-0.0195082273270502,-0.01597141659121134,-0.011582262247076761
3869321,Argentina,27768,Center Back,111.01666666666668,-0.004776434230041646,-0.03165321226430491,-0.03363429976037999,-0.02976172224439589,-0.0239565075183477
3869321,Argentina,27886,Central/Wide Midfield,121.05,-0.0027268720302908193,-0.011309274115543297,-0.020694452424048417,-0.019193871590714347,-0.017094690683746167
3869321,Argentina,29201,Fullback/Wingback,105.0,-0.012722090163844683,-0.022730803435342135,-0.022546828296077716,-0.02302489350164303,-0.017094690683746167
3869321,Argentina,29560,Forward,80.91666666666667,0.0001320680547949104,0.004831039652770741,-0.001692617156950015,-0.0009699413962414092,-0.0057692489916982646
3869321,Argentina,38718,Defensive Midfield,121.05,0.004920457639465374,0.0006358856791489941,-0.00726374415470629,-0.004654526332640668,-0.017094690683746167
3869321,Netherlands,2988,Forward,77.95,0.001263672999233346,0.0034680910912507582,0.0032282914623527276,0.002292747132568916,-0.003185780714341646
3869321,Netherlands,3306,Center Back,121.05,0.07435179728252644,0.04051502938028877,0.035134050595807195,0.03826607915239573,0.06028765551872162
3869321,Netherlands,3311,Fullback/Wingback,64.01666666666667,-0.0019495720467106862,0.061638219892815836,0.06903203911908135,0.06713977751580932,0.07600944137734467
3869321,Netherlands,3669,Center Back,121.05,0.07432467603145844,0.047059559821736575,0.03538506958492909,0.04005532116336206,0.00600653942766758
3869321,Netherlands,6994,Defensive Midfield,45.0,0.0018474103192354298,-0.018155642724436448,-0.023725802299363108,-0.019440473383661477,-0.017094690683746167
3869321,Netherlands,7745,Attacking Midfield/Wing,76.05,-0.005997573739891363,-0.015230536789303337,0.004220383821047991,0.0014802645323670378,-0.0057692489916982646
3869321,Netherlands,7829,Forward,43.099999999999994,0.025163441287903963,0.01104852628461697,0.005353970929395369,0.005640797421948824,-0.011582262247076761
3869321,Netherlands,7891,Defensive Midfield,76.05,-0.011066109450025991,-0.01681744774811522,-0.014137246483025029,-0.01270975900570797,-0.017094690683746167
3869321,Netherlands,8118,Defensive Midfield,121.05,0.002995885972102935,-0.007954716257819055,-0.023639541126132074,-0.01710194931927634,-0.017094690683746167
3869321,Netherlands,8125,Fullback/Wingback,121.05,-0.014352868628603492,-0.014531798850562733,-0.05976139129277731,-0.0533058922534221,-0.011582262247076761
3869321,Netherlands,8259,Forward,45.0,0.005407255005345426,0.012958301186768221,0.018366025124335765,0.013438199511870155,-0.0019249822385925975
3869321,Netherlands,20033,Forward,57.03333333333333,0.0033946504647081547,0.006790761574531362,0.006157434146737225,0.0047875812215947685,-0.003185780714341646
3869321,Netherlands,20750,Attacking Midfield/Wing,112.68333333333334,-0.0006963808184743605,-0.01444584212741646,-0.030142811793619273,-0.02544030338276334,-0.017094690683746167
3869321,Netherlands,21809,Center Back,121.05,0.11863428025125441,0.07610394050332252,0.0655211834107518,0.06826970497312428,0.07600944137734467
3869354,England,3205,Fullback/Wingback,100.48333333333332,-0.057225048442854094,-0.028277619141528862,-0.014686999446146924,-0.013446229407313225,-0.02143316785800416
3869354,England,3233,Attacking Midfield/Wing,21.63333333333334,0.00015015636260310808,-0.061417509551260456,-0.030650812538190728,-0.02846043998556366,-0.02143316785800416
3869354,England,3244,Center Back,97.06666666666666,0.19391812694928734,0.1735018612181949,0.20118563409747758,0.20155723452359223,0.28422745751935724
3869354,England,3336,Center Back,100.48333333333332,0.013859985402733501,-0.027411039163182053,-0.03396423534634318,-0.03586938295194357,-0.02143316785800416
3869354,England,3382,Fullback/Wingback,100.48333333333332,-0.022910821990305443,-0.008754220186620813,-0.01660639530416188,-0.018984284770004647,0.00758924025400865
3869354,England,3532,Central/Wide Midfield,78.8,0.029549882768791308,0.007738753621130361,0.005248914646128985,0.004826289535983634,0.009352170594178756
3869354,England,3943,Defensive Midfield,100.48333333333332,0.0009734998636787045,-0.015323223956906986,-0.026690498656420175,-0.028472817516701415,-0.018015251854952678
3869354,England,4354,Attacking Midfield/Wing,84.46666666666667,0.08974518387270862,0.061137516776567674,0.0703326886348198,0.07198227688502216,0.10892583033201936
3869354,England,7843,Central/Wide Midfield,21.683333333333337,0.00027769029982686964,-0.04022702342644991,-0.004865079417798464,-0.004106755094530483,-0.02143316785800416
3869354,England,10955,Forward,100.48333333333332,0.03626408884704205,0.004079491386443531,0.023408861078062036,0.026319648746992597,0.009352170594178756
3869354,England,22084,Attacking Midfield/Wing,78.85,-0.010946106016894596,-0.013639969514614542,0.0006019133355835322,0.0008655369059739696,-0.005926916392711484
3869354,England,30714,Central/Wide Midfield,100.48333333333332,0.00023915887634948265,-0.01248248585777295,-0.011403937645030383,-0.012308109999019,-0.02143316785800416
3869354,France,3009,Attacking Midfield/Wing,100.48333333333332,-0.0010621832456978921,-0.002959199977661339,-0.0017079322355282051,-0.0020353202345136682,-0.004101410556421679
3869354,France,3026,Defensive Midfield,100.48333333333332,0.0017811093589683111,0.00422095974706971,-0.014828823965452216,-0.015511831310458123,-0.02143316785800416
3869354,France,3604,Forward,100.48333333333332,0.010055693227944798,-0.006119237058572256,0.0059586268971596095,0.006254470508033477,-0.02143316785800416
3869354,France,4445,Fullback/Wingback,100.48333333333332,0.1272688980373603,0.1548849639349913,0.17485605470616103,0.17679152152218877,0.19208555362525814
3869354,France,5477,Attacking Midfield/Wing,78.61666666666666,-0.0037747005300939477,-0.02633668212345377,-0.01130895093204264,-0.011274940753099242,-0.010915974655651597
3869354,France,5485,Center Back,100.48333333333332,0.022137947074186645,0.013255121968131172,0.023978475889514843,0.024184765888133876,-0.004101410556421679
3869354,France,5487,Attacking Midfield/Wing,100.48333333333332,0.016988976399022106,6.200078391032006e-05,-0.005310442696895881,-0.006014076604520416,-0.010915974655651597
3869354,France,6704,Fullback/Wingback,100.48333333333332,0.030561647696518583,-0.03042678596658495,-0.06682125350869808,-0.06741544771723322,-0.02143316785800416
3869354,France,8217,Attacking Midfield/Wing,21.86666666666667,-0.0012665967254801408,-0.02061542536709529,-0.02192668525981783,-0.020824969658415286,-0.02143316785800416
3869354,France,8519,Center Back,100.48333333333332,0.04229054224101434,0.016552085748877197,0.014500828394892976,0.015827014961554236,-0.02143316785800416
3869354,France,10481,Defensive Midfield,100.48333333333332,-0.04484638703472324,-0.010830923631926923,-0.058686058861378516,-0.05992507835986322,-0.02143316785800416
3869420,Brazil,3063,Fullback/Wingback,122.05,0.08090128326000633,0.060023756593690664,0.0759919907313064,0.07004216307214046,0.04509916309241984
3869420,Brazil,3280,Forward,83.3,0.003689792187735978,-0.003421413955212292,-0.0042580638095611285,-0.008100578768718038,-0.0057692489916982646
3869420,Brazil,3295,Center Back,122.05,0.05370314999405915,-0.005987912100503638,-0.004544904504587013,-0.001639822985482735,0.00600653942766758
3869420,Brazil,4320,Attacking Midfield/Wing,122.05,-0.0003745410957481658,-0.014398107045901408,-0.008468886228759517,-0.010097670692861938,-0.0057692489916982646
3869420,Brazil,4372,Center Back,122.05,0.0218297224226104,-0.014302356891831049,-0.004329102577095936,-0.003390594574835617,-0.017094690683746167
3869420,Brazil,5539,Defensive Midfield,122.05,0.09397214904522011,0.05314446734173381,0.0581087834945545,0.05059479379169732,0.07600944137734467
3869420,Brazil,10595,Central/Wide Midfield,55.18333333333333,-0.00021679892518517116,-0.02247276842026516,-0.004683432602643223,-0.007407829762292343,-0.0057692489916982646
3869420,Brazil,13620,Fullback/Wingback,105.01666666666668,0.08151075428189791,0.03535976301301265,0.04233092169094219,0.038805090857978425,0.06028765551872162
3869420,Brazil,18395,Central/Wide Midfield,63.7,0.0015905269706770239,-0.007846991178288458,0.005049378803467759,0.0015587435933245343,-0.0057692489916982646
3869420,Brazil,22600,Defensive Midfield,105.0,0.0030187347611122213,-0.012890606581532519,-0.010286552550841491,-0.013652953757781505,-0.0057692489916982646
3869420,Brazil,25104,Central/Wide Midfield,58.349999999999994,-0.012674258228482517,-0.018396922297552014,0.003047624665981629,-0.005151358304698869,-0.0057692489916982646
3869420,Brazil,25305,Forward,38.75,-9.146506140561964e-05,-0.0072453248437519754,0.006676468800134217,0.0014476991973550776,-0.0057692489916982646
3869420,Brazil,25363,Central/Wide Midfield,66.86666666666667,0.002010527722355302,-0.022324644136505385,-0.011960833501154162,-0.011871965223647434,-0.00042906041158938284
3869420,Croatia,3441,Attacking Midfield/Wing,50.21666666666667,-6.456815121371461e-05,-0.013506329477703898,-0.004680120154566077,-0.005008619723737439,-0.003185780714341646
3869420,Croatia,3471,Center Back,122.05,0.10004013818536844,0.09551491981375414,0.09753313096733472,0.09367401240589808,0.07979592302065784
3869420,Croatia,5456,Central/Wide Midfield,105.0,0.0228715967386961,0.027360892553452996,0.01259111025500137,0.01761400225799782,-0.017094690683746167
3869420,Croatia,5460,Forward,71.9,0.0021168365872100644,-0.007462963858831374,-0.0002907627098474308,-0.00017146613593850297,-0.0057692489916982646
3869420,Croatia,5463,Central/Wide Midfield,122.05,-0.015104937103941389,0.036287175181556774,0.024943154792976912,0.029116816761508922,0.00600653942766758
3869420,Croatia,5469,Defensive Midfield,113.1,0.04665238258894533,0.08707187790330899,0.07430256742583728,0.07805522389716288,0.04509916309241984
3869420,Croatia,5474,Attacking Midfield/Wing,122.05,0.03423289685641699,0.002633114024020916,0.004707278580763998,0.005964461545576104,-0.0057692489916982646
3869420,Croatia,7693,Forward,50.14999999999999,0.014544679054423519,-0.014373312721206975,-0.02205970380108618,-0.018616576627776202,-0.017094690683746167
3869420,Croatia,11603,Attacking Midfield/Wing,71.83333333333333,-0.006353259010685851,-0.018168996054414518,-0.005224875216202828,-0.006210899985368784,-0.011582262247076761
3869420,Croatia,12625,Fullback/Wingback,109.41666666666669,-0.024450485108663208,-0.01815386426804761,-0.014303889814360808,-0.01154525789222662,-0.0057692489916982646
3869420,Croatia,29163,Fullback/Wingback,122.05,0.13000671841639458,0.07089829975974214,0.08475456699441693,0.08094687529812959,0.06028765551872162
3869420,Croatia,33018,Center Back,122.05,-0.12256732221905385,0.04507697637225582,0.02698027685157513,0.03143750642123803,0.00600653942766758
3869486,Morocco,3625,Central/Wide Midfield,80.86666666666666,-0.002111682614840164,-0.022666628666954448,-0.02215669420107561,-0.02255283109433044,-0.014027881087310219
3869486,Morocco,5219,Center Back,56.95,0.0005055473265783476,-0.03615714307956417,-0.03073608191402757,-0.03129694161018928,-0.014027881087310219
3869486,Morocco,5234,Defensive Midfield,98.03333333333332,-0.007898420619050477,-0.03227939262078613,-0.0359333880360124,-0.0368079776153978,-0.01770850537033458
3869486,Morocco,5237,Central/Wide Midfield,80.58333333333333,-0.005439001504963197,-0.020966213076430425,-0.03321761498592611,-0.03265638048117605,-0.01621651390291
3869486,Morocco,5245,Fullback/Wingback,98.03333333333332,-0.01017820912173127,0.012751792419537857,0.004611719711142947,0.004670659524704738,-0.01621651390291
3869486,Morocco,6301,Forward,64.0,-0.008089238310260026,-0.015049438209057396,-0.016204374832423433,-0.01709597743655038,-0.014027881087310219
3869486,Morocco,7459,Center Back,98.03333333333332,0.013841276505683037,-0.0272402205356437,-0.050873617283795816,-0.05174527939083485,-0.01770850537033458
3869486,Morocco,23774,Central/Wide Midfield,63.766666666666666,-0.004969536458448347,-0.011362780583509773,-0.021774165830429928,-0.0220999141005275,-0.014027881087310219
3869486,Morocco,31295,Fullback/Wingback,98.03333333333332,-0.021181542848222174,-0.03999658911944217,-0.02992481352839153,-0.030240666019458476,-0.01770850537033458
3869486,Morocco,46258,Central/Wide Midfield,98.03333333333332,-0.014441285315410208,-0.017832601497830534,-0.022589559379825583,-0.02321843172643291,-0.01621651390291
3869486,Morocco,67700,Center Back,34.03333333333333,-5.598775969046327e-05,-0.051089450787487445,-0.038753036425993884,-0.037698444589182645,-0.01621651390291
3869486,Morocco,139016,Center Back,41.08333333333333,-0.007223946289872532,-0.02913903118542475,-0.010292660592650701,-0.010235002729305595,-0.01621651390291
3869486,Morocco,296254,Forward,34.266666666666666,-0.001565237949877088,-0.0048189520773056545,-0.0069738883517654025,-0.007250108388153805,-0.00979824499551997
3869486,Portugal,3193,Defensive Midfield,98.03333333333332,0.0003586361036958316,-0.0036707583527101724,0.0002709528827310633,0.0001737643708506021,-0.0017150570850485414
3869486,Portugal,5204,Attacking Midfield/Wing,98.03333333333332,0.020085802086843893,0.03348429223489371,0.022825238861538786,0.023117702763114707,0.046207223256968584
3869486,Portugal,5206,Center Back,98.03333333333332,-0.1620496227517903,-0.03625408773569325,-0.018307336486587267,-0.019433438243592113,-0.01621651390291
3869486,Portugal,5207,Forward,47.25,0.0005210722939899334,-0.006910077578538178,0.009776750880427612,0.01079852914276389,-0.0017150570850485414
3869486,Portugal,5209,Fullback/Wingback,50.71666666666667,-0.001967660545443113,-0.028727550281177145,-0.0046930011638165086,-0.0035305010639356143,-0.00979824499551997
3869486,Portugal,7005,Fullback/Wingback,47.31666666666666,0.0005210721148894384,-0.014660643193033786,-0.009793225916695032,-0.007918069826442931,-0.0017150570850485414
3869486,Portugal,9927,Defensive Midfield,50.78333333333333,-0.0007797535979009878,-0.02217397721718092,-0.015753319317148056,-0.014941573018991752,-0.0031587944602985037
3869486,Portugal,11184,Central/Wide Midfield,68.48333333333333,0.00027877975998517987,-0.004950134788586926,-0.003943113845076898,-0.004215145394272178,-0.00979824499551997
3869486,Portugal,12041,Attacking Midfield/Wing,98.03333333333332,-9.624521436098103e-05,0.010040312211962303,0.00906877127097888,0.009338550099095464,-0.0031587944602985037
3869486,Portugal,16028,Fullback/Wingback,78.66666666666667,0.037629318316108905,-0.016661258152393183,-0.0205347752063618,-0.023682000460664415,-0.0012690343381247162
3869486,Portugal,18360,Attacking Midfield/Wing,29.683333333333337,0.0,-0.0007583730433421309,0.01535923056654267,0.016434304602599044,-0.0017150570850485414
3869486,Portugal,20016,Center Back,98.03333333333332,-0.000292094471380831,-0.012056508425261387,0.007295991610794275,0.006527236564031803,-0.00979824499551997
3869486,Portugal,38803,Forward,68.35,0.0021629853850194756,0.02150978427957427,0.01725170545212483,0.016146921558419312,-0.0031587944602985037
3869519,Argentina,3090,Center Back,95.03333333333332,0.05772810572934859,0.025910711711353167,0.02445815503748444,0.02565065984101821,-0.015518942498922295
3869519,Argentina,5503,Forward,95.03333333333332,-0.0031336629235538768,-0.00013898665571214963,-0.00282918624307077,-0.0029183040447660143,-0.011448885193296187
3869519,Argentina,5507,Fullback/Wingback,95.03333333333332,-0.02294379187483023,-0.03331569172633958,-0.03989138859961337,-0.04023614420639611,-0.03161538478950213
3869519,Argentina,5743,Forward,21.25,-2.1216804340768318e-05,0.004174232678646406,0.008582428983869269,0.008405220705128258,-0.0014698198215144433
3869519,Argentina,7797,Central/Wide Midfield,73.63333333333334,-0.008860744504260595,-0.008498435619024705,-0.006835016868718037,-0.0069686879787589995,-0.0014698198215144433
3869519,Argentina,16308,Defensive Midfield,61.46666666666667,0.03482581004801022,0.019398558288418834,0.019390483896444467,0.019860815243179872,-0.013256257810289147
3869519,Argentina,20572,Center Back,95.03333333333332,0.06172661647164764,0.07995454345679366,0.06892921388422961,0.07152823944086399,0.07462514590616294
3869519,Argentina,27768,Center Back,33.56666666666666,-0.0010571438706592545,-0.04888298250915156,-0.01860097064795014,-0.017948355951160747,-0.015518942498922295
3869519,Argentina,27886,Central/Wide Midfield,85.6,-0.0372021699389494,-0.0075460552336683116,-0.008687492724445918,-0.009505693794471496,-0.013256257810289147
3869519,Argentina,28268,Central/Wide Midfield,21.39999999999999,-0.0017277373334873918,-0.007767872397857438,-0.007912810288748098,-0.006963295047345348,-0.011448885193296187
3869519,Argentina,29201,Fullback/Wingback,85.95,-0.011070326661785737,-0.029546455180006953,-0.016949315032236168,-0.01674513261705815,-0.013256257810289147
3869519,Argentina,29560,Forward,73.78333333333333,0.006197017972846259,0.00604339887429443,-0.014617164813231429,-0.01413419104826057,-0.013256257810289147
3869519,Argentina,38718,Defensive Midfield,95.03333333333332,0.04521238691637876,0.02074266947455505,0.01931397824360302,0.019445206462956516,-0.013256257810289147
3869519,Croatia,3441,Attacking Midfield/Wing,50.03333333333333,-0.0024033796152862423,-0.010156257320159363,0.007268780129516662,0.007654677848552932,-0.0014698198215144433
3869519,Croatia,3471,Center Back,95.03333333333332,-0.02689748167080784,-0.0340531851871942,-0.019450334159589286,-0.01993814913454747,-0.014228010877989583
3869519,Croatia,5456,Central/Wide Midfield,95.03333333333332,-0.21550082725537992,-0.01584350803737348,-0.018508089065289383,-0.019759378838913832,-0.015518942498922295
3869519,Croatia,5460,Forward,71.78333333333333,0.0011046736799871324,0.02367977228016779,0.010675001612967423,0.010374772615181818,-0.0014698198215144433
3869519,Croatia,5463,Central/Wide Midfield,80.66666666666667,0.025624465862555162,0.0070780058530816314,0.012428521750157458,0.012943443147110994,-0.0014698198215144433
3869519,Croatia,5469,Defensive Midfield,49.71666666666667,-0.0018342527315266186,-0.03500270227744075,-0.023965639350502985,-0.02284719173155535,-0.015518942498922295
3869519,Croatia,5474,Fullback/Wingback,95.03333333333332,-0.0001372426705419567,-0.016434387473779954,-0.008600030804090743,-0.008379073697532866,-0.013256257810289147
3869519,Croatia,7693,Forward,45.31666666666666,0.0005001770230112495,-0.011475146151117385,0.0070167014579685895,0.00811179015480032,-0.0014698198215144433
3869519,Croatia,11603,Attacking Midfield/Wing,45.0,0.0015811874978321062,-0.030045364968134713,-0.01977810494839014,-0.019106831920740894,-0.013256257810289147
3869519,Croatia,12625,Fullback/Wingback,45.0,-0.01068287814492718,-0.03355007659161105,-0.09270945867443904,-0.09260782891651942,-0.07146042601162036
3869519,Croatia,16527,Attacking Midfield/Wing,50.03333333333333,-0.0010332773864310193,-0.002635095473440442,-0.0030292068300401664,-0.0029232920234309166,-0.0014698198215144433
3869519,Croatia,22041,Attacking Midfield/Wing,23.25,-0.0011614633846905205,-0.03530489197532483,-0.027262893387904878,-0.026982253218660664,-0.013256257810289147
3869519,Croatia,29163,Fullback/Wingback,95.03333333333332,-0.0002771819708868861,-0.04698842074142283,-0.027409851957647426,-0.027056682468072236,-0.015518942498922295
3869519,Croatia,33018,Center Back,95.03333333333332,-0.04824519965440741,0.0038095626585821904,-0.005354510385531993,-0.0018650407760372944,-0.07146042601162036
3869552,France,2972,Attacking Midfield/Wing,31.21666666666667,0.00980880121412491,-0.01765581551449762,-0.00532133017652034,-0.00474458221476469,-0.005313788373614938
3869552,France,3009,Attacking Midfield/Wing,95.96666666666668,0.010172756025751465,0.0016327152970815404,-0.00878459250991833,-0.010170459284605205,-0.014027881087310219
3869552,France,3604,Forward,64.75,-0.0266934545116352,-0.005997784060253019,-0.0023250717666020875,-0.0030944008006466785,-0.005712158939792467
3869552,France,4445,Fullback/Wingback,95.96666666666668,-0.014346593793322282,0.0032137824318239977,-0.0020247312772446943,-0.0016973772494254813,-0.01621651390291
3869552,France,5477,Attacking Midfield/Wing,78.11666666666666,-0.004103362191113104,-0.01164292559153552,-0.03160736063059766,-0.03319966716419047,-0.01621651390291
3869552,France,5485,Center Back,95.96666666666668,0.012548791097575113,-0.0020916639736424355,-0.06483902740668898,-0.07231555262251456,-0.04300176819154676
3869552,France,5487,Attacking Midfield/Wing,95.96666666666668,-0.009841513077078975,-0.01776851286655098,-0.04007676865609008,-0.041533693134983236,-0.01770850537033458
3869552,France,6704,Fullback/Wingback,95.96666666666668,-0.004568828827407407,-0.00841575927225863,-0.02847213387743359,-0.029267271509373808,-0.04300176819154676
3869552,France,10481,Defensive Midfield,95.96666666666668,-0.012977985438498619,-0.000704648199194991,-0.012226774520420081,-0.012433905555986481,-0.005485187218782929
3869552,France,11135,Center Back,95.96666666666668,0.09148721705730024,0.02674420132698604,0.00755112643354438,0.007858420342152091,0.046207223256968584
3869552,France,11990,Defensive Midfield,95.96666666666668,-0.007448486652911494,7.0848375279448125e-06,-0.031088444952698833,-0.032445623943186765,-0.01770850537033458
3869552,Morocco,3625,Attacking Midfield/Wing,66.08333333333333,-0.0035754088509145758,0.00014292639620856323,-0.00725742577471647,-0.007298156008336692,-0.005834519646347918
3869552,Morocco,5219,Center Back,20.6,0.0005549451575653864,-0.025614388050662313,0.003684783858138809,0.003956258965712448,-0.00979824499551997
3869552,Morocco,5234,Defensive Midfield,95.96666666666668,0.12928242290976236,0.08909535751330566,0.08782721632548611,0.09019516052062562,0.06689308915787036
3869552,Morocco,5237,Attacking Midfield/Wing,95.96666666666668,-0.0056558194763722345,-0.006526135892568926,-0.006658146488227821,-0.007558649268631238,-0.010371105966050701
3869552,Morocco,5245,Fullback/Wingback,95.96666666666668,0.28629259732683043,0.25936956298609526,0.26244329123637317,0.27201381284745374,0.21277725642601023
3869552,Morocco,6301,Forward,65.71666666666667,0.0,0.004619281142218942,0.009372281539822672,0.009086297312555528,-0.0017150570850485414
3869552,Morocco,7459,Center Back,95.96666666666668,0.1597831850054897,0.10969880342287963,0.11359435443219795,0.1135490371126054,0.15816935833123075
3869552,Morocco,15890,Fullback/Wingback,45.0,-0.0035754088509145758,-0.03696587639605915,-0.005851693403916728,-0.00459948024464949,-0.00979824499551997
3869552,Morocco,21736,Forward,29.88333333333334,-0.005198530295312824,-0.006769633374298278,0.00019524710608640432,0.0011927956404005921,-0.0017150570850485414
3869552,Morocco,23774,Central/Wide Midfield,56.916666666666664,-0.005558163499866258,-0.00733783585593594,-0.009805913009307351,-0.010403807083363527,-0.01621651390291
3869552,Morocco,31295,Fullback/Wingback,50.96666666666667,-0.00045728918105941,-0.024971510392953367,-0.004993657466995565,-0.0043802598007209445,-0.010371105966050701
3869552,Morocco,46258,Defensive Midfield,95.96666666666668,0.011304722652888633,-0.008390037449391069,-0.009110600825948474,-0.009911443553968235,-0.005834519646347918
3869552,Morocco,59493,Forward,30.25,0.0,0.006340050419043929,0.007913800835801104,0.007333131130133473,-0.0017150570850485414
3869552,Morocco,139016,Center Back,95.96666666666668,0.11082957056023075,0.0956756289028513,0.06514316044920075,0.0655542981871642,0.046207223256968584
3869684,Croatia,3441,Attacking Midfield/Wing,35.083333333333336,-0.0007139017735875543,-0.019389095593963054,0.001669345100033508,0.0025943050205698083,-0.00979824499551997
3869684,Croatia,5456,Defensive Midfield,96.15,-0.02025861026125093,-0.01456936407079665,-0.0064367899886125296,-0.006391013752036132,-0.014027881087310219
3869684,Croatia,5460,Attacking Midfield/Wing,61.06666666666667,0.0013757524168889585,-0.01856394917155078,-0.0028067894558003836,-0.002118914124416103,-0.00979824499551997
3869684,Croatia,5463,Defensive Midfield,96.15,-0.020381525973789394,-0.02030593027058699,-0.013929158905942117,-0.013809265874516266,-0.014027881087310219
3869684,Croatia,5474,Fullback/Wingback,96.15,0.0729450393647448,-0.021238957078312855,-0.013575601994146909,-0.013898685180713313,-0.0012690343381247162
3869684,Croatia,7693,Forward,29.183333333333337,0.01267357918382997,0.009559089607791796,0.00048611491431986385,0.0010861982150346871,-0.0017150570850485414
3869684,Croatia,11603,Attacking Midfield/Wing,29.233333333333334,0.003296094504987885,-0.014314581101016603,-0.011373568966513557,-0.01050406584881395,-0.0031587944602985037
3869684,Croatia,16527,Attacking Midfield/Wing,94.86666666666666,0.01105943565248865,0.010010412451568928,0.004990389522633583,0.005759322566341669,-0.005834519646347918
3869684,Croatia,22041,Forward,66.96666666666667,0.005893974752973594,0.009353658755914877,0.00394848099538744,0.0037194152491033436,-0.0017150570850485414
3869684,Croatia,28914,Attacking Midfield/Wing,66.91666666666667,-0.08428837614262412,-0.010416158970285855,-0.009715535600420067,-0.009229361729686978,-0.005834519646347918
3869684,Croatia,33018,Center Back,96.15,0.0026593168283512965,-0.03488728294488319,-0.028419565038241536,-0.028073596776011348,-0.01621651390291
3869684,Croatia,37148,Center Back,96.15,0.006979633853289074,0.012354070115785798,0.0008609358710702807,-0.0023564685259287016,0.06689308915787036
3869684,Croatia,49337,Fullback/Wingback,96.15,0.021460553063829053,-0.0011998491381924284,0.006636661085363636,0.007233765417817004,-0.0012690343381247162
3869684,Morocco,3625,Attacking Midfield/Wing,63.28333333333333,0.004014061757034677,0.06430364138898567,0.07449070085496486,0.07686352927985236,0.06689308915787036
3869684,Morocco,3634,Central/Wide Midfield,45.0,-0.01922404220642741,-0.01480282114057138,-0.004079787192902319,-0.0036318807298883864,-0.00979824499551997
3869684,Morocco,5234,Defensive Midfield,96.15,-0.008820043483009452,-0.03080725494755092,-0.008917113119823026,-0.008450610114552849,-0.014027881087310219
3869684,Morocco,5237,Attacking Midfield/Wing,96.15,0.15676453526419423,0.114111703042227,0.11478651558218411,0.11776281475389354,0.06689308915787036
3869684,Morocco,5245,Fullback/Wingback,96.15,0.04871232690193745,0.0636403850404084,0.06531635790260877,0.06732758021124621,0.09355808624531801
3869684,Morocco,6301,Forward,96.15,0.025459532180855816,0.007082444537710268,0.01695074553418938,0.017056150886789592,-0.0012690343381247162
3869684,Morocco,7459,Center Back,66.8,0.004975932259934352,0.012254643890207546,-0.0008050806398433867,-0.0008310372727171561,-0.0012690343381247162
3869684,Morocco,21214,Central/Wide Midfield,51.150000000000006,-0.007863740131998545,-0.0014912480439075355,0.005170360353389298,0.005507004015293296,-0.0017150570850485414
3869684,Morocco,23774,Central/Wide Midfield,29.35000000000001,0.004591271366841872,-0.02204286643458767,-0.012998641244828522,-0.012603289510227258,-0.0031587944602985037
3869684,Morocco,31295,Fullback/Wingback,96.15,0.004747227923122837,-0.02198605687619757,-0.021951414432819078,-0.021765432582228912,-0.014027881087310219
3869684,Morocco,46258,Defensive Midfield,41.116666666666674,0.0039017354891471125,-0.02099314763377562,0.0006434750872560901,0.0012998177334519023,-0.00979824499551997
3869684,Morocco,67700,Center Back,32.75000000000001,0.09916613998083289,0.08527910745235821,0.11433062798322585,0.11460022041510924,0.15816935833123075
3869684,Morocco,131037,Attacking Midfield/Wing,32.866666666666674,-0.00028168815119630276,0.007833808531499937,0.003806114931370352,0.004216750608082722,-0.0017150570850485414
3869684,Morocco,139016,Center Back,63.4,0.07385865720125902,0.004625488635759795,0.02149845824711136,0.021397636019293228,-0.00979824499551997
3869684,Morocco,156734,Central/Wide Midfield,55.03333333333333,0.19653592916095958,0.13607344207356256,0.14157927490268477,0.14304627872703543,0.15816935833123075
3869685,Argentina,2995,Attacking Midfield/Wing,63.85,0.006274546100933077,-0.011783387825568665,-0.013200880688647752,-0.016584050286662985,0.008297171629744743
3869685,Argentina,3090,Center Back,124.11666666666666,-0.022980144389211796,-0.04519916300642407,-0.08226889945880256,-0.0838915890028785,-0.015518942498922295
3869685,Argentina,5503,Attacking Midfield/Wing,124.11666666666666,0.029706505137754788,0.007600308413139642,0.003943892405615994,0.003141777994339463,-0.0014698198215144433
3869685,Argentina,5507,Fullback/Wingback,120.76666666666668,0.016973476858697552,-0.02361124057211751,-0.014765715417351971,-0.015806459989078127,-0.0014698198215144433
3869685,Argentina,7797,Central/Wide Midfield,101.61666666666666,-0.02858651455323723,-0.027726717692107664,-0.014722279390326921,-0.014876507543071831,-0.013256257810289147
3869685,Argentina,11456,Forward,22.299999999999997,0.0,-0.0050412858127629545,-0.0018611447460175862,0.0022472759619651343,-0.004341420846019306
3869685,Argentina,16308,Defensive Midfield,22.5,0.02519349673503828,-0.002018824794675146,0.005173577281959574,0.0006303240987024269,0.008297171629744743
3869685,Argentina,19597,Attacking Midfield/Wing,60.26666666666666,0.005635652425033706,-0.004604392216233313,-0.00034122160231128955,0.0005949534390904081,-0.0014698198215144433
3869685,Argentina,20572,Center Back,124.11666666666666,0.07252828625058826,0.007790122688776906,0.028040758823708763,0.0308087245317538,0.008297171629744743
3869685,Argentina,27886,Central/Wide Midfield,115.36666666666666,-0.019045648536175713,-0.019793908663350963,-0.00795379129909021,-0.008656770006246005,-0.011448885193296187
3869685,Argentina,28263,Fullback/Wingback,34.11666666666666,-0.03193563736162912,-0.0001390352197536361,-0.07172278466316331,-0.07671207505387223,-0.015518942498922295
3869685,Argentina,29201,Fullback/Wingback,90.0,0.029666523564662924,-0.020376116738920945,0.008753017945594804,0.008524351866796263,-0.0014698198215144433
3869685,Argentina,29560,Forward,101.81666666666666,0.011960412043013744,-0.0017149751967133248,-0.004847082230634851,-0.005559588396931885,-0.0014698198215144433
3869685,Argentina,38718,Defensive Midfield,124.11666666666666,0.02634129307540904,0.037695360720256234,0.03514982135492604,0.03536152131238452,0.05596098107391782
3869685,France,2972,Central/Wide Midfield,83.1,0.0019668189363669505,-0.009719466289268994,-0.005647750344483084,-0.006290576577801378,-0.0014698198215144433
3869685,France,3009,Forward,124.11666666666666,-0.004243314527881752,0.0038195354782449703,0.0017243648761301029,0.0018976013937455362,-0.0014698198215144433
3869685,France,3026,Defensive Midfield,95.16666666666669,-0.024684250974961745,-0.0009978771933543378,-0.014403328296168142,-0.014871426991183571,-0.015518942498922295
3869685,France,3604,Forward,41.016666666666666,-0.01766827226352705,0.01427523489854333,0.02662782569076893,0.025176952993245474,0.008297171629744743
3869685,France,4445,Fullback/Wingback,120.58333333333331,0.01671870385370819,-0.009917260681812473,-0.009924843870943178,-0.011127407464605872,-0.015518942498922295
3869685,France,5477,Attacking Midfield/Wing,40.53333333333333,-0.021007728136548425,-0.004564883572132588,-0.06147310148549907,-0.06289714047111944,0.008297171629744743
3869685,France,5485,Center Back,112.46666666666668,0.0008295371044690894,-0.01497902316282595,-0.018321777327979235,-0.018197556653975905,-0.015518942498922295
3869685,France,5487,Attacking Midfield/Wing,70.48333333333333,0.007168206992039902,-0.015615504253236502,-0.0027468940712419327,-0.0026550932117183194,-0.0014698198215144433
3869685,France,6704,Fullback/Wingback,70.45,-0.02043210397540402,-0.054430057025891175,-0.01748106294136987,-0.01785550624784142,-0.03161538478950213
3869685,France,8217,Central/Wide Midfield,53.633333333333326,-0.00571168514083972,-0.028865743309228836,-0.013622811472892722,-0.01401997556875739,-0.013256257810289147
3869685,France,8519,Center Back,124.11666666666666,0.07323042424684144,0.08165465740825541,0.06605915888607172,0.06604847421825809,0.008297171629744743
3869685,France,10481,Defensive Midfield,124.11666666666666,0.028002397074833908,0.00931808731382791,0.0011520740383203381,0.0009870618098462682,-0.0014698198215144433
3869685,France,11990,Defensive Midfield,28.94999999999999,0.0,0.0018037856600851487,-0.0002495471333769792,0.0002408423863868315,-0.0014698198215144433
3869685,France,22097,Attacking Midfield/Wing,83.58333333333333,-0.008448630322051127,-0.0022698249369615016,-0.011506218933148571,-0.013203546739447498,-0.013256257810289147
3869685,France,24778,Fullback/Wingback,53.66666666666666,-0.013411421415321858,-0.03148786880494198,-0.018295177319568035,-0.018579069047201694,-0.013256257810289147
