player_id,player_name_before,team_before,position_group,functional_role_before,final_player_rating,global_rank,position_rank,role_rank,team_rank,goalkeeper_rank,minutes,player_name_after,team_after,position_group_360,functional_role_after,final_player_rating_v2,global_rank_v2,position_rank_v2,role_rank_v2,team_rank_v2,gk_rating_v2,gk_rank_v2,minutes_played,_merge
2941,Ismaïla Sarr,Senegal,Attacking Midfield/Wing,Progressive Winger,0.607043691445582,12.0,7,9,1,,365.2,Ismaïla Sarr,Senegal,AM,Progressive Winger,0.6180016419782259,57.0,24.0,21.0,1.0,,,365.2,both
2954,Youri Tielemans,Belgium,Defensive Midfield,Holding Anchor,0.4229572739626819,468.0,66,50,13,,102.93333333333334,Youri Tielemans,Belgium,DM,Holding Anchor,0.3509922191910188,312.0,41.0,24.0,7.0,,,102.93333333333334,both
2972,Marcus Thuram,France,Central/Wide Midfield,Box-to-Box / Engine Midfielder,0.5052844476330444,199.0,10,3,11,,181.5833333333333,Marcus Thuram,France,CM,Box-to-Box / Engine Midfielder,0.4675533926232028,163.0,18.0,9.0,12.0,,,181.5833333333333,both
2988,Memphis Depay,Netherlands,Forward,Target Forward,0.5245114819711764,136.0,15,12,5,,315.58333333333337,Memphis Depay,Netherlands,FW,Target Forward,0.7234496476712097,18.0,8.0,4.0,1.0,,,315.58333333333337,both
2989,Alexander Djiku,Ghana,Center Back,Sweeper CB,0.402145138762625,514.0,84,66,14,,110.5,Alexander Djiku,Ghana,CB,Sweeper CB,0.1832407467212828,526.0,99.0,72.0,16.0,,,110.5,both
2995,Ángel Fabián Di María Hernández,Argentina,Central/Wide Midfield,Progressive Winger,0.6357339467342342,6.0,1,5,2,,304.81666666666666,Ángel Fabián Di María Hernández,Argentina,AM,Progressive Winger,0.7554158967629158,12.0,6.0,6.0,2.0,,,304.81666666666666,both
3009,Kylian Mbappé Lottin,France,Forward,Progressive Winger,0.6558014063071751,3.0,1,2,1,,654.3000000000001,Kylian Mbappé Lottin,France,FW,Progressive Winger,0.9389170170453992,2.0,1.0,2.0,1.0,,,654.3000000000001,both
3026,Adrien Rabiot,France,Defensive Midfield,Holding Anchor,0.5223640113797562,146.0,3,4,7,,529.25,Adrien Rabiot,France,DM,Holding Anchor,0.5810485164384052,74.0,6.0,5.0,8.0,,,529.25,both
3034,Kamil Glik,Poland,Center Back,Sweeper CB,0.4414224637620063,400.0,36,24,11,,389.75,Kamil Glik,Poland,CB,Sweeper CB,0.2328683204528107,481.0,83.0,60.0,10.0,,,389.75,both
3043,Christian Dannemann Eriksen,Denmark,Central/Wide Midfield,Progressive Winger,0.4986999532291675,218.0,15,59,10,,290.8,Christian Dannemann Eriksen,Denmark,CM,Progressive Winger,0.6216839909243582,54.0,5.0,19.0,1.0,,,290.8,both
3053,Leroy Sané,Germany,Attacking Midfield/Wing,Progressive Winger,0.5759124774782247,30.0,15,17,4,,126.81666666666663,Leroy Sané,Germany,AM,Progressive Winger,0.5846019535956654,73.0,28.0,24.0,8.0,,,126.81666666666663,both
3063,Danilo Luiz da Silva,Brazil,Fullback/Wingback,Sweeper CB,0.5023084150203483,207.0,73,3,15,,290.9166666666667,Danilo Luiz da Silva,Brazil,FB,Attacking Wingback,0.2822529328925005,415.0,66.0,49.0,22.0,,,290.9166666666667,both
3067,Ederson Santana de Moraes,Brazil,Goalkeeper,Goalkeeper,0.514102258765756,,22,22,12,22.0,100.1,Ederson Santana de Moraes,Brazil,GK,Goalkeeper,,,,,,,,100.1,both
3077,Jan Vertonghen,Belgium,Center Back,Sweeper CB,0.4137033299319341,488.0,68,54,14,,284.26666666666665,Jan Vertonghen,Belgium,CB,Sweeper CB,0.2747715391017816,428.0,72.0,51.0,14.0,,,284.26666666666665,both
3083,Heung-Min Son,South Korea,Attacking Midfield/Wing,Target Forward,0.5729253689121308,35.0,17,1,1,,389.65,Heung-Min Son,South Korea,AM,Target Forward,0.4498823456290418,179.0,53.0,23.0,4.0,,,389.65,both
3086,Ben Davies,Wales,Center Back,Wide Creator,0.4472443134857112,384.0,29,29,11,,261.3333333333333,Ben Davies,Wales,CB,Ball-Playing Centre-Back,0.3537319060218123,304.0,41.0,15.0,6.0,,,261.3333333333333,both
3089,Kevin De Bruyne,Belgium,Attacking Midfield/Wing,Progressive Winger,0.5610094717432955,50.0,28,26,3,,284.26666666666665,Kevin De Bruyne,Belgium,AM,Progressive Winger,0.6318851971552664,48.0,21.0,17.0,1.0,,,284.26666666666665,both
3090,Nicolás Hernán Otamendi,Argentina,Center Back,Sweeper CB,0.4198000736713221,473.0,59,45,17,,733.9,Nicolás Hernán Otamendi,Argentina,CB,Sweeper CB,0.4108143687799845,227.0,26.0,15.0,12.0,,,733.9,both
3099,Hugo Lloris,France,Goalkeeper,Goalkeeper,0.4574744302000043,,35,35,16,35.0,614.2,Hugo Lloris,France,GK,Goalkeeper,,,,,,0.193556575482166,22.0,614.2,both
3135,Chang-Hoon Kwon,South Korea,Attacking Midfield/Wing,Ball-Winner,0.539864933649544,89.0,48,8,3,,56.31666666666667,Chang-Hoon Kwon,South Korea,AM,Ball-Winner,0.3910799665511276,252.0,71.0,15.0,9.0,,,56.31666666666667,both
3141,André-Frank Zambo Anguissa,Cameroon,Defensive Midfield,Box-to-Box / Engine Midfielder,0.4515549793400772,374.0,24,9,11,,276.65,André-Frank Zambo Anguissa,Cameroon,DM,Box-to-Box / Engine Midfielder,0.4139305730245947,220.0,25.0,12.0,5.0,,,276.65,both
3167,Antonio Rüdiger,Germany,Center Back,Ball-Playing Centre-Back,0.4463933384838162,388.0,31,11,15,,294.0,Antonio Rüdiger,Germany,CB,Ball-Playing Centre-Back,0.3772593546392003,267.0,32.0,12.0,12.0,,,294.0,both
3176,Thomas Meunier,Belgium,Fullback/Wingback,Attacking Wingback,0.5075859392252852,193.0,67,48,9,,217.36666666666667,Thomas Meunier,Belgium,FB,Attacking Wingback,0.3534376144446943,306.0,51.0,40.0,6.0,,,217.36666666666667,both
3193,Bernardo Mota Veiga de Carvalho e Silva,Portugal,Central/Wide Midfield,Ball-Winner,0.4868443513498499,260.0,24,41,12,,382.1,Bernardo Mota Veiga de Carvalho e Silva,Portugal,CM,Ball-Winner,0.5894128724862812,71.0,7.0,4.0,5.0,,,382.1,both
3196,Wahbi Khazri,Tunisia,Forward,Progressive Winger,0.5277142456131009,129.0,14,45,6,,88.56666666666666,Wahbi Khazri,Tunisia,FW,Progressive Winger,0.5244224984762049,108.0,27.0,32.0,2.0,,,88.56666666666666,both
3202,Gabriel Fernando de Jesus,Brazil,Forward,Ball-Winner,0.4989919495999299,217.0,32,32,16,,105.61666666666667,Gabriel Fernando de Jesus,Brazil,FW,Pressing Forward,0.4727241961496181,159.0,41.0,6.0,14.0,,,105.61666666666667,both
3205,Kyle Walker,England,Fullback/Wingback,Deep Playmaker,0.5039424617538041,203.0,72,11,10,,251.51666666666665,Kyle Walker,England,FB,Deep Playmaker,0.2561609289064913,447.0,76.0,20.0,18.0,,,251.51666666666665,both
3233,Raheem Sterling,England,Attacking Midfield/Wing,Ball-Winner,0.5312666702582346,120.0,65,19,9,,159.93333333333334,Raheem Sterling,England,AM,Ball-Winner,0.3328207044533376,336.0,90.0,26.0,15.0,,,159.93333333333334,both
3240,Mathew Ryan,Australia,Goalkeeper,Goalkeeper,0.5576461535072923,,8,8,1,8.0,386.9166666666666,Mathew Ryan,Australia,GK,Goalkeeper,,,,,,0.348890620728047,16.0,386.9166666666666,both
3244,John Stones,England,Center Back,Ball-Playing Centre-Back,0.4569652071981365,358.0,22,8,15,,464.8833333333333,John Stones,England,CB,Ball-Playing Centre-Back,0.4812373716190858,149.0,13.0,8.0,9.0,,,464.8833333333333,both
3247,Fábio Henrique Tavares,Brazil,Defensive Midfield,Sweeper CB,0.4295600701716642,442.0,50,37,25,,100.1,Fábio Henrique Tavares,Brazil,DM,Ball-Winning Midfielder,0.3208874955189683,355.0,50.0,1.0,21.0,,,100.1,both
3264,Vincent Janssen,Netherlands,Forward,Ball-Winner,0.4862191633490619,262.0,46,42,8,,91.68333333333334,Vincent Janssen,Netherlands,FW,Pressing Forward,0.4054326822474378,229.0,56.0,11.0,11.0,,,91.68333333333334,both
3280,Richarlison de Andrade,Brazil,Forward,Ball-Winner,0.5369444196305702,99.0,8,11,8,,328.25,Richarlison de Andrade,Brazil,FW,Pressing Forward,0.7381460004917125,14.0,6.0,1.0,2.0,,,328.25,both
3281,Aaron Mooy,Australia,Defensive Midfield,Holding Anchor,0.4197188109158541,474.0,68,51,13,,386.9166666666666,Aaron Mooy,Australia,DM,Holding Anchor,0.2274436355370503,486.0,77.0,53.0,10.0,,,386.9166666666666,both
3289,Romelu Lukaku Menama,Belgium,Forward,Target Forward / Penalty-Box Anchor,0.5141029543797682,172.0,21,6,7,,63.51666666666666,Romelu Lukaku Menama,Belgium,FW,Target Forward / Penalty-Box Anchor,0.4797281782434459,150.0,39.0,13.0,4.0,,,63.51666666666666,both
3295,Thiago Emiliano da Silva,Brazil,Center Back,Ball-Playing Centre-Back,0.4639405612081145,337.0,14,5,22,,409.0666666666667,Thiago Emiliano da Silva,Brazil,CB,Ball-Playing Centre-Back,0.5570709088565303,87.0,5.0,4.0,7.0,,,409.0666666666667,both
3300,Maya Yoshida,Japan,Center Back,Sweeper CB,0.40216927661174,513.0,83,65,22,,412.51666666666665,Maya Yoshida,Japan,CB,Sweeper CB,0.3536669640275148,305.0,42.0,27.0,10.0,,,412.51666666666665,both
3306,Nathan Aké,Netherlands,Center Back,Sweeper CB,0.3924719860562199,525.0,89,71,17,,506.26666666666665,Nathan Aké,Netherlands,CB,Sweeper CB,0.376971352429728,268.0,33.0,21.0,12.0,,,506.26666666666665,both
3308,Kieran Trippier,England,Fullback/Wingback,Deep Playmaker,0.5419813345298742,81.0,24,3,7,,226.81666666666663,Kieran Trippier,England,FB,Deep Playmaker,0.4434032393396983,185.0,26.0,4.0,10.0,,,226.81666666666663,both
3311,Daley Blind,Netherlands,Fullback/Wingback,Attacking Wingback,0.5282200392722213,128.0,38,30,4,,452.48333333333335,Daley Blind,Netherlands,FB,Attacking Wingback,0.523409268233237,110.0,14.0,13.0,6.0,,,452.48333333333335,both
3318,Marcus Rashford,England,Attacking Midfield/Wing,Progressive Winger,0.5924987954791177,18.0,12,13,2,,170.41666666666666,Marcus Rashford,England,AM,Progressive Winger,0.4326189121293435,202.0,61.0,49.0,11.0,,,170.41666666666666,both
3336,Harry Maguire,England,Center Back,Sweeper CB,0.5561806181617446,55.0,1,1,6,,453.7166666666666,Harry Maguire,England,CB,Sweeper CB,0.59241153686411,69.0,4.0,1.0,5.0,,,453.7166666666666,both
3347,André Ayew Pelé,Ghana,Attacking Midfield/Wing,Ball-Winner,0.4852234979438588,267.0,94,44,9,,199.15,André Ayew Pelé,Ghana,AM,Ball-Winner,0.3126914218122527,364.0,95.0,30.0,7.0,,,199.15,both
3377,Timothy Weah,United States,Attacking Midfield/Wing,Ball-Winner,0.5392502858451839,91.0,49,9,7,,317.8833333333333,Timothy Weah,United States,AM,Ball-Winner,0.5127016740098423,115.0,39.0,6.0,7.0,,,317.8833333333333,both
3382,Luke Shaw,England,Fullback/Wingback,Attacking Wingback,0.5995748207072737,16.0,2,2,1,,457.1666666666666,Luke Shaw,England,FB,Attacking Wingback,0.542734602442028,98.0,11.0,11.0,7.0,,,457.1666666666666,both
3404,Youssouf Sabaly,Senegal,Fullback/Wingback,Attacking Wingback,0.5530243851991067,65.0,18,15,2,,387.2833333333333,Youssouf Sabaly,Senegal,FB,Attacking Wingback,0.5126771044743748,116.0,16.0,15.0,2.0,,,387.2833333333333,both
3436,Idrissa Gana Gueye,Senegal,Attacking Midfield/Wing,Ball-Winner,0.4843567128788157,273.0,97,45,9,,293.0833333333333,Idrissa Gana Gueye,Senegal,AM,Ball-Winner,0.3786618278564444,263.0,76.0,19.0,8.0,,,293.0833333333333,both
3441,Nikola Vlašić,Croatia,Attacking Midfield/Wing,Ball-Winner,0.4894379915685868,251.0,91,39,12,,226.75,Nikola Vlašić,Croatia,AM,Ball-Winner,0.3933725190256695,248.0,69.0,13.0,15.0,,,226.75,both
3450,Jordan Ayew,Ghana,Attacking Midfield/Wing,Progressive Winger,0.5028162478871627,206.0,87,58,5,,146.55,Jordan Ayew,Ghana,AM,Progressive Winger,0.4120951966429454,226.0,65.0,51.0,5.0,,,146.55,both
3457,Michy Batshuayi Tunga,Belgium,Forward,Target Forward,0.5200046045764426,152.0,18,14,5,,151.9,Michy Batshuayi Tunga,Belgium,FW,Target Forward,0.509880472540047,119.0,30.0,15.0,2.0,,,151.9,both
3468,Jordan Pickford,England,Goalkeeper,Goalkeeper,0.4508259486988236,,40,40,16,40.0,486.3333333333333,Jordan Pickford,England,GK,Goalkeeper,,,,,,0.1238776798092112,26.0,486.3333333333333,both
3471,Dejan Lovren,Croatia,Center Back,Sweeper CB,0.4243002357639663,463.0,56,42,18,,624.1333333333333,Dejan Lovren,Croatia,CB,Sweeper CB,0.479725351520307,151.0,14.0,6.0,11.0,,,624.1333333333333,both
3477,Álvaro Borja Morata Martín,Spain,Forward,Target Forward,0.5473460564018932,70.0,7,6,6,,200.8333333333333,Álvaro Borja Morata Martín,Spain,FW,Target Forward,0.7100017263955385,19.0,9.0,5.0,1.0,,,200.8333333333333,both
3488,Wayne Hennessey,Wales,Goalkeeper,Goalkeeper,0.4615769202224051,,33,33,9,33.0,202.71666666666664,Wayne Hennessey,Wales,GK,Goalkeeper,,,,,,0.0799986511548309,28.0,202.71666666666664,both
3499,Jean-Eric Maxim Choupo-Moting,Cameroon,Forward,Target Forward,0.4515025960149919,375.0,71,44,12,,269.9833333333333,Jean-Eric Maxim Choupo-Moting,Cameroon,FW,Target Forward,0.5058180282985545,124.0,32.0,16.0,2.0,,,269.9833333333333,both
3500,Granit Xhaka,Switzerland,Defensive Midfield,Holding Anchor,0.4527964567841049,370.0,22,22,14,,386.58333333333337,Granit Xhaka,Switzerland,DM,Holding Anchor,0.4446631612555089,184.0,20.0,11.0,6.0,,,386.58333333333337,both
3509,Thibaut Courtois,Belgium,Goalkeeper,Goalkeeper,0.5655277075973524,,7,7,2,7.0,284.26666666666665,Thibaut Courtois,Belgium,GK,Goalkeeper,,,,,,0.6512660927988838,4.0,284.26666666666665,both
3517,Aaron Ramsey,Wales,Central/Wide Midfield,Ball-Winner,0.4483490798539495,383.0,56,65,10,,281.3833333333333,Aaron Ramsey,Wales,CM,Ball-Winner,0.1540084468394128,536.0,49.0,59.0,12.0,,,281.3833333333333,both
3530,Hiroki Sakai,Japan,Fullback/Wingback,Attacking Wingback,0.5393179909510315,90.0,27,23,1,,120.98333333333336,Hiroki Sakai,Japan,FB,Attacking Wingback,0.3907302635347339,253.0,42.0,34.0,7.0,,,120.98333333333336,both
3532,Jordan Brian Henderson,England,Central/Wide Midfield,Deep Playmaker,0.4656931259998186,331.0,41,25,14,,280.2333333333333,Jordan Brian Henderson,England,CM,Deep Playmaker,0.4835000479992032,143.0,15.0,3.0,8.0,,,280.2333333333333,both
3533,Xherdan Shaqiri,Switzerland,Central/Wide Midfield,Progressive Winger,0.5047409326287029,200.0,11,56,7,,233.5833333333333,Xherdan Shaqiri,Switzerland,AM,Progressive Winger,0.5804250984880632,76.0,29.0,25.0,2.0,,,233.5833333333333,both
3543,Steve Mandanda,France,Goalkeeper,Goalkeeper,0.5064385397662537,,24,24,10,24.0,102.68333333333334,Steve Mandanda,France,GK,Goalkeeper,,,,,,,,102.68333333333334,both
3551,Karl Brillant Toko Ekambi,Cameroon,Attacking Midfield/Wing,Ball-Winner,0.5550184514930574,59.0,32,5,1,,177.38333333333333,Karl Brillant Toko Ekambi,Cameroon,AM,Ball-Winner,0.4404509678383255,192.0,56.0,9.0,4.0,,,177.38333333333333,both
3557,Naïm Sliti,Tunisia,Attacking Midfield/Wing,Progressive Winger,0.5549496687738819,60.0,33,29,2,,127.16666666666664,Naïm Sliti,Tunisia,AM,Progressive Winger,0.4514108744050829,177.0,52.0,44.0,5.0,,,127.16666666666664,both
3570,Pierre-Emile Højbjerg,Denmark,Central/Wide Midfield,Holding Anchor,0.4108534616558528,496.0,64,56,18,,290.8,Pierre-Emile Højbjerg,Denmark,CM,Holding Anchor,0.3785821955851468,264.0,23.0,17.0,12.0,,,290.8,both
3604,Olivier Giroud,France,Forward,Target Forward / Penalty-Box Anchor,0.5034732791558075,204.0,27,8,12,,432.6166666666666,Olivier Giroud,France,FW,Target Forward / Penalty-Box Anchor,0.7452966071311844,13.0,5.0,2.0,3.0,,,432.6166666666666,both
3616,Callum Wilson,England,Forward,Progressive Winger,0.4983607614416657,219.0,33,60,11,,64.81666666666666,Callum Wilson,England,FW,Progressive Winger,0.4196841767682426,215.0,52.0,50.0,12.0,,,64.81666666666666,both
3621,Eden Hazard,Belgium,Attacking Midfield/Wing,Progressive Winger,0.5187538336168287,158.0,75,52,6,,128.83333333333334,Eden Hazard,Belgium,AM,Progressive Winger,0.2949785097745104,396.0,100.0,67.0,12.0,,,128.83333333333334,both
3625,Sofiane Boufal,Morocco,Central/Wide Midfield,Progressive Winger,0.504230988353628,202.0,12,57,6,,476.6666666666666,Sofiane Boufal,Morocco,AM,Progressive Winger,0.5447197482117153,96.0,35.0,29.0,3.0,,,476.6666666666666,both
3634,Abdelhamid Sabiri,Morocco,Central/Wide Midfield,Holding Anchor,0.4070162966676028,503.0,65,60,17,,194.3333333333333,Abdelhamid Sabiri,Morocco,CM,Holding Anchor,0.3596405234955769,293.0,26.0,20.0,12.0,,,194.3333333333333,both
3637,Grzegorz Krychowiak,Poland,Defensive Midfield,Box-to-Box / Engine Midfielder,0.4264099868365493,451.0,57,17,14,,347.8833333333333,Grzegorz Krychowiak,Poland,DM,Box-to-Box / Engine Midfielder,0.2663829287234396,439.0,69.0,19.0,7.0,,,347.8833333333333,both
3658,DeAndre Yedlin,United States,Fullback/Wingback,Attacking Wingback,0.509123363600735,189.0,66,47,8,,47.55,DeAndre Yedlin,United States,FB,Attacking Wingback,0.301645288492692,388.0,64.0,48.0,15.0,,,47.55,both
3669,Virgil van Dijk,Netherlands,Center Back,Sweeper CB,0.3227305399052761,551.0,105,84,18,,509.51666666666665,Virgil van Dijk,Netherlands,CB,Sweeper CB,0.3232849501193862,352.0,54.0,38.0,14.0,,,509.51666666666665,both
3684,Cheikhou Kouyaté,Senegal,Defensive Midfield,Ball-Winner,0.4016662800261661,516.0,81,78,18,,73.18333333333334,Cheikhou Kouyaté,Senegal,DM,Ball-Winner,0.1866469783528187,520.0,84.0,57.0,16.0,,,73.18333333333334,both
3709,Daniel Amartey,Ghana,Center Back,Sweeper CB,0.3237301525516556,550.0,104,83,17,,301.20000000000005,Daniel Amartey,Ghana,CB,Sweeper CB,0.2788380322594271,423.0,71.0,50.0,11.0,,,301.20000000000005,both
3767,Ellyes Joris Skhiri,Tunisia,Defensive Midfield,Box-to-Box / Engine Midfielder,0.4248849313024052,460.0,61,18,16,,296.56666666666666,Ellyes Joris Skhiri,Tunisia,DM,Box-to-Box / Engine Midfielder,0.3741174451196171,269.0,32.0,15.0,8.0,,,296.56666666666666,both
3815,Kasper Schmeichel,Denmark,Goalkeeper,Goalkeeper,0.56937409318357,,6,6,1,6.0,290.8,Kasper Schmeichel,Denmark,GK,Goalkeeper,,,,,,0.3555137725264194,15.0,290.8,both
3831,Dušan Tadić,Serbia,Attacking Midfield/Wing,Progressive Winger,0.5698589107459828,39.0,21,22,2,,270.93333333333334,Dušan Tadić,Serbia,AM,Progressive Winger,0.568394713056226,81.0,30.0,26.0,2.0,,,270.93333333333334,both
3853,Kieffer Roberto Francisco Moore,Wales,Forward,Target Forward / Penalty-Box Anchor,0.4807267957417798,287.0,53,15,6,,251.71666666666667,Kieffer Roberto Francisco Moore,Wales,FW,Target Forward / Penalty-Box Anchor,0.4696345652352716,162.0,43.0,15.0,2.0,,,251.71666666666667,both
3913,Edimilson Fernandes,Switzerland,Fullback/Wingback,Ball-Winner,0.5139823586650923,173.0,58,24,5,,164.63333333333333,Edimilson Fernandes,Switzerland,FB,Ball-Winner,0.2392087712109152,472.0,85.0,49.0,15.0,,,164.63333333333333,both
3943,Declan Rice,England,Defensive Midfield,Holding Anchor,0.4275003811936145,447.0,54,40,17,,449.55,Declan Rice,England,DM,Holding Anchor,0.3683919594870749,280.0,34.0,19.0,14.0,,,449.55,both
3957,César Azpilicueta Tanco,Spain,Fullback/Wingback,Attacking Wingback,0.5263442394162258,133.0,41,33,9,,143.06666666666666,César Azpilicueta Tanco,Spain,FB,Attacking Wingback,0.5365264634617487,101.0,12.0,12.0,8.0,,,143.06666666666666,both
3959,Andreas Christensen,Denmark,Center Back,Ball-Playing Centre-Back,0.480182372360949,290.0,4,2,12,,290.8,Andreas Christensen,Denmark,CB,Ball-Playing Centre-Back,0.5346109716530141,103.0,6.0,5.0,2.0,,,290.8,both
4269,Aleksandar Mitrović,Serbia,Forward,Target Forward,0.4969175867488156,228.0,35,24,6,,279.4166666666667,Aleksandar Mitrović,Serbia,FW,Target Forward,0.6497975278248436,42.0,16.0,9.0,1.0,,,279.4166666666667,both
4272,João Mário Naval da Costa Eduardo,Portugal,Attacking Midfield/Wing,Ball-Winner,0.5276151012406989,131.0,68,20,10,,93.95,João Mário Naval da Costa Eduardo,Portugal,AM,Ball-Winner,0.2668316817656263,438.0,108.0,41.0,20.0,,,93.95,both
4318,Davy Klaassen,Netherlands,Attacking Midfield/Wing,Target Forward,0.5190898471855164,155.0,73,15,6,,201.36666666666667,Davy Klaassen,Netherlands,AM,Target Forward,0.4354246251301987,201.0,60.0,25.0,8.0,,,201.36666666666667,both
4319,Edinson Roberto Cavani Gómez,Uruguay,Forward,Ball-Winner,0.496456702224042,229.0,36,34,10,,142.11666666666667,Edinson Roberto Cavani Gómez,Uruguay,FW,Pressing Forward,0.425394195731,210.0,51.0,9.0,6.0,,,142.11666666666667,both
4320,Neymar da Silva Santos Junior,Brazil,Attacking Midfield/Wing,Progressive Winger,0.648411449280198,4.0,3,3,1,,281.4833333333333,Neymar da Silva Santos Junior,Brazil,AM,Progressive Winger,0.7702158441452054,9.0,4.0,5.0,1.0,,,281.4833333333333,both
4324,Daniel Alves da Silva,Brazil,Fullback/Wingback,Deep Playmaker,0.5236554215223963,140.0,46,7,10,,131.51666666666665,Daniel Alves da Silva,Brazil,FB,Deep Playmaker,0.3613008987887308,290.0,46.0,7.0,19.0,,,131.51666666666665,both
4353,Aymeric Laporte,Spain,Center Back,Sweeper CB,0.4650755100359968,333.0,12,9,16,,316.93333333333334,Aymeric Laporte,Spain,CB,Sweeper CB,0.3684741310556116,279.0,36.0,23.0,12.0,,,316.93333333333334,both
4354,Phil Foden,England,Attacking Midfield/Wing,Ball-Winner,0.4961535214521277,230.0,89,35,12,,275.5333333333333,Phil Foden,England,AM,Ball-Winner,0.6205795798213145,55.0,22.0,2.0,4.0,,,275.5333333333333,both
4372,Marcos Aoás Corrêa,Brazil,Center Back,Ball-Playing Centre-Back,0.4811109022070342,284.0,3,1,19,,455.0166666666667,Marcos Aoás Corrêa,Brazil,CB,Ball-Playing Centre-Back,0.5241008398797742,109.0,7.0,6.0,12.0,,,455.0166666666667,both
4445,Jules Koundé,France,Fullback/Wingback,Deep Playmaker,0.4299427261900851,439.0,106,31,20,,514.4166666666666,Jules Koundé,France,FB,Deep Playmaker,0.2425300085713166,470.0,84.0,25.0,17.0,,,514.4166666666666,both
4447,Martin Braithwaite Christensen,Denmark,Forward,Target Forward,0.4721416385270995,312.0,63,39,13,,110.36666666666667,Martin Braithwaite Christensen,Denmark,FW,Target Forward,0.3682315508414219,281.0,63.0,33.0,13.0,,,110.36666666666667,both
4506,Nampalys Mendy,Senegal,Defensive Midfield,Holding Anchor,0.4353349666460382,420.0,38,34,15,,294.3666666666667,Nampalys Mendy,Senegal,DM,Holding Anchor,0.2811443222516756,417.0,65.0,47.0,15.0,,,294.3666666666667,both
4614,Antonee Robinson,United States,Fullback/Wingback,Attacking Wingback,0.566233392956168,44.0,12,11,4,,386.26666666666665,Antonee Robinson,United States,FB,Attacking Wingback,0.477930459929572,153.0,21.0,18.0,9.0,,,386.26666666666665,both
4664,Sebastian Szymański,Poland,Central/Wide Midfield,Wide Creator,0.438708493084457,409.0,60,32,12,,134.95,Sebastian Szymański,Poland,CM,Wide Creator,0.1691627186220719,530.0,48.0,25.0,13.0,,,134.95,both
4706,Kalvin Phillips,England,Defensive Midfield,Ball-Winner,0.425923791206756,454.0,59,74,18,,49.83333333333333,Kalvin Phillips,England,DM,Ball-Winner,0.2715203372835242,432.0,68.0,38.0,17.0,,,49.83333333333333,both
4734,Matty Cash,Poland,Fullback/Wingback,Deep Playmaker,0.3685351465834703,545.0,107,35,16,,389.75,Matty Cash,Poland,FB,Deep Playmaker,0.1209933953769007,546.0,105.0,39.0,15.0,,,389.75,both
4767,Chris Mepham,Wales,Center Back,Sweeper CB,0.4257546596563289,456.0,51,39,12,,296.71666666666664,Chris Mepham,Wales,CB,Sweeper CB,0.413503575733384,222.0,25.0,14.0,3.0,,,296.71666666666664,both
4774,Connor Roberts,Wales,Fullback/Wingback,Deep Playmaker,0.5061840314491495,198.0,70,9,3,,215.5333333333333,Connor Roberts,Wales,FB,Deep Playmaker,0.2101511610094113,500.0,92.0,31.0,9.0,,,215.5333333333333,both
4934,Ethan Ampadu,Wales,Defensive Midfield,Holding Anchor,0.4141775625509292,486.0,72,54,14,,265.56666666666666,Ethan Ampadu,Wales,DM,Holding Anchor,0.3010122677212469,391.0,58.0,40.0,7.0,,,265.56666666666666,both
4935,Bryan Mbeumo,Cameroon,Attacking Midfield/Wing,Progressive Winger,0.5105738312788024,184.0,83,54,3,,224.2333333333333,Bryan Mbeumo,Cameroon,AM,Progressive Winger,0.3560385034740623,302.0,82.0,58.0,7.0,,,224.2333333333333,both
5178,Salman Mohammed Al Faraj,Saudi Arabia,Central/Wide Midfield,Ball-Winner,0.4599784023171749,350.0,47,60,12,,47.65,Salman Mohammed Al Faraj,Saudi Arabia,CM,Ball-Winner,0.23849506737096,473.0,43.0,50.0,12.0,,,47.65,both
5183,Yasir Gharsan Al Shahrani,Saudi Arabia,Fullback/Wingback,Wide Creator,0.5022918978141994,208.0,74,16,9,,98.6,Yasir Gharsan Al Shahrani,Saudi Arabia,FB,Wide Creator,0.1360806705488665,544.0,104.0,28.0,18.0,,,98.6,both
5187,Salem Mohammed Al Dawsari,Saudi Arabia,Central/Wide Midfield,Progressive Winger,0.5861207526885708,19.0,3,14,2,,298.54999999999995,Salem Mohammed Al Dawsari,Saudi Arabia,AM,Progressive Winger,0.7361704967246997,15.0,7.0,7.0,1.0,,,298.54999999999995,both
5191,Mohammed Al Burayk,Saudi Arabia,Fullback/Wingback,Attacking Wingback,0.5530450011654244,64.0,17,14,3,,69.98333333333333,Mohammed Al Burayk,Saudi Arabia,FB,Attacking Wingback,0.4010687374208968,238.0,38.0,31.0,5.0,,,69.98333333333333,both
5199,Jorge Resurrección Merodio,Spain,Defensive Midfield,Holding Anchor,0.4325891698135181,426.0,40,35,19,,65.25,Jorge Resurrección Merodio,Spain,DM,Holding Anchor,0.2857352565529967,411.0,63.0,44.0,16.0,,,65.25,both
5203,Sergio Busquets i Burgos,Spain,Defensive Midfield,Holding Anchor,0.423901046837305,466.0,64,48,20,,379.2833333333333,Sergio Busquets i Burgos,Spain,DM,Holding Anchor,0.5418942292364577,99.0,11.0,8.0,7.0,,,379.2833333333333,both
5204,Bruno Miguel Borges Fernandes,Portugal,Attacking Midfield/Wing,Progressive Winger,0.5399089985953658,88.0,47,36,7,,384.95,Bruno Miguel Borges Fernandes,Portugal,AM,Progressive Winger,0.836506932043697,3.0,2.0,3.0,1.0,,,384.95,both
5206,Rúben Santos Gato Alves Dias,Portugal,Center Back,Sweeper CB,0.4501250481347097,379.0,28,19,17,,392.4166666666666,Rúben Santos Gato Alves Dias,Portugal,CB,Sweeper CB,0.3574445269742606,299.0,39.0,26.0,15.0,,,392.4166666666666,both
5207,Cristiano Ronaldo dos Santos Aveiro,Portugal,Forward,Target Forward,0.5546983892654609,61.0,6,5,4,,302.8,Cristiano Ronaldo dos Santos Aveiro,Portugal,FW,Target Forward,0.6922979157257236,24.0,12.0,7.0,3.0,,,302.8,both
5209,Raphaël Adelino José Guerreiro,Portugal,Fullback/Wingback,Attacking Wingback,0.5848631995079497,22.0,4,4,1,,303.6166666666667,Raphaël Adelino José Guerreiro,Portugal,FB,Attacking Wingback,0.5499665637287097,93.0,10.0,10.0,6.0,,,303.6166666666667,both
5211,Jordi Alba Ramos,Spain,Fullback/Wingback,Attacking Wingback,0.5825455722287325,25.0,6,6,2,,270.76666666666665,Jordi Alba Ramos,Spain,FB,Attacking Wingback,0.6250821167713322,51.0,4.0,4.0,6.0,,,270.76666666666665,both
5214,William Silva de Carvalho,Portugal,Defensive Midfield,Holding Anchor,0.4100407194241814,497.0,75,57,22,,236.2333333333333,William Silva de Carvalho,Portugal,DM,Holding Anchor,0.3140600496912973,361.0,52.0,33.0,17.0,,,236.2333333333333,both
5219,Romain Saïss,Morocco,Center Back,Sweeper CB,0.4240872377018425,465.0,57,43,16,,485.7833333333333,Romain Saïss,Morocco,CB,Sweeper CB,0.2885817419750227,406.0,67.0,46.0,16.0,,,485.7833333333333,both
5220,Morteza Pouraliganji,Iran,Center Back,Sweeper CB,0.4415178400187615,398.0,34,22,15,,305.1,Morteza Pouraliganji,Iran,CB,Sweeper CB,0.3456015973747779,325.0,44.0,29.0,10.0,,,305.1,both
5222,Roozbeh Cheshmi,Iran,Center Back,Sweeper CB,0.4116472578940306,493.0,72,57,18,,69.73333333333333,Roozbeh Cheshmi,Iran,CB,Sweeper CB,0.1586046139767297,533.0,101.0,74.0,16.0,,,69.73333333333333,both
5224,Sardar Azmoun,Iran,Forward,Target Forward,0.508617378028327,192.0,24,21,8,,138.68333333333334,Sardar Azmoun,Iran,FW,Target Forward,0.4699339225929603,161.0,42.0,20.0,3.0,,,138.68333333333334,both
5226,Mehdi Taremi,Iran,Forward,Target Forward,0.5183534638400877,159.0,19,16,6,,305.1,Mehdi Taremi,Iran,FW,Target Forward,0.777941289254311,6.0,3.0,1.0,1.0,,,305.1,both
5227,Alireza Safar Beiranvand,Iran,Goalkeeper,Goalkeeper,0.5511753642552897,,12,12,1,12.0,119.08333333333334,Alireza Safar Beiranvand,Iran,GK,Goalkeeper,,,,,,,,119.08333333333334,both
5228,Seyed Majid Hosseini,Iran,Center Back,Sweeper CB,0.3916756762504407,526.0,90,72,20,,305.1,Seyed Majid Hosseini,Iran,CB,Sweeper CB,0.1115371046258375,548.0,104.0,77.0,18.0,,,305.1,both
5230,Ehsan Hajsafi,Iran,Fullback/Wingback,Attacking Wingback,0.514951070733028,167.0,54,40,7,,249.9333333333333,Ehsan Hajsafi,Iran,FB,Attacking Wingback,0.3477611263711792,318.0,53.0,41.0,9.0,,,249.9333333333333,both
5231,Karim Ansarifard,Iran,Attacking Midfield/Wing,Ball-Winner,0.5347033037499084,109.0,59,14,4,,57.78333333333335,Karim Ansarifard,Iran,AM,Ball-Winner,0.3651690268000956,286.0,80.0,22.0,6.0,,,57.78333333333335,both
5233,Munir Mohand Mohamedi,Morocco,Goalkeeper,Goalkeeper,0.5427810880968973,,16,16,3,16.0,95.23333333333332,Munir Mohand Mohamedi,Morocco,GK,Goalkeeper,,,,,,,,95.23333333333332,both
5234,Sofyan Amrabat,Morocco,Defensive Midfield,Holding Anchor,0.3498370054557898,548.0,90,72,23,,698.3833333333333,Sofyan Amrabat,Morocco,DM,Holding Anchor,0.3087496696064112,372.0,54.0,34.0,15.0,,,698.3833333333333,both
5235,Ramin Rezaeian,Iran,Fullback/Wingback,Attacking Wingback,0.522996223662305,143.0,48,36,5,,202.01666666666668,Ramin Rezaeian,Iran,FB,Attacking Wingback,0.4863736921404201,140.0,19.0,16.0,2.0,,,202.01666666666668,both
5237,Hakim Ziyech,Morocco,Attacking Midfield/Wing,Deep Playmaker,0.4614673257088629,345.0,99,26,11,,662.6333333333333,Hakim Ziyech,Morocco,AM,Deep Playmaker,0.6747819460023025,30.0,12.0,1.0,1.0,,,662.6333333333333,both
5239,Alireza Jahanbakhsh,Iran,Attacking Midfield/Wing,Ball-Winner,0.5411201158212475,83.0,44,7,3,,71.41666666666667,Alireza Jahanbakhsh,Iran,AM,Ball-Winner,0.355294239121051,303.0,83.0,23.0,7.0,,,71.41666666666667,both
5240,Saman Ghoddos,Iran,Attacking Midfield/Wing,Target Forward,0.5443505540327445,77.0,40,7,2,,54.88333333333334,Saman Ghoddos,Iran,AM,Target Forward,0.4049618824895444,230.0,67.0,28.0,4.0,,,54.88333333333334,both
5245,Achraf Hakimi Mouh,Morocco,Fullback/Wingback,Attacking Wingback,0.443985605481173,393.0,102,52,13,,660.8,Achraf Hakimi Mouh,Morocco,FB,Attacking Wingback,0.5656002941014675,82.0,7.0,7.0,2.0,,,660.8,both
5246,Luis Alberto Suárez Díaz,Uruguay,Forward,Target Forward,0.5087042255212615,191.0,23,20,7,,155.9666666666667,Luis Alberto Suárez Díaz,Uruguay,FW,Target Forward,0.3447791183044644,326.0,68.0,36.0,10.0,,,155.9666666666667,both
5248,José Martín Cáceres Silva,Uruguay,Fullback/Wingback,Deep Playmaker,0.5042487075127122,201.0,71,10,8,,97.78333333333332,José Martín Cáceres Silva,Uruguay,FB,Deep Playmaker,0.2693833595547441,435.0,71.0,19.0,13.0,,,97.78333333333332,both
5249,Diego Roberto Godín Leal,Uruguay,Center Back,Sweeper CB,0.430319904368741,436.0,48,34,16,,159.5,Diego Roberto Godín Leal,Uruguay,CB,Sweeper CB,0.2456362718202889,466.0,80.0,57.0,14.0,,,159.5,both
5255,Matías Vecino Falero,Uruguay,Central/Wide Midfield,Holding Anchor,0.4264938691686415,450.0,61,43,17,,205.8,Matías Vecino Falero,Uruguay,CM,Holding Anchor,0.3011467901247206,390.0,33.0,39.0,11.0,,,205.8,both
5258,Giorgian Daniel De Arrascaeta Benedetti,Uruguay,Central/Wide Midfield,Progressive Winger,0.5188726740588265,156.0,8,50,5,,118.1,Giorgian Daniel De Arrascaeta Benedetti,Uruguay,AM,Progressive Winger,0.5947865949797667,66.0,25.0,22.0,2.0,,,118.1,both
5259,José María Giménez de Vargas,Uruguay,Center Back,Sweeper CB,0.5157737433874289,163.0,2,2,6,,298.08333333333337,José María Giménez de Vargas,Uruguay,CB,Sweeper CB,0.5047293286928273,125.0,10.0,3.0,5.0,,,298.08333333333337,both
5260,Rodrigo Bentancur Colmán,Uruguay,Defensive Midfield,Box-to-Box / Engine Midfielder,0.4935321010553274,242.0,8,5,11,,231.66666666666663,Rodrigo Bentancur Colmán,Uruguay,DM,Box-to-Box / Engine Midfielder,0.6246122622810559,52.0,3.0,2.0,1.0,,,231.66666666666663,both
5264,Guillermo Varela Olivera,Uruguay,Fullback/Wingback,Deep Playmaker,0.4411152707437169,403.0,104,28,15,,210.7166666666667,Guillermo Varela Olivera,Uruguay,FB,Deep Playmaker,0.1516181754102828,537.0,100.0,35.0,16.0,,,210.7166666666667,both
5456,Mateo Kovačić,Croatia,Central/Wide Midfield,Deep Playmaker / Metronome,0.4946797385571178,235.0,18,2,10,,649.9166666666667,Mateo Kovačić,Croatia,CM,Deep Playmaker / Metronome,0.7729531941086291,8.0,1.0,1.0,1.0,,,649.9166666666667,both
5460,Andrej Kramarić,Croatia,Attacking Midfield/Wing,Ball-Winner,0.5090943209636231,190.0,86,29,8,,478.4333333333333,Andrej Kramarić,Croatia,AM,Ball-Winner,0.4987226433943816,129.0,43.0,8.0,9.0,,,478.4333333333333,both
5463,Luka Modrić,Croatia,Central/Wide Midfield,Deep Playmaker / Metronome,0.4527249311025851,371.0,53,6,16,,672.6666666666666,Luka Modrić,Croatia,CM,Deep Playmaker / Metronome,0.7648310343530142,10.0,2.0,2.0,2.0,,,672.6666666666666,both
5469,Marcelo Brozović,Croatia,Defensive Midfield,Box-to-Box / Engine Midfielder,0.4039207169707459,510.0,79,19,20,,569.8666666666667,Marcelo Brozović,Croatia,DM,Box-to-Box / Engine Midfielder,0.5314493821688578,106.0,13.0,5.0,8.0,,,569.8666666666667,both
5474,Ivan Perišić,Croatia,Attacking Midfield/Wing,Wide Creator,0.6034856503947108,13.0,8,1,1,,686.8166666666666,Ivan Perišić,Croatia,AM,Wide Creator,0.66291610248455,36.0,15.0,1.0,4.0,,,686.8166666666666,both
5476,Benjamin Pavard,France,Fullback/Wingback,Deep Playmaker,0.4942444169302697,237.0,82,15,14,,88.56666666666666,Benjamin Pavard,France,FB,Deep Playmaker,0.2343912011058535,479.0,87.0,26.0,19.0,,,88.56666666666666,both
5477,Ousmane Dembélé,France,Attacking Midfield/Wing,Progressive Winger,0.571081730927936,38.0,20,21,3,,448.0,Ousmane Dembélé,France,AM,Progressive Winger,0.6323160572933528,47.0,20.0,16.0,5.0,,,448.0,both
5479,Aziz Eraltay Behich,Australia,Fullback/Wingback,Wide Creator,0.5376605932396458,97.0,30,4,3,,386.9166666666666,Aziz Eraltay Behich,Australia,FB,Wide Creator,0.2014471525923477,509.0,94.0,22.0,13.0,,,386.9166666666666,both
5481,Mathew Leckie,Australia,Central/Wide Midfield,Target Forward,0.465481623162742,332.0,42,41,9,,341.6166666666667,Mathew Leckie,Australia,AM,Target Forward,0.3716075276396103,273.0,77.0,32.0,5.0,,,341.6166666666667,both
5485,Raphaël Varane,France,Center Back,Ball-Playing Centre-Back,0.4703695479319633,318.0,9,4,15,,544.6,Raphaël Varane,France,CB,Ball-Playing Centre-Back,0.2056907601354768,504.0,91.0,21.0,20.0,,,544.6,both
5487,Antoine Griezmann,France,Attacking Midfield/Wing,Hybrid Playmaker / Roaming Creator,0.5590057791955781,52.0,30,2,4,,586.0500000000001,Antoine Griezmann,France,AM,Hybrid Playmaker / Roaming Creator,0.7606937278153832,11.0,5.0,1.0,2.0,,,586.0500000000001,both
5490,Jackson Irvine,Australia,Forward,Holding Anchor,0.3688372777530169,544.0,81,71,15,,373.75,Jackson Irvine,Australia,FW,Pressing Forward,0.3151571044771839,360.0,71.0,16.0,7.0,,,373.75,both
5503,Lionel Andrés Messi Cuccittini,Argentina,Attacking Midfield/Wing,Progressive Winger,0.7738668800393582,1.0,1,1,1,,733.9,Lionel Andrés Messi Cuccittini,Argentina,AM,Progressive Winger,1.0,1.0,1.0,1.0,1.0,,,733.9,both
5507,Nicolás Alejandro Tagliafico,Argentina,Fullback/Wingback,Wide Creator,0.5764227464529426,29.0,9,2,5,,393.3333333333333,Nicolás Alejandro Tagliafico,Argentina,FB,Wide Creator,0.4667352576877512,164.0,23.0,7.0,10.0,,,393.3333333333333,both
5527,Thomas Delaney,Denmark,Defensive Midfield,Holding Anchor,0.4391388024228276,408.0,33,30,15,,45.53333333333333,Thomas Delaney,Denmark,DM,Holding Anchor,0.3532462893620837,307.0,39.0,23.0,15.0,,,45.53333333333333,both
5534,Simon Thorup Kjær,Denmark,Center Back,Ball-Playing Centre-Back,0.4253575064206413,457.0,52,13,16,,63.98333333333333,Simon Thorup Kjær,Denmark,CB,Ball-Playing Centre-Back,0.4135974544035948,221.0,24.0,11.0,9.0,,,63.98333333333333,both
5537,Fabian Lukas Schär,Switzerland,Center Back,Sweeper CB,0.4299439507020597,438.0,49,35,16,,145.3,Fabian Lukas Schär,Switzerland,CB,Sweeper CB,0.3269582956047332,346.0,53.0,37.0,11.0,,,145.3,both
5538,Denis Lemi Zakaria Lako Lado,Switzerland,Defensive Midfield,Deep Playmaker,0.4315416279814307,430.0,43,30,15,,72.55000000000001,Denis Lemi Zakaria Lako Lado,Switzerland,DM,Deep Playmaker,0.2229343633150545,490.0,78.0,29.0,16.0,,,72.55000000000001,both
5539,Carlos Henrique Casimiro,Brazil,Defensive Midfield,Holding Anchor,0.4516903345589856,373.0,23,23,24,,409.0666666666667,Carlos Henrique Casimiro,Brazil,DM,Holding Anchor,0.5080580138802646,121.0,14.0,9.0,13.0,,,409.0666666666667,both
5543,Haris Seferović,Switzerland,Forward,Target Forward,0.473142418793315,306.0,61,37,10,,86.23333333333335,Haris Seferović,Switzerland,FW,Target Forward,0.3938992898576372,246.0,59.0,29.0,9.0,,,86.23333333333335,both
5544,Ricardo Iván Rodríguez Araya,Switzerland,Fullback/Wingback,Attacking Wingback,0.4613825149560415,346.0,100,51,12,,380.23333333333335,Ricardo Iván Rodríguez Araya,Switzerland,FB,Attacking Wingback,0.2582860875845982,446.0,75.0,52.0,14.0,,,380.23333333333335,both
5545,Breel-Donald Embolo,Switzerland,Forward,Ball-Winner,0.4556972877488526,363.0,70,62,13,,330.15,Breel-Donald Embolo,Switzerland,FW,Pressing Forward,0.6326871407662,46.0,17.0,4.0,1.0,,,330.15,both
5547,Alisson Ramsés Becker,Brazil,Goalkeeper,Goalkeeper,0.4643039673286689,,32,32,21,32.0,394.98333333333335,Alisson Ramsés Becker,Brazil,GK,Goalkeeper,,,,,,0.1172601423801319,27.0,394.98333333333335,both
5549,Manuel Obafemi Akanji,Switzerland,Center Back,Ball-Playing Centre-Back,0.4636764998263384,338.0,15,6,11,,386.58333333333337,Manuel Obafemi Akanji,Switzerland,CB,Ball-Playing Centre-Back,0.5216205121062591,111.0,8.0,7.0,3.0,,,386.58333333333337,both
5550,Yann Sommer,Switzerland,Goalkeeper,Goalkeeper,0.5336142079546797,,18,18,2,18.0,286.28333333333336,Yann Sommer,Switzerland,GK,Goalkeeper,,,,,,0.2762647891342263,19.0,286.28333333333336,both
5562,Thomas Müller,Germany,Forward,Ball-Winner,0.5070805477839295,194.0,25,30,11,,201.71666666666664,Thomas Müller,Germany,FW,Pressing Forward,0.4623597568681984,170.0,44.0,7.0,9.0,,,201.71666666666664,both
5567,Edson Omar Álvarez Velázquez,Mexico,Defensive Midfield,Box-to-Box / Engine Midfielder,0.4298925725068921,440.0,48,15,16,,183.2333333333333,Edson Omar Álvarez Velázquez,Mexico,DM,Box-to-Box / Engine Midfielder,0.4223678189482039,212.0,23.0,10.0,4.0,,,183.2333333333333,both
5568,Raúl Alonso Jiménez Rodríguez,Mexico,Forward,Target Forward,0.4904752668590774,247.0,42,28,9,,79.38333333333335,Raúl Alonso Jiménez Rodríguez,Mexico,FW,Target Forward,0.2997475034761279,393.0,76.0,40.0,12.0,,,79.38333333333335,both
5570,Manuel Neuer,Germany,Goalkeeper,Goalkeeper,0.5282888901942323,,19,19,9,19.0,294.0,Manuel Neuer,Germany,GK,Goalkeeper,,,,,,0.2288794092337744,21.0,294.0,both
5571,Hirving Rodrigo Lozano Bahena,Mexico,Attacking Midfield/Wing,Progressive Winger,0.575836914512063,31.0,16,18,1,,267.31666666666666,Hirving Rodrigo Lozano Bahena,Mexico,AM,Progressive Winger,0.6197482044732759,56.0,23.0,20.0,1.0,,,267.31666666666666,both
5573,Héctor Alfredo Moreno Herrera,Mexico,Center Back,Sweeper CB,0.4729856048714546,307.0,8,7,11,,291.5,Héctor Alfredo Moreno Herrera,Mexico,CB,Sweeper CB,0.4003020083377074,241.0,29.0,18.0,6.0,,,291.5,both
5575,Héctor Miguel Herrera López,Mexico,Defensive Midfield,Holding Anchor,0.4259653907306435,453.0,58,44,17,,166.73333333333332,Héctor Miguel Herrera López,Mexico,DM,Holding Anchor,0.326051672971083,349.0,48.0,31.0,9.0,,,166.73333333333332,both
5576,Jesús Daniel Gallardo Vasconcelos,Mexico,Fullback/Wingback,Wide Creator,0.4896419077206304,250.0,87,20,10,,291.5,Jesús Daniel Gallardo Vasconcelos,Mexico,FB,Wide Creator,0.2587226563294938,445.0,74.0,19.0,15.0,,,291.5,both
5577,Francisco Guillermo Ochoa Magaña,Mexico,Goalkeeper,Goalkeeper,0.4523997510840181,,39,39,13,39.0,291.5,Francisco Guillermo Ochoa Magaña,Mexico,GK,Goalkeeper,,,,,,0.3239064526498869,18.0,291.5,both
5579,Joshua Kimmich,Germany,Fullback/Wingback,Attacking Wingback,0.5768693733287961,28.0,8,8,3,,294.0,Joshua Kimmich,Germany,FB,Attacking Wingback,0.689558727720917,26.0,2.0,2.0,4.0,,,294.0,both
5581,Joel Nathaniel Campbell Samuels,Costa Rica,Forward,Progressive Winger,0.415685818655882,481.0,79,72,13,,292.4333333333333,Joel Nathaniel Campbell Samuels,Costa Rica,FW,Progressive Winger,0.3048770239425414,382.0,75.0,64.0,3.0,,,292.4333333333333,both
5582,Celso Borges Mora,Costa Rica,Defensive Midfield,Holding Anchor,0.3741803160642126,541.0,89,69,16,,260.04999999999995,Celso Borges Mora,Costa Rica,DM,Holding Anchor,0.1640736837112123,532.0,87.0,60.0,13.0,,,260.04999999999995,both
5589,Sergej Milinković-Savić,Serbia,Attacking Midfield/Wing,Holding Anchor,0.4853957396705023,266.0,93,12,8,,242.53333333333336,Sergej Milinković-Savić,Serbia,AM,Linking Attacker,0.3406972280271614,330.0,89.0,4.0,10.0,,,242.53333333333336,both
5591,Filip Kostić,Serbia,Fullback/Wingback,Attacking Wingback,0.57780623752824,26.0,7,7,1,,191.1833333333333,Filip Kostić,Serbia,FB,Attacking Wingback,0.441839692210593,187.0,28.0,23.0,7.0,,,191.1833333333333,both
5595,Johan Alberto Venegas Ulloa,Costa Rica,Forward,Ball-Winner,0.4641174538777678,335.0,66,56,8,,73.23333333333333,Johan Alberto Venegas Ulloa,Costa Rica,FW,Pressing Forward,0.2832998894223802,414.0,78.0,19.0,6.0,,,73.23333333333333,both
5597,Keylor Navas Gamboa,Costa Rica,Goalkeeper,Goalkeeper,0.4644679095541679,,31,31,7,31.0,294.45,Keylor Navas Gamboa,Costa Rica,GK,Goalkeeper,,,,,,0.0469224829097973,29.0,294.45,both
5598,Óscar Esau Duarte Gaitán,Costa Rica,Center Back,Sweeper CB,0.3875906363325412,533.0,93,75,15,,294.45,Óscar Esau Duarte Gaitán,Costa Rica,CB,Sweeper CB,0.1195155454760721,547.0,103.0,76.0,15.0,,,294.45,both
5600,Francisco Javier Calvo Quesada,Costa Rica,Center Back,Sweeper CB,0.4172823196544628,480.0,62,48,12,,194.41666666666663,Francisco Javier Calvo Quesada,Costa Rica,CB,Sweeper CB,0.3606225781137761,292.0,38.0,25.0,1.0,,,194.41666666666663,both
5603,Nikola Milenković,Serbia,Center Back,Sweeper CB,0.3533245297863046,547.0,102,81,16,,293.65000000000003,Nikola Milenković,Serbia,CB,Sweeper CB,0.4156393106290579,217.0,23.0,13.0,9.0,,,293.65000000000003,both
5604,Young-Gwon Kim,South Korea,Center Back,Sweeper CB,0.4779312973155918,298.0,7,6,13,,373.1833333333333,Young-Gwon Kim,South Korea,CB,Sweeper CB,0.3692398813037097,277.0,34.0,22.0,11.0,,,373.1833333333333,both
5618,Woo-Young Jung,South Korea,Defensive Midfield,Holding Anchor,0.4306667345247306,435.0,46,38,17,,317.91666666666663,Woo-Young Jung,South Korea,DM,Holding Anchor,0.4000415865631286,242.0,27.0,14.0,8.0,,,317.91666666666663,both
5620,Hee-Chan Hwang,South Korea,Central/Wide Midfield,Progressive Winger,0.5365917772244289,100.0,6,39,4,,125.56666666666668,Hee-Chan Hwang,South Korea,AM,Progressive Winger,0.5156070689699124,112.0,38.0,33.0,2.0,,,125.56666666666668,both
5623,Jae-Sung Lee,South Korea,Attacking Midfield/Wing,Ball-Winner,0.4782570168406114,296.0,98,48,12,,212.4833333333333,Jae-Sung Lee,South Korea,AM,Ball-Winner,0.2774494615976163,425.0,107.0,36.0,17.0,,,212.4833333333333,both
5630,Dries Mertens,Belgium,Attacking Midfield/Wing,Target Forward,0.5673881271488723,43.0,24,3,1,,80.58333333333334,Dries Mertens,Belgium,AM,Target Forward,0.4926193605822972,136.0,46.0,17.0,3.0,,,80.58333333333334,both
5632,Thorgan Hazard,Belgium,Attacking Midfield/Wing,Progressive Winger,0.5286769863887973,126.0,67,44,4,,109.95,Thorgan Hazard,Belgium,AM,Progressive Winger,0.4392241914334172,195.0,58.0,47.0,5.0,,,109.95,both
5633,Yannick Ferreira Carrasco,Belgium,Attacking Midfield/Wing,Ball-Winner,0.5132277112295869,176.0,80,25,8,,116.5,Yannick Ferreira Carrasco,Belgium,AM,Ball-Winner,0.2914495698391746,401.0,102.0,34.0,13.0,,,116.5,both
5642,Axel Witsel,Belgium,Defensive Midfield,Holding Anchor,0.389216862756263,530.0,86,66,16,,284.26666666666665,Axel Witsel,Belgium,DM,Holding Anchor,0.3084140592229266,374.0,55.0,35.0,11.0,,,284.26666666666665,both
5647,Ali Maâloul,Tunisia,Fullback/Wingback,Attacking Wingback,0.5210043373025994,151.0,50,38,9,,102.68333333333334,Ali Maâloul,Tunisia,FB,Attacking Wingback,0.2631831751432382,443.0,72.0,51.0,16.0,,,102.68333333333334,both
5650,Ferjani Sassi,Tunisia,Defensive Midfield,Holding Anchor,0.4401212299743735,405.0,32,29,15,,61.11666666666666,Ferjani Sassi,Tunisia,DM,Holding Anchor,0.3584959857514106,297.0,36.0,21.0,10.0,,,61.11666666666666,both
5651,Yassine Meriah,Tunisia,Center Back,Sweeper CB,0.4244888083181148,462.0,55,41,17,,296.56666666666666,Yassine Meriah,Tunisia,CB,Sweeper CB,0.2790450746543764,422.0,70.0,49.0,13.0,,,296.56666666666666,both
5655,Dylan Daniel Mahmoud Bronn,Tunisia,Center Back,Deep Playmaker,0.4464140478708945,387.0,30,27,14,,170.31666666666666,Dylan Daniel Mahmoud Bronn,Tunisia,CB,Deep Playmaker,0.289980213203299,404.0,65.0,17.0,12.0,,,170.31666666666666,both
5660,Piotr Zieliński,Poland,Central/Wide Midfield,Holding Anchor,0.4656945616365817,330.0,40,16,7,,344.4166666666667,Piotr Zieliński,Poland,CM,Holding Anchor,0.6136372071044744,58.0,6.0,3.0,2.0,,,344.4166666666667,both
5665,Arkadiusz Milik,Poland,Central/Wide Midfield,Ball-Winner,0.4658471309582203,328.0,39,55,6,,116.48333333333332,Arkadiusz Milik,Poland,CM,Ball-Winner,0.2353835995919747,476.0,44.0,52.0,9.0,,,116.48333333333332,both
5668,Robert Lewandowski,Poland,Forward,Target Forward / Penalty-Box Anchor,0.5227567703428363,144.0,17,5,2,,389.75,Robert Lewandowski,Poland,FW,Target Forward / Penalty-Box Anchor,0.8227041390588662,4.0,2.0,1.0,1.0,,,389.75,both
5669,Wojciech Szczęsny,Poland,Goalkeeper,Goalkeeper,0.631768840602553,,1,1,1,1.0,389.75,Wojciech Szczęsny,Poland,GK,Goalkeeper,,,,,,1.0,1.0,389.75,both
5673,Bartosz Bereszyński,Poland,Fullback/Wingback,Wide Creator,0.5146249018844176,168.0,55,12,3,,365.73333333333335,Bartosz Bereszyński,Poland,FB,Wide Creator,0.1466377650602287,541.0,102.0,27.0,14.0,,,365.73333333333335,both
5675,Kalidou Koulibaly,Senegal,Center Back,Sweeper CB,0.4512879852249022,376.0,27,18,14,,387.2833333333333,Kalidou Koulibaly,Senegal,CB,Sweeper CB,0.4895957786549214,137.0,11.0,4.0,3.0,,,387.2833333333333,both
5690,Yuto Nagatomo,Japan,Fullback/Wingback,Wide Creator,0.5066435645596632,196.0,69,15,8,,209.8333333333333,Yuto Nagatomo,Japan,FB,Wide Creator,0.3039725077153348,384.0,63.0,16.0,17.0,,,209.8333333333333,both
5713,Mohammed Kanoo,Saudi Arabia,Central/Wide Midfield,Holding Anchor,0.4441960048712701,391.0,58,26,13,,298.54999999999995,Mohammed Kanoo,Saudi Arabia,CM,Holding Anchor,0.2856459998238692,412.0,35.0,45.0,10.0,,,298.54999999999995,both
5714,Mohammed Khalil Al Owais,Saudi Arabia,Goalkeeper,Goalkeeper,0.6055349890467856,,2,2,1,2.0,298.54999999999995,Mohammed Khalil Al Owais,Saudi Arabia,GK,Goalkeeper,,,,,,0.5554404138410668,7.0,298.54999999999995,both
5715,Ali Albulayhi,Saudi Arabia,Center Back,Sweeper CB,0.3940188828438469,521.0,87,69,18,,236.95,Ali Albulayhi,Saudi Arabia,CB,Sweeper CB,0.0,553.0,107.0,80.0,19.0,,,236.95,both
5719,Marco Asensio Willemsen,Spain,Forward,Progressive Winger,0.5574197373527914,53.0,4,27,4,,236.96666666666667,Marco Asensio Willemsen,Spain,FW,Progressive Winger,0.6280066502529487,50.0,18.0,18.0,5.0,,,236.96666666666667,both
5720,Milad Mohammadi,Iran,Fullback/Wingback,Wide Creator,0.4709649591474286,313.0,96,24,11,,211.9833333333333,Milad Mohammadi,Iran,FB,Wide Creator,0.1995982006849521,510.0,95.0,23.0,13.0,,,211.9833333333333,both
5721,Daniel Carvajal Ramos,Spain,Fullback/Wingback,Two-Way Fullback,0.4609051911702677,348.0,101,5,17,,147.83333333333331,Daniel Carvajal Ramos,Spain,FB,Two-Way Fullback,0.2176866952089028,495.0,90.0,5.0,19.0,,,147.83333333333331,both
5722,Saeid Ezatolahi Afagh,Iran,Defensive Midfield,Holding Anchor,0.4488197154202151,381.0,25,25,14,,240.15,Saeid Ezatolahi Afagh,Iran,DM,Holding Anchor,0.3504909063607725,313.0,42.0,25.0,8.0,,,240.15,both
5732,Andreas Evald Cornelius,Denmark,Forward,Target Forward / Penalty-Box Anchor,0.5337345889860796,115.0,10,3,6,,104.83333333333331,Andreas Evald Cornelius,Denmark,FW,Target Forward / Penalty-Box Anchor,0.4978386236545913,130.0,34.0,11.0,3.0,,,104.83333333333331,both
5833,Nemanja Radonjić,Serbia,Fullback/Wingback,Attacking Wingback,0.5221401144398454,147.0,49,37,5,,81.56666666666666,Nemanja Radonjić,Serbia,FB,Attacking Wingback,0.3109959876046804,368.0,59.0,45.0,11.0,,,81.56666666666666,both
5836,Bryan Oviedo,Costa Rica,Fullback/Wingback,Wide Creator,0.4428742133228939,396.0,103,31,10,,269.9,Bryan Oviedo,Costa Rica,FB,Wide Creator,0.0904457057553609,550.0,107.0,30.0,16.0,,,269.9,both
5839,Yeltsin Ignacio Tejeda Valverde,Costa Rica,Central/Wide Midfield,Holding Anchor,0.3689138765124076,543.0,68,70,17,,286.95,Yeltsin Ignacio Tejeda Valverde,Costa Rica,CM,Holding Anchor,0.3032737385617325,386.0,32.0,37.0,4.0,,,286.95,both
5986,Chul Hong,South Korea,Fullback/Wingback,Attacking Wingback,0.514297655486738,171.0,57,42,9,,48.96666666666667,Chul Hong,South Korea,FB,Attacking Wingback,0.3305845230283555,341.0,56.0,44.0,14.0,,,48.96666666666667,both
6297,Maximiliano Gómez González,Uruguay,Forward,Target Forward / Penalty-Box Anchor,0.4868961462185384,259.0,45,12,12,,48.866666666666674,Maximiliano Gómez González,Uruguay,FW,Target Forward / Penalty-Box Anchor,0.3737723798257635,270.0,62.0,19.0,8.0,,,48.866666666666674,both
6300,Sebastián Coates Nión,Uruguay,Center Back,Sweeper CB,0.4570674223421925,357.0,21,15,13,,200.3,Sebastián Coates Nión,Uruguay,CB,Sweeper CB,0.2696112853437561,434.0,74.0,53.0,12.0,,,200.3,both
6301,Youssef En-Nesyri,Morocco,Forward,Target Forward / Penalty-Box Anchor,0.3895342078422762,529.0,80,20,22,,553.8166666666667,Youssef En-Nesyri,Morocco,FW,Target Forward / Penalty-Box Anchor,0.4371403849035319,196.0,50.0,17.0,6.0,,,553.8166666666667,both
6302,Kasper Dolberg,Denmark,Forward,Ball-Winner,0.5166742757053115,161.0,20,21,8,,126.5,Kasper Dolberg,Denmark,FW,Pressing Forward,0.4849592807344812,141.0,36.0,5.0,4.0,,,126.5,both
6318,Andrija Živković,Serbia,Fullback/Wingback,Attacking Wingback,0.5422201869564298,80.0,23,20,4,,212.0833333333333,Andrija Živković,Serbia,FB,Attacking Wingback,0.4628115556724589,168.0,24.0,20.0,4.0,,,212.0833333333333,both
6319,Luka Jović,Serbia,Forward,Target Forward / Penalty-Box Anchor,0.4947358899515287,234.0,38,10,7,,46.05,Luka Jović,Serbia,FW,Target Forward / Penalty-Box Anchor,0.4495771992094976,180.0,48.0,16.0,6.0,,,46.05,both
6321,Milos Veljkovic,Serbia,Center Back,Sweeper CB,0.372669481445867,542.0,100,79,15,,228.9,Milos Veljkovic,Serbia,CB,Sweeper CB,0.1809717916406309,527.0,100.0,73.0,14.0,,,228.9,both
6322,Niklas Süle,Germany,Fullback/Wingback,Sweeper CB,0.4800832178767941,291.0,91,5,13,,287.5833333333333,Niklas Süle,Germany,FB,Attacking Wingback,0.3458596015911995,322.0,54.0,42.0,13.0,,,287.5833333333333,both
6324,Leon Goretzka,Germany,Defensive Midfield,Holding Anchor,0.4116455362792272,494.0,74,55,17,,171.88333333333333,Leon Goretzka,Germany,DM,Holding Anchor,0.169916806134374,529.0,85.0,58.0,16.0,,,171.88333333333333,both
6328,Kendall Jamaal Waston Manley,Costa Rica,Center Back,Sweeper CB,0.4181643952096204,477.0,61,47,11,,249.45,Kendall Jamaal Waston Manley,Costa Rica,CB,Sweeper CB,0.3078526606243835,376.0,61.0,42.0,2.0,,,249.45,both
6331,Leander Dendoncker,Belgium,Center Back,Sweeper CB,0.3876002865416603,532.0,92,74,17,,166.66666666666666,Leander Dendoncker,Belgium,CB,Sweeper CB,0.3329569362545374,335.0,49.0,34.0,9.0,,,166.66666666666666,both
6383,Thomas Teye Partey,Ghana,Defensive Midfield,Holding Anchor,0.3973226898535691,519.0,82,62,16,,301.20000000000005,Thomas Teye Partey,Ghana,DM,Holding Anchor,0.4400927044329927,193.0,21.0,12.0,2.0,,,301.20000000000005,both
6393,Iñaki Williams Arthuer,Ghana,Forward,Ball-Winner,0.4279330654314502,446.0,78,73,13,,272.78333333333336,Iñaki Williams Arthuer,Ghana,FW,Pressing Forward,0.2479256450820696,463.0,80.0,21.0,14.0,,,272.78333333333336,both
6399,Gareth Frank Bale,Wales,Forward,Target Forward,0.4623345304270798,341.0,68,43,7,,247.71666666666664,Gareth Frank Bale,Wales,FW,Target Forward,0.5127583257836089,114.0,28.0,14.0,1.0,,,247.71666666666664,both
6583,Carlos Soler Barragán,Spain,Central/Wide Midfield,Progressive Winger,0.4696332878019897,323.0,37,69,15,,102.05,Carlos Soler Barragán,Spain,CM,Progressive Winger,0.4771099059807982,156.0,17.0,40.0,10.0,,,102.05,both
6687,Saša Lukić,Serbia,Defensive Midfield,Holding Anchor,0.4176715982727732,478.0,70,52,12,,261.65000000000003,Saša Lukić,Serbia,DM,Holding Anchor,0.2812157396346762,416.0,64.0,46.0,12.0,,,261.65000000000003,both
6704,Theo Bernard François Hernández,France,Fullback/Wingback,Attacking Wingback,0.5744772005273231,33.0,10,9,2,,548.5,Theo Bernard François Hernández,France,FB,Attacking Wingback,0.6969405086573637,22.0,1.0,1.0,4.0,,,548.5,both
6748,Ferrán Torres García,Spain,Attacking Midfield/Wing,Progressive Winger,0.5610187612818072,49.0,27,25,3,,225.8,Ferrán Torres García,Spain,AM,Progressive Winger,0.4632598976264482,167.0,51.0,43.0,11.0,,,225.8,both
6765,Rodrigo Hernández Cascante,Spain,Center Back,Ball-Playing Centre-Back,0.4786577995356283,295.0,6,3,14,,413.95,Rodrigo Hernández Cascante,Spain,CB,Ball-Playing Centre-Back,0.6520483797261263,40.0,1.0,1.0,3.0,,,413.95,both
6773,Federico Santiago Valverde Dipetta,Uruguay,Defensive Midfield,Holding Anchor,0.5003304008286731,212.0,7,8,9,,298.08333333333337,Federico Santiago Valverde Dipetta,Uruguay,DM,Holding Anchor,0.5542753125358286,91.0,9.0,6.0,3.0,,,298.08333333333337,both
6785,Yassine Bounou,Morocco,Goalkeeper,Goalkeeper,0.5696358960197179,,5,5,1,5.0,603.15,Yassine Bounou,Morocco,GK,Goalkeeper,,,,,,0.7854271308729174,3.0,603.15,both
6840,Marcos Llorente Moreno,Spain,Fullback/Wingback,Two-Way Fullback,0.4977105185340756,222.0,76,2,11,,123.05,Marcos Llorente Moreno,Spain,FB,Two-Way Fullback,0.2542379004068653,456.0,80.0,4.0,17.0,,,123.05,both
6892,Pau Francisco Torres,Spain,Center Back,Sweeper CB,0.4353013656669983,421.0,41,28,18,,97.01666666666668,Pau Francisco Torres,Spain,CB,Sweeper CB,0.3444816505444906,327.0,45.0,30.0,14.0,,,97.01666666666668,both
6901,Nemanja Maksimović,Serbia,Defensive Midfield,Holding Anchor,0.4441757860538501,392.0,28,27,11,,143.76666666666668,Nemanja Maksimović,Serbia,DM,Holding Anchor,0.4306108367689793,204.0,22.0,13.0,8.0,,,143.76666666666668,both
6909,Damián Emiliano Martínez,Argentina,Goalkeeper,Goalkeeper,0.4532531307954294,,38,38,15,38.0,733.9,Damián Emiliano Martínez,Argentina,GK,Goalkeeper,,,,,,0.53930876324817,8.0,733.9,both
6945,Alex Sandro Lobo Silva,Brazil,Fullback/Wingback,Attacking Wingback,0.5312284634943385,121.0,34,28,9,,199.53333333333333,Alex Sandro Lobo Silva,Brazil,FB,Attacking Wingback,0.5583352258807918,85.0,8.0,8.0,6.0,,,199.53333333333333,both
6983,Remo Freuler,Switzerland,Defensive Midfield,Holding Anchor,0.4265945925665654,449.0,56,42,17,,346.05,Remo Freuler,Switzerland,DM,Holding Anchor,0.1898982464664755,516.0,82.0,57.0,17.0,,,346.05,both
6989,Timothy Castagne,Belgium,Fullback/Wingback,Sweeper CB,0.4849870999750955,270.0,89,4,10,,284.26666666666665,Timothy Castagne,Belgium,FB,Attacking Wingback,0.1928379526167646,514.0,97.0,56.0,16.0,,,284.26666666666665,both
6994,Marten de Roon,Netherlands,Defensive Midfield,Holding Anchor,0.3927526506414822,523.0,84,64,16,,195.8,Marten de Roon,Netherlands,DM,Holding Anchor,0.1914257666235873,515.0,81.0,56.0,17.0,,,195.8,both
7005,João Pedro Cavaco Cancelo,Portugal,Fullback/Wingback,Wide Creator,0.5542133516428287,63.0,16,3,5,,344.54999999999995,João Pedro Cavaco Cancelo,Portugal,FB,Wide Creator,0.4962062392385004,132.0,18.0,6.0,8.0,,,344.54999999999995,both
7006,Alejandro Darío Gómez,Argentina,Central/Wide Midfield,Ball-Winner,0.4699430071348152,322.0,36,53,11,,107.36666666666667,Alejandro Darío Gómez,Argentina,CM,Ball-Winner,0.3082218584311603,375.0,31.0,31.0,16.0,,,107.36666666666667,both
7104,Mathías Olivera Miramontes,Uruguay,Fullback/Wingback,Wide Creator,0.5258938975576803,134.0,42,9,4,,263.6333333333333,Mathías Olivera Miramontes,Uruguay,FB,Wide Creator,0.5353489237264059,102.0,13.0,2.0,4.0,,,263.6333333333333,both
7153,Jordan Veretout,France,Central/Wide Midfield,Holding Anchor,0.4504225714600856,378.0,55,24,18,,62.71666666666667,Jordan Veretout,France,CM,Holding Anchor,0.239696334124318,471.0,42.0,51.0,18.0,,,62.71666666666667,both
7161,Germán Alejandro Pezzella,Argentina,Center Back,Sweeper CB,0.4194385957611112,475.0,60,46,18,,69.94999999999999,Germán Alejandro Pezzella,Argentina,CB,Sweeper CB,0.2352435094419809,477.0,82.0,59.0,18.0,,,69.94999999999999,both
7345,Mattéo Guendouzi Olié,France,Attacking Midfield/Wing,Holding Anchor,0.5120764935353388,180.0,82,6,8,,78.1,Mattéo Guendouzi Olié,France,AM,Pressing Attacker,0.2511256346050574,459.0,111.0,2.0,16.0,,,78.1,both
7379,Edouard Mendy,Senegal,Goalkeeper,Goalkeeper,0.4737217387853852,,29,29,11,29.0,387.2833333333333,Edouard Mendy,Senegal,GK,Goalkeeper,,,,,,0.125785598563956,25.0,387.2833333333333,both
7426,Jean-Charles Castelletto,Cameroon,Center Back,Sweeper CB,0.3979740814183569,518.0,85,67,16,,192.45,Jean-Charles Castelletto,Cameroon,CB,Sweeper CB,0.4406106838506918,191.0,19.0,9.0,3.0,,,192.45,both
7439,Axel Disasi,France,Fullback/Wingback,Deep Playmaker,0.4949530309079945,233.0,81,14,13,,110.36666666666667,Axel Disasi,France,FB,Deep Playmaker,0.2550576584032969,452.0,78.0,22.0,15.0,,,110.36666666666667,both
7459,Jawad El Yamiq,Morocco,Center Back,Sweeper CB,0.4362684568514279,416.0,40,27,15,,335.56666666666666,Jawad El Yamiq,Morocco,CB,Sweeper CB,0.3651728890948879,285.0,37.0,24.0,11.0,,,335.56666666666666,both
7472,Nicolas Alexis Julio N'Koulou Ndoubena,Cameroon,Center Back,Sweeper CB,0.4041898638433763,508.0,80,62,15,,192.45,Nicolas Alexis Julio N'Koulou Ndoubena,Cameroon,CB,Sweeper CB,0.2280908669965324,485.0,85.0,62.0,13.0,,,192.45,both
7551,Enzo Ebosse,Cameroon,Center Back,Sweeper CB,0.3903484767677765,528.0,91,73,17,,100.1,Enzo Ebosse,Cameroon,CB,Sweeper CB,0.2508737089670707,460.0,78.0,56.0,11.0,,,100.1,both
7693,Bruno Petković,Croatia,Forward,Target Forward,0.5309225139635975,124.0,13,11,6,,252.7333333333333,Bruno Petković,Croatia,FW,Target Forward,0.486657322308301,139.0,35.0,18.0,10.0,,,252.7333333333333,both
7745,Steven Berghuis,Netherlands,Defensive Midfield,Progressive Winger,0.4851840197334788,268.0,10,64,9,,212.13333333333333,Steven Berghuis,Netherlands,DM,Deep Playmaker,0.3572358083809437,300.0,38.0,9.0,13.0,,,212.13333333333333,both
7796,Silvan Widmer,Switzerland,Fullback/Wingback,Attacking Wingback,0.5247876692452998,135.0,43,34,4,,281.85,Silvan Widmer,Switzerland,FB,Attacking Wingback,0.4494404808886963,181.0,25.0,21.0,5.0,,,281.85,both
7797,Rodrigo Javier De Paul,Argentina,Defensive Midfield,Deep Playmaker,0.6104156809832599,11.0,1,1,4,,634.7333333333333,Rodrigo Javier De Paul,Argentina,DM,Deep Playmaker,0.5940802420773046,67.0,5.0,2.0,7.0,,,634.7333333333333,both
7829,Wout Weghorst,Netherlands,Forward,Target Forward / Penalty-Box Anchor,0.4803163325216528,289.0,55,16,11,,77.5,Wout Weghorst,Netherlands,FW,Target Forward / Penalty-Box Anchor,0.5979397131196326,62.0,21.0,5.0,4.0,,,77.5,both
7843,Mason Mount,England,Attacking Midfield/Wing,Ball-Winner,0.5337650152297947,114.0,62,16,8,,205.0,Mason Mount,England,AM,Ball-Winner,0.3829840407233456,260.0,74.0,18.0,13.0,,,205.0,both
7891,Teun Koopmeiners,Netherlands,Defensive Midfield,Box-to-Box / Engine Midfielder,0.4292930328683474,443.0,51,16,15,,242.01666666666665,Teun Koopmeiners,Netherlands,DM,Box-to-Box / Engine Midfielder,0.4223663483311338,213.0,24.0,11.0,9.0,,,242.01666666666665,both
7979,Przemysław Frankowski,Poland,Central/Wide Midfield,Wide Creator,0.4219525977297598,469.0,62,33,15,,254.5333333333333,Przemysław Frankowski,Poland,AM,Wide Creator,0.1860192821445437,522.0,117.0,24.0,12.0,,,254.5333333333333,both
7993,Filip Mladenović,Serbia,Fullback/Wingback,Wide Creator,0.4673726951141542,326.0,99,26,10,,65.31666666666666,Filip Mladenović,Serbia,FB,Wide Creator,0.2069765982902228,503.0,93.0,21.0,13.0,,,65.31666666666666,both
8064,André Onana,Cameroon,Goalkeeper,Goalkeeper,0.5102162529464621,,23,23,4,23.0,96.23333333333332,André Onana,Cameroon,GK,Goalkeeper,,,,,,,,96.23333333333332,both
8069,Matthijs de Ligt,Netherlands,Center Back,Sweeper CB,0.4327969871324577,424.0,43,30,13,,103.36666666666666,Matthijs de Ligt,Netherlands,CB,Sweeper CB,0.272270411131834,431.0,73.0,52.0,16.0,,,103.36666666666666,both
8108,Lawrence Ati-Zigi,Ghana,Goalkeeper,Goalkeeper,0.4609507596880566,,34,34,11,34.0,301.20000000000005,Lawrence Ati-Zigi,Ghana,GK,Goalkeeper,,,,,,0.1268509772652774,24.0,301.20000000000005,both
8118,Frenkie de Jong,Netherlands,Defensive Midfield,Holding Anchor,0.4879158434652568,256.0,9,11,7,,499.4500000000001,Frenkie de Jong,Netherlands,DM,Holding Anchor,0.6480577107805685,44.0,2.0,2.0,3.0,,,499.4500000000001,both
8125,Denzel Dumfries,Netherlands,Fullback/Wingback,Attacking Wingback,0.582703820584396,24.0,5,5,1,,509.51666666666665,Denzel Dumfries,Netherlands,FB,Attacking Wingback,0.4194421148043958,216.0,34.0,27.0,10.0,,,509.51666666666665,both
8217,Kingsley Coman,France,Attacking Midfield/Wing,Progressive Winger,0.5099615877415953,187.0,85,55,9,,205.56666666666663,Kingsley Coman,France,AM,Progressive Winger,0.3619895956303416,289.0,81.0,57.0,14.0,,,205.56666666666663,both
8227,Mario Götze,Germany,Central/Wide Midfield,Progressive Winger,0.4911775257964601,246.0,20,62,12,,54.10000000000001,Mario Götze,Germany,CM,Progressive Winger,0.4409725290845308,189.0,19.0,46.0,11.0,,,54.10000000000001,both
8246,Christian Pulisic,United States,Attacking Midfield/Wing,Progressive Winger,0.6370341639793836,5.0,4,4,1,,336.31666666666666,Christian Pulisic,United States,AM,Progressive Winger,0.7846501367898109,5.0,3.0,4.0,1.0,,,336.31666666666666,both
8247,Joachim Andersen,Denmark,Center Back,Sweeper CB,0.4587035700007806,353.0,18,13,14,,290.8,Joachim Andersen,Denmark,CB,Sweeper CB,0.4606469705099827,173.0,17.0,7.0,6.0,,,290.8,both
8259,Steven Bergwijn,Netherlands,Forward,Ball-Winner,0.4831648979306432,278.0,50,46,10,,219.25,Steven Bergwijn,Netherlands,FW,Pressing Forward,0.3122348951658885,366.0,72.0,17.0,15.0,,,219.25,both
8326,Andries Noppert,Netherlands,Goalkeeper,Goalkeeper,0.5528507125314223,,11,11,2,11.0,509.51666666666665,Andries Noppert,Netherlands,GK,Goalkeeper,,,,,,0.4149422162992421,10.0,509.51666666666665,both
8346,Craig Goodwin,Australia,Central/Wide Midfield,Wide Creator,0.4954301995976573,232.0,17,19,4,,241.7,Craig Goodwin,Australia,AM,Wide Creator,0.5007459096508848,128.0,42.0,4.0,1.0,,,241.7,both
8361,Ritsu Doan,Japan,Attacking Midfield/Wing,Progressive Winger,0.5225719172274618,145.0,70,46,4,,231.86666666666667,Ritsu Doan,Japan,AM,Progressive Winger,0.4791523422672081,152.0,47.0,39.0,4.0,,,231.86666666666667,both
8400,Serge Gnabry,Germany,Attacking Midfield/Wing,Progressive Winger,0.6335754957994533,7.0,5,6,2,,273.3333333333333,Serge Gnabry,Germany,AM,Progressive Winger,0.69477671461715,23.0,9.0,8.0,2.0,,,273.3333333333333,both
8507,Lukas Klostermann,Germany,Fullback/Wingback,Ball-Winner,0.5109113755734849,182.0,62,27,10,,81.51666666666667,Lukas Klostermann,Germany,FB,Ball-Winner,0.2707321665931914,433.0,70.0,39.0,14.0,,,81.51666666666667,both
8511,Thilo Kehrer,Germany,Fullback/Wingback,Two-Way Fullback,0.4725683216373869,311.0,95,4,14,,69.33333333333333,Thilo Kehrer,Germany,FB,Two-Way Fullback,0.2609010272259135,444.0,73.0,3.0,15.0,,,69.33333333333333,both
8519,Dayotchanculle Upamecano,France,Center Back,Sweeper CB,0.4200076608130877,472.0,58,44,21,,518.2333333333333,Dayotchanculle Upamecano,France,CB,Sweeper CB,0.4813273693520878,148.0,12.0,5.0,11.0,,,518.2333333333333,both
8526,Weston McKennie,United States,Central/Wide Midfield,Deep Playmaker / Metronome,0.4894261596864753,252.0,22,3,11,,273.55,Weston McKennie,United States,CM,Deep Playmaker / Metronome,0.5548046717278197,90.0,10.0,4.0,4.0,,,273.55,both
8546,Niclas Füllkrug,Germany,Forward,Target Forward / Penalty-Box Anchor,0.5352675986475384,106.0,9,2,8,,92.58333333333334,Niclas Füllkrug,Germany,FW,Target Forward / Penalty-Box Anchor,0.6731339958070209,31.0,15.0,3.0,5.0,,,92.58333333333334,both
8553,Abdou Diallo,Senegal,Center Back,Sweeper CB,0.4542613147281886,366.0,24,17,13,,348.5833333333333,Abdou Diallo,Senegal,CB,Sweeper CB,0.2895464142786448,405.0,66.0,45.0,13.0,,,348.5833333333333,both
8591,Samuel Yves Oum Gwet,Cameroon,Defensive Midfield,Holding Anchor,0.4231185801039149,467.0,65,49,14,,112.13333333333333,Samuel Yves Oum Gwet,Cameroon,DM,Holding Anchor,0.2178415094003114,494.0,79.0,54.0,15.0,,,112.13333333333333,both
8654,Ante Budimir,Croatia,Forward,Target Forward / Penalty-Box Anchor,0.4882498508307813,253.0,43,11,13,,56.316666666666656,Ante Budimir,Croatia,FW,Target Forward / Penalty-Box Anchor,0.367794427440833,282.0,64.0,20.0,16.0,,,56.316666666666656,both
8776,Takumi Minamino,Japan,Attacking Midfield/Wing,Target Forward,0.5160646023841099,162.0,76,17,5,,73.64999999999999,Takumi Minamino,Japan,AM,Target Forward,0.3066446029851593,378.0,96.0,39.0,14.0,,,73.64999999999999,both
8814,Nico Elvedi,Switzerland,Center Back,Sweeper CB,0.4134523986592076,489.0,69,55,18,,192.15,Nico Elvedi,Switzerland,CB,Sweeper CB,0.4040281663999784,232.0,27.0,16.0,8.0,,,192.15,both
8836,Karol Świderski,Poland,Forward,Holding Anchor,0.4700409888530341,321.0,65,14,5,,45.0,Karol Świderski,Poland,FW,Pressing Forward,0.34579781710871,323.0,67.0,14.0,5.0,,,45.0,both
8859,Ajdin Hrustic,Australia,Central/Wide Midfield,Ball-Winner,0.4563644331419296,361.0,49,61,10,,80.61666666666665,Ajdin Hrustic,Australia,CM,Ball-Winner,0.2200679919897947,493.0,46.0,54.0,11.0,,,80.61666666666665,both
8949,Takuma Asano,Japan,Forward,Target Forward,0.4996420669057034,213.0,30,23,9,,186.35,Takuma Asano,Japan,FW,Target Forward,0.6976411643462253,21.0,11.0,6.0,1.0,,,186.35,both
8966,Kai Havertz,Germany,Forward,Ball-Winner,0.5635954971343144,46.0,3,1,6,,112.41666666666669,Kai Havertz,Germany,FW,Pressing Forward,0.6908300394685751,25.0,13.0,3.0,3.0,,,112.41666666666669,both
9236,Mohamed Dräger,Tunisia,Fullback/Wingback,Deep Playmaker,0.5382567824969594,95.0,29,4,4,,132.28333333333333,Mohamed Dräger,Tunisia,FB,Deep Playmaker,0.3113855566191514,367.0,58.0,14.0,11.0,,,132.28333333333333,both
9411,Daichi Kamada,Japan,Attacking Midfield/Wing,Ball-Winner,0.4976731574147232,223.0,88,33,10,,337.2166666666667,Daichi Kamada,Japan,AM,Ball-Winner,0.3210781643562001,354.0,94.0,29.0,12.0,,,337.2166666666667,both
9540,Harry Wilson,Wales,Central/Wide Midfield,Wide Creator,0.4620944980259908,343.0,45,28,8,,167.23333333333332,Harry Wilson,Wales,CM,Wide Creator,0.3733499716202852,271.0,24.0,10.0,4.0,,,167.23333333333332,both
9638,Jack Grealish,England,Attacking Midfield/Wing,Ball-Winner,0.5631175457933707,47.0,25,2,5,,111.5,Jack Grealish,England,AM,Ball-Winner,0.5565494876745527,88.0,33.0,5.0,6.0,,,111.5,both
9904,Frederico Rodrigues Santos,Brazil,Defensive Midfield,Ball-Winner,0.4726061778499076,310.0,14,52,20,,151.46666666666664,Frederico Rodrigues Santos,Brazil,DM,Ball-Winner,0.3917153608329953,250.0,29.0,14.0,17.0,,,151.46666666666664,both
9914,Daniel Ward,Wales,Goalkeeper,Goalkeeper,0.4891592650399237,,25,25,5,25.0,109.33333333333334,Daniel Ward,Wales,GK,Goalkeeper,,,,,,,,109.33333333333334,both
9922,David Junior Hoilett,Canada,Central/Wide Midfield,Progressive Winger,0.4982089105020583,220.0,16,61,7,,167.4,David Junior Hoilett,Canada,AM,Progressive Winger,0.5109481876750057,118.0,40.0,34.0,4.0,,,167.4,both
9927,Rúben Diogo Da Silva Neves,Portugal,Defensive Midfield,Holding / Controlling Midfielder,0.470580683436444,315.0,16,1,15,,274.6333333333333,Rúben Diogo Da Silva Neves,Portugal,DM,Holding / Controlling Midfielder,0.4133219793337305,223.0,26.0,6.0,12.0,,,274.6333333333333,both
9980,Jamie MacLaren,Australia,Forward,Target Forward,0.4729660716255286,308.0,62,38,8,,73.01666666666667,Jamie MacLaren,Australia,FW,Target Forward,0.3089211423470596,371.0,74.0,38.0,8.0,,,73.01666666666667,both
10287,İlkay Gündoğan,Germany,Attacking Midfield/Wing,Holding Anchor,0.5429792674401587,78.0,41,2,7,,190.05,İlkay Gündoğan,Germany,AM,Linking Attacker,0.6336353573588814,45.0,19.0,1.0,7.0,,,190.05,both
10481,Aurélien Djani Tchouaméni,France,Defensive Midfield,Holding / Controlling Midfielder,0.4182780851216903,476.0,69,3,22,,662.2166666666667,Aurélien Djani Tchouaméni,France,DM,Holding / Controlling Midfielder,0.5733328174255787,78.0,8.0,2.0,9.0,,,662.2166666666667,both
10595,Raphael Dias Belloli,Brazil,Attacking Midfield/Wing,Progressive Winger,0.601422047248623,14.0,9,10,3,,330.45,Raphael Dias Belloli,Brazil,AM,Progressive Winger,0.6557866232168978,38.0,17.0,14.0,5.0,,,330.45,both
10868,Ricardo Jorge Luz Horta,Portugal,Attacking Midfield/Wing,Ball-Winner,0.5382811594649675,94.0,51,10,8,,137.89999999999998,Ricardo Jorge Luz Horta,Portugal,AM,Ball-Winner,0.4031959882028937,236.0,68.0,12.0,13.0,,,137.89999999999998,both
10931,Joe Allen,Wales,Defensive Midfield,Ball-Winner,0.4217115839900167,470.0,67,75,13,,105.6,Joe Allen,Wales,DM,Ball-Winner,0.1881305873229515,517.0,83.0,56.0,11.0,,,105.6,both
10955,Harry Kane,England,Forward,Target Forward,0.475963519374773,301.0,58,36,13,,421.51666666666665,Harry Kane,England,FW,Target Forward,0.7777404659571306,7.0,4.0,2.0,1.0,,,421.51666666666665,both
10956,Eric Dier,England,Center Back,Sweeper CB,0.4147084741441271,482.0,63,49,19,,50.64999999999999,Eric Dier,England,CB,Sweeper CB,0.3198766895176353,356.0,55.0,39.0,16.0,,,50.64999999999999,both
11127,Borna Barišić,Croatia,Fullback/Wingback,Wide Creator,0.519747313475632,153.0,51,11,7,,121.0,Borna Barišić,Croatia,FB,Wide Creator,0.3251538987192935,350.0,57.0,14.0,17.0,,,121.0,both
11135,Ibrahima Konaté,France,Center Back,Ball-Playing Centre-Back,0.4521863119946419,372.0,26,10,17,,330.8166666666667,Ibrahima Konaté,France,CB,Ball-Playing Centre-Back,0.6300370577083217,49.0,2.0,2.0,6.0,,,330.8166666666667,both
11174,Vincent Paté Aboubakar,Cameroon,Forward,Target Forward,0.4882023460957871,254.0,44,29,5,,164.23333333333332,Vincent Paté Aboubakar,Cameroon,FW,Target Forward,0.6054150185613173,60.0,20.0,10.0,1.0,,,164.23333333333332,both
11183,Alex Nicolao Telles,Brazil,Fullback/Wingback,Wide Creator,0.5067718805908338,195.0,68,14,14,,64.70000000000002,Alex Nicolao Telles,Brazil,FB,Wide Creator,0.2483712424520178,462.0,82.0,20.0,23.0,,,64.70000000000002,both
11184,Otávio Edmilson da Silva Monteiro,Portugal,Central/Wide Midfield,Deep Playmaker / Metronome,0.4860990044188063,264.0,27,4,13,,197.36666666666667,Otávio Edmilson da Silva Monteiro,Portugal,CM,Deep Playmaker / Metronome,0.5383192007545226,100.0,12.0,5.0,7.0,,,197.36666666666667,both
11187,Stephen Antunes Eustáquio,Canada,Defensive Midfield,Holding / Controlling Midfielder,0.4566110652084826,359.0,19,2,10,,125.35,Stephen Antunes Eustáquio,Canada,DM,Holding / Controlling Midfielder,0.4621165071218145,171.0,19.0,5.0,7.0,,,125.35,both
11250,Joe Rodon,Wales,Center Back,Sweeper CB,0.3779060495311767,540.0,99,78,15,,296.71666666666664,Joe Rodon,Wales,CB,Sweeper CB,0.2069777187344351,502.0,90.0,66.0,10.0,,,296.71666666666664,both
11252,Daniel James,Wales,Attacking Midfield/Wing,Ball-Winner,0.4923230851556075,243.0,90,37,4,,166.48333333333335,Daniel James,Wales,AM,Ball-Winner,0.1468788511943584,540.0,119.0,60.0,13.0,,,166.48333333333335,both
11388,Néstor Alejandro Araújo Razo,Mexico,Center Back,Deep Playmaker,0.4393433259513347,407.0,38,29,15,,96.48333333333332,Néstor Alejandro Araújo Razo,Mexico,CB,Deep Playmaker,0.33135904119492,339.0,50.0,10.0,8.0,,,96.48333333333332,both
11456,Lautaro Javier Martínez,Argentina,Forward,Target Forward / Penalty-Box Anchor,0.5676262099950731,42.0,2,1,6,,273.0,Lautaro Javier Martínez,Argentina,FW,Target Forward / Penalty-Box Anchor,0.5978735346204883,63.0,22.0,6.0,5.0,,,273.0,both
11493,Gleison Bremer Silva Nascimento,Brazil,Center Back,Sweeper CB,0.454909168449779,365.0,23,16,23,,122.33333333333331,Gleison Bremer Silva Nascimento,Brazil,CB,Sweeper CB,0.3844323283728865,258.0,31.0,20.0,18.0,,,122.33333333333331,both
11603,Mario Pašalić,Croatia,Attacking Midfield/Wing,Holding Anchor,0.4589240127716463,352.0,100,18,14,,291.16666666666663,Mario Pašalić,Croatia,AM,Linking Attacker,0.4762666649083137,157.0,48.0,2.0,12.0,,,291.16666666666663,both
11737,Krystian Bielik,Poland,Defensive Midfield,Holding Anchor,0.4268602517582696,448.0,55,41,13,,240.01666666666665,Krystian Bielik,Poland,DM,Holding Anchor,0.3934576629759922,247.0,28.0,15.0,3.0,,,240.01666666666665,both
11748,Unai Simón Mendibil,Spain,Goalkeeper,Goalkeeper,0.5530230582110877,,10,10,5,10.0,413.95,Unai Simón Mendibil,Spain,GK,Goalkeeper,,,,,,0.5702792625131764,6.0,413.95,both
11846,Steven de Sousa Vitoria,Canada,Center Back,Sweeper CB,0.3835547910600528,536.0,95,77,15,,284.9666666666667,Steven de Sousa Vitoria,Canada,CB,Sweeper CB,0.1873407782167541,518.0,95.0,68.0,15.0,,,284.9666666666667,both
11990,Youssouf Fofana,France,Defensive Midfield,Holding Anchor,0.442207685244484,397.0,29,28,19,,256.7833333333333,Youssouf Fofana,France,DM,Holding Anchor,0.3872747159997774,255.0,30.0,16.0,13.0,,,256.7833333333333,both
12034,David Raum,Germany,Fullback/Wingback,Attacking Wingback,0.5729542458268168,34.0,11,10,5,,250.3,David Raum,Germany,FB,Attacking Wingback,0.654293534634452,39.0,3.0,3.0,6.0,,,250.3,both
12041,João Félix Sequeira,Portugal,Attacking Midfield/Wing,Ball-Winner,0.5451329351361109,75.0,39,6,6,,340.2333333333333,João Félix Sequeira,Portugal,AM,Ball-Winner,0.5923753035931173,70.0,27.0,3.0,4.0,,,340.2333333333333,both
12149,Nayef Aguerd,Morocco,Center Back,Sweeper CB,0.3972656610244774,520.0,86,68,20,,369.1833333333333,Nayef Aguerd,Morocco,CB,Sweeper CB,0.0668974956441795,552.0,106.0,79.0,21.0,,,369.1833333333333,both
12169,João Maria Lobo Alves Palhinha Gonçalves,Portugal,Defensive Midfield,Ball-Winner,0.4459389684630893,389.0,27,67,18,,63.25,João Maria Lobo Alves Palhinha Gonçalves,Portugal,DM,Ball-Winner,0.3655955788349502,284.0,35.0,21.0,14.0,,,63.25,both
12325,Abdul Rahman Baba,Ghana,Fullback/Wingback,Attacking Wingback,0.5272069557209768,132.0,40,32,4,,213.6833333333333,Abdul Rahman Baba,Ghana,FB,Attacking Wingback,0.3317632957954752,338.0,55.0,43.0,6.0,,,213.6833333333333,both
12352,Matthew Charles Turner,United States,Goalkeeper,Goalkeeper,0.6048408143492741,,3,3,2,3.0,391.2,Matthew Charles Turner,United States,GK,Goalkeeper,,,,,,0.4669421385439262,9.0,391.2,both
12365,Alphonso Davies,Canada,Central/Wide Midfield,Box-to-Box / Engine Midfielder,0.5511190216573418,67.0,5,2,3,,284.9666666666667,Alphonso Davies,Canada,CM,Box-to-Box / Engine Midfielder,0.547198667863269,95.0,11.0,4.0,3.0,,,284.9666666666667,both
12524,Walker Zimmerman,United States,Center Back,Ball-Playing Centre-Back,0.3798103417064773,539.0,98,17,18,,310.06666666666666,Walker Zimmerman,United States,CB,Ball-Playing Centre-Back,0.2650749686944005,441.0,76.0,18.0,16.0,,,310.06666666666666,both
12583,Carlos Armando Gruezo Arboleda,Ecuador,Defensive Midfield,Holding Anchor,0.4309205027733281,432.0,44,36,12,,45.0,Carlos Armando Gruezo Arboleda,Ecuador,DM,Holding Anchor,0.293728277207674,399.0,60.0,41.0,11.0,,,45.0,both
12623,Pierre Kunde Malong,Cameroon,Defensive Midfield,Box-to-Box / Engine Midfielder,0.4707693297581394,314.0,15,7,8,,134.43333333333334,Pierre Kunde Malong,Cameroon,DM,Box-to-Box / Engine Midfielder,0.3456280814019326,324.0,45.0,17.0,9.0,,,134.43333333333334,both
12625,Borna Sosa,Croatia,Fullback/Wingback,Attacking Wingback,0.5513673145778707,66.0,19,16,2,,440.4666666666667,Borna Sosa,Croatia,FB,Attacking Wingback,0.4418312121045611,188.0,29.0,24.0,13.0,,,440.4666666666667,both
12751,Tyler Adams,United States,Defensive Midfield,Holding / Controlling Midfielder,0.4123984189509353,492.0,73,4,17,,391.2,Tyler Adams,United States,DM,Holding / Controlling Midfielder,0.5328785662947999,105.0,12.0,3.0,5.0,,,391.2,both
12770,Jonathan Osorio,Canada,Defensive Midfield,Ball-Winner,0.4336494966057682,423.0,39,71,13,,130.78333333333333,Jonathan Osorio,Canada,DM,Ball-Winner,0.2558682030136515,448.0,70.0,43.0,14.0,,,130.78333333333333,both
12803,Romario Andrés Ibarra Mina,Ecuador,Central/Wide Midfield,Wide Creator,0.478173684092077,297.0,32,23,6,,74.08333333333333,Romario Andrés Ibarra Mina,Ecuador,AM,Wide Creator,0.3291594041147545,342.0,91.0,13.0,8.0,,,74.08333333333333,both
13035,Kellyn Kai Perry-Acosta,United States,Defensive Midfield,Ball-Winner,0.4315529014177408,429.0,42,72,15,,61.41666666666667,Kellyn Kai Perry-Acosta,United States,DM,Ball-Winner,0.2431346016817484,469.0,73.0,48.0,17.0,,,61.41666666666667,both
13314,Famara Diedhiou,Senegal,Forward,Target Forward,0.493693946984769,240.0,40,26,7,,96.86666666666667,Famara Diedhiou,Senegal,FW,Target Forward,0.4580872827977773,176.0,47.0,22.0,6.0,,,96.86666666666667,both
13454,Nouhou Tolo,Cameroon,Fullback/Wingback,Wide Creator,0.4704210717702117,317.0,97,25,9,,292.55,Nouhou Tolo,Cameroon,FB,Wide Creator,0.1582969023013618,534.0,99.0,26.0,16.0,,,292.55,both
13620,Éder Gabriel Militão,Brazil,Fullback/Wingback,Two-Way Fullback,0.5099132335778622,188.0,65,1,13,,363.58333333333337,Éder Gabriel Militão,Brazil,FB,Two-Way Fullback,0.4006770860266124,239.0,39.0,1.0,16.0,,,363.58333333333337,both
13621,Danilo Luís Hélio Pereira,Portugal,Center Back,Sweeper CB,0.412995282890564,490.0,70,56,21,,100.11666666666666,Danilo Luís Hélio Pereira,Portugal,CB,Sweeper CB,0.3038440680918973,385.0,63.0,44.0,18.0,,,100.11666666666666,both
15326,Devis Rogers Epassy Mboka,Cameroon,Goalkeeper,Goalkeeper,0.5451850523184437,,15,15,2,15.0,196.31666666666663,Devis Rogers Epassy Mboka,Cameroon,GK,Goalkeeper,,,,,,0.3689825302852692,12.0,196.31666666666663,both
15452,Carlos Uriel Antuna Romero,Mexico,Attacking Midfield/Wing,Progressive Winger,0.5356157236911331,104.0,56,40,4,,97.33333333333336,Carlos Uriel Antuna Romero,Mexico,AM,Progressive Winger,0.2957272797339733,395.0,99.0,66.0,13.0,,,97.33333333333336,both
15872,Érick Gabriel Gutiérrez Galaviz,Mexico,Defensive Midfield,Holding Anchor,0.4241071342841049,464.0,63,47,18,,55.61666666666667,Érick Gabriel Gutiérrez Galaviz,Mexico,DM,Holding Anchor,0.280653333715356,418.0,66.0,48.0,14.0,,,55.61666666666667,both
15890,Noussair Mazraoui,Morocco,Fullback/Wingback,Wide Creator,0.5107207959755888,183.0,63,13,5,,376.8333333333333,Noussair Mazraoui,Morocco,FB,Wide Creator,0.2793240926976923,421.0,67.0,17.0,17.0,,,376.8333333333333,both
15957,Miloš Degenek,Australia,Fullback/Wingback,Deep Playmaker,0.481105328686657,285.0,90,20,7,,202.4333333333333,Miloš Degenek,Australia,FB,Deep Playmaker,0.1412965501263137,542.0,103.0,38.0,15.0,,,202.4333333333333,both
15958,Milan Borjan,Canada,Goalkeeper,Goalkeeper,0.4870388142684762,,26,26,9,26.0,284.9666666666667,Milan Borjan,Canada,GK,Goalkeeper,,,,,,0.1342459395774026,23.0,284.9666666666667,both
15970,Pape Abou Cissé,Senegal,Center Back,Sweeper CB,0.4261323376582365,452.0,50,38,17,,121.41666666666666,Pape Abou Cissé,Senegal,CB,Sweeper CB,0.1847660033565358,524.0,98.0,71.0,17.0,,,121.41666666666666,both
15971,Cameron Carter-Vickers,United States,Center Back,Sweeper CB,0.4146563223281814,483.0,64,50,16,,99.88333333333334,Cameron Carter-Vickers,United States,CB,Sweeper CB,0.3280607479506051,344.0,52.0,36.0,14.0,,,99.88333333333334,both
16015,Nicolas Moumi Ngamaleu,Cameroon,Central/Wide Midfield,Ball-Winner,0.4830797272798091,279.0,29,47,6,,100.45,Nicolas Moumi Ngamaleu,Cameroon,CM,Ball-Winner,0.3722878752357657,272.0,25.0,20.0,6.0,,,100.45,both
16026,Djibril Sow,Switzerland,Attacking Midfield/Wing,Ball-Winner,0.512453407869031,177.0,81,26,6,,267.43333333333334,Djibril Sow,Switzerland,AM,Ball-Winner,0.4395699515893873,194.0,57.0,10.0,7.0,,,267.43333333333334,both
16028,José Diogo Dalot Teixeira,Portugal,Fullback/Wingback,Attacking Wingback,0.5138075598912434,175.0,60,44,11,,269.7833333333333,José Diogo Dalot Teixeira,Portugal,FB,Attacking Wingback,0.4701170572145177,160.0,22.0,19.0,10.0,,,269.7833333333333,both
16120,Richie Laryea,Canada,Fullback/Wingback,Attacking Wingback,0.5463556183080895,72.0,21,18,4,,163.45,Richie Laryea,Canada,FB,Attacking Wingback,0.3592567455753221,294.0,48.0,38.0,10.0,,,163.45,both
16190,Rasmus Nissen Kristensen,Denmark,Fullback/Wingback,Attacking Wingback,0.5479893239827535,69.0,20,17,3,,234.21666666666664,Rasmus Nissen Kristensen,Denmark,FB,Attacking Wingback,0.4153000767542775,218.0,35.0,28.0,8.0,,,234.21666666666664,both
16252,Mark Anthony Kaye,Canada,Defensive Midfield,Box-to-Box / Engine Midfielder,0.4355179273633176,419.0,37,13,12,,59.85,Mark Anthony Kaye,Canada,DM,Box-to-Box / Engine Midfielder,0.3248234675190897,351.0,49.0,18.0,12.0,,,59.85,both
16308,Leandro Daniel Paredes,Argentina,Defensive Midfield,Holding / Controlling Midfielder,0.4065091805370355,505.0,78,5,19,,235.35,Leandro Daniel Paredes,Argentina,DM,Holding / Controlling Midfielder,0.5805306053532071,75.0,7.0,1.0,8.0,,,235.35,both
16346,Ngoran Suiru Fai Collins,Cameroon,Fullback/Wingback,Deep Playmaker,0.4738868855636057,304.0,94,23,7,,292.55,Ngoran Suiru Fai Collins,Cameroon,FB,Deep Playmaker,0.2464920280368257,464.0,83.0,24.0,12.0,,,292.55,both
16352,Issam Jebali,Tunisia,Forward,Ball-Winner,0.4995586369635421,214.0,31,31,11,,196.35,Issam Jebali,Tunisia,FW,Pressing Forward,0.458460409352835,175.0,46.0,8.0,4.0,,,196.35,both
16459,Cyle Larin,Canada,Forward,Target Forward / Penalty-Box Anchor,0.4979043642957106,221.0,34,9,8,,142.43333333333334,Cyle Larin,Canada,FW,Target Forward / Penalty-Box Anchor,0.4816329085355228,147.0,38.0,12.0,6.0,,,142.43333333333334,both
16489,Nemanja Gudelj,Serbia,Defensive Midfield,Holding Anchor,0.3912180383106702,527.0,85,65,14,,102.65,Nemanja Gudelj,Serbia,DM,Holding Anchor,0.166854838324429,531.0,86.0,59.0,15.0,,,102.65,both
16527,Mislav Oršić,Croatia,Attacking Midfield/Wing,Progressive Winger,0.5461730217222442,73.0,37,33,3,,187.31666666666663,Mislav Oršić,Croatia,AM,Progressive Winger,0.6611745805113252,37.0,16.0,13.0,5.0,,,187.31666666666663,both
16531,Dominik Livaković,Croatia,Goalkeeper,Goalkeeper,0.5457757846497371,,14,14,4,14.0,720.2833333333333,Dominik Livaković,Croatia,GK,Goalkeeper,,,,,,0.8915345191124872,2.0,720.2833333333333,both
16532,Daniel Olmo Carvajal,Spain,Attacking Midfield/Wing,Progressive Winger,0.625852557318491,8.0,6,7,1,,388.25,Daniel Olmo Carvajal,Spain,AM,Progressive Winger,0.651203808699296,41.0,18.0,15.0,4.0,,,388.25,both
16554,Joakim Mæhle,Denmark,Fullback/Wingback,Attacking Wingback,0.5343839287936281,110.0,33,27,5,,264.1,Joakim Mæhle,Denmark,FB,Attacking Wingback,0.3587734692188946,295.0,49.0,39.0,14.0,,,264.1,both
16559,Leandro Trossard,Belgium,Forward,Progressive Winger,0.4751212867328698,302.0,59,68,11,,112.5,Leandro Trossard,Belgium,FW,Progressive Winger,0.3094848262607175,370.0,73.0,62.0,10.0,,,112.5,both
17033,Mohammed Kudus,Ghana,Attacking Midfield/Wing,Progressive Winger,0.5840529456877838,23.0,14,16,1,,254.9333333333333,Mohammed Kudus,Ghana,AM,Progressive Winger,0.444982639396399,183.0,55.0,45.0,1.0,,,254.9333333333333,both
17042,Andreas Skov Olsen,Denmark,Attacking Midfield/Wing,Progressive Winger,0.5544161229404382,62.0,34,30,2,,133.4,Andreas Skov Olsen,Denmark,AM,Progressive Winger,0.3852176546200465,257.0,72.0,53.0,11.0,,,133.4,both
17043,Victor Nelsson,Denmark,Center Back,Sweeper CB,0.4146145799304583,484.0,65,51,17,,97.15,Victor Nelsson,Denmark,CB,Sweeper CB,0.3514283807253986,311.0,43.0,28.0,16.0,,,97.15,both
17974,Gregor Kobel,Switzerland,Goalkeeper,Goalkeeper,0.4740769515160244,,28,28,9,28.0,100.3,Gregor Kobel,Switzerland,GK,Goalkeeper,,,,,,,,100.3,both
18015,Dušan Vlahović,Serbia,Forward,Target Forward / Penalty-Box Anchor,0.4827968128968012,280.0,51,14,9,,86.06666666666668,Dušan Vlahović,Serbia,FW,Target Forward / Penalty-Box Anchor,0.4778657907560095,154.0,40.0,14.0,3.0,,,86.06666666666668,both
18242,Tim Ream,United States,Center Back,Ball-Playing Centre-Back,0.454130928162321,367.0,25,9,13,,391.2,Tim Ream,United States,CB,Ball-Playing Centre-Back,0.3691091059703054,278.0,35.0,13.0,12.0,,,391.2,both
18360,Rafael Alexandre Conceição Leão,Portugal,Attacking Midfield/Wing,Progressive Winger,0.5686024532028573,41.0,23,24,3,,124.01666666666668,Rafael Alexandre Conceição Leão,Portugal,AM,Progressive Winger,0.4958939947935922,133.0,44.0,36.0,9.0,,,124.01666666666668,both
18395,Vinícius José Paixão de Oliveira Júnior,Brazil,Central/Wide Midfield,Progressive Winger,0.6163286719956034,9.0,2,8,2,,306.58333333333337,Vinícius José Paixão de Oliveira Júnior,Brazil,AM,Progressive Winger,0.6808543161972733,27.0,10.0,9.0,3.0,,,306.58333333333337,both
18722,Mathias Jensen,Denmark,Central/Wide Midfield,Progressive Winger,0.5123148396928452,178.0,9,53,9,,92.11666666666666,Mathias Jensen,Denmark,CM,Progressive Winger,0.4825344455036892,145.0,16.0,38.0,5.0,,,92.11666666666666,both
19597,Marcos Javier Acuña,Argentina,Fullback/Wingback,Attacking Wingback,0.6147944713706117,10.0,1,1,3,,397.4833333333333,Marcos Javier Acuña,Argentina,FB,Attacking Wingback,0.5581718660656224,86.0,9.0,9.0,9.0,,,397.4833333333333,both
20005,Toby Alderweireld,Belgium,Center Back,Ball-Playing Centre-Back,0.4108993739024563,495.0,73,14,15,,284.26666666666665,Toby Alderweireld,Belgium,CB,Ball-Playing Centre-Back,0.248902863153843,461.0,79.0,19.0,15.0,,,284.26666666666665,both
20016,Kléper Laveran Lima Ferreira,Portugal,Center Back,Sweeper CB,0.445387192874357,390.0,32,20,19,,389.2833333333333,Kléper Laveran Lima Ferreira,Portugal,CB,Sweeper CB,0.3283257996613974,343.0,51.0,35.0,16.0,,,389.2833333333333,both
20033,Luuk de Jong,Netherlands,Forward,Target Forward / Penalty-Box Anchor,0.4768024276870216,300.0,57,17,12,,57.03333333333333,Luuk de Jong,Netherlands,FW,Target Forward / Penalty-Box Anchor,0.5762628052964922,77.0,24.0,7.0,5.0,,,57.03333333333333,both
20572,Cristian Gabriel Romero,Argentina,Center Back,Ball-Playing Centre-Back,0.2966265198257118,553.0,107,18,20,,575.9166666666666,Cristian Gabriel Romero,Argentina,CB,Ball-Playing Centre-Back,0.2136131441278169,499.0,88.0,20.0,19.0,,,575.9166666666666,both
20600,Vanja Milinković Savić,Serbia,Goalkeeper,Goalkeeper,0.5504006340140348,,13,13,3,13.0,293.65000000000003,Vanja Milinković Savić,Serbia,GK,Goalkeeper,,,,,,0.362850140588328,13.0,293.65000000000003,both
20611,Boulaye Dia,Senegal,Attacking Midfield/Wing,Target Forward,0.484942773516604,271.0,95,31,8,,330.05,Boulaye Dia,Senegal,AM,Target Forward,0.2882489124832461,407.0,105.0,43.0,14.0,,,330.05,both
20750,Cody Mathès Gakpo,Netherlands,Attacking Midfield/Wing,Progressive Winger,0.5509179340620125,68.0,35,31,3,,460.2166666666667,Cody Mathès Gakpo,Netherlands,AM,Progressive Winger,0.6788410829924933,29.0,11.0,10.0,2.0,,,460.2166666666667,both
20758,Krépin Diatta,Senegal,Attacking Midfield/Wing,Progressive Winger,0.5404862867419837,84.0,45,34,4,,181.91666666666669,Krépin Diatta,Senegal,AM,Progressive Winger,0.464670607902712,166.0,50.0,42.0,5.0,,,181.91666666666669,both
21026,Pape Gueye,Senegal,Defensive Midfield,Holding Anchor,0.4812613342385012,283.0,13,13,10,,173.06666666666666,Pape Gueye,Senegal,DM,Holding Anchor,0.3052678879594273,379.0,56.0,36.0,11.0,,,173.06666666666666,both
21214,Ilias Chair,Morocco,Central/Wide Midfield,Ball-Winner,0.4661482058317895,327.0,38,54,10,,51.150000000000006,Ilias Chair,Morocco,CM,Ball-Winner,0.2757052413803815,427.0,36.0,37.0,18.0,,,51.150000000000006,both
21736,Zakaria Aboukhlal,Morocco,Forward,Wide Creator,0.5007727421837855,211.0,29,17,8,,100.66666666666669,Zakaria Aboukhlal,Morocco,FW,Wide Creator,0.5120453658029739,117.0,29.0,3.0,4.0,,,100.66666666666669,both
21809,Jurriën David Norman Timber,Netherlands,Center Back,Sweeper CB,0.4326564263793052,425.0,44,31,14,,409.4,Jurriën David Norman Timber,Netherlands,CB,Sweeper CB,0.5060662100401793,123.0,9.0,2.0,7.0,,,409.4,both
21881,Sergino Dest,United States,Fullback/Wingback,Attacking Wingback,0.5399354471464072,86.0,26,22,6,,307.56666666666666,Sergino Dest,United States,FB,Attacking Wingback,0.5135426767799235,113.0,15.0,14.0,6.0,,,307.56666666666666,both
22008,Haji Wright,United States,Forward,Target Forward / Penalty-Box Anchor,0.5066144066918064,197.0,26,7,9,,161.88333333333335,Haji Wright,United States,FW,Target Forward / Penalty-Box Anchor,0.5715611130605074,79.0,25.0,8.0,2.0,,,161.88333333333335,both
22041,Marko Livaja,Croatia,Forward,Target Forward,0.4935745553752086,241.0,41,27,11,,255.53333333333333,Marko Livaja,Croatia,FW,Target Forward,0.6801923264583581,28.0,14.0,8.0,3.0,,,255.53333333333333,both
22067,Woo-Yeong Jeong,South Korea,Attacking Midfield/Wing,Ball-Winner,0.5359078921909469,103.0,55,13,5,,45.0,Woo-Yeong Jeong,South Korea,AM,Ball-Winner,0.3265975591937267,347.0,92.0,28.0,15.0,,,45.0,both
22084,Bukayo Saka,England,Attacking Midfield/Wing,Progressive Winger,0.585775338495093,21.0,13,15,3,,291.31666666666666,Bukayo Saka,England,AM,Progressive Winger,0.6690700924252964,33.0,13.0,11.0,3.0,,,291.31666666666666,both
22097,Randal Kolo Muani,France,Forward,Target Forward / Penalty-Box Anchor,0.5230529258737542,142.0,16,4,6,,204.11666666666667,Randal Kolo Muani,France,FW,Target Forward / Penalty-Box Anchor,0.6222708258336073,53.0,19.0,4.0,7.0,,,204.11666666666667,both
22168,Joshua Sargent,United States,Forward,Ball-Winner,0.4943071052517074,236.0,39,36,10,,162.46666666666667,Joshua Sargent,United States,FW,Pressing Forward,0.4127902570972087,224.0,54.0,10.0,11.0,,,162.46666666666667,both
22293,Harry Souttar,Australia,Center Back,Sweeper CB,0.3100330516255549,552.0,106,85,17,,386.9166666666666,Harry Souttar,Australia,CB,Sweeper CB,0.2308066553813835,482.0,84.0,61.0,9.0,,,386.9166666666666,both
22433,Jesus Ferreira,United States,Forward,Ball-Winner,0.4775789295104143,299.0,56,49,12,,45.0,Jesus Ferreira,United States,FW,Pressing Forward,0.3427199873274087,329.0,69.0,15.0,13.0,,,45.0,both
22600,Lucas Tolentino Coelho de Lima,Brazil,Defensive Midfield,Holding Anchor,0.519141565677693,154.0,5,5,11,,318.76666666666665,Lucas Tolentino Coelho de Lima,Brazil,DM,Holding Anchor,0.549454448742393,94.0,10.0,7.0,8.0,,,318.76666666666665,both
22740,Kang-In Lee,South Korea,Central/Wide Midfield,Deep Playmaker / Metronome,0.5013397330777782,210.0,13,1,11,,170.05,Kang-In Lee,South Korea,CM,Deep Playmaker / Metronome,0.5550960575986726,89.0,9.0,3.0,1.0,,,170.05,both
23527,Junya Ito,Japan,Fullback/Wingback,Attacking Wingback,0.5355596978238548,105.0,32,26,2,,346.33333333333337,Junya Ito,Japan,FB,Attacking Wingback,0.3075146600376833,377.0,61.0,46.0,13.0,,,346.33333333333337,both
23538,Sadegh Moharrami,Iran,Fullback/Wingback,Deep Playmaker,0.4897336132897165,248.0,86,18,9,,103.08333333333331,Sadegh Moharrami,Iran,FB,Deep Playmaker,0.176723457282425,528.0,98.0,34.0,15.0,,,103.08333333333331,both
23615,Gideon Mensah,Ghana,Fullback/Wingback,Wide Creator,0.4971232950877526,226.0,79,18,6,,87.51666666666667,Gideon Mensah,Ghana,FB,Wide Creator,0.3096443029586337,369.0,60.0,15.0,8.0,,,87.51666666666667,both
23640,Jonathan David,Canada,Forward,Target Forward,0.5555702609586869,56.0,5,4,2,,201.61666666666667,Jonathan David,Canada,FW,Target Forward,0.389197608419295,254.0,61.0,31.0,8.0,,,201.61666666666667,both
23721,Wataru Endo,Japan,Defensive Midfield,Box-to-Box / Engine Midfielder,0.4403337666715248,404.0,31,11,18,,326.01666666666665,Wataru Endo,Japan,DM,Box-to-Box / Engine Midfielder,0.494589947758718,134.0,15.0,6.0,2.0,,,326.01666666666665,both
23730,Takehiro Tomiyasu,Japan,Center Back,Deep Playmaker,0.4251931565235312,458.0,53,33,21,,202.35,Takehiro Tomiyasu,Japan,CB,Deep Playmaker,0.3015386933870994,389.0,64.0,15.0,18.0,,,202.35,both
23763,In-Beom Hwang,South Korea,Defensive Midfield,Holding Anchor,0.5032712617552262,205.0,6,7,10,,360.1166666666667,In-Beom Hwang,South Korea,DM,Holding Anchor,0.3702708027510871,275.0,33.0,18.0,10.0,,,360.1166666666667,both
23774,Selim Amallah,Morocco,Central/Wide Midfield,Ball-Winner,0.4025382545080872,511.0,66,77,19,,423.7,Selim Amallah,Morocco,CM,Ball-Winner,0.2259731743196847,487.0,45.0,53.0,20.0,,,423.7,both
23828,Kamal Miller,Canada,Center Back,Ball-Playing Centre-Back,0.381481471379309,538.0,97,16,16,,284.9666666666667,Kamal Miller,Canada,CB,Ball-Playing Centre-Back,0.31826126630313,357.0,56.0,16.0,13.0,,,284.9666666666667,both
23830,Jhegson Sebastián Méndez Carabalí,Ecuador,Defensive Midfield,Holding Anchor,0.3930939098078059,522.0,83,63,15,,191.45,Jhegson Sebastián Méndez Carabalí,Ecuador,DM,Holding Anchor,0.2281460136307743,484.0,76.0,52.0,15.0,,,191.45,both
23874,Ali Gholizadeh,Iran,Central/Wide Midfield,Progressive Winger,0.4866098905053727,261.0,25,63,10,,210.7333333333333,Ali Gholizadeh,Iran,AM,Progressive Winger,0.3051752347300753,381.0,97.0,63.0,11.0,,,210.7333333333333,both
23910,Youssef Msakni,Tunisia,Attacking Midfield/Wing,Progressive Winger,0.6008950542273341,15.0,10,11,1,,176.06666666666666,Youssef Msakni,Tunisia,AM,Progressive Winger,0.5934343730211639,68.0,26.0,23.0,1.0,,,176.06666666666666,both
24024,Tajon Buchanan,Canada,Central/Wide Midfield,Progressive Winger,0.5340594826272452,111.0,7,42,5,,270.08333333333337,Tajon Buchanan,Canada,AM,Progressive Winger,0.5502757091051219,92.0,34.0,28.0,2.0,,,270.08333333333337,both
24085,Pervis Josué Estupiñán Tenorio,Ecuador,Fullback/Wingback,Attacking Wingback,0.5858050345976343,20.0,3,3,1,,288.3833333333333,Pervis Josué Estupiñán Tenorio,Ecuador,FB,Attacking Wingback,0.5851839672396697,72.0,6.0,6.0,1.0,,,288.3833333333333,both
24118,Nico Schlotterbeck,Germany,Center Back,Sweeper CB,0.4385067482257955,410.0,39,26,16,,107.68333333333334,Nico Schlotterbeck,Germany,CB,Sweeper CB,0.4504841849218987,178.0,18.0,8.0,10.0,,,107.68333333333334,both
24243,Brenden Aaronson,United States,Attacking Midfield/Wing,Progressive Winger,0.5695211258073702,40.0,22,23,3,,137.45000000000002,Brenden Aaronson,United States,AM,Progressive Winger,0.507383983267481,122.0,41.0,35.0,8.0,,,137.45000000000002,both
24443,Mikkel Damsgaard,Denmark,Attacking Midfield/Wing,Wide Creator,0.4843734410961912,272.0,96,21,11,,162.56666666666666,Mikkel Damsgaard,Denmark,AM,Wide Creator,0.430594982591489,205.0,62.0,8.0,7.0,,,162.56666666666666,both
24547,Alexander Hartmann Bah,Denmark,Fullback/Wingback,Attacking Wingback,0.5387110279394806,92.0,28,24,4,,56.58333333333334,Alexander Hartmann Bah,Denmark,FB,Attacking Wingback,0.4032457941197599,235.0,37.0,30.0,10.0,,,56.58333333333334,both
24778,Eduardo Camavinga,France,Fullback/Wingback,Wide Creator,0.5238165365694396,139.0,45,10,5,,156.35,Eduardo Camavinga,France,FB,Wide Creator,0.4977306087502964,131.0,17.0,5.0,10.0,,,156.35,both
25104,Rodrygo Silva de Goes,Brazil,Central/Wide Midfield,Progressive Winger,0.5746924016518496,32.0,4,19,5,,199.3,Rodrygo Silva de Goes,Brazil,AM,Progressive Winger,0.6663794783637192,34.0,14.0,12.0,4.0,,,199.3,both
25142,Bruno Guimarães Rodriguez Moura,Brazil,Defensive Midfield,Progressive Winger,0.4834922130234622,277.0,12,66,17,,83.93333333333334,Bruno Guimarães Rodriguez Moura,Brazil,DM,Deep Playmaker,0.3309376353794098,340.0,47.0,11.0,20.0,,,83.93333333333334,both
25154,Éverton Augusto de Barros Ribeiro,Brazil,Attacking Midfield/Wing,Progressive Winger,0.5471384387331051,71.0,36,32,7,,45.68333333333333,Éverton Augusto de Barros Ribeiro,Brazil,AM,Progressive Winger,0.4369993335896308,197.0,59.0,48.0,15.0,,,45.68333333333333,both
25305,Pedro Guilherme Abreu dos Santos,Brazil,Forward,Target Forward,0.4817228616527041,282.0,52,34,18,,75.3,Pedro Guilherme Abreu dos Santos,Brazil,FW,Target Forward,0.5446466988545533,97.0,26.0,13.0,9.0,,,75.3,both
25363,Antony Matheus dos Santos,Brazil,Attacking Midfield/Wing,Progressive Winger,0.5724126093961011,36.0,18,20,6,,186.4666666666667,Antony Matheus dos Santos,Brazil,AM,Progressive Winger,0.5283832734827357,107.0,37.0,31.0,11.0,,,186.4666666666667,both
25582,Nader Ghandri,Tunisia,Center Back,Sweeper CB,0.4145306094768607,485.0,66,52,18,,102.68333333333334,Nader Ghandri,Tunisia,CB,Sweeper CB,0.2670965427215294,437.0,75.0,54.0,14.0,,,102.68333333333334,both
25719,Shūichi Gonda,Japan,Goalkeeper,Goalkeeper,0.5231464002213417,,20,20,3,20.0,412.51666666666665,Shūichi Gonda,Japan,GK,Goalkeeper,,,,,,0.3583623227557211,14.0,412.51666666666665,both
26280,Orbelín Pineda Alvarado,Mexico,Attacking Midfield/Wing,Holding Anchor,0.5422444274871944,79.0,42,3,2,,76.38333333333334,Orbelín Pineda Alvarado,Mexico,AM,Pressing Attacker,0.4220417694180039,214.0,64.0,1.0,5.0,,,76.38333333333334,both
26297,Carlos Alberto Rodríguez Gómez,Mexico,Central/Wide Midfield,Progressive Winger,0.4633824860418359,339.0,44,70,12,,48.38333333333334,Carlos Alberto Rodríguez Gómez,Mexico,CM,Progressive Winger,0.3000333361481087,392.0,34.0,65.0,11.0,,,48.38333333333334,both
26301,Ernesto Alexis Vega Rojas,Mexico,Attacking Midfield/Wing,Progressive Winger,0.5399147005889894,87.0,46,35,3,,194.16666666666663,Ernesto Alexis Vega Rojas,Mexico,AM,Progressive Winger,0.3695470657271724,276.0,78.0,55.0,7.0,,,194.16666666666663,both
26368,César Jasib Montes Castro,Mexico,Center Back,Sweeper CB,0.4414297352614972,399.0,35,23,14,,291.5,César Jasib Montes Castro,Mexico,CB,Sweeper CB,0.3180949518311973,358.0,57.0,40.0,10.0,,,291.5,both
26400,Henry Josué Martín Mex,Mexico,Forward,Target Forward,0.5118726697831095,181.0,22,19,8,,146.76666666666665,Henry Josué Martín Mex,Mexico,FW,Target Forward,0.5959915162193145,64.0,23.0,11.0,2.0,,,146.76666666666665,both
26404,Guido Rodríguez,Argentina,Defensive Midfield,Sweeper CB,0.4295862280046675,441.0,49,36,16,,56.766666666666666,Guido Rodríguez,Argentina,DM,Deep Playmaker,0.3137412031709037,363.0,53.0,13.0,15.0,,,56.766666666666666,both
26406,Jorge Eduardo Sánchez Ramos,Mexico,Fullback/Wingback,Deep Playmaker,0.5156425816007546,165.0,53,8,6,,183.1,Jorge Eduardo Sánchez Ramos,Mexico,FB,Deep Playmaker,0.2531212132840692,458.0,81.0,23.0,16.0,,,183.1,both
27163,Juan Pablo Vargas Campos,Costa Rica,Center Back,Sweeper CB,0.4062554008331671,506.0,78,60,14,,100.03333333333332,Juan Pablo Vargas Campos,Costa Rica,CB,Sweeper CB,0.2556591470059705,450.0,77.0,55.0,7.0,,,100.03333333333332,both
27569,Jesper Lindstrøm,Denmark,Attacking Midfield/Wing,Progressive Winger,0.518778221556243,157.0,74,51,7,,213.45,Jesper Lindstrøm,Denmark,AM,Progressive Winger,0.216586798003752,497.0,114.0,69.0,17.0,,,213.45,both
27719,Strahinja Pavlović,Serbia,Center Back,Wide Creator,0.4124149649432566,491.0,71,34,13,,252.85,Strahinja Pavlović,Serbia,CB,Ball-Playing Centre-Back,0.460890930275449,172.0,16.0,10.0,5.0,,,252.85,both
27768,Lisandro Martínez,Argentina,Center Back,Sweeper CB,0.4650716760480022,334.0,13,10,12,,334.91666666666663,Lisandro Martínez,Argentina,CB,Sweeper CB,0.2443731364444965,467.0,81.0,58.0,17.0,,,334.91666666666663,both
27886,Alexis Mac Allister,Argentina,Central/Wide Midfield,Ball-Winner,0.4870328717621149,258.0,23,40,9,,552.35,Alexis Mac Allister,Argentina,CM,Ball-Winner,0.64815191137244,43.0,4.0,1.0,4.0,,,552.35,both
28263,Gonzalo Ariel Montiel,Argentina,Fullback/Wingback,Deep Playmaker,0.5239677493585733,138.0,44,6,8,,130.7833333333333,Gonzalo Ariel Montiel,Argentina,FB,Deep Playmaker,0.4361473221490265,200.0,30.0,5.0,11.0,,,130.7833333333333,both
28268,Exequiel Alejandro Palacios,Argentina,Central/Wide Midfield,Holding Anchor,0.4590322140552891,351.0,48,17,13,,67.73333333333332,Exequiel Alejandro Palacios,Argentina,CM,Holding Anchor,0.3265947864213988,348.0,30.0,30.0,14.0,,,67.73333333333332,both
28370,Fran Karačić,Australia,Fullback/Wingback,Attacking Wingback,0.540044485960345,85.0,25,21,2,,100.36666666666666,Fran Karačić,Australia,FB,Attacking Wingback,0.4304186434400432,206.0,31.0,25.0,2.0,,,100.36666666666666,both
28453,Michał Skóraś,Poland,Central/Wide Midfield,Ball-Winner,0.4537013120690606,368.0,51,64,9,,51.016666666666666,Michał Skóraś,Poland,CM,Ball-Winner,0.2545867209719737,455.0,40.0,45.0,8.0,,,51.016666666666666,both
28559,Enner Remberto Valencia Lastra,Ecuador,Attacking Midfield/Wing,Target Forward,0.5711393822386381,37.0,19,2,2,,261.9166666666667,Enner Remberto Valencia Lastra,Ecuador,AM,Target Forward,0.5623420885888033,83.0,31.0,12.0,2.0,,,261.9166666666667,both
28616,Daniel-Kofi Kyereh,Ghana,Defensive Midfield,Wide Creator,0.4468719227813876,385.0,26,30,12,,59.38333333333334,Daniel-Kofi Kyereh,Ghana,DM,Deep Playmaker,0.2939692591207487,398.0,59.0,16.0,9.0,,,59.38333333333334,both
28729,Diego Nicolás De La Cruz Arcosa,Uruguay,Defensive Midfield,Ball-Winner,0.4411668943482835,402.0,30,68,14,,54.66666666666667,Diego Nicolás De La Cruz Arcosa,Uruguay,DM,Ball-Winner,0.237961555385924,474.0,74.0,51.0,15.0,,,54.66666666666667,both
28825,Luis Gerardo Chávez Magallón,Mexico,Defensive Midfield,Progressive Winger,0.5213620702108845,149.0,4,48,5,,291.5,Luis Gerardo Chávez Magallón,Mexico,DM,Holding / Controlling Midfielder,0.4775535880538956,155.0,17.0,4.0,3.0,,,291.5,both
28914,Lovro Majer,Croatia,Attacking Midfield/Wing,Progressive Winger,0.5347462802308748,108.0,58,41,5,,151.71666666666667,Lovro Majer,Croatia,AM,Progressive Winger,0.5618845569311874,84.0,32.0,27.0,7.0,,,151.71666666666667,both
28966,Gaël Ondoua,Cameroon,Defensive Midfield,Holding Anchor,0.4248714929845706,461.0,62,46,13,,57.55,Gaël Ondoua,Cameroon,DM,Holding Anchor,0.3023880287289758,387.0,57.0,38.0,10.0,,,57.55,both
29006,Noah Okafor,Switzerland,Central/Wide Midfield,Ball-Winner,0.4745680276061956,303.0,33,50,8,,58.383333333333326,Noah Okafor,Switzerland,CM,Ball-Winner,0.3275745482494094,345.0,29.0,27.0,10.0,,,58.383333333333326,both
29012,Eray Ervin Cömert,Switzerland,Center Back,Ball-Playing Centre-Back,0.4074211265614317,501.0,75,15,19,,55.48333333333333,Eray Ervin Cömert,Switzerland,CB,Ball-Playing Centre-Back,0.3087414254154384,373.0,60.0,17.0,13.0,,,55.48333333333333,both
29163,Josip Juranović,Croatia,Fullback/Wingback,Attacking Wingback,0.4380268251147022,412.0,105,53,17,,624.1333333333333,Josip Juranović,Croatia,FB,Attacking Wingback,0.3951817625847613,245.0,41.0,33.0,14.0,,,624.1333333333333,both
29201,Nahuel Molina Lucero,Argentina,Fullback/Wingback,Deep Playmaker,0.4793069534087912,294.0,93,22,10,,594.0,Nahuel Molina Lucero,Argentina,FB,Deep Playmaker,0.3587271524581797,296.0,50.0,8.0,13.0,,,594.0,both
29377,Brennan Johnson,Wales,Attacking Midfield/Wing,Ball-Winner,0.5596006543725837,51.0,29,4,1,,116.51666666666668,Brennan Johnson,Wales,AM,Ball-Winner,0.2796214913240878,420.0,106.0,35.0,8.0,,,116.51666666666668,both
29560,Julián Álvarez,Argentina,Forward,Ball-Winner,0.5327948593592183,117.0,11,17,7,,485.23333333333335,Julián Álvarez,Argentina,FW,Pressing Forward,0.7086032744113817,20.0,10.0,2.0,3.0,,,485.23333333333335,both
29595,Ko Itakura,Japan,Center Back,Sweeper CB,0.4617433977050249,344.0,16,11,15,,291.51666666666665,Ko Itakura,Japan,CB,Sweeper CB,0.3052372830856534,380.0,62.0,43.0,15.0,,,291.51666666666665,both
29758,Sam Adekugbe,Canada,Fullback/Wingback,Attacking Wingback,0.518105232128621,160.0,52,39,6,,105.6,Sam Adekugbe,Canada,FB,Attacking Wingback,0.3710140866191577,274.0,45.0,37.0,9.0,,,105.6,both
29966,Ui-Jo Hwang,South Korea,Forward,Ball-Winner,0.4621423719674333,342.0,69,58,15,,126.55,Ui-Jo Hwang,South Korea,FW,Pressing Forward,0.2942049812284173,397.0,77.0,18.0,16.0,,,126.55,both
29976,Gabriel Teodoro Martinelli Silva,Brazil,Attacking Midfield/Wing,Progressive Winger,0.5943041589287138,17.0,11,12,4,,132.53333333333333,Gabriel Teodoro Martinelli Silva,Brazil,AM,Progressive Winger,0.533198033559244,104.0,36.0,30.0,10.0,,,132.53333333333333,both
30016,Martin Hongla Yma II,Cameroon,Central/Wide Midfield,Holding Anchor,0.4535854547273966,369.0,52,21,10,,122.53333333333332,Martin Hongla Yma II,Cameroon,CM,Holding Anchor,0.3469164847283616,320.0,27.0,28.0,8.0,,,122.53333333333332,both
30111,Felix Eduardo Torres Caicedo,Ecuador,Center Back,Sweeper CB,0.4413476908491146,401.0,37,25,11,,288.3833333333333,Felix Eduardo Torres Caicedo,Ecuador,CB,Sweeper CB,0.2804698977255287,419.0,69.0,48.0,12.0,,,288.3833333333333,both
30401,Ruben Vargas,Switzerland,Attacking Midfield/Wing,Progressive Winger,0.5335441106246602,116.0,63,43,3,,286.95,Ruben Vargas,Switzerland,AM,Progressive Winger,0.4945192158914926,135.0,45.0,37.0,4.0,,,286.95,both
30486,Pedro González López,Spain,Central/Wide Midfield,Holding Anchor,0.4896918174596208,249.0,21,9,13,,372.4,Pedro González López,Spain,CM,Holding Anchor,0.6629695657170829,35.0,3.0,1.0,2.0,,,372.4,both
30500,Kevin Nahin Álvarez Campos,Mexico,Fullback/Wingback,Attacking Wingback,0.5145267776058711,169.0,56,41,7,,77.26666666666667,Kevin Nahin Álvarez Campos,Mexico,FB,Attacking Wingback,0.2246716704335252,488.0,89.0,55.0,17.0,,,77.26666666666667,both
30519,Mohamed Salisu,Ghana,Center Back,Sweeper CB,0.4610904461006059,347.0,17,12,10,,301.20000000000005,Mohamed Salisu,Ghana,CB,Sweeper CB,0.4223691559297679,211.0,22.0,12.0,4.0,,,301.20000000000005,both
30628,Daizen Maeda,Japan,Forward,Target Forward,0.4632406546149344,340.0,67,42,14,,181.16666666666663,Daizen Maeda,Japan,FW,Target Forward,0.4407871601485141,190.0,49.0,24.0,5.0,,,181.16666666666663,both
30681,Ali Abdi,Tunisia,Fullback/Wingback,Attacking Wingback,0.5234355089219259,141.0,47,35,8,,213.63333333333333,Ali Abdi,Tunisia,FB,Attacking Wingback,0.3823900940196936,261.0,43.0,35.0,7.0,,,213.63333333333333,both
30714,Jude Bellingham,England,Defensive Midfield,Box-to-Box / Engine Midfielder,0.5771478568857362,27.0,2,1,4,,441.76666666666665,Jude Bellingham,England,DM,Box-to-Box / Engine Midfielder,0.6701850254244263,32.0,1.0,1.0,2.0,,,441.76666666666665,both
30756,Anssumane Fati,Spain,Attacking Midfield/Wing,Ball-Winner,0.5338210987419457,113.0,61,15,7,,55.5,Anssumane Fati,Spain,AM,Ball-Winner,0.2925694227480235,400.0,101.0,33.0,15.0,,,55.5,both
31029,Salis Abdul Samed,Ghana,Defensive Midfield,Holding Anchor,0.4020793851019498,515.0,80,61,15,,264.95000000000005,Salis Abdul Samed,Ghana,DM,Holding Anchor,0.273877898271863,430.0,67.0,49.0,13.0,,,264.95000000000005,both
31090,Takefusa Kubo,Japan,Attacking Midfield/Wing,Target Forward,0.5144360112503282,170.0,79,18,6,,90.0,Takefusa Kubo,Japan,AM,Target Forward,0.2219643504057335,491.0,113.0,44.0,20.0,,,90.0,both
31152,Gonzalo Jordy Plata Jiménez,Ecuador,Central/Wide Midfield,Box-to-Box / Engine Midfielder,0.4994300233448735,215.0,14,4,4,,281.4,Gonzalo Jordy Plata Jiménez,Ecuador,CM,Box-to-Box / Engine Midfielder,0.4030377587116246,237.0,21.0,13.0,4.0,,,281.4,both
31295,Yahia Attiyat allah,Morocco,Fullback/Wingback,Attacking Wingback,0.5450901816745208,76.0,22,19,2,,350.18333333333334,Yahia Attiyat allah,Morocco,FB,Attacking Wingback,0.4004854694068454,240.0,40.0,32.0,9.0,,,350.18333333333334,both
31684,Atiba Hutchinson,Canada,Defensive Midfield,Holding Anchor,0.437670479967374,413.0,35,32,11,,164.2,Atiba Hutchinson,Canada,DM,Holding Anchor,0.4843920802758962,142.0,16.0,10.0,5.0,,,164.2,both
31751,Pathé Ismaël Ciss,Senegal,Defensive Midfield,Box-to-Box / Engine Midfielder,0.4300497120089022,437.0,47,14,16,,151.16666666666666,Pathé Ismaël Ciss,Senegal,DM,Box-to-Box / Engine Midfielder,0.3529482577175329,309.0,40.0,16.0,10.0,,,151.16666666666666,both
31955,Jakub Kamiński,Poland,Central/Wide Midfield,Progressive Winger,0.4809427614263337,286.0,31,67,4,,253.63333333333333,Jakub Kamiński,Poland,AM,Progressive Winger,0.346067396922658,321.0,88.0,61.0,4.0,,,253.63333333333333,both
32450,Montassar Omar Talbi,Tunisia,Center Back,Sweeper CB,0.4702868889828386,319.0,10,8,13,,296.56666666666666,Montassar Omar Talbi,Tunisia,CB,Sweeper CB,0.4368991607815123,198.0,20.0,10.0,6.0,,,296.56666666666666,both
32478,Darwin Gabriel Núñez Ribeiro,Uruguay,Attacking Midfield/Wing,Target Forward,0.5351026699576824,107.0,57,9,3,,249.21666666666664,Darwin Gabriel Núñez Ribeiro,Uruguay,AM,Target Forward,0.3503796756419161,314.0,85.0,35.0,9.0,,,249.21666666666664,both
32915,Ismail Jakobs,Senegal,Fullback/Wingback,Attacking Wingback,0.5291772489317683,125.0,36,29,5,,296.4833333333333,Ismail Jakobs,Senegal,FB,Attacking Wingback,0.3777280217169914,265.0,44.0,36.0,9.0,,,296.4833333333333,both
32975,Diogo Meireles Costa,Portugal,Goalkeeper,Goalkeeper,0.5730028320522422,,4,4,2,4.0,489.4,Diogo Meireles Costa,Portugal,GK,Goalkeeper,,,,,,0.4135086103745076,11.0,489.4,both
33018,Joško Gvardiol,Croatia,Center Back,Ball-Playing Centre-Back,0.4579531652687786,356.0,20,7,15,,720.2833333333333,Joško Gvardiol,Croatia,CB,Ball-Playing Centre-Back,0.6128264521898181,59.0,3.0,3.0,6.0,,,720.2833333333333,both
33477,Riley McGree,Australia,Forward,Ball-Winner,0.4358524952586423,417.0,76,69,12,,266.6166666666667,Riley McGree,Australia,FW,Pressing Forward,0.3639751690287969,287.0,65.0,13.0,6.0,,,266.6166666666667,both
33488,Keanu Baccus,Australia,Defensive Midfield,Deep Playmaker,0.3879210828452366,531.0,87,34,14,,133.9,Keanu Baccus,Australia,DM,Deep Playmaker,0.1485248036021418,539.0,89.0,37.0,14.0,,,133.9,both
33492,Mitchell Thomas Duke,Australia,Forward,Target Forward / Penalty-Box Anchor,0.4494418881633122,380.0,72,19,11,,272.26666666666665,Mitchell Thomas Duke,Australia,FW,Target Forward / Penalty-Box Anchor,0.3992656486279565,243.0,58.0,18.0,4.0,,,272.26666666666665,both
33495,Kye Rowles,Australia,Center Back,Sweeper CB,0.3599274215376196,546.0,101,80,16,,386.9166666666666,Kye Rowles,Australia,CB,Sweeper CB,0.0694047434853573,551.0,105.0,78.0,16.0,,,386.9166666666666,both
33572,Nathaniel Atkinson,Australia,Fullback/Wingback,Deep Playmaker,0.4922220530129221,244.0,85,17,5,,84.11666666666666,Nathaniel Atkinson,Australia,FB,Deep Playmaker,0.217330712048178,496.0,91.0,30.0,12.0,,,84.11666666666666,both
33602,Tariq Lamptey,Ghana,Fullback/Wingback,Deep Playmaker,0.4941070265252653,238.0,83,16,7,,112.21666666666664,Tariq Lamptey,Ghana,FB,Deep Playmaker,0.2333879676898611,480.0,88.0,27.0,15.0,,,112.21666666666664,both
34339,Giovanni Reyna,United States,Attacking Midfield/Wing,Progressive Winger,0.5555268008847143,57.0,31,28,5,,63.38333333333334,Giovanni Reyna,United States,AM,Progressive Winger,0.4660011170393549,165.0,49.0,41.0,10.0,,,63.38333333333334,both
34396,Michael Steveen Estrada Martínez,Ecuador,Forward,Target Forward,0.4486366474698522,382.0,73,45,10,,225.81666666666663,Michael Steveen Estrada Martínez,Ecuador,FW,Target Forward,0.3397850816459332,331.0,70.0,37.0,7.0,,,225.81666666666663,both
34639,Vitor Machado Ferreira,Portugal,Central/Wide Midfield,Deep Playmaker / Metronome,0.4704382209016004,316.0,35,5,16,,131.83333333333334,Vitor Machado Ferreira,Portugal,CM,Deep Playmaker / Metronome,0.4363770160375368,199.0,20.0,6.0,11.0,,,131.83333333333334,both
34794,Neco Williams,Wales,Fullback/Wingback,Wide Creator,0.5312261054530001,122.0,35,6,2,,216.38333333333333,Neco Williams,Wales,FB,Wide Creator,0.361094325173863,291.0,47.0,11.0,5.0,,,216.38333333333333,both
35592,Anis Ben Slimane,Tunisia,Attacking Midfield/Wing,Target Forward,0.5240212367641882,137.0,69,13,7,,149.65,Anis Ben Slimane,Tunisia,AM,Target Forward,0.3664431987757352,283.0,79.0,34.0,9.0,,,149.65,both
35658,Kamaldeen Sulemana,Ghana,Attacking Midfield/Wing,Target Forward,0.5417041858545966,82.0,43,8,3,,78.28333333333335,Kamaldeen Sulemana,Ghana,AM,Target Forward,0.2912866295260716,402.0,103.0,41.0,10.0,,,78.28333333333335,both
36148,José Adoni Cifuentes Charcopa,Ecuador,Defensive Midfield,Deep Playmaker,0.4288823043089105,444.0,52,32,14,,71.3,José Adoni Cifuentes Charcopa,Ecuador,DM,Deep Playmaker,0.2304679090617634,483.0,75.0,28.0,14.0,,,71.3,both
36288,Facundo Pellistri Rebollo,Uruguay,Attacking Midfield/Wing,Ball-Winner,0.5361934461117244,102.0,54,12,2,,191.2333333333333,Facundo Pellistri Rebollo,Uruguay,AM,Ball-Winner,0.3831928893147069,259.0,73.0,17.0,7.0,,,191.2333333333333,both
36710,Sergio Rochet Álvarez,Uruguay,Goalkeeper,Goalkeeper,0.5540899185322148,,9,9,1,9.0,298.08333333333337,Sergio Rochet Álvarez,Uruguay,GK,Goalkeeper,,,,,,0.5812763833766879,5.0,298.08333333333337,both
37122,Yuki Soma,Japan,Central/Wide Midfield,Target Forward,0.4825163424097322,281.0,30,33,13,,81.81666666666666,Yuki Soma,Japan,AM,Target Forward,0.2905377727803324,403.0,104.0,42.0,19.0,,,81.81666666666666,both
37148,Josip Šutalo,Croatia,Center Back,Sweeper CB,0.4043486080670874,507.0,79,61,19,,96.15,Josip Šutalo,Croatia,CB,Sweeper CB,0.1866789683363194,519.0,96.0,69.0,19.0,,,96.15,both
37208,Ao Tanaka,Japan,Defensive Midfield,Holding Anchor,0.4557389419630057,362.0,21,20,17,,173.13333333333333,Ao Tanaka,Japan,DM,Holding Anchor,0.33244714206353,337.0,46.0,29.0,11.0,,,173.13333333333333,both
37209,Miki Yamane,Japan,Fullback/Wingback,Attacking Wingback,0.5121048478028277,179.0,61,45,7,,61.56666666666667,Miki Yamane,Japan,FB,Attacking Wingback,0.3039853957204881,383.0,62.0,47.0,16.0,,,61.56666666666667,both
37211,Kaoru Mitoma,Japan,Fullback/Wingback,Attacking Wingback,0.4973949518295079,225.0,78,50,11,,186.11666666666667,Kaoru Mitoma,Japan,FB,Attacking Wingback,0.4829933088042084,144.0,20.0,17.0,3.0,,,186.11666666666667,both
37215,Shogo Taniguchi,Japan,Center Back,Sweeper CB,0.4347614775625371,422.0,42,29,19,,218.01666666666668,Shogo Taniguchi,Japan,CB,Sweeper CB,0.2208457106464004,492.0,87.0,64.0,21.0,,,218.01666666666668,both
37221,Hidemasa Morita,Japan,Defensive Midfield,Box-to-Box / Engine Midfielder,0.4565088198100092,360.0,20,8,16,,298.3666666666667,Hidemasa Morita,Japan,DM,Box-to-Box / Engine Midfielder,0.3774074110424397,266.0,31.0,14.0,8.0,,,298.3666666666667,both
37522,Hernán Ismael Galíndez,Ecuador,Goalkeeper,Goalkeeper,0.4556182482469681,,36,36,8,36.0,288.3833333333333,Hernán Ismael Galíndez,Ecuador,GK,Goalkeeper,,,,,,0.0,32.0,288.3833333333333,both
37641,Seung-Gyu Kim,South Korea,Goalkeeper,Goalkeeper,0.5199582909923666,,21,21,8,21.0,389.65,Seung-Gyu Kim,South Korea,GK,Goalkeeper,,,,,,0.238301189430513,20.0,389.65,both
37726,Moisés Isaac Caicedo Corozo,Ecuador,Defensive Midfield,Holding Anchor,0.4676402582130966,325.0,17,15,7,,282.9666666666667,Moisés Isaac Caicedo Corozo,Ecuador,DM,Holding Anchor,0.3158539446746449,359.0,51.0,32.0,9.0,,,282.9666666666667,both
37737,Angelo Smit Preciado Quiñónez,Ecuador,Fullback/Wingback,Deep Playmaker,0.5553740743045112,58.0,15,2,3,,276.2166666666667,Angelo Smit Preciado Quiñónez,Ecuador,FB,Deep Playmaker,0.4287372670977704,207.0,32.0,6.0,3.0,,,276.2166666666667,both
37945,Alan Steven Franco Palma,Ecuador,Central/Wide Midfield,Ball-Winner,0.4554223538615956,364.0,50,63,9,,50.41666666666666,Alan Steven Franco Palma,Ecuador,CM,Ball-Winner,0.2557229071539992,449.0,39.0,44.0,13.0,,,50.41666666666666,both
38004,Piero Martín Hincapié Reyna,Ecuador,Center Back,Sweeper CB,0.4307029456572818,434.0,47,33,13,,288.3833333333333,Piero Martín Hincapié Reyna,Ecuador,CB,Sweeper CB,0.3979295548837918,244.0,30.0,19.0,5.0,,,288.3833333333333,both
38285,Ayase Ueda,Japan,Forward,Target Forward,0.4841302436362728,275.0,48,32,12,,45.0,Ayase Ueda,Japan,FW,Target Forward,0.3913717531885872,251.0,60.0,30.0,6.0,,,45.0,both
38718,Enzo Fernandez,Argentina,Defensive Midfield,Holding Anchor,0.458067604443598,355.0,18,19,14,,601.1166666666667,Enzo Fernandez,Argentina,DM,Holding Anchor,0.595707636826323,65.0,4.0,4.0,6.0,,,601.1166666666667,both
38792,Yunus Dimoara Musah,United States,Central/Wide Midfield,Box-to-Box / Engine Midfielder,0.4509238334339932,377.0,54,10,14,,364.8666666666667,Yunus Dimoara Musah,United States,CM,Box-to-Box / Engine Midfielder,0.5714945702414778,80.0,8.0,3.0,3.0,,,364.8666666666667,both
38803,Gonçalo Matias Ramos,Portugal,Forward,Target Forward,0.5315233386614867,119.0,12,10,9,,171.88333333333333,Gonçalo Matias Ramos,Portugal,FW,Target Forward,0.730836315666662,17.0,7.0,3.0,2.0,,,171.88333333333333,both
39161,Alejandro Balde Martínez,Spain,Fullback/Wingback,Wide Creator,0.5284266596144833,127.0,37,8,8,,143.18333333333334,Alejandro Balde Martínez,Spain,FB,Wide Creator,0.3528057250903859,310.0,52.0,12.0,13.0,,,143.18333333333334,both
39565,Jamal Musiala,Germany,Attacking Midfield/Wing,Hybrid Playmaker / Roaming Creator,0.669358426581791,2.0,2,1,1,,274.06666666666666,Jamal Musiala,Germany,AM,Hybrid Playmaker / Roaming Creator,0.7310106383931627,16.0,8.0,2.0,1.0,,,274.06666666666666,both
40211,Jeremy Leonel Sarmiento Morante,Ecuador,Central/Wide Midfield,Progressive Winger,0.4842143065884127,274.0,28,65,5,,102.9,Jeremy Leonel Sarmiento Morante,Ecuador,AM,Progressive Winger,0.3793666352706086,262.0,75.0,54.0,6.0,,,102.9,both
40538,Jin-Su Kim,South Korea,Fullback/Wingback,Attacking Wingback,0.565227961170715,45.0,13,12,2,,340.68333333333334,Jin-Su Kim,South Korea,FB,Attacking Wingback,0.4274009832693673,209.0,33.0,26.0,6.0,,,340.68333333333334,both
40542,Gue-Sung Cho,South Korea,Forward,Target Forward / Penalty-Box Anchor,0.4735573030715654,305.0,60,18,14,,297.4166666666667,Gue-Sung Cho,South Korea,FW,Target Forward / Penalty-Box Anchor,0.5090025056988529,120.0,31.0,9.0,3.0,,,297.4166666666667,both
40558,Jun-Ho Son,South Korea,Defensive Midfield,Holding Anchor,0.4308336245743458,433.0,45,37,16,,89.58333333333333,Jun-Ho Son,South Korea,DM,Holding Anchor,0.3487803478842519,317.0,44.0,27.0,12.0,,,89.58333333333333,both
40564,Kyung-Won Kwon,South Korea,Center Back,Sweeper CB,0.4095030347656366,498.0,74,58,18,,106.2,Kyung-Won Kwon,South Korea,CB,Sweeper CB,0.1974828301800279,513.0,94.0,67.0,18.0,,,106.2,both
40672,Moon-Hwan Kim,South Korea,Fullback/Wingback,Attacking Wingback,0.5276617526318985,130.0,39,31,6,,389.65,Moon-Hwan Kim,South Korea,FB,Attacking Wingback,0.4430722735985922,186.0,27.0,22.0,5.0,,,389.65,both
40784,Akram Hassan Afif,Qatar,Forward,Progressive Winger,0.4369347169229461,414.0,75,71,9,,287.4,Akram Hassan Afif,Qatar,FW,Progressive Winger,0.3631784057617797,288.0,66.0,56.0,4.0,,,287.4,both
40874,Matheus Luiz Nunes,Portugal,Central/Wide Midfield,Ball-Winner,0.472861793681987,309.0,34,51,14,,82.56666666666668,Matheus Luiz Nunes,Portugal,CM,Ball-Winner,0.2650846013306998,440.0,38.0,42.0,21.0,,,82.56666666666668,both
41711,Sang-Ho Na,South Korea,Attacking Midfield/Wing,Progressive Winger,0.521387681079932,148.0,71,47,7,,129.96666666666667,Sang-Ho Na,South Korea,AM,Progressive Winger,0.3472207252149291,319.0,87.0,60.0,13.0,,,129.96666666666667,both
43565,Min Jae Kim,South Korea,Center Back,Sweeper CB,0.4023664628446137,512.0,82,64,19,,283.45,Min Jae Kim,South Korea,CB,Sweeper CB,0.4038212905045556,233.0,28.0,17.0,7.0,,,283.45,both
44166,Jakub Piotr Kiwior,Poland,Center Back,Sweeper CB,0.4437447241877791,394.0,33,21,10,,376.7,Jakub Piotr Kiwior,Poland,CB,Sweeper CB,0.2095840505140119,501.0,89.0,65.0,11.0,,,376.7,both
44225,Osman Bukari,Ghana,Attacking Midfield/Wing,Ball-Winner,0.5621863660196288,48.0,26,3,2,,79.61666666666666,Osman Bukari,Ghana,AM,Ball-Winner,0.4275021527799258,208.0,63.0,11.0,3.0,,,79.61666666666666,both
44703,Alistair Johnston,Canada,Fullback/Wingback,Attacking Wingback,0.5570024854172329,54.0,14,13,1,,284.9666666666667,Alistair Johnston,Canada,FB,Attacking Wingback,0.6040171271360943,61.0,5.0,5.0,1.0,,,284.9666666666667,both
44955,Aïssa Bilal Laïdouni,Tunisia,Defensive Midfield,Box-to-Box / Engine Midfielder,0.4850167391019438,269.0,11,6,12,,257.2333333333333,Aïssa Bilal Laïdouni,Tunisia,DM,Box-to-Box / Engine Midfielder,0.4753731167189026,158.0,18.0,8.0,3.0,,,257.2333333333333,both
45047,Alidu Seidu,Ghana,Fullback/Wingback,Deep Playmaker,0.4871309994823561,257.0,88,19,8,,165.83333333333337,Alidu Seidu,Ghana,FB,Deep Playmaker,0.2785304682153514,424.0,68.0,18.0,12.0,,,165.83333333333337,both
46258,Azzedine Ounahi,Morocco,Central/Wide Midfield,Box-to-Box / Engine Midfielder,0.4399899899084255,406.0,59,12,14,,589.25,Azzedine Ounahi,Morocco,CM,Box-to-Box / Engine Midfielder,0.4871092895653987,138.0,14.0,7.0,5.0,,,589.25,both
48347,Amadou Onana,Belgium,Defensive Midfield,Holding Anchor,0.4384277302486332,411.0,34,31,12,,109.71666666666664,Amadou Onana,Belgium,DM,Holding Anchor,0.3490766442830496,316.0,43.0,26.0,8.0,,,109.71666666666664,both
49337,Josip Stanišić,Croatia,Fullback/Wingback,Deep Playmaker,0.4969592902395732,227.0,80,13,9,,96.15,Josip Stanišić,Croatia,FB,Deep Playmaker,0.1990182528078444,511.0,96.0,33.0,18.0,,,96.15,both
50436,Fabian Rieder,Switzerland,Attacking Midfield/Wing,Deep Playmaker,0.5371556782568541,98.0,53,5,1,,73.96666666666667,Fabian Rieder,Switzerland,AM,Deep Playmaker,0.3221966704222975,353.0,93.0,12.0,12.0,,,73.96666666666667,both
50498,Pape Matar Sarr,Senegal,Attacking Midfield/Wing,Holding Anchor,0.5460870526532962,74.0,38,1,3,,68.26666666666667,Pape Matar Sarr,Senegal,AM,Linking Attacker,0.4483235085779513,182.0,54.0,3.0,7.0,,,68.26666666666667,both
50502,Nicola Zalewski,Poland,Central/Wide Midfield,Ball-Winner,0.4640421474903478,336.0,43,57,8,,73.98333333333333,Nicola Zalewski,Poland,CM,Ball-Winner,0.2680512067350952,436.0,37.0,40.0,6.0,,,73.98333333333333,both
51094,Abdulelah Al Amri,Saudi Arabia,Center Back,Sweeper CB,0.4317099099868927,428.0,45,32,15,,210.81666666666663,Abdulelah Al Amri,Saudi Arabia,CB,Sweeper CB,0.3435361655436422,328.0,46.0,31.0,8.0,,,210.81666666666663,both
51096,Ali Al Hassan,Saudi Arabia,Defensive Midfield,Target Forward,0.4323591548098185,427.0,41,47,14,,45.0,Ali Al Hassan,Saudi Arabia,DM,Ball-Winning Midfielder,0.2550041198749608,453.0,71.0,2.0,11.0,,,45.0,both
51099,Firas Tariq Nasser Al Albirakan,Saudi Arabia,Central/Wide Midfield,Target Forward,0.4861589709896334,263.0,26,30,10,,283.1333333333333,Firas Tariq Nasser Al Albirakan,Saudi Arabia,AM,Target Forward,0.197835300286819,512.0,116.0,46.0,15.0,,,283.1333333333333,both
51103,Abdullah Mohammed Madu,Saudi Arabia,Center Back,Wide Creator,0.4073249296360307,502.0,76,35,17,,52.63333333333334,Abdullah Mohammed Madu,Saudi Arabia,CB,Defensive Centre-Back,0.2022492140000473,508.0,93.0,2.0,14.0,,,52.63333333333334,both
51469,Saleh Khalid Al Shehri,Saudi Arabia,Forward,Target Forward,0.4807214335623347,288.0,54,35,11,,223.4,Saleh Khalid Al Shehri,Saudi Arabia,FW,Target Forward,0.4595810565569609,174.0,45.0,21.0,2.0,,,223.4,both
51470,Riyadh Sharahili,Saudi Arabia,Defensive Midfield,Holding Anchor,0.4174316083886948,479.0,71,53,16,,61.60000000000001,Riyadh Sharahili,Saudi Arabia,DM,Holding Anchor,0.2877628327615667,409.0,61.0,42.0,9.0,,,61.60000000000001,both
51546,Hassan Mohammed Al-Tambakti,Saudi Arabia,Center Back,Sweeper CB,0.3320995434672343,549.0,103,82,20,,201.46666666666664,Hassan Mohammed Al-Tambakti,Saudi Arabia,CB,Sweeper CB,0.1399288798151869,543.0,102.0,75.0,17.0,,,201.46666666666664,both
51632,Sami Khalil Al Naji,Saudi Arabia,Attacking Midfield/Wing,Progressive Winger,0.5381245709775445,96.0,52,38,5,,45.0,Sami Khalil Al Naji,Saudi Arabia,AM,Progressive Winger,0.4057819030466304,228.0,66.0,52.0,3.0,,,45.0,both
51705,Abdulrahman Al-Obood,Saudi Arabia,Attacking Midfield/Wing,Progressive Winger,0.5383411748323477,93.0,50,37,4,,48.73333333333333,Abdulrahman Al-Obood,Saudi Arabia,AM,Progressive Winger,0.3503111777028735,315.0,86.0,59.0,7.0,,,48.73333333333333,both
51710,Saud Abdullah Abdul Hamid,Saudi Arabia,Fullback/Wingback,Attacking Wingback,0.5138961041013735,174.0,59,43,8,,298.54999999999995,Saud Abdullah Abdul Hamid,Saudi Arabia,FB,Attacking Wingback,0.4037611984766751,234.0,36.0,29.0,4.0,,,298.54999999999995,both
51969,Jackson Gabriel Porozo Vernaza,Ecuador,Center Back,Holding Anchor,0.3832011064088544,537.0,96,68,16,,108.3,Jackson Gabriel Porozo Vernaza,Ecuador,CB,Defensive Centre-Back,0.3138646395300793,362.0,58.0,1.0,10.0,,,108.3,both
54144,Nawaf Shaker Al Abid,Saudi Arabia,Attacking Midfield/Wing,Ball-Winner,0.532470167365483,118.0,64,18,7,,89.76666666666668,Nawaf Shaker Al Abid,Saudi Arabia,AM,Ball-Winner,0.3529873623330097,308.0,84.0,24.0,6.0,,,89.76666666666668,both
56755,Abdulelah Saad Hameed Al-Malki,Saudi Arabia,Defensive Midfield,Holding Anchor,0.3835821077242202,535.0,88,67,19,,188.76666666666665,Abdulelah Saad Hameed Al-Malki,Saudi Arabia,DM,Holding Anchor,0.1555493417938937,535.0,88.0,61.0,16.0,,,188.76666666666665,both
57620,Sultan Abdullah Salim Al Ghannam,Saudi Arabia,Fullback/Wingback,Attacking Wingback,0.5364992102037931,101.0,31,25,6,,146.2,Sultan Abdullah Salim Al Ghannam,Saudi Arabia,FB,Attacking Wingback,0.2346027342182434,478.0,86.0,54.0,13.0,,,146.2,both
59493,Abderrazak Hamdallah,Morocco,Forward,Target Forward,0.5016442448235515,209.0,28,22,7,,87.4,Abderrazak Hamdallah,Morocco,FW,Target Forward,0.4144347679540878,219.0,53.0,26.0,7.0,,,87.4,both
67700,Badr Banoun,Morocco,Center Back,Sweeper CB,0.4039638731650468,509.0,81,63,18,,70.33333333333334,Badr Banoun,Morocco,CB,Sweeper CB,0.3124143649280855,365.0,59.0,41.0,14.0,,,70.33333333333334,both
68574,Nicholas Williams Arthuer,Spain,Attacking Midfield/Wing,Progressive Winger,0.5212822321847962,150.0,72,49,10,,158.76666666666668,Nicholas Williams Arthuer,Spain,AM,Progressive Winger,0.2367267012044861,475.0,112.0,68.0,18.0,,,158.76666666666668,both
74588,Christopher Wooh,Cameroon,Center Back,Sweeper CB,0.3868839696544929,534.0,94,76,18,,100.1,Christopher Wooh,Cameroon,CB,Sweeper CB,0.2245838486880312,489.0,86.0,63.0,14.0,,,100.1,both
80484,Iliman Ndiaye,Senegal,Attacking Midfield/Wing,Ball-Winner,0.5149621191958462,166.0,78,23,6,,141.14999999999998,Iliman Ndiaye,Senegal,AM,Ball-Winner,0.2976819342565134,394.0,98.0,32.0,12.0,,,141.14999999999998,both
88123,Cheikh Ahmadou Bamba Mbacke Dieng,Senegal,Forward,Target Forward,0.4700432325069389,320.0,64,40,12,,126.25,Cheikh Ahmadou Bamba Mbacke Dieng,Senegal,FW,Target Forward,0.482264193502048,146.0,37.0,19.0,4.0,,,126.25,both
95272,Hiroki Ito,Japan,Center Back,Ball-Playing Centre-Back,0.4310252663318291,431.0,46,12,20,,51.35,Hiroki Ito,Japan,CB,Ball-Playing Centre-Back,0.3572220906178588,301.0,40.0,14.0,9.0,,,51.35,both
102816,Mohamed Ali Ben Romdhane,Tunisia,Attacking Midfield/Wing,Wide Creator,0.5310697420043828,123.0,66,7,5,,73.86666666666666,Mohamed Ali Ben Romdhane,Tunisia,AM,Wide Creator,0.2638556857293427,442.0,109.0,18.0,15.0,,,73.86666666666666,both
105943,Aymen Dahmen,Tunisia,Goalkeeper,Goalkeeper,0.5405288225382232,,17,17,3,17.0,296.56666666666666,Aymen Dahmen,Tunisia,GK,Goalkeeper,,,,,,0.3481155762467816,17.0,296.56666666666666,both
105944,Wajdi Kechrida,Tunisia,Fullback/Wingback,Attacking Wingback,0.5104254889328482,185.0,64,46,10,,136.56666666666666,Wajdi Kechrida,Tunisia,FB,Attacking Wingback,0.2546416153984744,454.0,79.0,53.0,17.0,,,136.56666666666666,both
108340,Brandon Aguilera Zamora,Costa Rica,Attacking Midfield/Wing,Holding Anchor,0.4880630871202785,255.0,92,10,5,,104.15,Brandon Aguilera Zamora,Costa Rica,AM,Pressing Attacker,0.1859427072046902,523.0,118.0,3.0,12.0,,,104.15,both
124161,Mehdi Torabi,Iran,Central/Wide Midfield,Ball-Winner,0.4605913004299209,349.0,46,59,12,,95.86666666666667,Mehdi Torabi,Iran,CM,Ball-Winner,0.386961459729396,256.0,22.0,16.0,5.0,,,95.86666666666667,both
124167,Ahmad Nourollahi,Iran,Defensive Midfield,Holding Anchor,0.4258825228824618,455.0,60,45,17,,224.7,Ahmad Nourollahi,Iran,DM,Holding Anchor,0.1295782926564007,545.0,90.0,62.0,17.0,,,224.7,both
124175,Mohammad Hossein Kanani Zadegan,Iran,Center Back,Sweeper CB,0.4066899329318583,504.0,77,59,19,,58.08333333333333,Mohammad Hossein Kanani Zadegan,Iran,CB,Sweeper CB,0.1860393375370367,521.0,97.0,70.0,14.0,,,58.08333333333333,both
124488,Hassan Khalid Al Heidos,Qatar,Central/Wide Midfield,Ball-Winner,0.3991907708712535,517.0,67,79,15,,209.0833333333333,Hassan Khalid Al Heidos,Qatar,CM,Ball-Winner,0.3352096964153063,334.0,28.0,25.0,6.0,,,209.0833333333333,both
124492,Karim Boudiaf,Qatar,Defensive Midfield,Holding Anchor,0.4091726719142073,499.0,76,58,13,,195.86666666666665,Karim Boudiaf,Qatar,DM,Holding Anchor,0.2046921466117138,507.0,80.0,55.0,11.0,,,195.86666666666665,both
124493,Boualem Khoukhi,Qatar,Center Back,Sweeper CB,0.4584606971578239,354.0,19,14,8,,287.4,Boualem Khoukhi,Qatar,CB,Sweeper CB,0.4311734374938712,203.0,21.0,11.0,3.0,,,287.4,both
124494,Abdelkarim Hassan Al Haj Fadlalla,Qatar,Center Back,Wide Creator,0.4657135021406581,329.0,11,27,7,,287.4,Abdelkarim Hassan Al Haj Fadlalla,Qatar,CB,Ball-Playing Centre-Back,0.4625285948078017,169.0,15.0,9.0,2.0,,,287.4,both
124495,Almoez Ali Zainalabiddin Abdulla,Qatar,Forward,Ball-Winner,0.4358373717082552,418.0,77,70,10,,231.4,Almoez Ali Zainalabiddin Abdulla,Qatar,FW,Pressing Forward,0.2745140367531593,429.0,79.0,20.0,9.0,,,231.4,both
124496,Saad Abdullah Al Sheeb,Qatar,Goalkeeper,Goalkeeper,0.4812132604584685,,27,27,3,27.0,95.31666666666666,Saad Abdullah Al Sheeb,Qatar,GK,Goalkeeper,,,,,,,,95.31666666666666,both
124500,Assim Omer Al Haj Madibo,Qatar,Defensive Midfield,Holding Anchor,0.407443245704231,500.0,77,59,14,,159.85,Assim Omer Al Haj Madibo,Qatar,DM,Holding Anchor,0.2876921761477582,410.0,62.0,43.0,7.0,,,159.85,both
124503,Bassam Hisham Al Rawi,Qatar,Center Back,Sweeper CB,0.424912621944613,459.0,54,40,11,,95.31666666666666,Bassam Hisham Al Rawi,Qatar,CB,Sweeper CB,0.3368764966960235,332.0,47.0,32.0,5.0,,,95.31666666666666,both
124506,Pedro Miguel Correia,Qatar,Center Back,Deep Playmaker,0.4798562716675784,292.0,5,21,4,,273.6,Pedro Miguel Correia,Qatar,CB,Deep Playmaker,0.2055122026025196,505.0,92.0,32.0,10.0,,,273.6,both
124510,Meshaal Aissa Barsham,Qatar,Goalkeeper,Goalkeeper,0.4697615376554545,,30,30,6,30.0,192.0833333333333,Meshaal Aissa Barsham,Qatar,GK,Goalkeeper,,,,,,0.035732143302593,31.0,192.0833333333333,both
124514,Abdulaziz Hatem Mohammed Abdullah,Qatar,Central/Wide Midfield,Ball-Winner,0.4204809386674611,471.0,63,76,12,,207.5,Abdulaziz Hatem Mohammed Abdullah,Qatar,CM,Ball-Winner,0.1832804910312814,525.0,47.0,58.0,12.0,,,207.5,both
124899,Ismaeel Mohammad Mohammad,Qatar,Fullback/Wingback,Attacking Wingback,0.4974917005533745,224.0,77,49,1,,180.61666666666665,Ismaeel Mohammad Mohammad,Qatar,FB,Attacking Wingback,0.2769361198600297,426.0,69.0,50.0,8.0,,,180.61666666666665,both
124900,Homam Alamin Ahmed,Qatar,Fullback/Wingback,Wide Creator,0.4797247188560721,293.0,92,22,5,,273.5,Homam Alamin Ahmed,Qatar,FB,Wide Creator,0.1061787722156237,549.0,106.0,29.0,13.0,,,273.5,both
124901,Mohammed Muntari,Qatar,Forward,Target Forward / Penalty-Box Anchor,0.4840006288918348,276.0,49,13,2,,77.74999999999999,Mohammed Muntari,Qatar,FW,Target Forward / Penalty-Box Anchor,0.5019021195041381,127.0,33.0,10.0,1.0,,,77.74999999999999,both
125818,Ali Karimi,Iran,Defensive Midfield,Holding Anchor,0.4366177584375894,415.0,36,33,16,,117.81666666666668,Ali Karimi,Iran,DM,Holding Anchor,0.2438378269554718,468.0,72.0,50.0,12.0,,,117.81666666666668,both
125823,Seyed Hossein Hosseini,Iran,Goalkeeper,Goalkeeper,0.4541824183221987,,37,37,13,37.0,186.01666666666665,Seyed Hossein Hosseini,Iran,GK,Goalkeeper,,,,,,0.036675088757819,30.0,186.01666666666665,both
130185,Keysher Fuller Spence,Costa Rica,Fullback/Wingback,Deep Playmaker,0.469431355591666,324.0,98,24,6,,267.91666666666663,Keysher Fuller Spence,Costa Rica,FB,Deep Playmaker,0.1498323846807878,538.0,101.0,36.0,14.0,,,267.91666666666663,both
132271,Carlos Manuel Martínez Castro,Costa Rica,Fullback/Wingback,Deep Playmaker,0.4993080810959838,216.0,75,12,3,,45.0,Carlos Manuel Martínez Castro,Costa Rica,FB,Deep Playmaker,0.2555480065760862,451.0,77.0,21.0,8.0,,,45.0,both
132296,Anthony Daniel Contreras Enríquez,Costa Rica,Forward,Target Forward,0.4434980450521558,395.0,74,46,9,,132.78333333333333,Anthony Daniel Contreras Enríquez,Costa Rica,FW,Target Forward,0.2053009357810431,506.0,81.0,45.0,11.0,,,132.78333333333333,both
132497,Gerson Torres Barrantes,Costa Rica,Attacking Midfield/Wing,Ball-Winner,0.5101332643286524,186.0,84,28,2,,64.06666666666666,Gerson Torres Barrantes,Costa Rica,AM,Ball-Winner,0.2537010601584055,457.0,110.0,46.0,9.0,,,64.06666666666666,both
132728,Jewison Bennette,Costa Rica,Attacking Midfield/Wing,Ball-Winner,0.5157418359592647,164.0,77,22,1,,119.31666666666666,Jewison Bennette,Costa Rica,AM,Ball-Winner,0.2140743369405746,498.0,115.0,55.0,10.0,,,119.31666666666666,both
132756,Youstin Delfin Salas Gómez,Costa Rica,Fullback/Wingback,Two-Way Fullback,0.4937644920036661,239.0,84,3,4,,62.56666666666666,Youstin Delfin Salas Gómez,Costa Rica,FB,Two-Way Fullback,0.2881625265772701,408.0,65.0,2.0,5.0,,,62.56666666666666,both
133229,Ismael Koné,Canada,Defensive Midfield,Holding Anchor,0.428012899908947,445.0,53,39,14,,122.08333333333334,Ismael Koné,Canada,DM,Holding Anchor,0.3575960691079938,298.0,37.0,22.0,11.0,,,122.08333333333334,both
133353,Pablo Martín Páez Gavira,Spain,Central/Wide Midfield,Ball-Winner,0.4916868276288278,245.0,19,38,12,,293.45,Pablo Martín Páez Gavira,Spain,CM,Ball-Winner,0.5029545070562864,126.0,13.0,7.0,9.0,,,293.45,both
139016,Achraf Dari,Morocco,Center Back,Sweeper CB,0.3926553624669481,524.0,88,70,21,,200.45,Achraf Dari,Morocco,CB,Sweeper CB,0.3357850951027928,333.0,48.0,33.0,13.0,,,200.45,both
143854,António João Pereira Albuquerque Tavares Silva,Portugal,Center Back,Sweeper CB,0.4138042301468497,487.0,67,53,20,,96.98333333333332,António João Pereira Albuquerque Tavares Silva,Portugal,CB,Sweeper CB,0.2839731675208207,413.0,68.0,47.0,19.0,,,96.98333333333332,both
149714,Abdessamad Ezzalzouli,Morocco,Attacking Midfield/Wing,Wide Creator,0.5340235668499261,112.0,60,5,4,,106.91666666666669,Abdessamad Ezzalzouli,Morocco,AM,Wide Creator,0.3927950851028626,249.0,70.0,9.0,10.0,,,106.91666666666669,both
156734,Bilal El Khannous,Morocco,Central/Wide Midfield,Ball-Winner,0.4465013555214803,386.0,57,66,12,,55.03333333333333,Bilal El Khannous,Morocco,CM,Ball-Winner,0.245999955671184,465.0,41.0,47.0,19.0,,,55.03333333333333,both
227697,Garang Kuol,Australia,Forward,Ball-Winner,0.4859087878979158,265.0,47,43,6,,50.11666666666666,Garang Kuol,Australia,FW,Pressing Forward,0.4045583389745938,231.0,57.0,12.0,3.0,,,50.11666666666666,both
296254,Walid Cheddira,Morocco,Forward,Target Forward,0.4959380851785387,231.0,37,25,9,,75.73333333333333,Walid Cheddira,Morocco,FW,Target Forward,0.4124892395686904,225.0,55.0,27.0,8.0,,,75.73333333333333,both
