team,player_id,actions,aerial_events,aerial_wins,average_x,average_y,blocks,box_passes,carries,carry_progression_sum,clearances,completed_passes,counterpressures,crosses,dribbled_past,dribbles,duels,duels_won,final_third_passes,fouls,goals,interceptions,interceptions_won,key_passes,minutes,pass_progression_sum,passes,pressures,progressive_carries,progressive_passes,recoveries,shots,successful_dribbles,successful_under_pressure_actions,switches,through_balls,turnovers,under_pressure_actions,xg_sum,player,position,position_group,aerial_dominance_index,pressing_intensity_index,speed_recovery_index,shots_p90,progressive_carries_p90,dribbles_p90,clearances_p90,progressive_passes_p90,key_passes_p90,crosses_p90,interceptions_p90,turnovers_p90,xg_p90,duel_win_rate,pass_completion,aerial_dominance_index_percentile,pressing_intensity_index_percentile,speed_recovery_index_percentile,vaep_total,vaep_offense,vaep_defense,total_touches,xt_total,xa_sum,events_with_360_context,vaep_off_p90,vaep_def_p90,vaep_total_p90,vaep_per_touch,xt_p90,xa_p90,final_player_rating,team_rank,player_evaluation_score,pass_start_x,pass_start_y,line_breaking_pass_rate,pressure_state_rate,distribution_under_pressure,pass_receipt_x,pass_receipt_y,playstyle_cluster,functional_role,spatial_point_count,final_third_share,average_spatial_x,average_spatial_y,Functional role
Argentina,5503,1459,15,5,527.7926213313835,348.8641794944994,4,25,391,1664.8000000000002,1,306,33,7,5,36,15,4,32,11,9,0,0,19,733.9,2713.7000000000003,371,89,56,89,30,34,26,339,11,8,110,359,7.598649225,Lionel Andrés Messi Cuccittini,Right Wing,Attacking Midfield/Wing,0.3333333333333333,10.914293500476905,3.678975337239406,4.16950538220466,6.867420629513558,4.414770404687287,0.12263251124131354,10.914293500476905,2.330017713584957,0.8584275786891947,0.0,13.489576236544488,0.9318414365036108,0.26666666666666666,0.8247978436657682,45.220588235294116,40.294117647058826,59.19117647058824,13.65460428831284,13.04067076058709,0.6139335277257487,1361,1.0731222136471201,2.445524903,1553,1.599210203641965,0.07528821024024715,1.6744984138822123,0.010032773172897016,0.13159967192838373,0.29990086015805967,0.866578973278652,1,0.866578973278652,77.21024258760107,47.97681940700809,0.22371967654986524,0.20215633423180593,0.8666666666666667,74.51611570247934,50.682644628099176,3,Progressive Winger,2130,0.4516431924882629,74.40313197352673,47.11652497318247,Progressive Winger
Argentina,29560,606,16,4,539.2488229978061,231.72130497591263,11,5,106,495.5,3,93,41,4,5,4,18,4,2,16,4,2,0,2,485.23333333333335,378.79999999999995,124,118,17,5,14,11,0,88,3,0,51,101,1.908327433,Julián Álvarez,Center Forward,Forward,0.25,22.257333241739367,2.5966888782029263,2.0402555471594424,3.1531222092464106,0.741911108057979,0.5564333310434842,0.9273888850724737,0.3709555540289895,0.741911108057979,0.3709555540289895,9.459366627739232,0.35395233008861715,0.2222222222222222,0.75,39.11764705882353,90.0,36.911764705882355,6.3374534300819505,5.89596407438512,0.4414893556968309,458,0.21971160399131776,0.058412518,658,1.093570309874275,0.08188646427020975,1.1754567741444848,0.013837234563497709,0.04075161989259861,0.010834223988459159,0.6000298814198114,2,0.6000298814198114,78.3008064516129,34.63629032258064,0.10483870967741936,0.21774193548387097,0.6666666666666666,81.68341968911916,36.5419689119171,1,Target Forward,751,0.49001331557922767,73.7354535710771,35.72071903707524,Target Forward
Argentina,2995,639,1,0,411.8647178591491,250.289754632405,4,16,184,792.0,0,126,15,24,4,29,3,1,2,0,1,2,2,11,304.81666666666666,673.6,164,34,27,25,10,7,18,127,13,1,49,143,0.53383544,Ángel Fabián Di María Hernández,Right Midfield,Central/Wide Midfield,0.0,10.924599486029853,2.9525944556837445,2.066816118978621,7.97200503034611,8.562523921482859,0.0,7.381486139209361,3.247853901252119,7.086226693640986,0.5905188911367488,14.467712832850347,0.15761995603914924,0.3333333333333333,0.7682926829268293,15.0,40.44117647058824,44.11764705882353,3.1278323188016657,2.880570494249696,0.24726182455196977,596,0.648025483917944,0.745090994,669,0.8505156470527835,0.07300638922743927,0.9235220362802228,0.005248040803358499,0.19133564509578968,0.21999515378642898,0.5016025594002769,3,0.5016025594002769,87.11219512195122,51.25426829268293,0.10365853658536585,0.1402439024390244,0.8260869565217391,81.01940298507462,53.39154228855722,3,Progressive Winger,895,0.6145251396648045,81.17418989172067,50.88006090190094,Progressive Winger
Argentina,6909,401,0,0,65.52586562349427,285.4535390843195,0,0,99,189.9,1,123,0,0,0,0,0,0,5,0,0,0,0,0,733.9,6160.1,186,0,4,61,30,0,0,45,8,1,63,56,0.0,Damián Emiliano Martínez,Goalkeeper,Goalkeeper,0.0,0.0,3.678975337239406,0.0,0.49053004496525415,0.0,0.12263251124131354,7.480583185720126,0.0,0.0,0.0,7.725848208202753,0.0,0.0,0.6612903225806451,15.0,2.941176470588235,59.19117647058824,4.8245240371034015,0.017528076248709112,4.806995960854692,370,0.007170817766240611,0.0,481,0.002149512007608421,0.5894939862064619,0.5916434982140703,0.013039254154333518,0.0008793753903279126,0.0,0.2999094004314008,4,0.2999094004314008,11.218817204301073,41.306451612903224,0.5483870967741935,0.12365591397849462,0.5217391304347826,10.121176470588235,40.783529411764704,7,Goalkeeper,566,0.01060070671378092,14.740293402862438,40.67319539391786,Goalkeeper
Argentina,38718,1494,19,8,407.74158517325986,275.59178227085204,7,10,381,1012.2,13,416,40,3,14,6,31,13,44,9,1,5,4,6,601.1166666666667,3317.2,470,107,30,92,25,9,3,103,13,7,64,117,1.050628615,Enzo Fernandez,Center Defensive Midfield,Defensive Midfield,0.42105263157894735,17.5173981756176,3.743033798208889,1.3474921673552,4.491640557850666,0.8983281115701334,1.9463775750686223,13.77436437740871,0.8983281115701334,0.4491640557850667,0.7486067596417778,9.582166523414756,0.15730153661241575,0.41935483870967744,0.8851063829787233,51.911764705882355,76.02941176470588,61.029411764705884,1.471256340504624,1.9055798979534302,-0.43432355744880624,1310,0.302539964092392,0.70932691,1541,0.2853059985290854,-0.06502751019556807,0.22027848833351732,0.0011230964431333007,0.045296692436269076,0.106201383924363,0.11953551158695247,5,0.11953551158695247,58.32638297872341,39.446382978723406,0.20212765957446807,0.08085106382978724,0.7368421052631579,58.77103448275862,38.852413793103445,2,Ball-Winner,2224,0.16052158273381295,58.630212521154455,40.381020873848,Ball-Winner
Argentina,27886,988,16,5,416.5842190943744,156.11988930123317,20,7,253,822.5,5,242,28,2,5,6,21,7,13,1,1,4,3,8,552.35,1176.1000000000001,271,70,26,38,27,7,5,162,1,0,48,174,0.501838363,Alexis Mac Allister,Left Center Midfield,Central/Wide Midfield,0.3125,12.383452521046438,4.399384448266497,1.1405811532542771,4.236444283515887,0.9776409885036661,0.8147008237530551,6.191726260523219,1.3035213180048881,0.32588032950122203,0.6517606590024441,7.821127908029329,0.08176962554539692,0.3333333333333333,0.8929889298892989,42.79411764705882,47.647058823529406,73.08823529411764,1.3808924019394908,1.2590250675857533,0.12186733435373753,858,0.036049911505368584,0.7430547270000001,1040,0.2051457519375718,0.01985708353731579,0.2250028354748876,0.0016094317038921804,0.0058739785199297045,0.1210734596361003,0.1141590429525974,6,0.1141590429525974,71.66309963099631,27.120664206642065,0.1070110701107011,0.15867158671586715,0.7906976744186046,73.02317880794702,26.621523178807948,2,Ball-Winner,1422,0.3888888888888889,69.79635705540448,28.45276960609889,Ball-Winner
Argentina,29201,1027,8,0,415.00537065458224,490.3526306737672,10,4,238,664.4000000000001,8,296,36,6,4,3,21,4,23,2,1,9,4,3,594.0,2296.3,360,72,21,69,17,2,1,91,6,1,73,104,0.485319467,Nahuel Molina Lucero,Right Wing Back,Fullback/Wingback,0.0,12.878787878787879,2.5757575757575757,0.30303030303030304,3.1818181818181817,0.45454545454545453,1.2121212121212122,10.454545454545455,0.45454545454545453,0.9090909090909091,1.3636363636363635,11.06060606060606,0.07353325257575757,0.19047619047619047,0.8222222222222222,15.0,51.17647058823529,36.3235294117647,1.2694152347394265,1.4098171130171977,-0.14040187827777117,897,0.1261043019115778,0.27210495900000004,1050,0.2136086534874542,-0.02127301186026836,0.19233564162718583,0.0014151786340461834,0.01910671241084512,0.041228024090909095,0.10041371688597579,7,0.10041371688597579,59.511944444444445,70.85138888888889,0.19722222222222222,0.09722222222222222,0.6857142857142857,61.901754385964914,69.84982456140351,6,Box-to-Box Runner,1384,0.24927745664739884,60.062319777892654,67.04252923970114,Box-to-Box Runner
Argentina,7797,1767,6,2,446.410918700777,407.33297204351726,8,7,461,1205.7,4,475,42,15,8,13,15,8,38,10,0,10,6,7,634.7333333333333,3559.7,563,111,41,90,34,7,3,169,11,7,104,188,0.570042511,Rodrigo Javier De Paul,Right Defensive Midfield,Defensive Midfield,0.3333333333333333,18.007562230858102,4.820922172040752,0.9925428001260371,5.8134649721667895,1.8432937716626405,0.5671673143577355,12.761264573049049,0.9925428001260371,2.126877428841508,1.4179182858943389,14.746350173301124,0.08082737000840248,0.5333333333333333,0.8436944937833037,45.220588235294116,78.67647058823529,78.82352941176471,1.006516628258396,0.7639442768122535,0.24257235144614242,1598,0.3473731174861688,0.24525113799999998,1832,0.10832105594964207,0.03439477727678734,0.14271583322642942,0.0006298602179339148,0.049254669531176125,0.034774607320659595,0.08139780858483012,8,0.08139780858483012,65.76056838365896,58.065364120781524,0.1847246891651865,0.08703374777975133,0.8163265306122449,64.87304832713754,57.856319702602235,6,Box-to-Box Runner,2538,0.2773837667454689,65.04994533638595,56.042490643467325,Box-to-Box Runner
Argentina,5507,555,9,8,385.07818277420716,69.34737906848544,13,3,122,167.6999999999999,9,153,32,2,0,3,12,5,4,7,0,4,2,2,393.3333333333333,1296.4,182,56,4,25,13,3,1,54,0,1,34,62,0.91222105,Nicolás Alejandro Tagliafico,Left Back,Fullback/Wingback,0.8888888888888888,13.728813559322035,2.9745762711864407,0.6864406779661018,0.9152542372881356,0.6864406779661018,2.0593220338983054,5.720338983050848,0.4576271186440678,0.4576271186440678,0.9152542372881356,7.779661016949153,0.20872854533898308,0.4166666666666667,0.8406593406593407,90.88235294117646,57.647058823529406,44.70588235294118,0.6516024965094402,0.546972861251561,0.10462963525787927,453,0.07848179286255656,0.140677367,579,0.12515480723552666,0.02394067925392153,0.1490954864894482,0.0014384161070848571,0.017957698366856165,0.03218888905932203,0.0785708077502208,9,0.0785708077502208,63.4521978021978,8.49945054945055,0.23076923076923078,0.12637362637362637,0.782608695652174,69.31086956521739,10.368115942028986,4,Wide Creator,742,0.27628032345013476,62.2626082089597,13.559101808556974,Wide Creator
Argentina,19597,695,18,10,409.8304413891198,62.84540420888025,14,4,168,577.2,7,170,17,14,4,5,19,8,10,9,0,3,2,5,397.4833333333333,1297.8999999999999,217,52,20,31,18,2,1,74,5,1,60,86,0.076122072,Marcos Javier Acuña,Left Back,Fullback/Wingback,0.5555555555555556,12.453352341817268,4.075642584594743,0.4528491760660825,4.528491760660825,1.1321229401652062,1.5849721162312886,7.019162229024278,1.1321229401652062,3.1699442324625773,0.6792737640991238,13.585475281982475,0.017235908792821504,0.42105263157894735,0.783410138248848,68.6029411764706,48.23529411764706,67.79411764705883,0.2434391590359155,0.30931922295712866,-0.06588006392121315,594,0.24586056089672104,0.306373818,736,0.07003747762876829,-0.01491686633295111,0.055120611295817176,0.00040983023406719783,0.055668876214612514,0.06937056552475997,0.038817029961051255,10,0.038817029961051255,67.58617511520738,9.761751152073733,0.17050691244239632,0.11059907834101383,0.6666666666666666,70.96984126984127,11.287301587301588,4,Attacking Wingback,921,0.36047774158523344,65.60816220213209,15.278130922662909,Attacking Wingback
Argentina,27768,458,10,5,231.87590818077803,111.58665549743927,3,1,114,313.9,14,132,11,0,0,0,13,4,12,2,0,3,1,0,334.91666666666663,1652.4,154,23,11,45,6,1,0,41,4,0,24,47,0.33156127,Lisandro Martínez,Left Center Back,Center Back,0.5,6.98681263996019,1.6123413784523515,0.2687235630753919,2.9559591938293113,0.0,3.762129883055487,12.092560338392637,0.0,0.0,0.8061706892261757,6.449365513809406,0.08909832585220205,0.3076923076923077,0.8571428571428571,60.514705882352935,18.970588235294116,17.941176470588236,0.12164948240388185,0.16804122738540173,-0.04639174498151988,398,0.035286544197594284,0.0,470,0.045156637366567276,-0.012466555008718953,0.03269008235784832,0.00030565196583889914,0.009482325885394832,0.0,0.018333201945754798,11,0.018333201945754798,48.28636363636364,20.525974025974026,0.2662337662337662,0.15584415584415584,0.75,48.206299212598424,21.65275590551181,5,Sweeper CB,628,0.07961783439490445,49.32876019957729,23.184528803430297,Sweeper CB
Argentina,3090,1646,44,27,288.6156737910704,234.22893667811002,8,2,445,1260.4,34,528,16,1,4,0,26,4,26,13,0,10,2,2,733.9,4397.3,565,54,40,155,27,1,0,45,9,0,38,60,0.048093256,Nicolás Hernán Otamendi,Left Center Back,Center Back,0.6136363636363636,7.8484807194440664,3.3110778035154653,0.12263251124131354,4.905300449652541,0.0,4.16950538220466,19.008039242403598,0.24526502248262708,0.12263251124131354,1.2263251124131354,4.660035427169914,0.00589779675705137,0.15384615384615385,0.9345132743362832,74.55882352941177,22.941176470588236,52.20588235294118,-1.0684827742225025,0.3106660110934172,-1.3791487853159197,1487,0.007443250669854328,0.3981996,1676,0.03809775309770752,-0.16912847891869842,-0.1310307258209909,-0.0007185492765450588,0.0009127845214428254,0.04883221692328655,-0.0655483707891704,12,-0.0655483707891704,42.77805309734513,34.09893805309735,0.184070796460177,0.061946902654867256,0.5714285714285714,41.86631578947368,33.362526315789474,0,Deep Playmaker,2459,0.032126880845872306,43.31151519902021,34.19974465102643,Deep Playmaker
Argentina,20572,1094,25,16,281.64367293391103,385.8637587013706,9,0,291,871.8000000000001,26,330,19,2,5,2,16,4,17,13,0,9,4,0,575.9166666666666,3343.2,372,58,29,96,16,0,2,67,6,0,43,73,0.0,Cristian Gabriel Romero,Right Center Back,Center Back,0.64,10.470264795253943,2.5003617421501954,0.0,4.531905657647229,0.3125452177687744,4.063087830994068,15.002170452901174,0.0,0.3125452177687744,1.406453479959485,6.719722182028651,0.0,0.25,0.8870967741935484,76.3235294117647,37.64705882352941,34.11764705882353,-1.0461334649298806,-0.02956898615229875,-1.0165644787775818,958,0.016633926940104272,0.0,1120,-0.004620822608086044,-0.15886118319776998,-0.16348200580585603,-0.0010919973537890193,0.0025994271589223866,0.0,-0.08154871667728024,13,-0.08154871667728024,42.965591397849465,56.9268817204301,0.23387096774193547,0.0913978494623656,0.8235294117647058,42.13082191780822,55.76438356164384,0,Deep Playmaker,1618,0.04697156983930779,43.31649576584673,54.30010916411554,Deep Playmaker
Australia,5481,497,30,17,291.60313894313293,235.70412202210875,11,3,98,343.8,6,69,19,2,7,14,17,3,4,8,1,2,1,2,341.6166666666667,622.6000000000001,103,68,12,14,16,1,3,87,1,0,54,114,0.11353828,Mathew Leckie,Right Midfield,Central/Wide Midfield,0.5666666666666667,18.441723179001805,4.21525101234327,0.26345318827145436,3.1614382592574524,3.688344635800361,1.5807191296287262,3.688344635800361,0.5269063765429087,0.5269063765429087,0.5269063765429087,14.226472166658535,0.0299120218568571,0.17647058823529413,0.6699029126213593,70.0,79.8529411764706,70.0,1.5018715535697993,1.5405104227538686,-0.038638869184069335,397,0.058290568504415274,0.23045079699999999,547,0.4058523824399127,-0.010179533277746714,0.395672849162166,0.003783051772216119,0.015356836118643826,0.060712997209347704,0.2020427073364766,1,0.2020427073364766,75.6757281553398,60.19805825242718,0.21359223300970873,0.34951456310679613,0.5555555555555556,77.70186335403727,59.572049689440995,1,Target Forward,638,0.40752351097178685,70.70619875077858,53.77163121461562,Target Forward
Australia,5490,444,20,12,242.4418786165243,166.42395956319825,7,3,77,199.9,11,107,25,2,3,2,14,2,5,9,0,7,3,1,373.75,809.3,129,68,7,28,9,3,0,49,2,0,32,56,0.33239220599999997,Jackson Irvine,Left Center Forward,Forward,0.6,18.06020066889632,2.1672240802675584,0.7224080267558528,1.68561872909699,0.4816053511705686,2.648829431438127,6.74247491638796,0.2408026755852843,0.4816053511705686,1.68561872909699,7.705685618729097,0.08004093254849498,0.14285714285714285,0.8294573643410853,73.01470588235294,78.97058823529412,27.500000000000004,1.4038255217310507,1.5834209277236369,-0.17959540599258617,336,0.0840001512423254,0.037495814,472,0.3812919959735848,-0.04324705428584015,0.3380449416877446,0.00417805214800908,0.020227461168720498,0.00902909233444816,0.17432137872201914,2,0.17432137872201914,61.01937984496124,42.18759689922481,0.16279069767441862,0.17054263565891473,0.8181818181818182,64.82608695652173,41.3295652173913,2,Ball-Winner,622,0.22347266881028938,60.0570004782211,42.2060218330024,Ball-Winner
Australia,5479,595,4,3,220.9482528290423,47.30725551251867,13,2,145,390.0,6,154,13,3,4,10,6,3,12,4,0,6,2,0,386.91666666666663,1885.3000000000002,204,33,7,30,15,2,8,64,5,0,62,71,0.126898918,Aziz Eraltay Behich,Left Back,Fullback/Wingback,0.75,9.071720870127074,3.489123411587336,0.4652164548783115,1.6282575920740903,2.3260822743915575,1.3956493646349344,6.978246823174672,0.0,0.6978246823174672,1.3956493646349344,14.421710101227657,0.029517732379926772,0.5,0.7549019607843137,85.44117647058823,29.117647058823533,55.88235294117647,0.36490619406686164,0.4534955146664288,-0.08858932059956715,527,0.16810631943634496,0.0,619,0.10548678781816566,-0.0206066048347044,0.08488018298346126,0.0006924216206202308,0.039102912985408696,0.0,0.050468400574998434,3,0.050468400574998434,55.30196078431373,10.15343137254902,0.2549019607843137,0.0784313725490196,0.6875,56.25909090909091,11.857142857142858,4,Wide Creator,817,0.23623011015911874,54.24931746035422,15.1936331418773,Wide Creator
Australia,3281,655,9,5,223.6464157933455,157.62123112969047,7,3,155,422.69999999999993,10,171,21,4,4,5,17,5,20,6,0,3,3,1,386.91666666666663,2105.0,219,44,12,49,29,1,2,62,11,0,58,77,0.039191317,Aaron Mooy,Left Defensive Midfield,Defensive Midfield,0.5555555555555556,10.93258668964032,6.7456385957355165,0.23260822743915574,2.7912987292698688,1.1630411371957787,2.3260822743915575,11.397803144518631,0.23260822743915574,0.930432909756623,0.6978246823174672,13.491277191471033,0.009116222778376051,0.29411764705882354,0.7808219178082192,68.6029411764706,40.588235294117645,94.11764705882352,0.3579580350778997,0.5078242393792607,-0.149866204301361,552,0.10664547614993868,0.03948435,676,0.11812409617264734,-0.03486011213557396,0.08326398403707339,0.0006484747012280792,0.024806615171641996,0.009184384665087229,0.046787857463233516,4,0.046787857463233516,56.82968036529681,40.646118721461185,0.2922374429223744,0.1141552511415525,0.52,53.64259259259259,37.59567901234568,6,Box-to-Box Runner,954,0.15828092243186584,56.768106473918095,39.479001186323444,Box-to-Box Runner
Australia,22293,496,25,17,136.68866945903216,202.28855107327956,12,1,109,270.3,22,135,9,0,4,0,15,2,15,1,0,3,1,1,386.91666666666663,2665.9,163,28,7,62,10,1,0,29,4,0,29,32,0.06809473,Harry Souttar,Right Center Back,Center Back,0.68,7.210855050613828,2.3260822743915575,0.23260822743915574,1.6282575920740903,0.0,5.117381003661427,14.421710101227657,0.23260822743915574,0.0,0.6978246823174672,6.7456385957355165,0.015839394443247903,0.13333333333333333,0.8282208588957055,81.32352941176471,19.411764705882355,30.58823529411765,-0.5425213152193464,0.09983194075175561,-0.642353255971102,407,0.01246180596395445,0.035468098,504,0.02322173078007669,-0.14941665226120834,-0.12619492148113165,-0.0013329762044701386,0.0028987185959661443,0.008250171406418266,-0.06291760988271364,5,-0.06291760988271364,36.01840490797546,53.48220858895706,0.3619631901840491,0.12269938650306748,0.85,35.463157894736845,52.192481203007524,5,Sweeper CB,704,0.03977272727272727,35.79154670925349,51.57648661686314,Sweeper CB
Australia,33495,545,9,6,125.42212922608032,102.14137333181156,11,0,127,210.8,11,170,12,0,4,0,9,2,4,1,0,5,2,0,386.91666666666663,1832.5,195,35,5,51,3,0,0,23,1,0,25,28,0.0,Kye Rowles,Left Center Back,Center Back,0.6666666666666666,9.30432909756623,0.6978246823174672,0.0,1.1630411371957787,0.0,2.5586905018307133,11.863019599396942,0.0,0.0,1.1630411371957787,5.815205685978894,0.0,0.2222222222222222,0.8717948717948718,79.11764705882352,30.58823529411765,9.705882352941178,-0.6133838614623528,-0.06465869839303195,-0.5487251630693208,470,0.0004805556149527128,0.0,554,-0.015040145221726151,-0.1276379875328164,-0.14267813275454255,-0.0013050720456645804,0.00011178118978008396,0.0,-0.07170823175301463,6,-0.07170823175301463,33.389230769230764,24.88974358974359,0.24102564102564103,0.08205128205128205,0.6875,29.654054054054054,25.29054054054054,5,Sweeper CB,789,0.025348542458808618,33.12724024905008,26.76447024576887,Sweeper CB
Australia,3240,348,0,0,42.04849892244803,162.23727546883117,0,0,84,238.89999999999998,1,112,0,0,0,1,0,0,9,0,0,0,0,0,386.91666666666663,5686.3,163,0,7,66,20,0,1,46,6,0,52,53,0.0,Mathew Ryan,Goalkeeper,Goalkeeper,0.0,0.0,4.652164548783115,0.0,1.6282575920740903,0.23260822743915574,0.23260822743915574,15.352143010984278,0.0,0.0,0.0,12.095627826836099,0.0,0.0,0.6871165644171779,15.0,2.941176470588235,76.91176470588236,-1.3996803416812327,-0.08764427638379857,-1.312036065297434,328,0.005703202939370186,0.0,429,-0.020386779774822845,-0.30519038348508054,-0.3255771632599034,-0.004267318114881807,0.0013266119264526818,0.0,-0.1638034546791257,7,-0.1638034546791257,12.563803680981597,41.87914110429448,0.6809815950920245,0.12269938650306748,0.65,12.117721518987342,40.81772151898734,7,Goalkeeper,482,0.022821576763485476,18.04168398081204,40.70680169118091,Goalkeeper
Brazil,3280,344,13,3,326.582012880158,164.0124100403849,6,5,66,301.4,4,39,27,3,0,7,13,2,1,6,3,1,0,5,328.25,236.69999999999996,54,59,6,5,16,8,2,74,1,1,32,82,1.6176591219999998,Richarlison de Andrade,Center Forward,Forward,0.23076923076923078,16.450875856816452,4.386900228484387,2.1934501142421934,1.6450875856816451,1.9192688499619193,1.0967250571210967,1.3709063214013708,1.3709063214013708,0.8225437928408226,0.2741812642802742,8.773800456968774,0.44353182324447826,0.15384615384615385,0.7222222222222222,36.911764705882355,72.35294117647058,72.6470588235294,5.0434697635355406,4.557950065442128,0.48551969809341244,260,0.051161722007466943,0.453364708,377,1.249704511469281,0.13312040465622885,1.38282491612551,0.019397960628982847,0.014027585622763213,0.12430410881949733,0.7000373633760025,1,0.7000373633760025,79.86851851851851,41.48148148148148,0.1111111111111111,0.25925925925925924,0.7857142857142857,84.22870370370372,41.82222222222222,1,Target Forward,448,0.515625,74.25857586879981,40.24216720671792,Target Forward
Brazil,10595,582,6,0,401.42775158904124,323.6453075616149,4,13,148,674.8,1,115,16,13,4,11,16,4,3,2,0,2,2,8,330.45,641.6,150,51,25,15,16,8,7,78,4,0,51,87,0.9229306610000001,Raphael Dias Belloli,Right Wing,Attacking Midfield/Wing,0.0,15.524285065819338,4.357694053563323,2.1788470267816615,6.808896958692692,2.9959146618247843,0.2723558783477077,4.0853381752156155,2.1788470267816615,3.5406264185202,0.5447117566954154,13.890149795733091,0.2513655908306855,0.25,0.7666666666666667,15.0,68.67647058823529,71.76470588235294,2.2016045523050707,2.2162801298254635,-0.014675577520392835,507,0.6583715718580939,1.399615727,615,0.6036169214231857,-0.003996979805826465,0.5996199416173592,0.004342415290542545,0.1793113677325721,0.38119357067635046,0.3369749689423568,2,0.3369749689423568,82.39666666666666,64.22933333333333,0.13333333333333333,0.10666666666666667,0.6875,79.69657142857143,65.62628571428571,3,Progressive Winger,800,0.53625,76.22037440229158,60.09382780219012,Progressive Winger
Brazil,18395,462,1,0,323.6844392063657,50.940106750980604,5,7,135,772.8,0,70,10,9,1,15,6,3,5,0,1,1,1,8,306.58333333333337,219.20000000000002,91,37,25,7,15,9,8,81,1,0,41,92,0.811526553,Vinícius José Paixão de Oliveira Júnior,Left Midfield,Central/Wide Midfield,0.0,12.035879315031258,4.403370481108997,2.6420222886653977,7.338950801848328,4.403370481108997,0.0,2.0549062245175316,2.348464256591465,2.6420222886653977,0.2935580320739331,12.035879315031258,0.23823013787442238,0.5,0.7692307692307693,15.0,45.88235294117647,73.23529411764706,2.036434881243622,2.228672484314302,-0.19223760307068005,418,0.39258638699645004,0.5599235167,494,0.6542447086326301,-0.056432892448038716,0.5978118161845913,0.004871853782879478,0.11524688718569338,0.164370045674368,0.3234168416642982,3,0.3234168416642982,85.09010989010989,11.03956043956044,0.07692307692307693,0.14285714285714285,0.6923076923076923,82.4261744966443,12.715436241610737,3,Progressive Winger,632,0.5822784810126582,78.9442036748238,17.043823889860196,Progressive Winger
Brazil,5539,780,14,7,244.40586003547898,139.87825887093595,18,5,176,254.09999999999997,7,217,27,2,5,2,18,6,23,8,2,6,6,4,409.0666666666667,2080.1000000000004,258,54,5,57,15,10,2,84,5,3,44,95,1.1432915347,Carlos Henrique Casimiro,Left Defensive Midfield,Defensive Midfield,0.5,13.200782268578877,3.300195567144719,2.2001303780964796,1.1000651890482398,0.4400260756192959,1.5400912646675358,12.540743155149933,0.8800521512385918,0.4400260756192959,1.3200782268578877,9.680573663624509,0.2515390436514015,0.3333333333333333,0.8410852713178295,60.514705882352935,53.23529411764706,51.911764705882355,1.9649480690422934,2.157241270004306,-0.19229320096201263,665,0.16041103564209727,0.213709922,802,0.47462120510199035,-0.042307011293793516,0.4323141938081968,0.0029548091263793884,0.03529251924980953,0.04701896914928291,0.22410204349197413,4,0.22410204349197413,61.927131782945736,35.473643410852716,0.2596899224806202,0.16279069767441862,0.7380952380952381,64.15324074074074,34.855555555555554,2,Ball-Winner,1138,0.28031634446397186,62.53418448870171,35.890176185348686,Ball-Winner
Brazil,22600,654,8,4,274.3734495683921,167.00740596422676,7,7,152,169.3,1,172,22,2,2,3,12,6,15,4,1,2,0,6,318.76666666666665,1329.2,202,59,3,37,9,4,1,89,1,0,37,94,0.704333275,Lucas Tolentino Coelho de Lima,Right Defensive Midfield,Defensive Midfield,0.5,17.787305238941755,2.541043605563108,1.1293527135836035,0.8470145351877026,0.8470145351877026,0.28233817839590086,10.446512600648333,1.6940290703754053,0.5646763567918017,0.5646763567918017,10.446512600648333,0.19886017384711913,0.5,0.8514851485148515,60.514705882352935,77.20588235294117,35.147058823529406,1.510101266176207,1.398622028005775,0.11147923817043193,570,0.11757686232223521,0.9874735029999999,677,0.3948843956515312,0.03147484503400253,0.4263592406855337,0.0026493004669758016,0.03319643712956553,0.2788014700512392,0.2206136979087727,5,0.2206136979087727,68.5519801980198,43.781188118811876,0.2079207920792079,0.13861386138613863,0.8928571428571429,71.07093596059113,45.25024630541871,2,Ball-Winner,947,0.3199577613516367,67.9106552192721,42.42226541282577,Ball-Winner
Brazil,5547,210,0,0,39.77569760184248,164.97130095390048,0,0,49,68.7,0,80,0,0,0,0,0,0,1,0,0,0,0,0,394.98333333333335,1532.8,94,0,0,31,22,0,0,18,1,0,14,21,0.0,Alisson Ramsés Becker,Goalkeeper,Goalkeeper,0.0,0.0,5.012869741339297,0.0,0.0,0.0,0.0,7.0635891809781,0.0,0.0,0.0,3.190008017215916,0.0,0.0,0.851063829787234,15.0,2.941176470588235,82.20588235294117,1.84219612297602,-0.0703199795098044,1.9125161024858244,187,0.003970249505458042,0.0,248,-0.016022949886195355,0.43578154999887975,0.4197586001126844,0.009851316165647165,0.0009046519823399057,0.0,0.21301562530250434,6,0.21301562530250434,11.03404255319149,40.39042553191489,0.23404255319148937,0.0851063829787234,0.75,12.181818181818182,39.804545454545455,7,Goalkeeper,296,0.0033783783783783786,14.542229728642349,40.57398661149515,Goalkeeper
Brazil,13620,826,10,4,203.82658193668343,248.84168168857428,8,2,213,593.5,4,251,31,3,1,0,16,8,20,7,0,2,2,0,363.58333333333337,2610.6,277,50,18,78,20,5,0,49,5,0,32,57,0.258765465,Éder Gabriel Militão,Right Back,Fullback/Wingback,0.4,13.862021544808616,4.950721980288791,1.2376804950721978,4.455649782259912,0.0,0.9901443960577583,19.307815723126286,0.0,0.7426082970433188,0.49507219802887914,7.921155168462066,0.0640537937657575,0.5,0.9061371841155235,50.51470588235294,58.235294117647065,81.17647058823529,0.38340376372798346,0.48577148260665126,-0.1023677188786678,731,0.06633535294519319,0.0,847,0.12024597781691114,-0.02533970579623223,0.09490627202067892,0.0005244921528426587,0.016420394494799137,0.0,0.05089456255515208,7,0.05089456255515208,53.101805054151626,63.54332129963899,0.2490974729241877,0.06859205776173286,0.5789473684210527,51.78913043478261,61.53565217391305,6,Box-to-Box Runner,1150,0.21391304347826087,54.71833206973206,60.2261917526505,Box-to-Box Runner
Brazil,4372,1032,15,8,247.57255031584432,187.231498788677,6,5,289,1231.6,10,345,12,1,2,2,12,3,33,1,0,3,1,5,455.0166666666667,2606.2,359,21,44,92,13,2,0,45,6,1,15,52,0.86164184,Marcos Aoás Corrêa,Left Center Back,Center Back,0.5333333333333333,4.747078861580161,2.5713343833559206,0.39558990513168013,8.702977912896962,0.39558990513168013,1.9779495256584005,18.197135636057286,0.9889747628292003,0.19779495256584007,0.5933848576975201,2.966924288487601,0.17042840687154318,0.25,0.9610027855153204,66.02941176470588,11.617647058823529,35.88235294117647,0.25922590191476047,0.38521626641158946,-0.125990364496829,966,0.1234666056305874,0.697003934,1040,0.07619383314247034,-0.02492025816940319,0.05127357497306716,0.00026834979494281625,0.024421071404167313,0.1378638600637339,0.030601506705849886,8,0.030601506705849886,50.06183844011142,40.168245125348186,0.17270194986072424,0.06128133704735376,0.7727272727272727,47.3961661341853,39.32683706070287,0,Deep Playmaker,1555,0.08938906752411575,50.09101893979277,39.08192888122456,Deep Playmaker
Brazil,3295,960,12,7,176.022716874434,128.18493231182276,4,3,263,754.0,10,320,17,1,1,1,11,5,28,2,0,8,6,4,409.0666666666667,3171.7,335,22,18,116,10,2,0,33,11,2,15,38,0.20821556,Thiago Emiliano da Silva,Right Center Back,Center Back,0.5833333333333334,6.600391134289438,2.2001303780964796,0.4400260756192959,3.960234680573663,0.22001303780964795,2.2001303780964796,25.521512385919163,0.8800521512385918,0.22001303780964795,1.7601043024771836,3.300195567144719,0.04581013787483702,0.45454545454545453,0.9552238805970149,71.39705882352942,17.205882352941178,28.08823529411765,0.18289711288525723,0.33237634555553086,-0.14947923267027363,893,0.1059854405599987,0.6978460980000001,969,0.07312712948174162,-0.03288738006924208,0.04023974941249955,0.00020481199651204617,0.02331817874119919,0.15353523994458929,0.024844954053443224,9,0.024844954053443224,44.80985074626865,33.20059701492538,0.20597014925373133,0.04477611940298507,0.7333333333333333,43.053242320819116,32.09112627986348,0,Deep Playmaker,1446,0.03872752420470263,46.4106009731888,33.2823758267389,Deep Playmaker
Croatia,5460,654,5,1,551.6579919736372,323.4436794900884,8,5,166,419.9,0,151,10,7,1,7,6,1,3,1,2,0,0,5,478.43333333333334,451.09999999999997,173,38,13,7,12,10,3,113,6,0,36,123,1.087257213,Andrej Kramarić,Right Wing,Attacking Midfield/Wing,0.2,7.148331359297708,2.2573677976729605,1.8811398313941337,2.445481780812374,1.3167978819758934,0.0,1.3167978819758934,0.9405699156970668,1.3167978819758934,0.0,6.772103393018881,0.20452828503448756,0.16666666666666666,0.8728323699421965,35.147058823529406,19.11764705882353,30.0,4.269351875555003,4.02913868156611,0.24021319398889318,603,0.052345084576687934,0.272332309,686,0.7579373260104854,0.045187460723891286,0.8031247867343767,0.007080185531600337,0.00984684235749024,0.051229515383543506,0.4056558174981665,1,0.4056558174981665,76.61271676300578,47.71271676300577,0.057803468208092484,0.1907514450867052,0.8181818181818182,81.61880341880341,46.02863247863248,1,Target Forward,933,0.4608788853161844,75.34802508200545,44.7656219482356,Target Forward
Croatia,5474,1066,30,15,515.2957347230491,110.65206378829289,12,13,227,958.5,11,214,32,28,11,17,26,8,6,11,1,11,5,9,686.8166666666666,1888.1,304,98,35,35,21,16,8,140,12,1,114,165,0.7556302262999999,Ivan Perišić,Left Wing,Attacking Midfield/Wing,0.5,14.283287631342668,2.7518260574146427,2.096629377077823,4.586376762357737,2.227668713145187,1.4414326967410034,4.586376762357737,1.1793540246062755,3.6691014098861903,1.4414326967410034,14.938484311679488,0.09901728316678395,0.3076923076923077,0.7039473684210527,60.514705882352935,60.882352941176464,40.14705882352941,3.042426227009855,3.2123209877172485,-0.1698947607073933,910,0.4376796591187325,0.720360317,1122,0.420940409465727,-0.022262896644420486,0.3986775128213065,0.003343325524186654,0.05735325194110888,0.09439553766895582,0.21181240445613103,2,0.21181240445613103,74.25263157894737,13.415131578947367,0.13815789473684212,0.16776315789473684,0.6862745098039216,79.00062111801242,15.48416149068323,4,Wide Creator,1419,0.46370683579985905,71.46887754091472,18.921861284419357,Wide Creator
Croatia,16531,498,0,0,59.749921812875954,284.1788834027466,0,0,122,258.3,0,189,0,0,1,0,0,0,6,1,0,0,0,0,720.2833333333333,5445.299999999999,228,2,1,92,33,0,0,38,10,0,39,47,0.0,Dominik Livaković,Goalkeeper,Goalkeeper,0.0,0.24990165906934772,4.123377374644237,0.0,0.12495082953467386,0.0,0.0,11.495476317189995,0.0,0.0,0.0,4.873082351852281,0.0,0.0,0.8289473684210527,15.0,6.323529411764706,68.52941176470588,1.967003409343306,-0.20219128954340704,2.169194698886713,463,0.005730525247238642,0.0,603,-0.025263969353134137,0.27104267704811186,0.24577870769497773,0.0042483874931820865,0.0007160338833118603,0.0,0.12430707687210586,3,0.12430707687210586,10.042105263157895,40.83771929824562,0.4517543859649123,0.07456140350877193,0.47058823529411764,9.073451327433627,40.32477876106194,7,Goalkeeper,736,0.009510869565217392,14.08562371062351,40.27597664120803,Goalkeeper
Croatia,5463,1708,10,5,435.1250585802281,340.2940175929571,5,17,458,1473.2,2,463,47,18,10,10,18,7,61,15,1,17,15,6,672.6666666666666,4540.2,549,115,51,151,37,7,5,214,15,0,103,234,1.12735736,Luka Modrić,Right Center Midfield,Central/Wide Midfield,0.5,17.92864222001982,4.950445986124876,0.9365708622398414,6.823587710604559,1.337958374628345,0.267591674925669,20.203171456888008,0.802775024777007,2.408325074331021,2.2745292368681866,13.780971258671952,0.1508357221010902,0.3888888888888889,0.843351548269581,60.514705882352935,78.52941176470588,81.02941176470588,1.5324852261401247,1.6757085155695677,-0.14322328942944296,1529,0.5571237813063709,0.6279758373,1776,0.22420282418423354,-0.01916267995339425,0.2050401442308393,0.0010022794153957651,0.07454084289034694,0.08402055305797819,0.11772892451810776,4,0.11772892451810776,64.02896174863388,47.90200364298725,0.25136612021857924,0.12386156648451731,0.7941176470588235,61.7686475409836,49.01434426229508,2,Ball-Winner,2555,0.23209393346379648,62.53858464951825,46.859296423576986,Ball-Winner
Croatia,5469,1638,16,10,340.3282951670484,235.72324720948134,18,2,440,980.9,8,472,31,2,15,8,18,5,39,14,1,10,8,5,569.8666666666667,3159.0,529,96,27,104,32,5,5,184,17,1,70,204,1.368818893,Marcelo Brozović,Center Defensive Midfield,Defensive Midfield,0.625,16.74075807206364,5.053813757604118,0.7896583996256434,4.264155357978474,1.2634534394010295,1.2634534394010295,16.424894712213383,0.7896583996256434,0.3158633598502574,1.5793167992512869,11.055217594759007,0.21617986728474498,0.2777777777777778,0.8922495274102079,75.51470588235294,73.23529411764706,82.6470588235294,1.3905328945547808,1.7149328070809133,-0.32439991252613254,1467,0.07335621635092404,0.104256374,1699,0.27084221918100526,-0.05123302315281691,0.21960919602818835,0.0009478751837455902,0.011585270481252628,0.016465384288722507,0.11240601466546837,5,0.11240601466546837,58.11984877126655,38.912098298676746,0.17391304347826086,0.14177693761814744,0.7866666666666666,59.15635593220339,39.41991525423729,2,Ball-Winner,2483,0.1594844945630286,58.28826866598149,38.74055229598027,Ball-Winner
Croatia,5456,1526,8,6,435.45808956560427,171.94759380925754,8,9,404,1341.2,6,416,52,3,10,14,27,15,48,3,0,8,5,9,649.9166666666667,2703.8999999999996,456,136,46,88,28,3,10,219,7,1,55,230,0.34514701999999997,Mateo Kovačić,Left Center Midfield,Central/Wide Midfield,0.75,21.187331709193483,3.8774201820746246,0.41543787665085263,6.37004744197974,1.9387100910373123,0.8308757533017053,12.186177715091677,1.246313629952558,0.41543787665085263,1.107834337735607,7.616361071932298,0.047795715040389784,0.5555555555555556,0.9122807017543859,85.44117647058823,86.47058823529412,63.52941176470588,1.28573030847474,1.2701439815282356,0.015586326946504414,1324,0.351182737608079,1.272942026,1582,0.17588863957564999,0.0021583835238139205,0.1780470230994639,0.0009710953991501057,0.048631536942777956,0.17627611079369146,0.09904114755803257,6,0.09904114755803257,64.85811403508772,25.255263157894735,0.17982456140350878,0.12938596491228072,0.8813559322033898,62.87939814814815,24.018287037037037,2,Ball-Winner,2244,0.21746880570409982,63.266577859411434,26.925697330609275,Ball-Winner
Croatia,12625,835,11,3,297.27353774948364,45.87041194237966,8,4,212,776.5999999999999,16,222,19,18,5,7,17,4,14,4,0,4,0,2,440.4666666666667,2238.5,276,47,30,61,12,2,3,76,6,0,61,88,0.048374664,Borna Sosa,Left Back,Fullback/Wingback,0.2727272727272727,10.625094596639928,2.451944906916906,0.408657484486151,6.129862267292266,1.4303011957015286,3.269259875889208,12.464053276827606,0.408657484486151,3.677917360375359,0.817314968972302,12.464053276827606,0.009884334251551384,0.23529411764705882,0.8043478260869565,41.10294117647059,38.529411764705884,32.64705882352941,0.5234651242208201,0.7504309698124416,-0.22696584559162147,736,0.23814866383354677,0.552014716,857,0.15333461620202757,-0.0463756457618721,0.10695897044015547,0.0007112297883435057,0.04866061694797762,0.11279247261994853,0.06342497754617632,7,0.06342497754617632,61.98478260869565,8.098188405797101,0.2318840579710145,0.11231884057971014,0.7419354838709677,62.70862068965517,8.546551724137931,4,Wide Creator,1162,0.3123924268502582,61.601233099445786,11.60436285586958,Wide Creator
Croatia,33018,1566,15,7,280.6278957946554,173.21313221149128,13,1,422,1416.3,43,463,36,1,5,2,23,11,29,9,1,14,8,1,720.2833333333333,5336.7,510,77,46,168,35,2,2,70,11,3,50,75,0.186105118,Joško Gvardiol,Left Center Back,Center Back,0.4666666666666667,11.870328805794017,4.373279033713585,0.24990165906934772,5.747738158594998,0.24990165906934772,5.372885669990976,20.991739361825207,0.12495082953467386,0.12495082953467386,1.749311613485434,6.247541476733693,0.023253988874748364,0.4782608695652174,0.907843137254902,55.07352941176471,44.85294117647059,72.20588235294117,0.2527553285472095,1.0976403206877876,-0.8448849921405781,1364,0.09187140776070338,0.07960723,1592,0.1371510686006445,-0.10556908062936164,0.03158198797128286,0.0001853044930698017,0.011479408610218162,0.009946989425457575,0.018142467055606,8,0.018142467055606,42.67,23.903529411764705,0.24313725490196078,0.054901960784313725,0.8214285714285714,41.24964705882353,24.556235294117645,0,Deep Playmaker,2324,0.04948364888123924,43.0552148872041,25.905123296297194,Deep Playmaker
Croatia,29163,1160,10,4,353.6686714661504,416.0818772996099,14,14,299,1030.8,18,326,14,15,1,4,19,7,24,1,0,6,3,7,624.1333333333333,3194.2000000000003,406,50,31,83,31,1,2,72,7,0,89,78,0.041306578,Josip Juranović,Right Back,Fullback/Wingback,0.4,8.507797479171117,4.470198675496689,0.14419995727408674,4.470198675496689,0.576799829096347,2.595599230933561,11.9685964537492,1.009399700918607,2.162999359111301,0.8651997436445205,12.833796197393719,0.005956406782738731,0.3684210526315789,0.8029556650246306,50.51470588235294,26.323529411764707,74.48529411764706,-0.01267416641348973,0.3574227192439139,-0.3700968856574036,1030,0.4688277317243788,0.29054625700000003,1182,0.05154034084376028,-0.05336795509907016,-0.001827614255309884,-1.2305015935426921e-05,0.06760493888356242,0.04189675784554583,0.012603489144276914,9,0.012603489144276914,62.94261083743842,70.86945812807882,0.23645320197044334,0.06403940886699508,0.8461538461538461,63.57877813504823,70.27427652733118,6,Box-to-Box Runner,1592,0.271356783919598,61.0280440600483,66.99010270922312,Box-to-Box Runner
Croatia,3471,1317,32,25,236.63641093197995,309.16689696715093,8,1,357,1145.5,36,407,16,1,2,0,16,6,17,3,0,7,6,1,624.1333333333333,4669.8,454,37,41,139,11,4,0,48,15,0,49,57,0.381529793,Dejan Lovren,Right Center Back,Center Back,0.78125,6.344798120059816,1.586199530014954,0.576799829096347,5.912198248237556,0.0,5.191198461867122,20.043794061098055,0.14419995727408674,0.14419995727408674,1.009399700918607,7.06579790643025,0.05501657984939115,0.375,0.8964757709251101,87.5,16.176470588235293,17.205882352941178,-1.1065796092443634,0.1401539813959971,-1.2467335906403605,1204,0.0602127896983289,0.02684295,1331,0.02021019812909593,-0.17977893050250873,-0.1595687323734128,-0.0009190860541896706,0.008682681701852596,0.003870752243110447,-0.07832355566259278,10,-0.07832355566259278,40.82180616740088,53.164317180616735,0.23348017621145375,0.06607929515418502,0.7,39.463824289405686,51.51705426356589,0,Deep Playmaker,1947,0.03852080123266564,42.065954343566204,50.8651480723446,Deep Playmaker
England,10955,473,29,14,393.6864342175349,197.0488578384374,5,5,105,331.5,5,64,8,5,1,7,17,2,11,1,2,0,0,5,421.51666666666665,780.3,97,31,10,20,12,12,3,101,5,1,48,120,2.330979943,Harry Kane,Center Forward,Forward,0.4827586206896552,6.618955359614092,2.562176268237713,2.562176268237713,2.135146890198094,1.4946028231386659,1.067573445099047,4.270293780396188,1.067573445099047,1.067573445099047,0.0,10.248705072950852,0.49769845764105813,0.11764705882352941,0.6597938144329897,55.44117647058824,17.352941176470587,35.73529411764706,4.565003655501641,4.629717685369542,-0.06471402986790054,418,0.18833631342931126,1.35653654,507,0.9885127318411896,-0.013817395962463442,0.9746953358787261,0.010921061376798186,0.04021256939299676,0.28964047748210825,0.49866650023100184,1,0.49866650023100184,78.95154639175257,41.697938144329896,0.25773195876288657,0.25773195876288657,0.48,79.96373626373627,38.97802197802198,1,Target Forward,647,0.4714064914992272,73.57298093450449,40.38876980248776,Target Forward
England,30714,937,18,8,334.57914055314905,168.97771738887468,11,8,232,597.6,1,242,45,6,1,11,25,7,22,5,1,4,1,4,441.76666666666665,1401.1000000000001,275,70,18,48,30,5,4,126,9,0,47,142,0.841256374,Jude Bellingham,Right Defensive Midfield,Defensive Midfield,0.4444444444444444,15.075831887119898,6.11182373802158,1.0186372896702633,3.667094242812948,2.2410020372745794,0.20372745793405267,9.778917980834528,0.8149098317362107,1.222364747604316,0.8149098317362107,9.575190522900476,0.17138702254583868,0.28,0.88,53.897058823529406,66.91176470588235,91.61764705882352,1.7200812238734215,1.7059430566441733,0.01413816722924821,807,0.14962275041741746,0.241323112,970,0.34754744231036505,0.002880332869461267,0.3504277751798263,0.002131451330698168,0.03048226259164168,0.04916414414849468,0.18194977550745092,2,0.18194977550745092,64.48072727272728,34.98618181818182,0.16,0.13818181818181818,0.8157894736842105,68.32407407407408,34.27074074074074,2,Ball-Winner,1359,0.26416482707873434,64.41172389222727,35.59227945691055,Ball-Winner
England,3336,1178,29,22,212.89497074677652,115.6454418731785,5,2,325,1269.9,21,353,13,2,2,3,13,4,27,6,0,5,2,1,453.71666666666664,4602.7,408,17,43,127,15,6,3,51,21,0,55,63,0.48995566299999993,Harry Maguire,Left Center Back,Center Back,0.7586206896551724,4.363956948168828,2.975425191933292,1.1901700767733168,8.529552216875437,0.5950850383866584,4.165595268706609,25.191933291701872,0.19836167946221947,0.39672335892443894,0.9918083973110973,10.909892370422071,0.0971884281747052,0.3076923076923077,0.8651960784313726,86.91176470588235,10.735294117647058,44.85294117647059,1.6161608936963603,1.7428130681801122,-0.12665217448375188,1102,0.11201833850481566,0.061030492,1192,0.34570732719291064,-0.02512293803813908,0.32058438915477155,0.0014665706839349913,0.022220145756382637,0.01210611089152555,0.1651761949338428,3,0.1651761949338428,43.244362745098044,23.386764705882353,0.28431372549019607,0.07107843137254902,0.5862068965517241,42.35805555555555,22.528888888888886,0,Deep Playmaker,1752,0.057648401826484015,44.20333630802374,24.63808380592459,Deep Playmaker
England,3244,1300,15,11,206.32639046749006,251.74899101221087,6,1,380,1393.8000000000002,10,430,9,0,1,1,7,2,20,4,0,2,2,1,464.8833333333333,3896.8,450,14,47,148,10,4,1,73,14,0,20,78,0.587418711,John Stones,Right Center Back,Center Back,0.7333333333333333,3.0975513569712834,1.935969598107052,0.7743878392428208,9.099057111103145,0.1935969598107052,1.935969598107052,28.65235005198437,0.1935969598107052,0.0,0.3871939196214104,3.871939196214104,0.11372247658552324,0.2857142857142857,0.9555555555555556,83.67647058823529,8.823529411764707,23.823529411764703,0.85299065138679,1.018033724365523,-0.1650430729787331,1251,0.018616357207260337,0.07073746,1311,0.1970882340219347,-0.031951837166499075,0.16513639685543563,0.0006818470434746522,0.0036040701580757114,0.013694557200731367,0.08349356657237535,4,0.08349356657237535,43.26155555555556,51.08422222222222,0.21777777777777776,0.07555555555555556,0.8529411764705882,40.47235576923077,50.40865384615385,0,Deep Playmaker,2021,0.035625927758535375,43.93739249403347,48.879062444412426,Deep Playmaker
England,3382,1099,14,6,322.0124261499829,49.98197517666639,4,16,302,710.6,6,339,15,14,2,1,10,2,23,5,0,3,2,8,457.16666666666663,2627.7,402,31,19,79,14,3,1,111,8,0,69,122,0.084394449,Luke Shaw,Left Back,Fullback/Wingback,0.42857142857142855,6.693401385344514,2.7561064527889174,0.5905942398833395,3.7404301859278166,0.1968647466277798,1.181188479766679,15.552314983594606,1.5749179730222385,2.7561064527889174,0.5905942398833395,13.583667517316808,0.016614291819176084,0.2,0.8432835820895522,52.64705882352941,17.647058823529413,40.44117647058824,0.6510555302083958,0.7070847146678716,-0.0560291844594758,1036,0.38017949502549375,0.488031516,1119,0.13920005319746653,-0.011030171202375842,0.1281698819950907,0.000628431978965633,0.07484393996127112,0.09607620074371127,0.07924225858348925,5,0.07924225858348925,64.3455223880597,9.869651741293533,0.2064676616915423,0.11442786069651742,0.7608695652173914,64.20496894409938,10.053416149068322,4,Wide Creator,1641,0.26020719073735527,63.47981650322071,12.45152316371224,Wide Creator
England,3943,949,9,5,276.9285205362242,184.35808898714512,6,2,249,531.7,3,306,27,3,1,3,11,4,23,3,0,12,6,1,449.54999999999995,1901.8000000000002,327,38,16,69,19,0,0,90,11,0,27,97,0.0,Declan Rice,Left Defensive Midfield,Defensive Midfield,0.5555555555555556,10.010010010010012,3.8038038038038042,0.0,3.2032032032032034,0.6006006006006006,0.6006006006006006,13.813813813813816,0.2002002002002002,0.6006006006006006,2.4024024024024024,5.405405405405406,0.0,0.36363636363636365,0.9357798165137615,68.6029411764706,33.970588235294116,61.76470588235294,-0.003966760879848152,0.1301695945148822,-0.13413635539473034,865,0.05845911732950869,0.018916143,963,0.0260599788818583,-0.02685412520415022,-0.0007941463222919224,-4.585850728148153e-06,0.011703526992894633,0.0037870156156156157,0.001942256482214521,6,0.001942256482214521,55.52324159021406,37.058409785932724,0.18654434250764526,0.09174311926605505,0.8666666666666667,55.11035714285714,37.41178571428571,2,Ball-Winner,1442,0.11234396671289876,55.541094572699215,37.801365281442955,Ball-Winner
England,3468,383,0,0,57.830548474785616,195.0127623825022,0,0,104,277.50000000000006,0,126,0,0,0,0,0,0,6,0,0,0,0,0,486.3333333333333,4448.2,161,0,3,55,16,0,0,25,4,0,35,32,0.0,Jordan Pickford,Goalkeeper,Goalkeeper,0.0,0.0,2.9609321453050037,0.0,0.5551747772446881,0.0,0.0,10.17820424948595,0.0,0.0,0.0,6.477039067854696,0.0,0.0,0.782608695652174,15.0,2.941176470588235,44.26470588235294,-0.8606051795068197,-0.1517666442960035,-0.7088385352108162,367,0.005037035714845633,0.0,431,-0.02808567098006919,-0.13117642529603865,-0.15926209627610782,-0.0023449732411629965,0.0009321450603209876,0.0,-0.08014811109833861,7,-0.08014811109833861,13.006211180124224,38.63478260869565,0.45962732919254656,0.09316770186335403,0.5333333333333333,12.639215686274511,39.490196078431374,7,Goalkeeper,574,0.010452961672473868,17.274738670890756,39.033101057258634,Goalkeeper
France,3009,1050,8,2,584.8418698878094,127.84546065473467,2,22,298,1701.4,0,180,8,27,1,50,6,0,14,8,9,1,1,11,654.3000000000001,1182.8,233,37,55,32,29,32,30,213,7,1,91,238,5.016751877,Kylian Mbappé Lottin,Left Center Forward,Forward,0.25,5.226960110041265,3.988995873452544,4.401650618982118,7.565337001375515,6.877579092159559,0.0,4.401650618982118,1.513067400275103,3.713892709766162,0.1375515818431912,12.517193947730398,0.6900621563961484,0.0,0.7725321888412017,39.11764705882353,13.382352941176471,65.44117647058823,13.731370363384485,13.63878088691854,0.09258947646594606,1012,0.8707364267635166,0.835716436,1110,1.876035885408327,0.012735828949923804,1.888771714358251,0.013568547789905619,0.1197711728698097,0.11495411774415405,0.9724106560900592,1,0.9724106560900592,85.98283261802575,17.385836909871244,0.15879828326180256,0.11158798283261803,0.8461538461538461,83.33351800554017,18.810803324099723,3,Progressive Winger,1510,0.590066225165563,82.1217393390612,22.257857492763524,Progressive Winger
France,3604,352,43,24,449.14148303104895,258.3041753746501,3,3,37,102.9,5,49,14,0,4,0,21,0,6,4,4,1,1,2,432.6166666666666,446.30000000000007,75,60,3,9,3,17,0,40,1,1,34,53,3.035955272,Olivier Giroud,Center Forward,Forward,0.5581395348837209,12.690218438186232,0.6241091035173557,3.5366182532650154,0.6241091035173557,0.0,1.0401818391955928,1.872327310552067,0.4160727356782371,0.0,0.20803636783911855,7.073236506530031,0.6315891077089032,0.0,0.6533333333333333,69.55882352941177,49.705882352941174,9.558823529411764,8.85012047633063,8.38605181928142,0.46406865704921074,267,0.04319026811891794,0.138370695,380,1.7446037609939389,0.09654315784049537,1.8411469188344343,0.033146518637942435,0.008985146505457368,0.028786136803174482,0.9323144443096913,2,0.9323144443096913,68.87866666666666,41.92133333333333,0.21333333333333335,0.3333333333333333,0.48,78.95307692307692,44.17923076923077,1,Target Forward,424,0.37264150943396224,71.07514107481698,41.30710304474411,Target Forward
France,3026,949,24,16,389.39052187941115,163.76038166748853,17,3,220,635.6,7,246,38,6,6,3,19,9,26,9,1,10,6,2,529.25,1758.3000000000002,285,84,16,53,21,9,1,91,2,0,53,104,0.728120058,Adrien Rabiot,Left Defensive Midfield,Defensive Midfield,0.6666666666666666,15.984884270193671,3.5710911667453944,1.5304676428908832,2.720831365139348,0.5101558809636277,1.1903637222484649,9.01275389702409,0.3401039206424185,1.0203117619272555,1.7005196032120926,9.01275389702409,0.12381824321209259,0.47368421052631576,0.8631578947368421,79.11764705882352,70.44117647058825,56.91176470588235,3.168687335215509,3.3591327034810092,-0.1904453682655003,802,0.055984952125690504,0.796464893,988,0.5712271012060289,-0.03238560820764294,0.538841492998386,0.0039509817147325545,0.009520350857462721,0.13544041638167217,0.2725101111851053,3,0.2725101111851053,65.9298245614035,28.031228070175437,0.1824561403508772,0.12982456140350876,0.7027027027027027,69.31254612546125,29.77380073800738,2,Ball-Winner,1360,0.2963235294117647,65.64698827582353,29.506596276550184,Ball-Winner
France,5487,1047,14,9,482.13238417556516,329.3128408633471,10,24,225,758.6,8,255,42,10,3,8,18,6,25,3,0,11,9,20,586.0500000000001,2107.5,323,125,26,62,25,6,3,106,21,2,87,116,0.49632007100000003,Antoine Griezmann,Center Attacking Midfield,Attacking Midfield/Wing,0.6428571428571429,20.885589966726386,3.8392628615305857,0.9214230867673405,3.9928333759918093,1.2285641156897875,1.2285641156897875,9.521371896595852,3.0714102892244686,1.5357051446122343,1.6892756590734577,13.360634758126437,0.07622012864090094,0.3333333333333333,0.7894736842105263,76.54411764705881,85.73529411764706,62.64705882352941,3.0641161527018994,3.1630611785512883,-0.09894502584938891,869,0.76982952114473,2.5415160980000002,1089,0.48575293246244505,-0.015195038523069707,0.47055789393937536,0.0035260254921770993,0.11822311560963347,0.39030193468134117,0.2599813777392675,4,0.2599813777392675,75.16625386996904,45.48885448916408,0.22910216718266255,0.0804953560371517,0.8461538461538461,70.76666666666667,48.32743055555555,2,Ball-Winner,1474,0.35278154681139756,68.99094232840065,45.539226248204606,Ball-Winner
France,5477,753,6,3,537.6134064535473,473.25140144641125,4,18,193,963.0,0,149,21,20,4,18,12,4,4,8,0,3,3,12,448.0,905.1,191,90,32,17,21,8,8,95,6,1,60,107,0.362467341,Ousmane Dembélé,Right Wing,Attacking Midfield/Wing,0.5,18.883928571428573,4.21875,1.6071428571428572,6.428571428571429,3.6160714285714284,0.0,3.4151785714285716,2.4107142857142856,4.017857142857143,0.6026785714285714,12.053571428571429,0.07281709975446428,0.3333333333333333,0.7801047120418848,60.514705882352935,80.88235294117648,70.1470588235294,2.0422618978482205,2.0664891940250527,-0.02422729617683217,640,0.5173863675560233,1.293685838,794,0.4151429184425329,-0.004867090749810034,0.41027582769272286,0.0031910342153878444,0.10393922562509396,0.25989224424107144,0.22688306923599658,5,0.22688306923599658,82.21047120418848,66.65706806282722,0.13612565445026178,0.1099476439790576,0.9047619047619048,79.55943396226414,69.07688679245283,3,Progressive Winger,1041,0.5350624399615754,78.07009018933235,63.26263388309536,Progressive Winger
France,6704,996,15,9,353.64805803376544,57.67814019466334,11,11,255,872.6,8,290,18,12,6,6,25,10,28,6,1,7,3,12,548.5,2264.7,332,69,28,73,24,5,5,83,3,0,54,91,0.25930968399999993,Theo Bernard François Hernández,Left Back,Fullback/Wingback,0.6,12.634457611668186,3.9380127620783956,0.8204193254329991,4.594348222424795,0.9845031905195989,1.3126709206927984,11.978122151321786,1.9690063810391978,1.9690063810391978,1.1485870556061988,8.86052871467639,0.04254853520510482,0.4,0.8734939759036144,73.01470588235294,49.411764705882355,64.55882352941177,1.15978785144398,1.397485275665531,-0.23769742422155105,864,0.30791364380084807,0.976593346,1040,0.22930478543281274,-0.039002312087401264,0.19030247334541148,0.0013423470502823842,0.0505236607877417,0.1602432108295351,0.10565867294533879,6,0.10565867294533879,63.31174698795181,8.142168674698794,0.21686746987951808,0.08132530120481928,0.7407407407407407,66.45590551181103,9.030314960629921,4,Wide Creator,1383,0.2783803326102675,62.29487055093711,12.518532171174272,Wide Creator
France,3099,345,0,0,56.576874918027414,235.74603195291496,0,1,73,181.2,0,111,0,0,0,0,0,0,5,0,0,0,0,0,614.2,7450.9,182,0,3,81,16,0,0,20,4,0,71,29,0.0,Hugo Lloris,Goalkeeper,Goalkeeper,0.0,0.0,2.344513187886682,0.0,0.4395962227287528,0.0,0.0,11.869098013676327,0.0,0.0,0.0,10.40377727124715,0.0,0.0,0.6098901098901099,15.0,2.941176470588235,31.029411764705884,0.7036813656159211,-0.10853203022270463,0.8122133958386257,329,0.03217881504264588,0.0,441,-0.015903423510327933,0.11901531362011773,0.1031118901097898,0.0021388491356107023,0.0047152285148780995,0.0,0.053140645498553726,7,0.053140645498553726,11.229670329670329,39.01758241758242,0.7252747252747253,0.06043956043956044,0.18181818181818182,11.604054054054055,39.4081081081081,7,Goalkeeper,469,0.01279317697228145,18.21261845119961,39.30841742480261,Goalkeeper
France,5485,808,13,7,264.69880045405745,317.66176756712434,7,1,218,968.9000000000001,19,251,11,0,1,1,7,1,17,1,0,6,2,0,544.6,2474.1,280,16,43,68,10,3,1,36,6,0,30,41,0.26440085,Raphaël Varane,Right Center Back,Center Back,0.5384615384615384,3.6356959236136612,1.6525890561880279,0.49577671685640834,7.10613294160852,0.16525890561880277,3.139919206757253,11.23760558207859,0.0,0.0,0.9915534337128167,4.957767168564083,0.04369459511568124,0.14285714285714285,0.8964285714285715,66.61764705882352,9.264705882352942,18.676470588235293,0.1562003550643567,0.25498206631164066,-0.09878171124728397,744,0.03842528999353216,0.0,815,0.042138057231082736,-0.01632455749587873,0.02581349973520401,0.00020994671379617836,0.006350121372416259,0.0,0.01423975815622411,8,0.01423975815622411,45.29071428571429,55.129999999999995,0.20714285714285716,0.05714285714285714,0.6875,44.977593360995854,51.98921161825726,0,Deep Playmaker,1194,0.048576214405360134,46.14038116074018,52.71858033142528,Deep Playmaker
France,4445,863,19,12,343.4179055892229,413.2401735349252,13,1,207,532.4,13,258,17,3,6,4,16,7,22,5,0,3,3,2,514.4166666666666,2483.7,308,52,15,71,15,4,3,69,0,0,57,85,0.169605826,Jules Koundé,Right Back,Fullback/Wingback,0.631578947368421,9.622549813704845,2.6243317673740485,0.6998218046330796,2.6243317673740485,0.6998218046330796,2.274420865057509,12.421837032237162,0.3499109023165398,0.5248663534748097,0.5248663534748097,9.972460716021384,0.029673463806901022,0.4375,0.8376623376623377,76.17647058823529,31.91176470588235,37.794117647058826,0.06514965536189266,0.36865375135676004,-0.3035040959948674,758,0.08809384057716405,0.19032527,889,0.06449798338981061,-0.053099696043164876,0.011398287346645728,8.594941340619084e-05,0.015412497622442439,0.03329844347966953,0.008807428021833208,9,0.008807428021833208,54.05844155844156,70.07045454545455,0.2564935064935065,0.1038961038961039,0.53125,57.27324561403508,68.125,6,Box-to-Box Runner,1197,0.18379281537176273,55.2427847344235,65.84545112551565,Box-to-Box Runner
France,10481,1420,12,9,403.9217715878582,290.90474294581725,7,5,390,912.1999999999999,8,431,31,1,4,3,12,4,43,8,1,15,9,6,662.2166666666667,3206.3,470,64,22,100,36,7,2,127,11,2,49,138,1.182897098,Aurélien Djani Tchouaméni,Right Defensive Midfield,Defensive Midfield,0.75,10.736667253919915,4.892658495457177,0.9513502630055621,2.9899579694460523,0.407721541288098,1.087257443434928,13.5907180429366,0.815443082576196,0.135907180429366,2.0386077064404904,6.659451841038934,0.16076420932725946,0.3333333333333333,0.9170212765957447,85.44117647058823,39.55882352941176,79.8529411764706,-0.22008350849500857,0.26671951651223935,-0.4868030250072479,1287,0.19947762988546158,0.73609904,1463,0.036249097454662184,-0.06616002655322122,-0.02991092909855904,-0.00017100505710567875,0.02711044223646572,0.10004114504316312,-0.00958467761911808,10,-0.00958467761911808,58.50872340425531,41.572978723404255,0.2127659574468085,0.10851063829787234,0.8235294117647058,58.93783783783784,40.9034398034398,2,Ball-Winner,2149,0.15030246626337831,59.39752783102597,41.330444245473075,Ball-Winner
France,11135,706,10,9,234.65216049382715,208.84154461279462,6,2,195,628.7,15,209,14,0,1,0,14,7,20,2,0,9,4,2,330.8166666666667,2163.4,228,16,20,63,13,2,0,26,9,1,23,28,0.17601235,Ibrahima Konaté,Left Center Back,Center Back,0.9,6.8013501939644305,3.5367021008615036,0.5441080155171544,5.441080155171544,0.0,4.080810116378658,17.139402488790363,0.5441080155171544,0.0,2.448486069827195,6.257242178447276,0.04788486523250541,0.5,0.9166666666666666,91.17647058823529,18.235294117647058,56.3235294117647,-0.10413533690734766,0.279324800852919,-0.38346013776026666,635,0.06676245169050515,0.37553902,717,0.07599143153840306,-0.10432186729333667,-0.028330435754933613,-0.0001639926565470042,0.018162992550190323,0.10216689546072849,-0.010581817164392843,11,-0.010581817164392843,47.52105263157895,38.29692982456141,0.25,0.04824561403508772,0.8181818181818182,46.92038834951457,38.443203883495144,0,Deep Playmaker,1035,0.035748792270531404,48.25214527972574,38.57774058571921,Deep Playmaker
France,8519,1060,18,6,216.60499331385228,131.41289316816676,15,0,283,875.1,13,305,20,0,0,1,25,8,26,4,0,13,8,1,518.2333333333333,3816.2,345,54,31,102,16,0,0,57,16,1,40,65,0.0,Dayotchanculle Upamecano,Left Center Back,Center Back,0.3333333333333333,11.983019232006175,2.778671126262301,0.0,5.383675307133209,0.17366694539139382,2.25767029008812,17.71402842992217,0.17366694539139382,0.0,2.25767029008812,6.946677815655753,0.0,0.32,0.8840579710144928,45.220588235294116,45.73529411764706,41.029411764705884,-1.248678607022157,-0.025015496503328905,-1.223663110518828,923,0.07886392525848152,0.027555656,1070,-0.004344364865182224,-0.21250983459193643,-0.21685419945711865,-0.0013528478949319143,0.013696057001215674,0.004785506605776034,-0.10609374269679576,12,-0.10609374269679576,47.31072463768116,25.204637681159422,0.2898550724637681,0.06956521739130435,0.7083333333333334,46.672108843537416,25.93673469387755,0,Deep Playmaker,1527,0.03929273084479371,47.62172076178953,27.941114985798052,Deep Playmaker
Ghana,30519,446,17,9,126.75754515530387,65.22971572206491,8,0,102,416.79999999999995,22,106,15,0,1,0,13,4,12,6,1,3,3,0,301.20000000000005,2274.9,149,20,14,44,7,2,0,30,1,2,44,39,0.42841392,Mohamed Salisu,Left Center Back,Center Back,0.5294117647058824,6.872509960159362,2.0916334661354576,0.597609561752988,4.183266932270915,0.0,6.573705179282867,13.147410358565734,0.0,0.0,0.8964143426294819,13.147410358565734,0.12801212749003982,0.3076923076923077,0.7114093959731543,65.58823529411765,18.38235294117647,25.735294117647058,0.617725297139259,0.9224331944715232,-0.3047078973322641,373,0.03269522533429144,0.0,456,0.27562744854726784,-0.0910481764937044,0.18457927205356345,0.0016560999923304533,0.00976948964172055,0.0,0.09474036395282497,1,0.09474036395282497,45.16711409395973,19.251006711409396,0.3825503355704698,0.10738255033557047,0.4375,45.688235294117646,21.74957983193277,5,Sweeper CB,625,0.064,44.96368999592867,22.088386262718657,Sweeper CB
Ghana,6383,568,13,9,163.4020186499097,134.19752770673486,6,2,135,408.80000000000007,6,153,18,0,1,5,16,6,21,3,0,3,2,2,301.20000000000005,1700.7,181,40,10,49,12,2,4,57,3,0,38,63,0.23574545500000002,Thomas Teye Partey,Right Defensive Midfield,Defensive Midfield,0.6923076923076923,12.848605577689241,3.5856573705179278,0.597609561752988,2.98804780876494,1.49402390438247,1.7928286852589639,14.641434262948206,0.597609561752988,0.0,0.8964143426294819,11.354581673306772,0.07044186902390438,0.375,0.8453038674033149,81.69117647058823,50.882352941176464,57.132352941176464,0.1933376222732477,0.3019170626648702,-0.10857944039162248,493,0.11037622593027002,0.054451561,586,0.09021426175245123,-0.0324440558939111,0.05777020585854014,0.0003921655624203807,0.03298094400306873,0.016270386752988045,0.03559894139860993,2,0.03559894139860993,56.12265193370166,46.02265193370166,0.2983425414364641,0.11049723756906077,0.75,55.970000000000006,46.083125,2,Ball-Winner,840,0.15119047619047618,56.28838334349245,44.467716512619305,Ball-Winner
Ghana,3709,437,11,6,119.46237074938706,172.7013833051609,7,0,113,297.20000000000005,12,129,11,0,1,1,12,4,9,4,0,2,1,3,301.20000000000005,1439.0,140,23,12,48,12,0,1,25,6,0,12,31,0.0,Daniel Amartey,Right Center Back,Center Back,0.5454545454545454,7.470119521912349,3.5856573705179278,0.0,3.5856573705179278,0.298804780876494,3.5856573705179278,14.342629482071711,0.8964143426294819,0.0,0.597609561752988,3.5856573705179278,0.0,0.3333333333333333,0.9214285714285714,67.20588235294119,21.176470588235293,57.132352941176464,-0.6407958706258796,-0.02036507151206024,-0.6204307991138194,370,0.021003377133125372,0.08447147199999999,447,-0.00608518073069529,-0.18538768897823285,-0.19147286970892816,-0.0017318807314212962,0.006275909501929891,0.025240479681274894,-0.09500081717350449,3,-0.09500081717350449,41.54357142857143,57.77285714285714,0.2642857142857143,0.07142857142857142,0.4,40.98956521739131,58.81217391304347,5,Sweeper CB,635,0.05196850393700787,42.717731521755546,54.79946861982186,Sweeper CB
Ghana,8108,132,0,0,24.068224043715844,122.1682786885246,0,1,24,81.5,0,51,0,0,0,0,0,0,2,0,0,0,0,0,301.20000000000005,2551.2,76,0,2,24,8,0,0,11,0,0,25,13,0.0,Lawrence Ati-Zigi,Goalkeeper,Goalkeeper,0.0,0.0,2.390438247011952,0.0,0.597609561752988,0.0,0.0,7.1713147410358555,0.0,0.0,0.0,7.470119521912349,0.0,0.0,0.6710526315789473,15.0,2.941176470588235,31.91176470588235,-1.4174075596092734,-0.03451713323011063,-1.3828904263791628,124,0.011700043985837804,0.0,185,-0.010313884431307955,-0.41321427083042706,-0.42352815526173504,-0.011430706125881238,0.0034960290794336063,0.0,-0.21449408365274517,4,-0.21449408365274517,10.272368421052631,41.26447368421052,0.5263157894736842,0.039473684210526314,0.3333333333333333,11.241666666666667,39.237500000000004,7,Goalkeeper,187,0.0106951871657754,14.199465225214627,40.13796786955971,Goalkeeper
Iran,5226,391,18,7,216.75824008792546,110.06318285453716,10,2,71,461.0,3,61,13,0,3,5,13,2,8,5,2,2,1,7,305.1,448.59999999999997,82,64,17,11,12,6,1,79,1,1,34,90,1.37814372,Mehdi Taremi,Center Forward,Forward,0.3888888888888889,19.469026548672566,3.5398230088495573,1.7699115044247786,5.014749262536872,1.4749262536873156,0.8849557522123893,3.244837758112094,2.0648967551622417,0.0,0.5899705014749262,10.029498525073745,0.40653207079646014,0.15384615384615385,0.7439024390243902,49.55882352941177,82.94117647058825,56.470588235294116,2.7543620006763376,2.5605171895876992,0.19384481108863838,298,0.1493791858275636,0.4522280457,417,0.7553148051881118,0.05718136020313816,0.81249616539125,0.009242825505625295,0.04406465658630194,0.13340060345132743,0.41783386166457304,1,0.41783386166457304,71.40243902439025,35.89756097560976,0.18292682926829268,0.2804878048780488,0.6956521739130435,73.199173553719,34.43388429752066,1,Target Forward,520,0.4076923076923077,69.79644180381197,37.55308158329009,Target Forward
Iran,5220,360,16,12,121.56974552629788,103.44141865686873,5,1,75,214.7,9,93,15,2,1,0,6,1,4,6,0,8,4,2,305.1,1654.5,128,28,5,41,8,2,0,10,7,0,35,21,0.26883789,Morteza Pouraliganji,Right Center Back,Center Back,0.75,10.619469026548671,2.359882005899705,0.5899705014749262,1.4749262536873156,0.0,2.654867256637168,12.094395280235988,0.5899705014749262,0.5899705014749262,2.359882005899705,10.324483775811208,0.07930321238938054,0.16666666666666666,0.7265625,85.44117647058823,38.38235294117647,31.176470588235293,0.09826918941689655,0.4934894219331909,-0.39522023251629435,296,0.020216489848229637,0.316733445,368,0.14557210086524805,-0.11658413938533756,0.028987961479910486,0.00033199050478681266,0.005963566326911397,0.09343169469026548,0.015786291156773567,2,0.015786291156773567,40.89375,31.21484375,0.3515625,0.1171875,0.26666666666666666,42.45934065934066,29.045054945054943,5,Sweeper CB,499,0.05410821643286573,40.82782516618173,31.937834353111235,Sweeper CB
Iran,5228,327,12,5,93.20046228413163,125.21330441511893,4,0,72,179.7,8,87,5,0,4,1,14,4,6,5,0,4,2,0,305.1,1211.7,108,31,6,28,18,0,0,27,2,0,24,31,0.0,Seyed Majid Hosseini,Left Center Back,Center Back,0.4166666666666667,10.324483775811208,5.309734513274336,0.0,1.7699115044247786,0.2949852507374631,2.359882005899705,8.259587020648967,0.0,0.0,1.1799410029498525,7.0796460176991145,0.0,0.2857142857142857,0.8055555555555556,51.617647058823536,36.76470588235294,85.1470588235294,-0.3006585401890334,-0.04188599102781154,-0.25877254916122183,249,0.024413875021365047,0.0,342,-0.012355749565726118,-0.07633408529829552,-0.08868983486402164,-0.0012074640168234273,0.007201733044650456,0.0,-0.04326681002812776,3,-0.04326681002812776,34.78425925925926,47.99444444444444,0.28703703703703703,0.10185185185185185,0.7272727272727273,35.19846153846154,45.778461538461535,5,Sweeper CB,465,0.03870967741935484,36.75234568374508,44.14494605504559,Sweeper CB
Japan,9411,445,5,3,263.59037716813884,119.62318188949959,6,2,96,297.79999999999995,2,83,13,0,3,7,9,5,6,2,0,1,0,1,337.2166666666667,607.8,104,74,9,22,6,6,5,54,6,0,32,63,0.42129175,Daichi Kamada,Center Attacking Midfield,Attacking Midfield/Wing,0.6,20.550585676864525,1.601344338456976,1.601344338456976,2.402016507685464,1.8682350615331387,0.5337814461523254,5.871595907675579,0.2668907230761627,0.0,0.2668907230761627,8.540503138437206,0.11243885978352196,0.5555555555555556,0.7980769230769231,73.01470588235294,85.29411764705883,17.794117647058822,1.3553792396560311,1.189048835192807,0.1663304044632241,357,0.09356457260535551,0.034016185,466,0.31734610339747726,0.04439204191674048,0.3617381453142177,0.0037965805032381824,0.024971516436955457,0.009078604210942517,0.1870023500954714,1,0.1870023500954714,69.59903846153847,32.98461538461539,0.14423076923076922,0.15384615384615385,0.5625,69.27894736842106,31.16766917293233,1,Target Forward,623,0.3611556982343499,67.49597761047188,33.24647955156765,Target Forward
Japan,23527,375,11,4,269.8152652627557,253.29139681074537,9,5,78,509.9000000000001,6,63,10,7,4,6,12,3,3,1,0,5,3,4,346.33333333333337,764.5,98,46,19,7,14,2,3,53,1,0,50,65,0.11059656,Junya Ito,Right Wing Back,Fullback/Wingback,0.36363636363636365,13.25312800769971,3.6381135707410968,0.519730510105871,4.937439846005774,1.559191530317613,1.559191530317613,1.8190567853705484,1.039461020211742,1.8190567853705484,1.2993262752646775,12.993262752646775,0.02874020327237728,0.25,0.6428571428571429,47.94117647058824,53.67647058823529,58.6764705882353,0.6174817807914224,0.7398537574918009,-0.12237197670037858,297,0.20235975537550976,0.220472742,402,0.19226228539247953,-0.031800224936575756,0.16046206045590378,0.002079063234987954,0.05258626944310648,0.05729320533205004,0.09137200308706957,2,0.09137200308706957,69.92857142857143,65.23877551020408,0.20408163265306123,0.1836734693877551,0.5555555555555556,73.0030612244898,65.00102040816327,6,Attacking Wingback,492,0.35772357723577236,63.67421899679476,60.04799565395013,Attacking Wingback
Japan,25719,227,0,0,39.74970666744094,164.28998451458048,0,0,48,73.90000000000002,0,69,0,0,0,0,0,0,4,1,0,0,0,0,412.51666666666665,4093.1000000000004,113,1,1,38,14,0,0,24,4,0,44,27,0.0,Shūichi Gonda,Goalkeeper,Goalkeeper,0.0,0.21817300311098542,3.054422043553796,0.0,0.21817300311098542,0.0,0.0,8.290574118217446,0.0,0.0,0.0,9.599612136883358,0.0,0.0,0.6106194690265486,15.0,6.176470588235294,45.88235294117647,0.6015788422955666,-0.08601407436071895,0.6875929166562855,212,0.018601683488233333,0.0,301,-0.018765948913089667,0.15001421154474331,0.13124826263165365,0.0028376360485639933,0.004058385149547897,0.0,0.0672870991603056,3,0.0672870991603056,11.932743362831859,41.690265486725664,0.6371681415929203,0.07079646017699115,0.625,11.841176470588234,40.4156862745098,7,Goalkeeper,316,0.015822784810126583,16.200632884909837,41.24303800848466,Goalkeeper
Japan,23721,635,17,9,228.28013522506834,205.01953707243626,10,3,150,340.0,11,153,28,0,4,3,13,2,15,7,0,4,4,4,326.01666666666665,1522.3,187,70,10,37,23,6,1,81,0,1,41,92,0.1814009069999999,Wataru Endo,Right Defensive Midfield,Defensive Midfield,0.5294117647058824,20.428403455856042,6.349368641684986,1.6563570369613005,2.7605950616021677,0.8281785184806503,3.0366545677623846,10.214201727928021,1.1042380246408672,0.0,1.1042380246408672,11.318439752568887,0.05007744480343538,0.15384615384615385,0.8181818181818182,65.58823529411765,84.70588235294117,92.5,0.07629360246937722,0.3011962567688897,-0.2249026542995125,509,0.12799191782365268,0.328127423,667,0.08314808990092555,-0.062086515680045376,0.02106157422088017,0.00014988919935044642,0.035333385626896606,0.09058269435100455,0.017642430995624542,4,0.017642430995624542,60.42245989304813,46.252941176470586,0.24064171122994651,0.17647058823529413,0.7272727272727273,62.042948717948725,46.08141025641026,2,Ball-Winner,934,0.22483940042826553,60.673748533427705,46.060075929760224,Ball-Winner
Japan,3300,668,20,12,149.04980088498766,157.11693380141023,10,0,163,358.20000000000005,26,201,11,0,0,3,12,2,12,4,0,9,7,0,412.51666666666665,2443.6000000000004,227,22,6,65,9,1,2,49,2,0,28,56,0.7835,Maya Yoshida,Center Back,Center Back,0.6,6.763363096440548,1.9635570279988688,0.21817300311098542,1.3090380186659125,0.6545190093329563,5.672498080885621,14.181245202214052,0.0,0.0,1.9635570279988688,6.108844087107592,0.17093854793745708,0.16666666666666666,0.8854625550660793,73.01470588235294,18.088235294117645,24.264705882352942,-0.7224346442962997,-0.3692243922268972,-0.3532102520694025,582,0.013890481806659466,0.0,679,-0.08055479447397054,-0.07706094142356969,-0.15761573589754024,-0.0012412966396843637,0.003030528130417402,0.0,-0.07857415131459194,5,-0.07857415131459194,42.91277533039648,36.4784140969163,0.24669603524229075,0.1013215859030837,0.7391304347826086,42.97688172043011,34.66559139784946,5,Sweeper CB,1005,0.029850746268656716,45.29401001656428,36.00156725882336,Sweeper CB
Morocco,6301,466,41,22,478.89423958706715,269.55495911295907,9,1,57,96.80000000000001,12,48,22,0,3,9,21,1,2,3,2,0,0,1,553.8166666666667,414.6,76,113,1,4,12,11,6,54,3,0,39,67,1.045874203,Youssef En-Nesyri,Center Forward,Forward,0.5365853658536586,18.363477685154532,1.9501038249721627,1.7875951728911492,0.16250865208101356,1.462577868729122,1.9501038249721627,0.6500346083240542,0.16250865208101356,0.0,0.0,6.337837431159529,0.16996360697583435,0.047619047619047616,0.631578947368421,66.32352941176471,79.70588235294119,23.97058823529412,4.935712066944689,4.749798423057655,0.18591364388703369,307,0.030909371102377972,0.032880384,493,0.7718833393876233,0.03021257567155141,0.8020959150591747,0.01607723800307716,0.005023040234519277,0.005343346883746125,0.4068757369774143,1,0.4068757369774143,58.538157894736834,37.560526315789474,0.15789473684210525,0.25,0.47368421052631576,76.33076923076922,39.67272727272727,1,Target Forward,548,0.26094890510948904,61.99361422288001,39.28176553299678,Target Forward
Morocco,23774,472,14,0,415.7183592187139,254.7115624855079,7,2,94,228.79999999999998,4,70,39,1,5,10,27,9,5,16,0,11,4,3,423.7,589.5,88,104,8,10,14,2,5,85,1,0,37,94,0.11463773599999999,Selim Amallah,Left Center Midfield,Central/Wide Midfield,0.0,26.339391078593344,2.9738022185508615,0.4248288883644088,1.6993155534576352,2.124144441822044,0.8496577767288176,2.124144441822044,0.6372433325466131,0.2124144441822044,2.3365588860042483,7.859334434741562,0.02435071097474628,0.3333333333333333,0.7954545454545454,15.0,95.29411764705881,44.55882352941177,1.381536452943692,1.4545390153944027,-0.07300256245071068,323,0.03582813432750947,0.076954729,526,0.30896509649633286,-0.015506798726844375,0.2934582977694885,0.004277202640692545,0.007610413239263281,0.016346295987727168,0.1495343923248047,2,0.1495343923248047,61.08068181818182,39.59886363636363,0.17045454545454544,0.2159090909090909,0.8947368421052632,65.03818181818181,37.86636363636364,2,Ball-Winner,650,0.18769230769230769,59.66598987048413,39.114970091996916,Ball-Winner
Morocco,12149,446,8,6,123.84143546376103,223.27270196212055,3,0,116,296.90000000000003,16,133,2,0,0,0,8,3,6,2,0,4,4,1,369.18333333333334,1967.5,154,16,11,48,6,1,0,14,9,0,22,20,0.25141555,Nayef Aguerd,Right Center Back,Center Back,0.75,4.875626382556092,1.4626879147668277,0.24378131912780462,2.6815945104058505,0.0,3.900501106044874,11.701503318134622,0.24378131912780462,0.0,0.9751252765112185,5.363189020811701,0.06129041442824251,0.375,0.8636363636363636,85.44117647058823,12.5,15.147058823529411,0.6688497917784844,1.160597074776888,-0.49174728299840353,394,0.012395961291993524,0.054164495,453,0.282931885864981,-0.11987880132686465,0.16305308453811637,0.0016975883040063055,0.003021903795619386,0.013204292040991378,0.08264019951938395,3,0.08264019951938395,32.51623376623377,56.88051948051948,0.2727272727272727,0.05194805194805195,0.25,31.46639344262295,57.28770491803279,5,Sweeper CB,660,0.019696969696969695,33.14609270431876,55.19785581901591,Sweeper CB
Morocco,5245,1198,14,8,375.5692413212506,480.4930379249191,14,7,283,911.5,12,314,33,10,11,8,31,12,14,10,1,11,8,7,660.8,3025.2000000000003,380,104,26,76,36,5,3,134,10,1,87,149,0.919596872,Achraf Hakimi Mouh,Right Back,Fullback/Wingback,0.5714285714285714,16.20762711864407,4.90314769975787,0.6809927360774819,3.5411622276029058,1.089588377723971,1.6343825665859566,10.351089588377725,0.9533898305084746,1.3619854721549638,1.49818401937046,11.849273607748184,0.12524775799031476,0.3870967741935484,0.8263157894736842,70.58823529411765,71.47058823529412,80.14705882352942,0.9188468103820924,1.3209869473357685,-0.4021401369536761,1004,0.3499092499887267,0.36596940099999997,1260,0.17991650311776508,-0.054770902430131434,0.12514560068763367,0.0009151860661176219,0.04765713150572852,0.04984450074152542,0.07237878246479783,4,0.07237878246479783,56.60526315789474,70.305,0.19210526315789472,0.11842105263157894,0.8,61.150488599348535,69.34951140065147,6,Box-to-Box Runner,1664,0.26622596153846156,56.312811510625814,65.31033317213057,Box-to-Box Runner
Morocco,46258,984,7,2,405.6533908357843,337.9975470754289,8,7,251,954.1,2,221,41,1,4,12,14,5,20,3,0,11,10,6,589.25,1708.5,267,91,31,43,31,6,10,173,6,2,71,188,0.244700479,Azzedine Ounahi,Right Center Midfield,Central/Wide Midfield,0.2857142857142857,16.03733559609673,4.7348324140857025,0.9164191769198133,4.7348324140857025,1.8328383538396267,0.3054730589732711,6.567670767925329,0.9164191769198133,0.15273652948663555,1.680101824352991,10.844293593551125,0.037374701926177346,0.35714285714285715,0.8277153558052435,41.61764705882353,70.73529411764706,77.5,0.8599579177098349,0.9044679132930469,-0.044509995583212,849,0.1758062274245921,0.31412567399999997,1038,0.13814529010839918,-0.0067983022528452786,0.1313469878555539,0.0010129068524261896,0.026852033038970366,0.04797846526941026,0.07134777259129889,5,0.07134777259129889,58.68651685393258,48.05205992509363,0.20599250936329588,0.1647940074906367,0.7045454545454546,60.688541666666666,48.384375000000006,2,Ball-Winner,1422,0.22855133614627285,58.42204629863428,47.60463110986845,Ball-Winner
Morocco,31295,434,10,2,286.55704565296014,63.81640199269847,7,4,98,438.19999999999993,11,97,20,7,5,2,12,3,8,9,0,1,0,4,350.18333333333334,1644.6,138,42,14,34,20,2,2,35,0,0,46,39,0.331586645,Yahia Attiyat allah,Left Back,Fullback/Wingback,0.2,11.308362286421398,5.14016467564609,0.5140164675646091,3.598115272952263,0.5140164675646091,2.8270905716053494,8.738279948598354,1.0280329351292181,1.7990576364761315,0.25700823378230453,11.822378753986007,0.08522049797725002,0.25,0.7028985507246377,35.147058823529406,41.61764705882353,83.08823529411765,0.2942712187941652,0.4331528524926398,-0.13888163369847462,344,0.14104702934715277,0.399032496,459,0.11132384957690043,-0.03569372338164594,0.07563012619525449,0.000855439589517922,0.0362502478927526,0.10255463701870449,0.04532174455303314,6,0.04532174455303314,52.086231884057966,9.376086956521739,0.35507246376811596,0.07971014492753623,0.6363636363636364,59.68484848484849,9.872727272727273,4,Wide Creator,553,0.19710669077757687,52.94571950339925,15.00018144860055,Wide Creator
Morocco,5237,1155,12,4,451.41423084135283,457.28527270334496,12,11,278,929.3,2,210,47,18,8,30,22,5,20,11,2,14,8,7,662.6333333333333,2765.2000000000003,300,137,30,50,24,11,12,193,24,3,116,220,1.0958165259999997,Hakim Ziyech,Right Wing,Attacking Midfield/Wing,0.3333333333333333,20.644901655012827,3.259721313949394,1.494038935560139,4.074651642436742,4.074651642436742,0.2716434428291162,6.7910860707279035,0.9507520499019065,2.4447909854620455,1.901504099803813,15.755319684088738,0.1488356869158408,0.22727272727272727,0.7,45.220588235294116,85.58823529411764,50.44117647058823,0.47688883464434184,0.5848808315349743,-0.10799199689063244,966,0.3976275509283311,0.46633925000000004,1216,0.07943952136145835,-0.0146676589166813,0.06477186244477705,0.0004936737418678486,0.05400645844894079,0.06333899969817396,0.04333532503473704,7,0.04333532503473704,67.717,63.961999999999996,0.28,0.10333333333333333,0.7419354838709677,67.3644859813084,65.72367601246106,6,Box-to-Box Runner,1584,0.32323232323232326,65.15656386163099,60.88975408740443,Box-to-Box Runner
Morocco,6785,445,0,0,58.05718097136908,243.34242521862416,0,0,107,225.7,0,156,0,0,0,0,0,0,4,0,0,0,0,0,603.15,6269.2,210,1,6,91,25,0,0,62,6,0,54,71,0.0,Yassine Bounou,Goalkeeper,Goalkeeper,0.0,0.14921661278288983,3.730415319572246,0.0,0.895299676697339,0.0,0.0,13.578711763242975,0.0,0.0,0.0,8.05769709027605,0.0,0.0,0.7428571428571429,15.0,5.88235294117647,60.73529411764705,0.43935394164873287,-0.13305490321363322,0.5724088448623661,419,0.01219653049975076,0.0,527,-0.019854001971693593,0.08541290895732893,0.06555890698563535,0.0010485774263692908,0.001819924968876015,0.0,0.03345801171450367,8,0.03345801171450367,11.238571428571428,40.06285714285715,0.5333333333333333,0.12380952380952381,0.6538461538461539,10.141176470588237,41.52647058823529,7,Goalkeeper,640,0.0078125,16.08485491841479,39.90214022576479,Goalkeeper
Morocco,5219,565,10,8,189.85676603652837,167.93856804649704,7,1,128,440.0,30,158,17,1,2,1,12,8,11,5,1,6,3,0,485.7833333333333,2856.0,193,35,15,62,12,1,0,19,12,2,35,24,0.56495196,Romain Saïss,Left Center Back,Center Back,0.8,7.59597900298487,2.223213366727279,0.18526778056060658,2.779016708409099,0.18526778056060658,5.558033416818198,11.48660239475761,0.0,0.18526778056060658,1.1116066833636395,6.48437231962123,0.10466739575256459,0.6666666666666666,0.8186528497409327,88.45588235294117,21.61764705882353,28.97058823529412,0.3357900439586956,0.7249740431725513,-0.3891839992138557,463,0.03751268062644303,0.0,580,0.13431433194262796,-0.07210325576405191,0.06221107617857606,0.0007252484750727766,0.006949891082539965,0.0,0.032713090848317854,9,0.032713090848317854,34.200518134715026,25.275129533678758,0.3626943005181347,0.05181347150259067,0.6,34.114285714285714,26.262142857142855,5,Sweeper CB,802,0.032418952618453865,35.454729463660605,27.68905934489503,Sweeper CB
Morocco,3625,653,12,3,473.93714343784893,164.62529688602058,12,8,160,923.0,1,107,29,7,5,20,20,6,9,12,0,2,1,4,476.66666666666663,1066.9,134,93,35,32,17,7,12,125,9,0,51,140,0.31647403,Sofiane Boufal,Left Midfield,Central/Wide Midfield,0.25,18.503496503496503,3.20979020979021,1.3216783216783219,6.608391608391609,3.7762237762237767,0.18881118881118883,6.0419580419580425,0.7552447552447553,1.3216783216783219,0.37762237762237766,9.62937062937063,0.05975383783216784,0.3,0.7985074626865671,39.11764705882353,80.14705882352942,49.26470588235294,0.19695588777540252,0.5874513476446737,-0.39049545986927114,532,0.34026442193680395,0.43226971599999997,723,0.1109173873175258,-0.07372991200328896,0.03718747531423684,0.0003702178341642904,0.06424573001603992,0.08161735896503496,0.03155394901057569,10,0.03155394901057569,70.19850746268656,25.27910447761194,0.20149253731343283,0.13432835820895522,0.6111111111111112,73.01336898395722,24.494652406417114,3,Progressive Winger,913,0.3833515881708653,69.42916838719808,27.613764105802986,Progressive Winger
Morocco,15890,407,5,2,245.61420448777665,68.05393449236226,10,1,85,202.20000000000002,16,103,16,2,6,2,18,8,4,3,0,1,0,1,376.8333333333333,1080.8,121,44,6,32,13,4,0,46,3,0,25,51,0.151342469,Noussair Mazraoui,Left Back,Fullback/Wingback,0.4,12.18045112781955,3.104820875718709,0.9553295002211412,1.4329942503317117,0.4776647501105706,3.8213180008845646,7.642636001769129,0.2388323750552853,0.4776647501105706,0.2388323750552853,5.970809376382132,0.03614548131800089,0.4444444444444444,0.8512396694214877,50.51470588235294,46.76470588235294,46.470588235294116,0.10240873647853732,0.10385538611444645,-0.0014466496359091252,311,0.0785596879652934,0.01924696,432,0.02480402852799694,-0.0003455067684170401,0.0244585217595799,0.00032928854173163124,0.018762596860353135,0.004596797169394074,0.016080566814380068,11,0.016080566814380068,50.60909090909091,10.88099173553719,0.24793388429752067,0.09917355371900827,0.75,55.404347826086955,11.93695652173913,4,Wide Creator,538,0.17286245353159851,49.978121817170624,17.186786541335906,Wide Creator
Morocco,7459,478,5,5,185.11959940080084,302.2207964739435,8,0,123,305.5,20,143,3,0,0,0,4,2,5,2,0,5,0,0,335.56666666666666,1451.8,160,18,10,43,11,1,0,29,5,0,17,34,0.06408756,Jawad El Yamiq,Right Center Back,Center Back,1.0,6.168669911592332,2.9502334359789413,0.2682030396344492,2.682030396344492,0.0,5.364060792688984,11.532730704281315,0.0,0.0,1.341015198172246,4.559451673785636,0.017188478394755142,0.5,0.89375,95.73529411764706,15.294117647058824,43.970588235294116,-0.013279139762744308,-0.003518769779475406,-0.009760369983268902,410,0.003858745112304232,0.0,486,-0.0009437447506291443,-0.0026177608974695577,-0.003561505648098702,-3.238814576279099e-05,0.001034927168294569,0.0,-0.0015834838341192742,12,-0.0015834838341192742,37.919375,37.030625,0.1875,0.09375,0.6666666666666666,36.6063492063492,36.32222222222222,5,Sweeper CB,677,0.023633677991137372,38.07140085534657,38.91161231453248,Sweeper CB
Morocco,5234,1051,16,4,312.2940142608415,300.1785367585678,12,1,247,1051.9,12,274,42,2,7,1,28,13,18,16,0,9,7,2,698.3833333333333,2693.6,323,123,43,83,39,1,0,89,13,2,60,96,0.020691318,Sofyan Amrabat,Center Defensive Midfield,Defensive Midfield,0.25,18.170536715748277,5.02589313414314,0.12886905472161897,5.541369353029616,0.12886905472161897,1.5464286566594276,10.696131541894376,0.25773810944323794,0.25773810944323794,1.159821492494571,7.732143283297138,0.0026664705916044197,0.4642857142857143,0.848297213622291,39.11764705882353,79.11764705882352,82.35294117647058,-0.6219610711268615,-0.03701105041545816,-0.5849500207114033,834,0.08835802653160495,0.07033310300000001,1097,-0.004769579081294276,-0.07538195622846999,-0.08015153530976427,-0.0007457566800082272,0.011386615356195659,0.009063760499248265,-0.03802217158764547,13,-0.03802217158764547,48.94334365325078,42.33653250773994,0.21981424148606812,0.07430340557275542,0.75,46.14940239043825,40.24860557768924,2,Ball-Winner,1503,0.07518296739853626,48.26156465729572,42.01181831558508,Ball-Winner
Netherlands,2988,539,10,2,398.240627041514,140.52517263375475,4,4,111,334.1,1,96,17,2,1,13,8,0,5,4,1,1,0,3,315.58333333333337,578.8,127,45,8,9,7,10,3,112,2,3,50,134,1.181855992,Memphis Depay,Left Center Forward,Forward,0.2,13.11856350673356,1.99630314232902,2.8518616318986,2.28148930551888,3.7074201214681803,0.28518616318986,2.5666754687087403,0.85555848956958,0.57037232637972,0.28518616318986,14.259308159493001,0.3370489758014259,0.0,0.7559055118110236,35.147058823529406,52.5,24.705882352941178,2.7724877062428277,2.0774590428336523,0.6950286634091754,491,0.16867029819946044,0.37254000600000003,574,0.5924625736098084,0.19821255782463937,0.7906751314344477,0.005646614472999649,0.04810243518759368,0.10624325494586745,0.40665203709664244,1,0.40665203709664244,73.69291338582677,26.61259842519685,0.14960629921259844,0.2125984251968504,0.6296296296296297,78.94644549763034,27.919431279620852,1,Target Forward,743,0.43203230148048455,72.75273162438855,29.63955094950145,Target Forward
Netherlands,20750,606,10,5,391.96034559463584,242.79129192667085,8,11,134,549.0,7,98,29,11,4,13,13,5,8,10,3,9,4,10,460.2166666666667,1001.5,154,52,18,19,19,5,5,113,4,2,76,134,0.562367031,Cody Mathès Gakpo,Center Attacking Midfield,Attacking Midfield/Wing,0.5,11.92916379965958,3.7156411835005247,0.9778003114475066,3.5200811212110237,2.542280809763517,1.3689204360265093,3.7156411835005247,1.9556006228950131,2.1511606851845144,1.7600405606055118,14.862564734002099,0.1099765316119219,0.38461538461538464,0.6363636363636364,60.514705882352935,45.44117647058823,60.147058823529406,3.0975092566222884,3.153369554114761,-0.055860297492472455,514,0.40698582771533265,0.58930045,652,0.6166731464244996,-0.010924043257137988,0.6057491031673616,0.006026282600432468,0.0795901738189547,0.11524363270923114,0.3206004711276015,2,0.3206004711276015,84.67922077922078,45.66688311688311,0.22727272727272727,0.18181818181818182,0.6428571428571429,82.32433862433862,46.57777777777778,3,Progressive Winger,814,0.5122850122850123,74.61256833903126,44.68114358964133,Progressive Winger
Netherlands,8326,409,0,0,42.99407239836252,192.63548805518965,0,0,93,192.3,0,157,0,0,0,0,0,0,2,0,0,0,0,0,509.51666666666665,4729.6,191,0,1,114,26,0,0,23,4,0,34,32,0.0,Andries Noppert,Goalkeeper,Goalkeeper,0.0,0.0,4.592587746557195,0.0,0.1766379902521998,0.0,0.0,20.136730888750776,0.0,0.0,0.0,6.005691668574793,0.0,0.0,0.8219895287958116,15.0,2.941176470588235,76.02941176470588,2.0882187180395704,-0.0944803052698262,2.1826990233093966,383,0.003012422686239141,0.0,502,-0.016688811241276424,0.3855475688028112,0.3688587575615348,0.005452268193314805,0.0005321082890874148,0.0,0.18617148089657934,3,0.18617148089657934,10.458115183246074,38.294240837696336,0.5497382198952879,0.07329842931937172,0.35714285714285715,9.737373737373737,38.217171717171716,7,Goalkeeper,608,0.003289473684210526,14.8687499991373,38.569572332030845,Goalkeeper
Netherlands,8118,1112,14,12,282.141184975679,166.66676832827625,13,2,272,983.5,6,327,31,2,4,11,15,7,31,6,1,3,2,4,499.45000000000005,2030.4,364,80,29,73,20,2,7,187,7,3,45,205,0.720993446,Frenkie de Jong,Left Defensive Midfield,Defensive Midfield,0.8571428571428571,14.956452097307036,3.6039643607968763,0.36039643607968763,5.225748323155471,1.982180398438282,1.081189308239063,13.154469916908598,0.7207928721593753,0.36039643607968763,0.5405946541195314,8.10891981179297,0.12992173418760639,0.4666666666666667,0.8983516483516484,90.44117647058823,66.32352941176471,57.94117647058824,1.6939276179182343,1.58676858493709,0.10715903298114426,980,0.11365116290354223,0.40124804300000005,1140,0.2859328714472682,0.01930986679007505,0.3052427382373432,0.0017284975693043208,0.02047973703337431,0.07230418234057463,0.15723586579613774,4,0.15723586579613774,60.36043956043956,33.62362637362637,0.17857142857142858,0.20054945054945056,0.8082191780821918,57.64660493827161,32.01481481481481,2,Ball-Winner,1658,0.19360675512665862,59.31268913855032,34.116718206568336,Ball-Winner
Netherlands,8125,723,21,10,351.23302911415817,354.17614428945075,13,8,157,520.8000000000001,7,148,24,13,1,6,20,7,9,19,1,5,1,2,509.51666666666665,1730.0,218,69,16,27,10,2,0,63,1,0,88,81,0.283319202,Denzel Dumfries,Right Wing Back,Fullback/Wingback,0.47619047619047616,13.071211278662785,1.766379902521998,0.3532759805043996,2.826207844035197,1.0598279415131988,1.2364659317653985,4.769225736809394,0.3532759805043996,2.2962938732785974,0.883189951260999,15.544143142193583,0.05004493444113703,0.35,0.6788990825688074,55.294117647058826,52.05882352941177,20.441176470588236,1.5323742782347836,1.579093754349742,-0.046719476114958525,617,0.2520128899731849,0.41206598,778,0.27892794718813935,-0.008252434366581926,0.2706755128215574,0.002483588781579876,0.044515050402512135,0.07278650655850316,0.14498584312575508,5,0.14498584312575508,71.04128440366972,73.65137614678899,0.23853211009174313,0.11009174311926606,0.5416666666666666,75.30694444444444,71.24027777777778,6,Attacking Wingback,960,0.4125,69.94657128141405,67.37378171996278,Attacking Wingback
Netherlands,3311,917,14,6,306.77589966282756,49.36987578731851,10,8,208,334.5,6,260,18,8,5,2,20,7,26,4,1,5,3,2,452.48333333333335,2443.5,304,83,7,68,13,5,1,60,6,0,49,65,0.521673045,Daley Blind,Left Wing Back,Fullback/Wingback,0.42857142857142855,17.702309477328814,2.585730597812074,0.9945117683892593,1.3923164757449629,0.39780470735570367,1.193414122067111,13.525360050093926,0.39780470735570367,1.5912188294228147,0.9945117683892593,9.74621533021474,0.10376199650079192,0.35,0.8552631578947368,52.64705882352941,76.91176470588236,36.61764705882353,1.2086181962513365,1.6172161747235805,-0.408597978472244,785,0.1995048831992489,0.31126056,935,0.32166810355841224,-0.08127109962614157,0.24039700393227068,0.0015396410143329127,0.039681990838555524,0.061910457991086236,0.1285967924381463,6,0.1285967924381463,64.19802631578948,8.112828947368422,0.24342105263157895,0.09210526315789473,0.8571428571428571,66.82222222222222,8.683141762452108,4,Wide Creator,1291,0.2889233152594888,63.877348946453765,12.374535878072638,Wide Creator
Netherlands,3669,974,28,18,190.87771157460602,220.95322054646823,8,1,251,703.8000000000001,30,305,3,0,1,1,13,2,14,5,0,5,3,2,509.51666666666665,4121.2,343,29,20,116,8,4,1,27,10,1,40,33,0.977948796,Virgil van Dijk,Center Back,Center Back,0.6428571428571429,6.005691668574793,1.4131039220175985,0.7065519610087992,3.532759805043996,0.1766379902521998,5.2991397075659945,20.490006869255176,0.3532759805043996,0.0,0.883189951260999,7.065519610087992,0.17274290989499852,0.15384615384615385,0.8892128279883382,76.54411764705881,15.0,14.852941176470589,-0.15228137298254296,0.2539364571857732,-0.40621783016831614,882,0.07721841306244143,0.050053567,989,0.044854825449058756,-0.07175350112554078,-0.026898675676482027,-0.00017265461789403965,0.013639705293813868,0.008841361479833831,-0.010773193164846451,7,-0.010773193164846451,40.60495626822158,43.775510204081634,0.27988338192419826,0.05539358600583091,0.6842105263157895,40.1436170212766,43.20248226950355,5,Sweeper CB,1429,0.02799160251924423,42.147274515365744,42.82771956497928,Sweeper CB
Netherlands,21809,987,15,8,184.31642700543688,245.28972859472566,8,0,261,714.8,18,286,20,0,1,5,21,9,26,16,0,5,3,0,409.40000000000003,2452.3999999999996,316,73,24,80,15,0,4,56,1,1,36,65,0.0,Jurriën David Norman Timber,Right Center Back,Center Back,0.5333333333333333,17.36687835857352,3.297508549096238,0.0,5.276013678553981,1.0991695163654127,3.957010258915486,17.586712261846603,0.0,0.0,1.0991695163654127,7.914020517830972,0.0,0.42857142857142855,0.9050632911392406,66.02941176470588,75.73529411764706,51.470588235294116,-0.3086349307850469,-0.031371845019748434,-0.27726308576529846,853,0.05189022220015087,0.0,1019,-0.006896595143569513,-0.06095182637732501,-0.06784842152089453,-0.00036182289658270443,0.011407230087966727,0.0,-0.03175131161182873,8,-0.03175131161182873,50.15221518987342,62.072468354430384,0.21518987341772153,0.06645569620253164,0.6666666666666666,49.968421052631584,62.111278195488715,0,Deep Playmaker,1456,0.059752747252747256,50.29624916450275,59.48758380616648,Deep Playmaker
Netherlands,3306,1048,22,11,215.59939405545393,103.53204767107083,14,1,276,1236.0,17,319,14,1,1,0,17,4,30,5,0,10,4,0,506.26666666666665,3181.1,352,49,46,99,12,0,0,42,6,0,34,51,0.0,Nathan Aké,Left Center Back,Center Back,0.5,10.488543587042402,2.1332631024493023,0.0,8.177508559388992,0.0,3.022122728469845,17.59942059520674,0.0,0.1777719252041085,1.7777192520410852,6.04424545693969,0.0,0.23529411764705882,0.90625,60.514705882352935,37.794117647058826,26.764705882352942,-0.6169363034714479,-0.01737974741263315,-0.5995565560588147,930,0.04832620229098617,0.0,1065,-0.0030896311571049187,-0.1065843232393205,-0.10967395439642542,-0.0006633723693241375,0.008591042019071812,0.0,-0.05331778050519559,9,-0.05331778050519559,48.24517045454545,19.435511363636365,0.23011363636363635,0.07670454545454546,0.6666666666666666,45.91495016611296,20.14750830564784,0,Deep Playmaker,1536,0.06510416666666667,47.86002188891208,21.399077009441225,Deep Playmaker
Poland,5668,489,38,17,303.75510490216993,158.99913386980262,5,3,95,297.90000000000003,9,65,21,3,2,10,25,3,10,6,2,3,3,5,389.75,709.2,91,39,9,11,12,12,4,105,2,1,52,122,3.125917802,Robert Lewandowski,Center Forward,Forward,0.4473684210526316,9.698524695317511,2.7710070558050033,2.7710070558050033,2.0782552918537522,2.3091725465041693,2.0782552918537522,2.5400898011545863,1.1545862732520846,0.6927517639512508,0.6927517639512508,12.007697241821681,0.7218283571007056,0.12,0.7142857142857143,54.41176470588235,32.5,40.88235294117647,4.729769616591511,4.580901683977572,0.14886793261393905,422,0.0599027025683124,0.411402791,533,1.0578092406875728,0.03437617430469407,1.092185414992267,0.0112079848734396,0.01383256762321518,0.09500000305323925,0.5522216164828084,1,0.5522216164828084,74.76703296703297,38.918681318681315,0.27472527472527475,0.31868131868131866,0.6206896551724138,79.26595744680851,39.727127659574464,1,Target Forward,657,0.4383561643835616,71.31412830660571,40.40940936157483,Target Forward
Poland,5660,479,4,2,265.41465224226204,180.25780569540925,4,8,102,425.9,4,124,15,5,3,4,9,4,15,3,1,2,2,7,344.4166666666667,1350.5,153,47,16,31,15,3,3,60,8,0,34,66,0.5838947800000001,Piotr Zieliński,Right Center Midfield,Central/Wide Midfield,0.5,13.326881200096782,3.9196709412049358,0.7839341882409872,4.180982337285265,1.0452455843213162,1.0452455843213162,8.100653278490201,1.8291797725623034,1.3065569804016453,0.5226227921606581,8.884587466731187,0.1525783601258166,0.4444444444444444,0.8104575163398693,60.514705882352935,54.70588235294118,64.11764705882354,1.3345340290106833,1.3225318738841452,0.012002155126538128,403,0.2287334207817912,0.430934749,494,0.34559265032539965,0.0031362999120883566,0.348728950237488,0.0033114988312920183,0.05977064951471921,0.1126081608807162,0.18731205467107545,2,0.18731205467107545,68.89281045751635,46.523529411764706,0.28104575163398693,0.12418300653594772,0.7894736842105263,68.84779411764706,45.629411764705885,2,Ball-Winner,685,0.24817518248175183,65.16523372131657,44.56840166051252,Ball-Winner
Poland,3034,403,10,7,150.33703222014393,205.97389249344036,7,0,95,113.99999999999997,26,122,6,0,1,0,7,1,3,2,0,4,2,0,389.75,972.7,130,15,2,24,7,3,0,6,1,0,8,8,0.150632187,Kamil Glik,Right Center Back,Center Back,0.7,4.3874278383579215,1.6164207825529184,0.6927517639512508,0.46183450930083386,0.0,6.003848620910841,5.542014111610007,0.0,0.0,0.9236690186016677,1.8473380372033354,0.03478357108402822,0.14285714285714285,0.9384615384615385,81.91176470588235,10.882352941176471,18.088235294117645,0.5132948678219691,0.9871244446258061,-0.47382957680383697,337,0.011527132565312199,0.0,413,0.22794406675130865,-0.10941542504771092,0.11852864170359774,0.0015231301715785434,0.002661813805973311,0.0,0.0602536226644671,3,0.0602536226644671,38.597692307692306,52.43615384615384,0.14615384615384616,0.038461538461538464,0.6,41.28165137614679,52.03577981651376,5,Sweeper CB,573,0.03315881326352531,39.10595254337596,49.34556160179776,Sweeper CB
Poland,3637,419,8,6,220.79477967099862,179.27439577729626,8,2,88,201.50000000000006,10,97,23,1,9,1,9,5,12,9,0,7,4,2,347.8833333333333,1394.0,127,49,5,26,17,1,1,48,4,0,36,54,0.02170277,Grzegorz Krychowiak,Center Defensive Midfield,Defensive Midfield,0.75,14.487615579935802,4.3980261581947975,0.25870742107028216,1.2935371053514109,0.25870742107028216,2.5870742107028217,6.726392947827337,0.5174148421405643,0.25870742107028216,1.8109519474919753,9.313467158530159,0.005614667656781488,0.5555555555555556,0.7637795275590551,85.44117647058823,62.64705882352941,72.94117647058823,-0.12074070412199944,0.011115739878732711,-0.13185644400073215,323,0.056922415677158916,0.036436717,452,0.0028757243973150308,-0.0341122405789275,-0.031236516181612467,-0.0003738102294798744,0.014726251360928384,0.00942644908733771,-0.01278515088746452,4,-0.01278515088746452,59.0,43.811023622047244,0.2992125984251969,0.15748031496062992,0.7,60.324,43.103,2,Ball-Winner,603,0.16749585406301823,57.007295516121914,44.14858185325885,Ball-Winner
Poland,4734,468,4,2,235.57123786609833,275.06742661382975,12,3,99,425.5,14,121,12,7,6,1,10,3,12,7,0,2,1,2,389.75,1282.2,156,41,14,28,6,1,0,29,4,0,38,38,0.023505978,Matty Cash,Right Back,Fullback/Wingback,0.5,10.160359204618345,1.3855035279025016,0.23091725465041693,3.232841565105837,0.23091725465041693,3.232841565105837,6.465683130211674,0.46183450930083386,1.6164207825529184,0.46183450930083386,8.774855676715843,0.005427935907633099,0.3,0.7756410256410257,60.514705882352935,35.147058823529406,14.558823529411766,-0.24983986487495713,0.24418322983547114,-0.49402309471042827,384,0.12861991605661685,0.13435811,486,0.05638612106527877,-0.11407845676443501,-0.05769233569915623,-0.0006506246481118675,0.02970055790916104,0.03102560590121873,-0.023101243662179468,5,-0.023101243662179468,65.09551282051282,71.3,0.25,0.08974358974358974,0.42857142857142855,66.41290322580646,69.73629032258064,6,Box-to-Box Runner,633,0.26540284360189575,60.44332406526361,66.13168873893576,Box-to-Box Runner
Poland,5673,437,6,5,224.8523958687608,43.99985362605725,11,3,94,177.10000000000002,15,121,11,4,4,7,9,4,5,5,0,4,1,0,365.73333333333335,1101.7,150,38,5,25,14,0,3,67,1,0,39,75,0.0,Bartosz Bereszyński,Left Back,Fullback/Wingback,0.8333333333333334,10.33539919795844,3.4451330659861465,0.0,1.2304046664236237,1.7225665329930733,3.6912139992708712,6.152023332118119,0.0,0.984323733138899,0.984323733138899,9.597156398104264,0.0,0.4444444444444444,0.8066666666666666,89.70588235294117,36.911764705882355,54.852941176470594,-0.24407379137119278,0.019380920799449086,-0.26345471217064187,355,0.12670123884319023,0.0,470,0.004769275078245765,-0.06483118144921009,-0.06006190637096432,-0.0006875318066794163,0.03117875910286307,0.0,-0.02400146090691337,6,-0.02400146090691337,58.22533333333333,9.028,0.22666666666666666,0.15333333333333332,0.8260869565217391,64.98404255319149,8.998936170212765,4,Wide Creator,594,0.25757575757575757,58.13078579529618,13.775385836443276,Wide Creator
Poland,44166,567,7,4,139.4685897961436,106.9556323082704,5,1,140,523.9,14,169,4,0,1,0,6,2,11,1,0,4,0,0,376.7,2794.7,201,15,16,55,7,1,0,9,6,0,34,13,0.12449861,Jakub Piotr Kiwior,Left Center Back,Center Back,0.5714285714285714,4.5394212901513145,1.6724183700557473,0.23891691000796392,3.8226705601274227,0.0,3.3448367401114947,13.140430050438015,0.0,0.0,0.9556676400318557,8.123174940270772,0.029744823201486595,0.3333333333333333,0.8407960199004975,70.58823529411765,11.029411764705882,19.11764705882353,-1.1196520531957503,0.0878329687693622,-1.2074850219651125,517,0.05437466974332834,0.0,573,0.020984781495202012,-0.2884885903288031,-0.2675038088336011,-0.00216567128277708,0.012991028077779534,0.0,-0.13180340018607775,7,-0.13180340018607775,38.30049751243781,26.348756218905475,0.2736318407960199,0.029850746268656716,0.3333333333333333,35.59595375722544,26.342196531791906,5,Sweeper CB,822,0.031630170316301706,38.52614631349299,28.497153002784966,Sweeper CB
Poland,5669,287,0,0,37.176830521866215,160.3916280323237,0,0,65,318.2,0,88,0,0,0,1,0,0,10,1,0,0,0,0,389.75,6271.200000000001,146,0,13,62,18,0,1,15,8,0,58,17,0.0,Wojciech Szczęsny,Goalkeeper,Goalkeeper,0.0,0.0,4.1565105837075045,0.0,3.0019243104554203,0.23091725465041693,0.0,14.31686978832585,0.0,0.0,0.0,13.393200769724181,0.0,0.0,0.6027397260273972,15.0,2.941176470588235,68.82352941176471,-1.7635388840863016,-0.09811062522931024,-1.6654282588569913,269,0.00836568286730636,0.0,375,-0.022655436229988255,-0.38457612135248037,-0.4072315575824686,-0.0065559066322910834,0.0019317805209944129,0.0,-0.20519619467672276,8,-0.20519619467672276,12.505479452054795,40.50753424657535,0.7328767123287672,0.0273972602739726,0.5,10.608771929824563,39.857894736842105,7,Goalkeeper,420,0.02857142857142857,18.60714591776336,39.56720998508802,Goalkeeper
Portugal,5204,768,14,3,282.62307120734346,198.39636286372135,9,14,184,594.5000000000001,4,186,20,5,4,6,17,5,25,4,2,1,1,9,384.95,1796.9,231,62,15,49,14,8,3,78,29,5,57,87,1.0313368613,Bruno Miguel Borges Fernandes,Center Attacking Midfield,Attacking Midfield/Wing,0.21428571428571427,15.196778802441877,3.2731523574490193,1.870372775685154,3.5069489544096637,1.4027795817638655,0.935186387842577,11.456033251071569,2.1041693726457984,1.1689829848032212,0.23379659696064425,13.326406026756722,0.24112304849201197,0.29411764705882354,0.8051948051948052,36.470588235294116,67.20588235294119,50.73529411764706,3.602903442690149,3.6076247772434726,-0.004721334553323686,672,0.4770219922065316,1.184412027,798,0.8434503960304262,-0.0011038319516797812,0.8423465640787464,0.00536146345638415,0.11152611845327404,0.2769115013118587,0.44508694476694327,1,0.44508694476694327,74.77359307359308,49.96623376623377,0.21645021645021645,0.09956709956709957,0.7391304347826086,73.43636363636364,49.24285714285715,3,Progressive Winger,1076,0.3745353159851301,69.41443566713744,47.47067420517066,Progressive Winger
Portugal,5209,514,3,2,261.8062437350168,40.16022215679284,5,5,120,551.2000000000002,3,163,10,12,3,1,3,1,10,2,1,2,2,6,303.6166666666667,1013.6,191,26,22,36,8,3,0,40,2,0,31,47,0.399528818,Raphaël Adelino José Guerreiro,Left Back,Fullback/Wingback,0.6666666666666666,8.299939616841412,2.3714113190975463,0.8892792446615798,6.521381127518252,0.2964264148871933,0.8892792446615798,10.671350935938959,1.7785584893231596,3.5571169786463193,0.5928528297743866,9.189218861502992,0.11843089516385792,0.3333333333333333,0.8534031413612565,79.11764705882352,25.0,31.470588235294116,2.0631125664222054,2.09906329298974,-0.03595072656753473,469,0.2035520285477717,0.4158361906,526,0.6222178065622549,-0.010656744989004091,0.6115610615732507,0.004398960695996173,0.06033819806543159,0.12326483115990558,0.31916785860851055,2,0.31916785860851055,68.56596858638744,9.29738219895288,0.16230366492146597,0.10471204188481675,0.7,69.59867549668874,10.195364238410596,4,Wide Creator,722,0.3379501385041551,66.5136380753244,12.752032802488714,Wide Creator
Portugal,12041,482,6,3,306.0069147955586,100.82839542396208,4,6,125,349.30000000000007,2,94,11,4,4,9,6,3,4,8,1,1,0,3,340.23333333333335,639.5,122,33,12,12,9,11,5,73,3,3,35,81,0.669207472,João Félix Sequeira,Left Wing,Attacking Midfield/Wing,0.5,8.993827765259136,2.3807191143333006,2.9097678064073675,3.1742921524444005,2.3807191143333006,0.5290486920740668,3.1742921524444005,0.7935730381111001,1.0580973841481336,0.2645243460370334,9.258352111296169,0.17702166889389634,0.5,0.7704918032786885,60.514705882352935,28.823529411764703,31.61764705882353,1.9072043028427288,1.855989879288245,0.0512144235544838,434,0.16903352907617292,0.597268774,517,0.49095450907007554,0.013547461898413467,0.504501970968489,0.004394479960467117,0.04471348373720651,0.1579921318506907,0.26251202621982594,3,0.26251202621982594,74.35409836065574,24.712295081967213,0.14754098360655737,0.1557377049180328,0.7894736842105263,77.55,24.804375,1,Target Forward,703,0.4665718349928876,74.02554385984772,26.636687369336258,Target Forward
Portugal,5207,347,10,5,406.65356391345773,192.87675655269118,4,3,66,191.89999999999998,1,67,9,3,0,3,5,0,2,2,1,0,0,4,302.8,310.5,90,21,7,5,5,11,0,47,1,1,33,55,1.9392592669999997,Cristiano Ronaldo dos Santos Aveiro,Center Forward,Forward,0.5,6.241743725231175,1.486129458388375,3.2694848084544255,2.080581241743725,0.8916776750330251,0.29722589167767505,1.486129458388375,1.1889035667107002,0.8916776750330251,0.0,9.808454425363276,0.5763980648282694,0.0,0.7444444444444445,60.514705882352935,15.441176470588236,15.441176470588236,1.6810718504711986,1.6247339259425644,0.056337924528634176,320,0.04847639108427537,0.111545789,371,0.4829129898772483,0.01674508985329285,0.49965807973054116,0.0052533495327224955,0.014408438565339441,0.0331542965984148,0.25428673243815525,4,0.25428673243815525,75.09,34.571111111111115,0.1,0.14444444444444443,0.6153846153846154,81.13071428571428,36.24142857142857,1,Target Forward,470,0.4723404255319149,76.38377639980847,38.3979240250015,Target Forward
Portugal,20016,851,17,11,174.7371762756262,222.24230055765145,4,1,235,588.6,19,252,11,2,3,1,10,1,22,3,1,3,3,0,389.2833333333333,3510.7,295,18,11,83,18,3,1,44,8,3,45,50,0.33506425,Kléper Laveran Lima Ferreira,Right Center Back,Center Back,0.6470588235294118,4.855075566211415,4.161493342466927,0.6935822237444877,2.5431348203964554,0.23119407458149593,4.392687417048423,19.18910819026416,0.0,0.46238814916299187,0.6935822237444877,10.403733356167317,0.077464869204093,0.1,0.8542372881355932,76.76470588235294,12.058823529411764,69.26470588235294,1.0269714706519153,1.385168744425755,-0.3581972737738397,781,0.0624505774570661,0.0,866,0.32024280600672506,-0.08281308722775761,0.23742971877896746,0.0013149442645991234,0.014438203462266428,0.0,0.12199698336131676,5,0.12199698336131676,45.238644067796606,56.00677966101695,0.2542372881355932,0.061016949152542375,0.6666666666666666,46.12764227642276,55.08089430894309,5,Sweeper CB,1232,0.049512987012987016,46.70146632704827,53.36828854030968,Sweeper CB
Portugal,3193,911,8,1,348.73343356897203,201.81822754735182,3,3,238,1035.7,1,259,27,4,1,5,14,4,23,2,0,2,1,5,382.1,1593.6,292,57,41,40,21,1,1,88,6,0,41,98,0.10927713,Bernardo Mota Veiga de Carvalho e Silva,Right Center Midfield,Central/Wide Midfield,0.125,14.603506935357235,4.9463491232661605,0.23554043444124573,9.657157812091075,1.1777021722062286,0.23554043444124573,9.421617377649829,1.1777021722062286,0.9421617377649829,0.47108086888249145,9.657157812091075,0.02573918267469249,0.2857142857142857,0.886986301369863,30.88235294117647,63.970588235294116,80.73529411764706,0.34109659303794615,0.38391863185097463,-0.042822038813028485,816,0.16189111432254963,0.232746106,930,0.09042836133626725,-0.010086321625680615,0.08034203971058664,0.00041801053068375754,0.03813190339971072,0.054821118921748235,0.04792280369444059,6,0.04792280369444059,67.2904109589041,38.09006849315068,0.16095890410958905,0.1095890410958904,0.84375,67.00220588235294,37.70955882352941,2,Ball-Winner,1336,0.312125748502994,66.60230497547032,38.50639102604902,Ball-Winner
Portugal,7005,808,14,13,264.9940716280218,164.71158926087594,9,8,226,637.6,11,224,15,10,1,12,10,4,14,2,0,3,3,1,344.54999999999995,1731.5,269,20,15,47,22,2,6,75,12,1,53,93,0.054823571,João Pedro Cavaco Cancelo,Right Back,Fullback/Wingback,0.9285714285714286,6.007836308228124,5.7466260339573365,0.522420548541576,3.9181541140618203,3.1345232912494563,2.8733130169786683,12.276882890727038,0.261210274270788,2.6121027427078802,0.7836308228123641,13.844144536351765,0.014320480017414022,0.4,0.8327137546468402,91.32352941176471,15.147058823529411,88.67647058823529,0.09113314590649679,0.16522255932795815,-0.07408941342146136,738,0.22183183782699756,0.032710962,827,0.0431578300377775,-0.019352916000381724,0.02380491403739577,0.00012348664756977885,0.057944755200783,0.008544439355681326,0.023528454053125418,7,0.023528454053125418,66.30557620817844,39.659107806691445,0.20446096654275092,0.10037174721189591,0.5555555555555556,69.00226244343891,41.66108597285068,6,Box-to-Box Runner,1153,0.33304423243712056,65.62256084683709,39.22338390313155,Box-to-Box Runner
Portugal,5206,766,15,11,160.22856272155724,129.64146202845413,1,0,216,560.5,15,246,13,0,1,0,10,5,14,4,0,3,2,0,392.41666666666663,2486.0,266,17,10,85,13,1,0,31,2,0,22,40,0.03750256,Rúben Santos Gato Alves Dias,Left Center Back,Center Back,0.7333333333333333,4.586961138245912,2.981524739859843,0.22934805691229562,2.293480569122956,0.0,3.4402208536844343,19.49458483754513,0.0,0.0,0.6880441707368868,5.045657252070503,0.008601139265236781,0.5,0.924812030075188,83.67647058823529,11.176470588235295,45.0,0.07248475417145528,0.22532514831982553,-0.15284039414837025,708,0.025410028445394424,0.0,778,0.0516778849406268,-0.035053647415638114,0.016624237524988685,0.00010237959628736621,0.005827740650037371,0.0,0.009508380771388027,8,0.009508380771388027,42.69323308270677,32.428195488721805,0.22180451127819548,0.07518796992481203,0.55,40.861434977578476,32.73228699551569,5,Sweeper CB,1158,0.023316062176165803,43.64435680713143,33.21375338258399,Sweeper CB
Portugal,32975,350,0,0,46.55059943731581,205.25541569696526,0,0,86,112.4,0,111,2,0,1,0,0,0,4,0,0,0,0,1,489.4,4785.9,159,1,0,71,15,0,0,38,1,0,49,49,0.0,Diogo Meireles Costa,Goalkeeper,Goalkeeper,0.0,0.18389865140988967,2.758479771148345,0.0,0.0,0.0,0.0,13.056804250102166,0.18389865140988967,0.0,0.0,9.011033919084595,0.0,0.0,0.6981132075471698,15.0,6.029411764705882,40.588235294117645,-1.212744535150705,-0.1310465415881481,-1.0816979935625568,334,0.005523840362416974,0.036435805,414,-0.024099282269990457,-0.1989228022489377,-0.22302208451892816,-0.003630971662127859,0.0010158267932519978,0.0067004954025337154,-0.11239716839945203,9,-0.11239716839945203,10.233333333333333,41.183647798742136,0.559748427672956,0.12578616352201258,0.5,9.398863636363636,41.47386363636363,7,Goalkeeper,503,0.011928429423459244,14.438173801645602,40.89144290778405,Goalkeeper
Senegal,2941,443,16,8,324.33317306266997,111.95793440797281,4,10,102,537.1999999999999,1,57,15,7,2,13,13,4,1,3,1,3,1,6,365.2,508.9,81,51,18,9,16,10,9,95,1,0,42,109,1.848790219,Ismaïla Sarr,Left Wing,Attacking Midfield/Wing,0.5,13.307776560788609,3.9430449069003286,2.4644030668127055,4.43592552026287,3.203723986856517,0.24644030668127054,2.217962760131435,1.4786418400876233,1.7250821467688937,0.7393209200438117,10.350492880613363,0.4556164285596933,0.3076923076923077,0.7037037037037037,60.514705882352935,54.41176470588235,64.8529411764706,5.732992555160308,5.759829271089984,-0.026836715929675847,372,0.34738934349456524,0.2702264475,486,1.4194540919991747,-0.006613648504027454,1.4128404434951471,0.015411270309570721,0.0856107363486059,0.06659468859529026,0.7281657501101659,1,0.7281657501101659,83.98765432098766,26.39012345679012,0.14814814814814814,0.24691358024691357,0.55,83.98108108108109,25.544594594594592,1,Target Forward,589,0.5602716468590832,77.94803729406696,30.33344994583378,Target Forward
Senegal,20611,285,11,4,333.82432237696344,153.83991940694096,3,1,57,208.39999999999998,3,39,9,1,1,6,7,0,1,4,1,1,1,1,330.05,114.99999999999999,53,31,9,2,8,8,4,66,0,1,28,71,0.6622403509999999,Boulaye Dia,Center Attacking Midfield,Attacking Midfield/Wing,0.36363636363636365,8.725950613543402,2.1814876533858505,2.1814876533858505,2.454173610059082,1.636115740039388,0.818057870019694,0.5453719133464626,0.2726859566732313,0.2726859566732313,0.2726859566732313,7.635206786850477,0.18058364366005147,0.0,0.7358490566037735,47.94117647058824,27.35294117647059,27.647058823529413,1.7534012184187304,1.5991015751787927,0.15429964323993772,245,0.025661167791940935,0.030363984,313,0.4360525428453002,0.04207534583122071,0.47812788867652095,0.0071567396670152265,0.006997440088697725,0.00827983202545069,0.24261045425610459,2,0.24261045425610459,86.24150943396226,36.01132075471698,0.03773584905660377,0.2641509433962264,0.7857142857142857,87.69626168224299,36.30467289719626,1,Target Forward,359,0.5766016713091922,78.02986943305258,38.751722499478184,Target Forward
Senegal,3404,688,7,3,245.19490872500603,273.4761893198884,5,8,169,743.4,15,192,11,8,1,4,8,2,14,3,0,4,3,8,387.2833333333333,1778.1,222,47,31,46,26,2,3,74,4,1,39,78,0.0178921875,Youssouf Sabaly,Right Back,Fullback/Wingback,0.42857142857142855,11.851788096570127,6.042088049231829,0.4647760037870638,7.204028058699488,0.9295520075741276,3.485820028402978,10.689848087102467,1.8591040151482552,1.8591040151482552,0.9295520075741276,9.063132073847743,0.004157929702629427,0.25,0.8648648648648649,52.64705882352941,44.55882352941177,90.73529411764706,0.4591353542928118,0.5002059938560706,-0.04107063956325874,592,0.2915603658291677,0.576578579,716,0.11624187144738052,-0.009544323864595137,0.1066975475827854,0.0007755664768459659,0.06775513084638748,0.13398994390842192,0.06713246990372398,3,0.06713246990372398,65.41531531531533,70.50765765765766,0.22072072072072071,0.09009009009009009,0.85,67.05828877005348,69.64973262032086,6,Box-to-Box Runner,963,0.34890965732087226,64.58978770851544,65.66731051443028,Box-to-Box Runner
Senegal,5675,600,15,12,149.65539781629457,214.2882941310876,7,0,141,429.3,37,152,11,0,5,1,13,7,12,3,1,6,4,1,387.2833333333333,3183.5,196,34,12,69,20,1,1,34,9,0,46,42,0.23427999,Kalidou Koulibaly,Right Center Back,Center Back,0.8,9.295520075741276,4.647760037870638,0.2323880018935319,2.7886560227223827,0.2323880018935319,8.59835607006068,16.0347721306537,0.2323880018935319,0.0,1.3943280113611913,10.689848087102467,0.05444385875973663,0.5384615384615384,0.7755102040816326,88.45588235294117,30.14705882352941,76.76470588235294,0.5244979734998196,1.0267897699668538,-0.5022917964670341,485,0.01635511632634667,0.034923773,615,0.2386136230073164,-0.11672658694848666,0.12188703605882972,0.0010814391206181847,0.003800732803815985,0.008115865826053278,0.06202809632636351,4,0.06202809632636351,39.83826530612245,54.30255102040816,0.4030612244897959,0.09183673469387756,0.5555555555555556,37.94097222222222,54.77638888888889,5,Sweeper CB,828,0.043478260869565216,40.474382672925316,52.117309304796144,Sweeper CB
Senegal,8553,520,12,7,173.41007892625998,77.33777138191668,5,1,130,607.9000000000001,13,142,11,2,1,0,8,2,14,4,0,1,1,1,348.5833333333333,2988.4,183,25,21,67,3,1,0,27,9,0,45,34,0.035411544,Abdou Diallo,Left Center Back,Center Back,0.5833333333333334,6.712885488883577,0.7745637102557973,0.2581879034185991,5.421945971790581,0.0,3.3564427444417886,17.29858952904614,0.2581879034185991,0.5163758068371982,0.2581879034185991,11.61845565383696,0.009142832302175474,0.25,0.7759562841530054,71.39705882352942,17.794117647058822,10.147058823529411,-0.07420563042978756,0.10598335490794852,-0.18018898533773609,467,0.09118939217275891,0.058196757,533,0.027363620200952524,-0.04652261634347477,-0.01915899614252225,-0.00015889856623080848,0.023543997979101033,0.015025698675591684,-0.0049183680453101595,5,-0.0049183680453101595,45.53224043715847,17.639890710382513,0.4098360655737705,0.08743169398907104,0.5625,44.1744966442953,19.806711409395973,5,Sweeper CB,732,0.09699453551912568,46.09169972929643,21.289790458128202,Sweeper CB
Senegal,7379,246,0,0,40.567517135642134,160.57221951659454,1,0,53,116.60000000000001,0,90,0,0,0,0,0,0,5,0,0,0,0,0,387.2833333333333,3192.9,117,0,3,43,16,0,0,17,6,0,27,22,0.0,Edouard Mendy,Goalkeeper,Goalkeeper,0.0,0.0,3.7182080302965104,0.0,0.6971640056805957,0.0,0.0,9.99268408142187,0.0,0.0,0.0,6.274476051125361,0.0,0.0,0.7692307692307693,15.0,2.941176470588235,60.29411764705882,-1.3290889460477047,-0.08165167650440708,-1.2474372695432976,229,0.017893945632109075,0.0,299,-0.018974869954116205,-0.2898894545566901,-0.3088643245108063,-0.005803881860470326,0.004158338271437321,0.0,-0.1553416591592568,6,-0.1553416591592568,11.398290598290597,41.01794871794872,0.5470085470085471,0.07692307692307693,0.4444444444444444,11.73728813559322,41.03050847457627,7,Goalkeeper,346,0.017341040462427744,16.35924853293193,39.685549199098794,Goalkeeper
South Korea,40538,416,18,10,255.1671571275256,43.15534587701559,6,7,89,229.5,8,102,18,14,2,2,17,3,9,1,0,7,3,5,340.68333333333334,1379.2,141,22,7,23,12,3,1,30,5,0,42,39,0.285274066,Jin-Su Kim,Left Back,Fullback/Wingback,0.5555555555555556,7.661073333007192,3.1700993102098725,0.7925248275524681,1.8492245976224255,0.5283498850349787,2.113399540139915,6.076023677902255,1.3208747125874467,3.698449195244851,1.8492245976224255,11.095347585734553,0.07536225998728047,0.17647058823529413,0.723404255319149,68.6029411764706,21.91176470588235,47.94117647058824,1.4031390262534842,1.4454567760694772,-0.04231774981599301,347,0.15652119960892397,0.356283292,434,0.38185346072966964,-0.011179289125109449,0.3706741716045602,0.0040436283177333835,0.04134897890945596,0.09412111818404187,0.19481997007949128,1,0.19481997007949128,67.97446808510638,8.327659574468086,0.28368794326241137,0.09219858156028368,0.38461538461538464,76.14403669724771,10.099082568807338,4,Attacking Wingback,553,0.42495479204339964,67.51689678058028,14.490360792559589,Attacking Wingback
South Korea,5604,605,9,7,155.9792955896728,89.92451341498476,4,3,165,602.8,13,180,9,1,0,0,6,2,17,1,1,5,2,2,373.18333333333334,3201.1000000000004,210,16,20,76,8,2,0,11,16,0,30,14,0.689242366,Young-Gwon Kim,Left Center Back,Center Back,0.7777777777777778,5.064534857755348,1.929346612478228,0.482336653119557,4.823366531195569,0.0,3.1351882452771203,18.328792818543164,0.482336653119557,0.2411683265597785,1.2058416327988923,7.235049796793354,0.16622342800232237,0.3333333333333333,0.8571428571428571,87.27941176470588,12.941176470588237,23.676470588235293,1.2670121830014978,1.0716805174015462,0.19533166559995152,553,0.06937508734015545,0.214361796,612,0.2584553969884485,0.047107810916874555,0.30556320790532304,0.002291161271250448,0.016731073718763763,0.051697275619668616,0.1568151670777894,2,0.1568151670777894,41.838095238095235,22.11190476190476,0.32857142857142857,0.0380952380952381,0.625,38.246590909090905,22.54715909090909,5,Sweeper CB,894,0.052572706935123045,42.64641410002995,25.21382624494607,Sweeper CB
South Korea,3083,483,6,1,315.43429192851846,128.1070266818372,3,8,120,596.0,1,84,7,2,3,9,10,2,1,1,0,1,1,6,389.65,753.9,122,36,17,9,14,9,4,93,3,1,59,108,0.453828075,Heung-Min Son,Left Wing,Attacking Midfield/Wing,0.16666666666666666,8.77710766072116,3.2336712434235855,2.0787886564865907,3.9266007955857822,2.0787886564865907,0.23097651738739897,2.0787886564865907,1.3858591043243937,0.46195303477479793,0.23097651738739897,13.627614525856538,0.1048236282561273,0.2,0.6885245901639344,32.720588235294116,27.500000000000004,49.85294117647059,1.177053840860026,1.1812616646639071,-0.004207823803881183,439,0.31546939716228517,0.642177726,519,0.2728437054273108,-0.0009719084880002734,0.2718717969393105,0.0026812160384055263,0.07286602269884683,0.1483279746952393,0.1513134678209463,3,0.1513134678209463,84.49262295081968,33.31393442622951,0.13114754098360656,0.21311475409836064,0.6538461538461539,81.74556962025316,32.67658227848101,1,Target Forward,677,0.5745937961595273,76.91421682200686,32.86608704474813,Target Forward
South Korea,23763,786,9,4,256.9244876325337,185.79838434474001,5,3,206,434.00000000000006,7,199,17,5,5,4,9,3,27,7,0,3,2,3,360.1166666666667,2444.4,247,51,10,57,26,6,1,78,13,1,52,91,0.1977482769999999,In-Beom Hwang,Left Defensive Midfield,Defensive Midfield,0.4444444444444444,13.495626417364743,6.497894200953395,1.4995140463738603,2.499190077289767,0.9996760309159068,1.7494330541028371,14.245383440551672,0.7497570231869302,1.2495950386448835,0.7497570231869302,12.99578840190679,0.0494210531679548,0.3333333333333333,0.805668016194332,53.897058823529406,55.73529411764706,93.23529411764706,0.08221627402235754,0.2523748225357849,-0.17015854851342738,688,0.16850377906693909,0.062203636,809,0.06307326522391996,-0.042525855601078716,0.02054740962284124,0.00011950039828831038,0.042112297262992135,0.015545870986254453,0.018732014383505538,4,0.018732014383505538,65.43198380566803,46.678137651821864,0.2793522267206478,0.12550607287449392,0.6774193548387096,64.72217194570136,47.42036199095023,6,Box-to-Box Runner,1138,0.35676625659050965,66.50775781217676,46.252781458612205,Box-to-Box Runner
South Korea,40672,692,11,8,260.7625620576401,280.6634828551804,9,7,165,341.40000000000003,15,205,17,12,5,3,11,7,14,1,0,9,6,2,389.65,1520.6999999999998,242,40,8,36,16,0,2,63,5,0,47,68,0.0,Moon-Hwan Kim,Right Back,Fullback/Wingback,0.7272727272727273,11.317849351982549,3.6956242781983835,0.0,1.8478121390991917,0.6929295521621969,3.4646477608109842,8.315154625946363,0.46195303477479793,2.7717182086487875,2.0787886564865907,10.855896317207751,0.0,0.6363636363636364,0.8471074380165289,83.08823529411765,41.911764705882355,59.705882352941174,-0.034957109339302406,0.20921591340447776,-0.24417302274378017,599,0.1525435924827323,0.377662186,709,0.04832396306018991,-0.0563982344333125,-0.00807427137312259,-5.835911408898565e-05,0.035233987741424125,0.08723109647119211,0.0029921541274968346,5,0.0029921541274968346,68.31280991735538,72.01942148760331,0.19008264462809918,0.09504132231404959,0.8695652173913043,74.14413407821229,71.80111731843576,6,Attacking Wingback,964,0.39522821576763484,67.30323635067681,67.88156865124911,Attacking Wingback
South Korea,5618,633,11,9,226.88796421630013,154.16760867059838,4,2,158,290.19999999999993,9,179,13,1,2,0,8,4,27,12,0,6,1,2,317.91666666666663,2111.5,208,47,5,56,15,1,0,42,17,0,29,48,0.010946972,Woo-Young Jung,Left Defensive Midfield,Defensive Midfield,0.8181818181818182,15.003931847968547,4.2463958060288345,0.2830930537352556,1.415465268676278,0.0,2.5478374836173003,15.853211009174315,0.5661861074705112,0.2830930537352556,1.6985583224115337,8.209698558322412,0.0030990117326343382,0.5,0.8605769230769231,89.19117647058825,66.76470588235294,70.58823529411765,-0.42965496523538604,-0.0012928225623909384,-0.4283621426729951,542,0.1122313718691868,0.111770122,651,-0.00036598908712508877,-0.12126634707387543,-0.12163233616100053,-0.000792721338072668,0.031771921787345156,0.03164134515334207,-0.05469960012445303,6,-0.05469960012445303,58.1264423076923,37.76538461538461,0.2932692307692308,0.09615384615384616,0.7,56.988571428571426,36.93142857142857,2,Ball-Winner,907,0.18302094818081588,58.45434877240349,38.84630926103283,Ball-Winner
South Korea,37641,274,0,0,39.640844461445724,160.35290606018455,0,0,67,216.70000000000002,1,94,0,0,0,0,0,0,5,0,0,0,0,0,389.65,3511.5,128,0,4,46,15,0,0,18,4,0,34,19,0.0,Seung-Gyu Kim,Goalkeeper,Goalkeeper,0.0,0.0,3.4646477608109842,0.0,0.9239060695495959,0.0,0.23097651738739897,10.624919799820352,0.0,0.0,0.0,7.8532015911715645,0.0,0.0,0.734375,15.0,2.941176470588235,55.44117647058824,-1.0101978927559685,-0.06185263715451583,-0.9483452556014527,258,0.005145947947273637,0.0,331,-0.014286506721176505,-0.21904548441968624,-0.23333199114086275,-0.003915495708356467,0.001188593135518099,0.0,-0.1176029256558347,7,-0.1176029256558347,12.6265625,40.30625,0.484375,0.0546875,0.8571428571428571,11.226984126984126,40.98412698412698,7,Goalkeeper,415,0.012048192771084338,15.2050602674197,39.30674695394125,Goalkeeper
Spain,16532,761,6,1,321.49696402194274,77.95869900990098,7,7,200,631.0,2,160,24,6,2,18,10,4,4,6,1,3,3,4,388.25,765.4,196,46,22,13,17,12,4,149,2,1,56,169,1.0841161046999999,Daniel Olmo Carvajal,Left Wing,Attacking Midfield/Wing,0.16666666666666666,12.054088860270443,3.940759819703799,2.7817128139085643,5.0998068254990345,4.172569220862846,0.463618802318094,3.013522215067611,0.927237604636188,1.3908564069542821,0.6954282034771411,12.981326464906632,0.25130830501738566,0.4,0.8163265306122449,32.720588235294116,46.1764705882353,64.70588235294117,2.51727725067758,2.3644569157331716,0.1528203349444084,693,0.28666398204024446,0.324801085,799,0.5481033417024738,0.03542519032838829,0.5835285320308621,0.003632434705162453,0.06645140601061687,0.07529194500965873,0.3061442776291032,1,0.3061442776291032,82.93469387755103,21.607653061224493,0.11224489795918367,0.1683673469387755,0.8181818181818182,81.6246963562753,19.40080971659919,3,Progressive Winger,1094,0.5100548446069469,77.55942605964258,22.039617531191773,Progressive Winger
Spain,11748,395,0,0,49.3900446479621,161.75259134811728,0,0,109,125.10000000000001,0,148,0,0,0,0,0,0,0,0,0,0,0,0,413.95,2006.3,158,0,1,72,12,0,0,68,2,0,10,70,0.0,Unai Simón Mendibil,Goalkeeper,Goalkeeper,0.0,0.0,2.6090107500905906,0.0,0.21741756250754923,0.0,0.0,15.654064500543544,0.0,0.0,0.0,2.1741756250754922,0.0,0.0,0.9367088607594937,15.0,2.941176470588235,37.205882352941174,1.7615912230685353,-0.1388415090041235,1.9004327320726588,383,0.0013760365175233427,0.0,429,-0.03018658246254648,0.4131874523167999,0.38300086985425336,0.004599454890518369,0.00029917450556130173,0.0,0.19294010629539443,2,0.19294010629539443,12.978481012658227,40.4126582278481,0.3037974683544304,0.15822784810126583,0.92,12.657758620689656,40.657758620689656,7,Goalkeeper,611,0.0,15.705892005882266,40.47708676427163,Goalkeeper
Spain,30486,1347,5,3,268.91378124490393,100.58097385565989,6,8,389,770.3999999999999,1,395,31,0,8,10,7,4,63,2,0,6,4,5,372.4,2626.6,426,54,17,99,26,0,5,158,10,2,42,173,0.0,Pedro González López,Left Center Midfield,Central/Wide Midfield,0.6,14.742212674543502,6.283566058002148,0.0,4.108485499462943,2.4167561761546725,0.24167561761546724,23.92588614393126,1.2083780880773363,0.0,1.4500537056928036,10.150375939849624,0.0,0.5714285714285714,0.9272300469483568,73.01470588235294,65.0,92.3529411764706,0.11441881777136587,0.12740028902771883,-0.012981471256352961,1255,0.348677802364208,0.42864875669999997,1376,0.030789543535162982,-0.0031373050834365376,0.027652238451726447,9.117037272618794e-05,0.08426692323517379,0.10359395301557464,0.03070685498471584,3,0.03070685498471584,70.15140845070422,25.92417840375587,0.2347417840375587,0.1267605633802817,0.8703703703703703,69.6329355608592,25.08400954653938,2,Ball-Winner,2065,0.2891041162227603,69.15587702072209,26.822004460017585,Ball-Winner
Spain,4353,1203,9,6,130.42207558156048,75.82041673936595,2,3,348,1425.7000000000003,8,404,9,0,3,1,4,1,26,3,0,4,1,1,316.93333333333334,3439.8,429,11,44,111,4,1,1,30,4,2,26,37,0.04145577,Aymeric Laporte,Left Center Back,Center Back,0.6666666666666666,4.259570887673538,1.1358855700462769,0.2839713925115692,12.494741270509046,0.2839713925115692,2.2717711400925538,31.52082456878418,0.2839713925115692,0.0,1.1358855700462769,7.383256205300799,0.011772252734539336,0.25,0.9417249417249417,79.11764705882352,10.441176470588236,12.794117647058822,0.04431802438921295,0.1279367672104854,-0.08361874282127246,1170,0.04710031261069539,0.017297672,1214,0.03633038193819001,-0.023745330839023523,0.012585051099166487,3.787865332411363e-05,0.013375141359789395,0.004912044005048381,0.008978917417538358,4,0.008978917417538358,47.12610722610722,24.93310023310023,0.19813519813519814,0.039627039627039624,0.5882352941176471,44.37,26.07384615384615,0,Deep Playmaker,1901,0.026301946344029457,47.9845879332138,26.124837929331743,Deep Playmaker
Spain,6765,1894,20,15,196.32126885153622,202.41358104911546,6,3,549,2192.3,12,644,10,3,1,0,9,3,47,6,0,4,3,4,413.95,4913.9,679,19,73,175,20,1,0,78,10,2,38,86,0.0056476467,Rodrigo Hernández Cascante,Right Center Back,Center Back,0.75,5.000603937673632,4.3483512501509844,0.21741756250754923,15.871482063051094,0.0,2.6090107500905906,38.04807343882111,0.8696702500301969,0.6522526875226476,0.8696702500301969,8.26186737528687,0.001227897579417804,0.3333333333333333,0.9484536082474226,85.44117647058823,12.647058823529411,71.61764705882354,-0.051350609166547656,0.28607928662677296,-0.3374298957933206,1827,0.1506966533964526,0.168105276,1906,0.062198661182291504,-0.0733631854605601,-0.011164524278268605,-2.810651842722915e-05,0.032764099059501714,0.03654903935257882,0.0009621257172378727,5,0.0009621257172378727,53.17422680412371,51.44359351988218,0.19440353460972018,0.06480117820324006,0.8181818181818182,50.88489932885906,49.83003355704698,0,Deep Playmaker,2974,0.07431069266980497,53.66194713446516,49.86596259365075,Deep Playmaker
Spain,5203,794,15,10,239.95286785503072,165.22044188212442,7,2,174,369.70000000000005,3,265,30,0,3,2,12,6,24,3,0,4,3,3,379.2833333333333,1646.9,290,40,11,61,12,3,2,84,4,0,30,88,0.88711582,Sergio Busquets i Burgos,Center Defensive Midfield,Defensive Midfield,0.6666666666666666,10.4407435074922,2.8474755020433276,0.7118688755108319,2.61018587687305,0.4745792503405546,0.7118688755108319,14.474667135386914,0.7118688755108319,0.0,0.9491585006811092,7.118688755108319,0.21050338041042319,0.5,0.9137931034482759,79.11764705882352,37.5,43.08823529411765,-0.3395477536832914,-0.2562991547747515,-0.08324859890853986,721,0.12632845999304046,0.141407001,809,-0.060817130367959674,-0.01975402883095818,-0.08057115919891786,-0.0004709400189782127,0.02997643292008694,0.033554414263743025,-0.034431575021135,6,-0.034431575021135,62.613448275862076,40.94655172413793,0.16896551724137931,0.11724137931034483,0.8823529411764706,62.41012145748988,41.831174089068824,2,Ball-Winner,1195,0.2200836820083682,62.00143072985155,40.93670142377297,Ball-Winner
Switzerland,5545,350,18,4,303.54305444057917,167.31729231706953,3,1,75,309.7,1,50,10,0,1,4,15,1,1,3,2,1,0,2,330.15,249.0,66,47,11,4,4,6,2,94,0,1,32,99,2.391196598,Breel-Donald Embolo,Center Forward,Forward,0.2222222222222222,13.08496138119037,1.0904134484325307,1.6356201726487962,2.9986369831894595,1.0904134484325307,0.2726033621081327,1.0904134484325307,0.5452067242162654,0.0,0.2726033621081327,8.723307587460246,0.651848232076329,0.06666666666666667,0.7575757575757576,36.69117647058823,52.352941176470594,12.5,3.7957091676071286,3.596909321844578,0.19879984576255083,293,0.016901080671694692,0.071591799,389,0.9805295743329154,0.05419350634144957,1.034723080674365,0.012954638797293954,0.004607291414364751,0.01951616510676965,0.5221693902592436,1,0.5221693902592436,71.74848484848485,40.736363636363635,0.06060606060606061,0.24242424242424243,0.875,78.45555555555555,43.081746031746036,1,Target Forward,473,0.4355179704016913,72.18274706134407,40.91623890783091,Target Forward
Switzerland,6983,510,8,5,242.61622806934602,185.17425571698053,4,1,113,282.1,8,126,29,1,2,4,10,3,12,7,1,6,5,0,346.05,984.9999999999999,149,60,7,24,12,3,1,58,2,0,33,69,0.54479492,Remo Freuler,Right Defensive Midfield,Defensive Midfield,0.625,17.165149544863457,3.120936280884265,0.7802340702210663,1.8205461638491547,1.0403120936280883,2.0806241872561766,6.24187256176853,0.0,0.2600780234070221,1.5604681404421326,8.582574772431729,0.14168918595578672,0.3,0.8456375838926175,75.51470588235294,74.55882352941177,46.76470588235294,0.7937281835475005,1.1124586096266285,-0.31873042607912794,415,0.0508666000333492,0.0,535,0.28932603631381754,-0.08289477921433756,0.20643125709947996,0.0019125980326445795,0.013229284794109024,0.0,0.10643526491835516,2,0.10643526491835516,60.62751677852349,46.67986577181208,0.20134228187919462,0.1610738255033557,0.6666666666666666,62.100735294117655,45.31102941176471,2,Ball-Winner,725,0.24413793103448275,60.54566459093259,46.29827156745877,Ball-Winner
Switzerland,5549,739,15,11,160.80024664708998,197.22484890789792,6,1,194,870.9999999999999,15,229,11,2,2,1,8,1,12,6,1,4,3,1,386.58333333333337,2892.2,255,26,35,86,9,4,1,45,11,1,27,47,0.8826694319999999,Manuel Obafemi Akanji,Left Center Back,Center Back,0.7333333333333333,6.984263849967665,2.0952791549902994,0.9312351799956886,8.148307824962275,0.23280879499892215,3.4921319249838323,20.021556369907305,0.23280879499892215,0.4656175899978443,0.9312351799956886,6.285837464970898,0.20549320684630307,0.125,0.8980392156862745,83.67647058823529,18.823529411764707,25.955882352941178,0.7286692808847874,1.1938839439535514,-0.4652146630687639,671,0.03282843742036212,0.07925899,750,0.277946682360387,-0.1083060651248685,0.16964061723551851,0.0010859452770265088,0.00764274895753203,0.01845218995473162,0.08667464199237361,3,0.08667464199237361,41.93058823529412,51.129411764705885,0.3254901960784314,0.0784313725490196,0.9,39.55601851851852,50.9337962962963,0,Deep Playmaker,1085,0.05161290322580645,43.15114097482758,50.23215232465061,Deep Playmaker
Switzerland,3500,724,12,7,228.57851533896317,129.51130437983744,5,5,188,540.3,7,211,19,0,2,1,14,6,25,5,0,4,3,2,386.58333333333337,2055.7,240,30,20,61,9,6,1,86,3,2,36,95,0.295522079,Granit Xhaka,Left Defensive Midfield,Defensive Midfield,0.5833333333333334,7.915499029963353,2.0952791549902994,1.396852769993533,4.656175899978443,0.23280879499892215,1.629661564992455,14.201336494934251,0.4656175899978443,0.0,0.9312351799956886,8.381116619961198,0.06880013910756629,0.42857142857142855,0.8791666666666667,71.39705882352942,23.38235294117647,25.955882352941178,0.030493812082568184,0.33353745617205277,-0.3030436440894846,662,0.14708730653742236,0.091499899,745,0.07765045325842142,-0.07055122561255514,0.0070992276458662715,4.606316024557128e-05,0.034243218594614384,0.021301981228713084,0.010412076489929685,4,0.010412076489929685,56.843333333333334,32.75541666666667,0.24583333333333332,0.15,0.75,56.77285067873303,33.51990950226244,2,Ball-Winner,1075,0.1655813953488372,57.50095777628396,33.77065308244875,Ball-Winner
Switzerland,5544,620,18,15,226.36766427368585,46.26757578145348,6,3,158,489.79999999999995,12,172,7,7,2,1,8,2,18,6,0,1,0,2,380.23333333333335,2279.4,227,26,15,46,11,0,0,65,6,1,60,81,0.0,Ricardo Iván Rodríguez Araya,Left Back,Fullback/Wingback,0.8333333333333334,6.390812658893662,2.6036644165863065,0.0,3.5504514771631452,0.23669676514420968,2.840361181730516,10.888051196633645,0.47339353028841935,1.6568773560094678,0.23669676514420968,14.201805908652581,0.0,0.25,0.7577092511013216,89.70588235294117,16.470588235294116,37.05882352941177,-0.3053355402080342,0.16565886113676243,-0.47099440134479664,560,0.15086877554275718,0.421591223,640,0.0392109165485455,-0.11148285119934696,-0.07227193465080146,-0.0005452420360857754,0.035710151132238487,0.09978927869729114,-0.029157509709778765,5,-0.029157509709778765,57.04361233480176,10.319383259911895,0.2775330396475771,0.16299559471365638,0.5945945945945946,61.1378698224852,11.358579881656803,4,Wide Creator,861,0.20557491289198607,55.67032428606241,14.397487695447184,Wide Creator
United States,8246,559,10,4,315.21413379460273,93.01093940851987,6,8,146,852.7,1,84,17,10,3,13,7,1,10,2,1,0,0,9,336.31666666666666,1042.0,139,44,31,23,17,9,6,116,15,2,76,130,1.138087093,Christian Pulisic,Left Wing,Attacking Midfield/Wing,0.4,11.774617176272363,4.549283909014322,2.408444422419347,8.295753010555527,3.478864165716834,0.2676049358243719,6.154913523960553,2.408444422419347,2.6760493582437186,0.0,20.337975122652264,0.30455772348481097,0.14285714285714285,0.60431654676259,50.51470588235294,44.26470588235294,75.73529411764706,2.8791873454174493,2.687246705434518,0.19194063998293132,502,0.36589839221051546,0.93680978,604,0.7191204821520589,0.0513642626447212,0.7704847447967801,0.005735432958998903,0.09791621576573584,0.25069492105654395,0.4065462454392369,1,0.4065462454392369,85.37985611510791,24.98201438848921,0.2158273381294964,0.19424460431654678,0.7407407407407407,77.3735632183908,21.492528735632185,3,Progressive Winger,796,0.5087939698492462,75.98306125260874,26.596880820518464,Progressive Winger
United States,3377,416,5,1,322.02237369021685,253.85842722274094,7,3,102,321.3,0,91,8,8,2,4,5,1,5,1,1,0,0,6,317.8833333333333,336.5,109,26,10,11,13,5,4,69,5,0,28,72,0.44014794599999996,Timothy Weah,Right Wing,Attacking Midfield/Wing,0.2,7.361191212709065,3.6805956063545326,1.4156136947517433,2.8312273895034865,1.1324909558013947,0.0,3.1143501284538355,1.698736433702092,2.2649819116027894,0.0,7.927436690609762,0.12461589201489015,0.2,0.8348623853211009,35.147058823529406,20.588235294117645,59.411764705882355,2.4842778136080597,2.2132977014698554,0.2709801121382043,375,0.06311853817124848,0.411653493,437,0.6266349073526566,0.07672063154964101,0.7033555389022976,0.006624740836288159,0.017870293405586,0.11654846443663816,0.35723925038315246,2,0.35723925038315246,81.96513761467891,63.97064220183486,0.07339449541284404,0.1834862385321101,0.85,83.27379310344828,63.51862068965518,3,Progressive Winger,588,0.5272108843537415,77.84267520232918,60.216972246820575,Progressive Winger
United States,21881,680,7,2,248.47710555301927,267.6337107247028,8,4,184,895.4,8,174,11,8,2,8,10,1,15,4,0,3,2,3,307.56666666666666,1380.3,201,43,32,36,15,6,4,65,1,0,43,70,0.2518676686,Sergino Dest,Right Back,Fullback/Wingback,0.2857142857142857,13.46049636935082,4.3892922943535275,1.7557169177414111,9.363823561287527,2.3409558903218817,2.3409558903218817,10.534301506448466,0.8778584588707056,2.3409558903218817,0.8778584588707056,12.582637910480113,0.0737013877988512,0.1,0.8656716417910447,41.61764705882353,55.14705882352941,72.79411764705883,0.17410393885802478,0.2938626153336372,-0.11975867647561245,607,0.28282963478637513,0.617887323,711,0.08598992753883392,-0.03504372238909219,0.05094620514974173,0.0002868269173937805,0.08276146243884391,0.18080587104150864,0.04211144313785778,3,0.04211144313785778,61.76467661691542,67.15074626865672,0.1691542288557214,0.04975124378109453,0.9,63.90103626943005,67.24818652849741,6,Box-to-Box Runner,945,0.31216931216931215,61.856648471730765,63.36668022790866,Box-to-Box Runner
United States,18242,795,18,8,168.68055921052633,100.3945138888889,4,0,215,1069.5,16,241,10,0,1,1,14,4,18,1,0,10,4,0,391.2,2754.8,270,30,43,92,15,1,1,26,7,0,29,28,0.2582279,Tim Ream,Left Center Back,Center Back,0.4444444444444444,9.202453987730062,3.4509202453987733,0.23006134969325154,9.892638036809815,0.23006134969325154,3.6809815950920246,21.165644171779142,0.0,0.0,2.3006134969325154,6.671779141104294,0.059408259202453996,0.2857142857142857,0.8925925925925926,53.897058823529406,29.558823529411764,55.00000000000001,0.36675654555438086,0.31875232109450735,0.04800422445987351,704,-0.013671674723467793,0.0,800,0.07333258920885906,0.0110439166702163,0.08437650587907536,0.0005209610022079273,-0.003145323939448112,0.0,0.04171547645231044,4,0.04171547645231044,45.51555555555556,25.054814814814815,0.2814814814814815,0.044444444444444446,0.8333333333333334,41.47972350230415,25.432718894009216,0,Deep Playmaker,1197,0.031746031746031744,45.16214656639863,27.499042037569094,Deep Playmaker
United States,4614,733,8,2,251.7371843848144,46.88277354524981,6,5,187,895.3,8,175,19,15,4,7,13,5,14,3,0,8,5,3,386.26666666666665,2043.6,240,51,28,51,31,0,4,61,7,0,84,66,0.0,Antonee Robinson,Left Back,Fullback/Wingback,0.25,14.445978598550225,7.222989299275112,0.0,6.523990334829134,1.6309975837072834,1.8639972385226096,11.882982395581637,0.6989989644459786,3.494994822229893,1.8639972385226096,19.571971004487402,0.0,0.38461538461538464,0.7291666666666666,39.11764705882353,62.205882352941174,95.1470588235294,0.0178523582580965,0.3583585112646688,-0.3405061530065723,635,0.25860845826974493,0.29532319599999995,762,0.08349740942480201,-0.079337816113026,0.004159593311776023,2.8113950012750396e-05,0.060255681509174264,0.06881020272695892,0.01413936714272669,5,0.01413936714272669,65.29166666666667,10.50875,0.3,0.0625,0.8666666666666667,70.72197802197802,10.520329670329671,4,Wide Creator,1020,0.32745098039215687,63.035997750030006,14.814158067062259,Wide Creator
United States,38792,657,12,3,263.51827327771207,148.16445331318704,8,6,161,836.5,1,154,26,6,4,7,16,4,12,10,0,4,4,3,364.8666666666667,1020.0999999999999,182,73,27,38,18,4,3,75,4,0,38,80,0.197483729,Yunus Dimoara Musah,Right Center Midfield,Central/Wide Midfield,0.25,19.239904988123516,4.43997807418235,0.9866617942627444,6.659967111273525,1.7266581399598027,0.2466654485656861,9.373287045496072,0.7399963456970583,1.4799926913941166,0.9866617942627444,9.373287045496072,0.04871241259820939,0.25,0.8461538461538461,39.11764705882353,81.76470588235294,74.11764705882354,-0.14855061908019707,0.23630172474076971,-0.3848523438209668,547,0.15269481796618795,0.11038881660000001,689,0.058287470930027244,-0.09492977602015443,-0.03664230509012718,-0.00027157334383948276,0.03766453576728553,0.027229106963274255,-0.010869717394758328,6,-0.010869717394758328,70.21813186813188,38.003296703296705,0.1813186813186813,0.12637362637362637,0.9565217391304348,68.35792349726776,38.60327868852459,2,Ball-Winner,938,0.31343283582089554,67.70825676571448,38.38473064276435,Ball-Winner
United States,12751,822,10,6,228.12798533984198,161.51704217316444,11,2,201,440.7,6,246,40,0,8,2,16,8,26,7,0,6,3,2,391.2,1849.8000000000002,269,81,14,62,27,1,2,64,8,0,29,70,0.019808901,Tyler Adams,Center Defensive Midfield,Defensive Midfield,0.6,20.47546012269939,6.211656441717792,0.23006134969325154,3.2208588957055215,0.4601226993865031,1.3803680981595092,14.263803680981596,0.4601226993865031,0.0,1.3803680981595092,6.671779141104294,0.0045572625,0.5,0.9144981412639405,73.01470588235294,85.0,92.20588235294119,-0.3334442144841887,0.03334524034289643,-0.36678945482708514,679,0.10201873929065679,0.350762815,851,0.007671450999132615,-0.08438407703077112,-0.0767126260316385,-0.0004910813173552116,0.02347056885521245,0.0806969666411043,-0.033809523639983324,7,-0.033809523639983324,58.43717472118959,39.29925650557621,0.21933085501858737,0.09665427509293681,0.8076923076923077,59.263999999999996,40.3765,2,Ball-Winner,1232,0.15665584415584416,58.82963631398316,39.62471269671372,Ball-Winner
United States,12524,680,17,9,145.80909067540648,186.96974487500802,5,0,186,415.4,23,212,9,0,3,0,9,0,6,3,0,5,4,0,310.06666666666666,2261.4,233,17,9,67,6,1,0,18,3,1,22,21,0.05674074,Walker Zimmerman,Right Center Back,Center Back,0.5294117647058824,6.385723500322511,1.741560954633412,0.2902601591055687,2.612341431950118,0.0,6.67598365942808,19.447430660073103,0.0,0.0,1.4513007955278434,6.385723500322511,0.016469576220167703,0.0,0.9098712446351931,65.58823529411765,16.323529411764707,19.705882352941178,-0.7993824605364352,0.16890428750775754,-0.9682867480441928,616,0.006404040639435485,0.0,690,0.04902618536561443,-0.2810550655471211,-0.2320288801815067,-0.0012976987995721352,0.001858837854921072,0.0,-0.11603198215964078,8,-0.11603198215964078,40.93175965665236,49.38884120171674,0.2145922746781116,0.04291845493562232,0.8,39.81025641025641,49.06769230769231,0,Deep Playmaker,1041,0.03170028818443804,41.49915952644292,47.86604216273448,Deep Playmaker
United States,12352,286,0,0,42.640808864391744,161.060891310896,0,0,75,238.6,0,98,0,0,0,0,0,0,3,0,0,0,0,0,391.2,3523.9,126,0,5,53,17,0,0,24,1,0,28,25,0.0,Matthew Charles Turner,Goalkeeper,Goalkeeper,0.0,0.0,3.9110429447852764,0.0,1.1503067484662577,0.0,0.0,12.193251533742332,0.0,0.0,0.0,6.441717791411043,0.0,0.0,0.7777777777777778,15.0,2.941176470588235,63.970588235294116,-1.108575266902335,-0.3745093370380346,-0.7340659298643004,269,0.004820444253491312,0.0,334,-0.08616012355169507,-0.1688801985884127,-0.25504032214010774,-0.004121097646477082,0.0011089979110792897,0.0,-0.12853469078178115,9,-0.12853469078178115,12.41904761904762,40.46031746031746,0.49206349206349204,0.06349206349206349,0.875,11.772058823529411,40.42794117647059,7,Goalkeeper,442,0.01583710407239819,16.999615495714924,39.97076162918233,Goalkeeper
