team,player_id,actions,aerial_events,aerial_wins,average_x,average_y,blocks,box_passes,carries,carry_progression_sum,clearances,completed_passes,counterpressures,crosses,dribbled_past,dribbles,duels,duels_won,final_third_passes,fouls,goals,interceptions,interceptions_won,key_passes,minutes,pass_progression_sum,passes,pressures,progressive_carries,progressive_passes,recoveries,shots,successful_dribbles,successful_under_pressure_actions,switches,through_balls,turnovers,under_pressure_actions,xg_sum,player,position,position_group,aerial_dominance_index,pressing_intensity_index,speed_recovery_index,shots_p90,progressive_carries_p90,dribbles_p90,clearances_p90,progressive_passes_p90,key_passes_p90,crosses_p90,interceptions_p90,turnovers_p90,xg_p90,duel_win_rate,pass_completion,pass_progression_per_pass,aerial_dominance_index_percentile,pressing_intensity_index_percentile,speed_recovery_index_percentile,net_xg_contribution_p90,pass_start_x,pass_start_y,line_breaking_pass_rate,pressure_state_rate,pass_receipt_x,pass_receipt_y,playstyle_cluster,functional_role,raw_net_xg_contribution_p90,eb_smoothed,eb_prior_minutes,post_shot_xg_proxy,post_shot_xg_faced_p90,goals_prevented_p90,cross_claims_p90,sweeping_distance,distribution_under_pressure,position_score,objective_baseline_position_score,v2_role_score_unblended
Argentina,2995,639,1,0,411.8647178591491,250.289754632405,4,16,184,792.0,0,126,15,24,4,29,3,1,2,0,1,2,2,11,304.81666666666666,673.6,164,34,27,25,10,7,18,127,13,1,49,143,0.53383544,Ángel Fabián Di María Hernández,Right Midfield,Central/Wide Midfield,0.0,10.924599486029852,2.9525944556837445,2.066816118978621,7.97200503034611,8.562523921482859,0.0,7.381486139209361,3.247853901252119,7.086226693640986,0.5905188911367488,14.467712832850347,0.1576199560391492,0.3333333333333333,0.7682926829268293,4.107317073170732,7.163742690058479,45.614035087719294,38.01169590643275,0.23202533632237957,87.11219512195122,51.25426829268293,0.1036585365853658,0.1402439024390244,81.01940298507462,53.39154228855722,3,Progressive Winger,0.2320253363223795,False,300.0,0.0,0.0,0.0,0.0,0.0,0.0,54.94594594594594,56.486486486486484,51.35135135135135
Argentina,3090,1646,44,27,288.6156737910704,234.22893667811,8,2,445,1260.4,34,528,16,1,4,0,26,4,26,13,0,10,2,2,733.9,4397.3,565,54,40,155,27,1,0,45,9,0,38,60,0.048093256,Nicolás Hernán Otamendi,Left Center Back,Center Back,0.6136363636363636,7.848480719444066,3.3110778035154653,0.1226325112413135,4.905300449652541,0.0,4.16950538220466,19.0080392424036,0.245265022482627,0.1226325112413135,1.2263251124131354,4.660035427169914,0.0058977967570513,0.1538461538461538,0.9345132743362832,7.78283185840708,72.22222222222221,26.023391812865498,48.83040935672515,0.09345740978334917,42.77805309734513,34.09893805309735,0.184070796460177,0.0619469026548672,41.86631578947368,33.362526315789474,2,Sweeper CB,0.0934574097833492,False,300.0,0.0,0.0,0.0,0.0,0.0,0.0,51.959999999999994,51.2,53.733333333333334
Argentina,5503,1459,15,5,527.7926213313835,348.8641794944994,4,25,391,1664.8000000000002,1,306,33,7,5,36,15,4,32,11,9,0,0,19,733.9,2713.7000000000003,371,89,56,89,30,34,26,339,11,8,110,359,7.598649225,Lionel Andrés Messi Cuccittini,Right Wing,Attacking Midfield/Wing,0.3333333333333333,10.914293500476903,3.678975337239406,4.16950538220466,6.867420629513558,4.414770404687287,0.1226325112413135,10.914293500476903,2.330017713584957,0.8584275786891947,0.0,13.489576236544488,0.9318414365036108,0.2666666666666666,0.8247978436657682,7.314555256064691,33.47953216374269,45.32163742690059,57.74853801169591,1.0040719856247446,77.21024258760107,47.97681940700809,0.2237196765498652,0.2021563342318059,74.51611570247934,50.682644628099176,3,Progressive Winger,1.0040719856247446,False,300.0,0.0,0.0,0.0,0.0,0.0,0.0,80.59183673469387,80.40816326530611,81.0204081632653
Argentina,5507,555,9,8,385.0781827742072,69.34737906848544,13,3,122,167.6999999999999,9,153,32,2,0,3,12,5,4,7,0,4,2,2,393.3333333333333,1296.4,182,56,4,25,13,3,1,54,0,1,34,62,0.91222105,Nicolás Alejandro Tagliafico,Left Back,Fullback/Wingback,0.8888888888888888,13.728813559322036,2.9745762711864407,0.6864406779661018,0.9152542372881356,0.6864406779661018,2.0593220338983054,5.720338983050848,0.4576271186440678,0.4576271186440678,0.9152542372881356,7.779661016949153,0.208728545338983,0.4166666666666667,0.8406593406593407,7.123076923076924,96.78362573099416,66.08187134502924,39.1812865497076,0.22749125720338978,63.4521978021978,8.49945054945055,0.2307692307692307,0.1263736263736263,69.31086956521739,10.368115942028986,6,Wide Creator,0.2274912572033898,False,300.0,0.0,0.0,0.0,0.0,0.0,0.0,64.30769230769232,64.53846153846156,63.76923076923079
Argentina,6909,401,0,0,65.52586562349427,285.4535390843195,0,0,99,189.9,1,123,0,0,0,0,0,0,5,0,0,0,0,0,733.9,6160.1,186,0,4,61,30,0,0,45,8,1,63,56,0.0,Damián Emiliano Martínez,Goalkeeper,Goalkeeper,0.0,0.0,3.678975337239406,0.0,0.4905300449652541,0.0,0.1226325112413135,7.480583185720126,0.0,0.0,0.0,7.725848208202753,0.0,0.0,0.6612903225806451,33.118817204301074,7.163742690058479,3.508771929824561,57.74853801169591,0.015942226461370758,11.218817204301072,41.30645161290322,0.5483870967741935,0.1236559139784946,10.121176470588235,40.783529411764704,7,Goalkeeper,0.0159422264613707,False,300.0,9.033674788999999,1.107822225112413,-0.3637679097833494,1.839487668619703,9.36860706860707,0.5217391304347826,65.15625,65.625,64.0625
Argentina,7797,1767,6,2,446.410918700777,407.33297204351726,8,7,461,1205.7,4,475,42,15,8,13,15,8,38,10,0,10,6,7,634.7333333333333,3559.7,563,111,41,90,34,7,3,169,11,7,104,188,0.570042511,Rodrigo Javier De Paul,Right Defensive Midfield,Defensive Midfield,0.3333333333333333,18.007562230858102,4.820922172040752,0.9925428001260372,5.8134649721667895,1.8432937716626403,0.5671673143577355,12.761264573049049,0.9925428001260372,2.126877428841508,1.4179182858943389,14.746350173301124,0.0808273700084024,0.5333333333333333,0.8436944937833037,6.322735346358792,33.47953216374269,86.54970760233918,80.99415204678363,0.13754410144417595,65.76056838365896,58.06536412078152,0.1847246891651865,0.0870337477797513,64.87304832713754,57.85631970260224,5,Holding Anchor,0.137544101444176,False,300.0,0.0,0.0,0.0,0.0,0.0,0.0,65.9591836734694,64.79591836734696,68.67346938775512
Argentina,11456,315,11,6,487.525026723333,213.64267742624745,3,0,64,140.10000000000002,0,46,8,0,0,8,5,0,1,3,1,1,1,0,273.0,171.0,63,20,4,2,5,15,3,74,0,0,33,87,2.905046753,Lautaro Javier Martínez,Left Center Forward,Forward,0.5454545454545454,10.478105299781115,2.1114371836520385,3.4901239890650837,1.8472097778336283,2.1673989180428728,0.40184753621694325,1.7384623929122827,0.39738256359231056,0.4375673172140049,0.31780707731400243,10.626047702725694,0.641447263698667,0.0,0.7301587301587301,2.7142857142857144,59.7953216374269,21.6374269005848,9.941520467836256,0.8234688201701373,72.62857142857143,35.44444444444444,0.0634920634920634,0.2857142857142857,85.07076923076923,35.137692307692305,4,Target Forward,0.9432022262637364,True,300.0,0.0,0.0,0.0,0.0,0.0,0.0,83.38571428571427,84.07142857142857,81.78571428571428
Argentina,16308,719,4,4,261.9366291992359,188.1880192645033,5,1,189,502.0,6,227,20,0,1,0,11,5,20,7,2,3,2,2,235.35,1898.7,240,49,14,61,10,3,0,25,6,0,15,28,1.581370957,Leandro Daniel Paredes,Right Defensive Midfield,Defensive Midfield,1.0,17.636628712241446,4.14754902380983,0.9920677638952624,4.218067446121283,0.472290481234958,1.9162244782011844,16.984341023025237,0.6726970175283983,0.2994259913711826,1.2050615103345574,7.6983888642829,0.31879911714089654,0.4545454545454545,0.9458333333333332,7.91125,98.9766081871345,93.27485380116958,62.28070175438597,0.4875798274760982,55.66041666666667,35.84166666666667,0.2375,0.0541666666666666,53.33152709359606,35.402955665024635,0,Ball-Winner,0.716394247418738,True,300.0,0.0,0.0,0.0,0.0,0.0,0.0,77.6734693877551,78.16326530612245,76.53061224489797
Argentina,19597,695,18,10,409.8304413891198,62.84540420888025,14,4,168,577.2,7,170,17,14,4,5,19,8,10,9,0,3,2,5,397.4833333333333,1297.9,217,52,20,31,18,2,1,74,5,1,60,86,0.076122072,Marcos Javier Acuña,Left Back,Fullback/Wingback,0.5555555555555556,12.453352341817268,4.075642584594743,0.4528491760660825,4.528491760660825,1.1321229401652062,1.5849721162312886,7.019162229024278,1.1321229401652062,3.1699442324625773,0.6792737640991238,13.585475281982475,0.0172359087928215,0.4210526315789473,0.783410138248848,5.981105990783409,61.98830409356725,54.09356725146199,69.2982456140351,0.05006747405761248,67.58617511520738,9.761751152073732,0.1705069124423963,0.1105990783410138,70.96984126984127,11.287301587301588,6,Wide Creator,0.0500674740576124,False,300.0,0.0,0.0,0.0,0.0,0.0,0.0,54.30769230769231,52.92307692307693,57.53846153846154
Argentina,20572,1094,25,16,281.64367293391103,385.8637587013706,9,0,291,871.8000000000001,26,330,19,2,5,2,16,4,17,13,0,9,4,0,575.9166666666666,3343.2,372,58,29,96,16,0,2,67,6,0,43,73,0.0,Cristian Gabriel Romero,Right Center Back,Center Back,0.64,10.470264795253945,2.500361742150196,0.0,4.531905657647229,0.3125452177687744,4.063087830994068,15.002170452901174,0.0,0.3125452177687744,1.406453479959485,6.719722182028651,0.0,0.25,0.8870967741935484,8.987096774193548,74.85380116959064,41.812865497076025,26.900584795321635,0.06297786138040805,42.965591397849465,56.9268817204301,0.2338709677419354,0.0913978494623656,42.13082191780822,55.76438356164384,2,Sweeper CB,0.062977861380408,False,300.0,0.0,0.0,0.0,0.0,0.0,0.0,50.25333333333333,50.33333333333334,50.06666666666666
Argentina,27768,458,10,5,231.87590818077803,111.58665549743928,3,1,114,313.9,14,132,11,0,0,0,13,4,12,2,0,3,1,0,334.91666666666663,1652.4,154,23,11,45,6,1,0,41,4,0,24,47,0.33156127,Lisandro Martínez,Left Center Back,Center Back,0.5,6.98681263996019,1.6123413784523517,0.2687235630753919,2.9559591938293117,0.0,3.762129883055487,12.092560338392635,0.0,0.0,0.8061706892261757,6.449365513809406,0.089098325852202,0.3076923076923077,0.8571428571428571,10.72987012987013,51.90058479532164,22.22222222222222,9.064327485380115,0.135050055138094,48.28636363636364,20.525974025974023,0.2662337662337662,0.1558441558441558,48.20629921259842,21.65275590551181,2,Sweeper CB,0.135050055138094,False,300.0,0.0,0.0,0.0,0.0,0.0,0.0,36.93333333333334,37.333333333333336,36.00000000000001
Argentina,27886,988,16,5,416.5842190943744,156.11988930123317,20,7,253,822.5,5,242,28,2,5,6,21,7,13,1,1,4,3,8,552.35,1176.1,271,70,26,38,27,7,5,162,1,0,48,174,0.501838363,Alexis Mac Allister,Left Center Midfield,Central/Wide Midfield,0.3125,12.383452521046438,4.399384448266497,1.1405811532542771,4.236444283515887,0.977640988503666,0.8147008237530551,6.191726260523219,1.303521318004888,0.325880329501222,0.6517606590024441,7.821127908029329,0.0817696255453969,0.3333333333333333,0.8929889298892989,4.339852398523986,30.994152046783626,53.80116959064327,74.56140350877193,0.12445994871005694,71.66309963099631,27.120664206642065,0.1070110701107011,0.1586715867158671,73.02317880794702,26.621523178807948,0,Ball-Winner,0.124459948710057,False,300.0,0.0,0.0,0.0,0.0,0.0,0.0,55.0,57.432432432432435,49.32432432432432
Argentina,29201,1027,8,0,415.00537065458224,490.3526306737672,10,4,238,664.4000000000001,8,296,36,6,4,3,21,4,23,2,1,9,4,3,594.0,2296.3,360,72,21,69,17,2,1,91,6,1,73,104,0.485319467,Nahuel Molina Lucero,Right Wing Back,Fullback/Wingback,0.0,12.87878787878788,2.575757575757576,0.303030303030303,3.1818181818181817,0.4545454545454545,1.2121212121212122,10.454545454545457,0.4545454545454545,0.9090909090909092,1.3636363636363635,11.06060606060606,0.0735332525757575,0.1904761904761904,0.8222222222222222,6.378611111111112,7.163742690058479,58.47953216374269,28.947368421052637,0.1123211313636363,59.511944444444445,70.85138888888889,0.1972222222222222,0.0972222222222222,61.901754385964914,69.84982456140351,5,Holding Anchor,0.1123211313636363,False,300.0,0.0,0.0,0.0,0.0,0.0,0.0,53.369230769230775,53.461538461538474,53.15384615384616
Argentina,29560,606,16,4,539.2488229978061,231.72130497591263,11,5,106,495.5,3,93,41,4,5,4,18,4,2,16,4,2,0,2,485.23333333333335,378.8,124,118,17,5,14,11,0,88,3,0,51,101,1.908327433,Julián Álvarez,Center Forward,Forward,0.25,22.257333241739367,2.5966888782029263,2.0402555471594424,3.15312220924641,0.741911108057979,0.5564333310434842,0.9273888850724736,0.3709555540289895,0.741911108057979,0.3709555540289895,9.459366627739232,0.3539523300886171,0.2222222222222222,0.75,3.0548387096774188,26.16959064327485,97.36842105263158,29.53216374269006,0.35450876341966053,78.3008064516129,34.63629032258064,0.1048387096774193,0.2177419354838709,81.68341968911916,36.5419689119171,4,Target Forward,0.3545087634196606,False,300.0,0.0,0.0,0.0,0.0,0.0,0.0,60.21428571428571,61.07142857142858,58.21428571428571
Argentina,38718,1494,19,8,407.7415851732599,275.59178227085204,7,10,381,1012.2,13,416,40,3,14,6,31,13,44,9,1,5,4,6,601.1166666666667,3317.2,470,107,30,92,25,9,3,103,13,7,64,117,1.050628615,Enzo Fernandez,Center Defensive Midfield,Defensive Midfield,0.4210526315789473,17.5173981756176,3.743033798208889,1.3474921673552,4.491640557850666,0.8983281115701334,1.9463775750686223,13.77436437740871,0.8983281115701334,0.4491640557850667,0.7486067596417778,9.582166523414756,0.1573015366124157,0.4193548387096774,0.8851063829787233,7.057872340425532,41.2280701754386,83.04093567251462,60.526315789473685,0.22168171794160857,58.32638297872341,39.446382978723406,0.202127659574468,0.0808510638297872,58.77103448275862,38.852413793103445,0,Ball-Winner,0.2216817179416086,False,300.0,0.0,0.0,0.0,0.0,0.0,0.0,63.06122448979592,62.75510204081633,63.775510204081634
Australia,3240,348,0,0,42.04849892244803,162.23727546883117,0,0,84,238.9,1,112,0,0,0,1,0,0,9,0,0,0,0,0,386.9166666666666,5686.3,163,0,7,66,20,0,1,46,6,0,52,53,0.0,Mathew Ryan,Goalkeeper,Goalkeeper,0.0,0.0,4.652164548783115,0.0,1.6282575920740905,0.2326082274391557,0.2326082274391557,15.352143010984278,0.0,0.0,0.0,12.0956278268361,0.0,0.0,0.6871165644171779,34.88527607361964,7.163742690058479,3.508771929824561,79.23976608187134,0.04210208916648719,12.563803680981597,41.87914110429448,0.6809815950920245,0.1226993865030674,12.117721518987342,40.81772151898734,7,Goalkeeper,0.0421020891664871,False,300.0,2.645025216,0.6152546270256302,-0.7803947376093044,0.9304329097566231,10.47948717948718,0.65,52.85937500000001,55.625000000000014,46.40624999999999
Australia,3281,655,9,5,223.6464157933455,157.62123112969047,7,3,155,422.69999999999993,10,171,21,4,4,5,17,5,20,6,0,3,3,1,386.9166666666666,2105.0,219,44,12,49,29,1,2,62,11,0,58,77,0.039191317,Aaron Mooy,Left Defensive Midfield,Defensive Midfield,0.5555555555555556,10.93258668964032,6.7456385957355165,0.2326082274391557,2.7912987292698688,1.1630411371957787,2.326082274391557,11.397803144518631,0.2326082274391557,0.930432909756623,0.6978246823174672,13.491277191471031,0.009116222778376,0.2941176470588235,0.7808219178082192,9.61187214611872,61.98830409356725,45.90643274853801,98.24561403508773,0.04098354993754033,56.82968036529681,40.64611872146119,0.2922374429223744,0.1141552511415525,53.64259259259259,37.59567901234568,0,Ball-Winner,0.0409835499375403,False,300.0,0.0,0.0,0.0,0.0,0.0,0.0,43.683673469387756,44.08163265306123,42.755102040816325
Australia,5479,595,4,3,220.9482528290423,47.30725551251867,13,2,145,390.0,6,154,13,3,4,10,6,3,12,4,0,6,2,0,386.9166666666666,1885.3,204,33,7,30,15,2,8,64,5,0,62,71,0.126898918,Aziz Eraltay Behich,Left Back,Fullback/Wingback,0.75,9.071720870127074,3.489123411587336,0.4652164548783115,1.6282575920740905,2.326082274391557,1.3956493646349344,6.978246823174672,0.0,0.6978246823174672,1.3956493646349344,14.421710101227657,0.0295177323799267,0.5,0.7549019607843137,9.241666666666667,88.01169590643275,32.748538011695906,53.216374269005854,0.03626337097566222,55.30196078431373,10.15343137254902,0.2549019607843137,0.0784313725490196,56.25909090909091,11.857142857142858,6,Wide Creator,0.0362633709756622,False,300.0,0.0,0.0,0.0,0.0,0.0,0.0,40.50769230769231,40.46153846153847,40.61538461538461
Australia,5481,497,30,17,291.60313894313293,235.70412202210875,11,3,98,343.8,6,69,19,2,7,14,17,3,4,8,1,2,1,2,341.6166666666667,622.6000000000001,103,68,12,14,16,1,3,87,1,0,54,114,0.11353828,Mathew Leckie,Right Midfield,Central/Wide Midfield,0.5666666666666667,18.441723179001805,4.21525101234327,0.2634531882714543,3.1614382592574524,3.688344635800361,1.5807191296287262,3.688344635800361,0.5269063765429087,0.5269063765429087,0.5269063765429087,14.226472166658535,0.0299120218568571,0.1764705882352941,0.6699029126213593,6.044660194174758,64.61988304093568,88.30409356725146,71.05263157894737,0.03465417924574328,75.6757281553398,60.19805825242718,0.2135922330097087,0.3495145631067961,77.70186335403727,59.572049689441,4,Target Forward,0.0346541792457432,False,300.0,0.0,0.0,0.0,0.0,0.0,0.0,37.68918918918919,38.78378378378379,35.13513513513513
Australia,5490,444,20,12,242.4418786165243,166.42395956319825,7,3,77,199.9,11,107,25,2,3,2,14,2,5,9,0,7,3,1,373.75,809.3,129,68,7,28,9,3,0,49,2,0,32,56,0.3323922059999999,Jackson Irvine,Left Center Forward,Forward,0.6,18.06020066889632,2.1672240802675584,0.7224080267558528,1.68561872909699,0.4816053511705686,2.648829431438127,6.74247491638796,0.2408026755852843,0.4816053511705686,1.68561872909699,7.705685618729097,0.0800409325484949,0.1428571428571428,0.8294573643410853,6.273643410852713,69.88304093567251,86.8421052631579,20.175438596491222,0.10363959475585276,61.01937984496124,42.18759689922481,0.1627906976744186,0.1705426356589147,64.82608695652173,41.3295652173913,0,Ball-Winner,0.1036395947558528,False,300.0,0.0,0.0,0.0,0.0,0.0,0.0,40.84285714285714,43.92857142857143,33.64285714285714
Australia,8346,317,8,3,286.463112745098,50.815808823529416,8,6,68,172.09999999999994,3,57,7,14,3,0,10,4,6,1,1,1,1,5,241.7,700.7,94,22,5,14,6,2,0,29,5,0,43,35,0.205087522,Craig Goodwin,Left Midfield,Central/Wide Midfield,0.375,12.73517850674291,3.2581231262319683,0.8724774659162909,3.37254341808119,1.2353187248530275,0.8878703282041678,6.852721017427051,1.4379086693283125,3.0546393786416397,0.6937712806817429,13.27889415628437,0.0904335920997316,0.4,0.6063829787234043,7.454255319148936,36.84210526315789,31.28654970760234,22.22222222222222,0.11109864695272065,74.51170212765958,14.42872340425532,0.1914893617021276,0.1170212765957446,74.39999999999999,11.225742574257426,6,Wide Creator,0.0994533594538684,True,300.0,0.0,0.0,0.0,0.0,0.0,0.0,35.87837837837838,34.45945945945946,39.189189189189186
Australia,15957,265,7,3,163.276642711119,275.8386852412829,7,2,54,87.70000000000002,11,69,7,1,2,3,10,3,4,2,0,0,0,0,202.4333333333333,1234.3,97,20,2,29,6,0,1,32,3,0,30,37,0.0,Miloš Degenek,Right Back,Fullback/Wingback,0.4285714285714285,10.728484627581098,3.150476684861597,0.29246248994823953,2.4779624963235896,1.0990162349044617,3.2851977910351486,11.499485631502608,0.45292863487559215,1.3489782023458672,0.6729225432437369,12.58705930743456,0.02210029259940913,0.3,0.711340206185567,12.724742268041236,42.251461988304094,30.994152046783626,31.87134502923977,0.01998150537832949,47.93608247422681,73.1020618556701,0.3814432989690721,0.1237113402061855,46.1,71.18571428571428,1,Deep Playmaker,0.0275646303309731,True,300.0,0.0,0.0,0.0,0.0,0.0,0.0,30.869230769230764,29.92307692307692,33.07692307692308
Australia,22293,496,25,17,136.68866945903216,202.2885510732796,12,1,109,270.3,22,135,9,0,4,0,15,2,15,1,0,3,1,1,386.9166666666666,2665.9,163,28,7,62,10,1,0,29,4,0,29,32,0.06809473,Harry Souttar,Right Center Back,Center Back,0.68,7.210855050613828,2.326082274391557,0.2326082274391557,1.6282575920740905,0.0,5.117381003661427,14.421710101227657,0.2326082274391557,0.0,0.6978246823174672,6.7456385957355165,0.0158393944432479,0.1333333333333333,0.8282208588957055,16.35521472392638,81.28654970760235,23.09941520467836,23.976608187134502,0.06980450320913205,36.01840490797546,53.48220858895706,0.3619631901840491,0.1226993865030674,35.463157894736845,52.19248120300752,1,Deep Playmaker,0.069804503209132,False,300.0,0.0,0.0,0.0,0.0,0.0,0.0,56.68666666666667,57.266666666666666,55.333333333333336
Australia,33477,332,5,2,283.44713214314544,120.82496650985024,12,4,61,106.19999999999996,3,57,20,4,2,1,5,2,3,10,0,6,1,4,266.6166666666667,412.0,73,51,4,6,10,3,1,47,2,0,26,52,0.0801053219999999,Riley McGree,Right Center Forward,Forward,0.4,16.314300091374967,2.9294117237978967,1.6233921447203452,1.8680198888701987,1.0799533724244479,0.8828872634390832,2.393397566500699,1.0372095342619536,1.077846997259096,1.1155751189238876,9.633894755999336,0.19996685585669827,0.4,0.7808219178082192,5.6438356164383565,39.03508771929825,90.35087719298248,50.0,0.23464751613133666,72.28356164383561,29.72328767123288,0.136986301369863,0.2465753424657534,73.7551401869159,32.10560747663551,0,Ball-Winner,0.0459441607051322,True,300.0,0.0,0.0,0.0,0.0,0.0,0.0,28.91428571428571,28.57142857142857,29.714285714285715
Australia,33492,345,31,15,305.5097305529522,176.93924554826617,8,0,41,120.8,1,36,5,0,1,2,16,0,1,7,1,2,2,1,272.26666666666665,501.4,68,59,4,4,10,7,1,36,0,1,47,52,0.254732119,Mitchell Thomas Duke,Left Center Forward,Forward,0.4838709677419355,16.78230604049612,2.9004895845164578,2.2364417155189185,1.849576891947814,1.2265603099462359,0.5596318236002594,2.055228828877105,0.555161129319188,0.43812803954501073,0.47548367072621744,12.841435228905796,0.2254560199895204,0.0,0.5294117647058824,7.373529411764706,47.368421052631575,92.69005847953215,48.53801169590643,0.2473131492257678,69.78823529411765,48.96911764705882,0.1617647058823529,0.3382352941176471,81.08992248062016,46.20387596899225,4,Target Forward,0.0686675711679725,True,300.0,0.0,0.0,0.0,0.0,0.0,0.0,43.285714285714285,43.285714285714285,43.285714285714285
Australia,33495,545,9,6,125.42212922608032,102.14137333181156,11,0,127,210.8,11,170,12,0,4,0,9,2,4,1,0,5,2,0,386.9166666666666,1832.5,195,35,5,51,3,0,0,23,1,0,25,28,0.0,Kye Rowles,Left Center Back,Center Back,0.6666666666666666,9.30432909756623,0.6978246823174672,0.0,1.1630411371957787,0.0,2.5586905018307133,11.863019599396942,0.0,0.0,1.1630411371957787,5.815205685978894,0.0,0.2222222222222222,0.8717948717948718,9.397435897435898,78.65497076023392,34.21052631578947,1.1695906432748535,0.041636872711608874,33.389230769230764,24.88974358974359,0.241025641025641,0.082051282051282,29.65405405405405,25.29054054054054,2,Sweeper CB,0.0416368727116088,False,300.0,0.0,0.0,0.0,0.0,0.0,0.0,37.96,37.800000000000004,38.33333333333333
Belgium,3077,766,15,11,110.97253743859356,75.62149046639149,5,0,214,334.0,18,237,4,0,1,0,4,0,2,0,0,3,2,0,284.26666666666665,2315.3,264,15,8,64,10,2,0,25,3,0,27,29,0.10772621,Jan Vertonghen,Left Center Back,Center Back,0.7333333333333333,6.7393385605051215,2.9523978103674535,0.5159922148570981,3.597106491455114,0.11570850053031859,4.897042278623955,18.493258947008847,0.09401315668088384,0.0777416487938078,1.0732032728757679,7.8780033149074775,0.0444861735411595,0.0,0.8977272727272727,8.770075757575759,85.67251461988305,15.789473684210526,42.69005847953216,0.10098657607530362,38.26515151515152,24.497348484848487,0.1818181818181818,0.0606060606060606,37.34242424242424,25.9995670995671,2,Sweeper CB,0.1075587203330206,True,300.0,0.0,0.0,0.0,0.0,0.0,0.0,47.406666666666666,47.26666666666667,47.73333333333334
Belgium,3089,451,8,4,215.7163719446247,129.0538285136816,3,13,116,628.1,1,100,10,12,2,7,5,1,13,0,0,1,1,8,284.26666666666665,1295.4,140,25,18,35,14,7,5,73,8,4,50,85,0.1779663248,Kevin De Bruyne,Right Wing,Attacking Midfield/Wing,0.5,11.383819066110918,4.017950136974389,2.1106992457187688,5.050113479645833,2.459901645170442,0.40910883021325883,7.951179217027896,1.9428649811857845,2.756397256374442,0.5244974491625075,14.011898105128589,0.15484386387642113,0.2,0.7142857142857143,9.252857142857144,51.90058479532164,27.77777777777778,75.73099415204678,0.22122964466107237,75.02857142857142,44.04785714285714,0.3214285714285714,0.1714285714285714,71.35572519083969,41.96717557251908,3,Progressive Winger,0.1247313645590994,True,300.0,0.0,0.0,0.0,0.0,0.0,0.0,51.61224489795917,51.12244897959183,52.755102040816325
Belgium,3176,428,3,1,164.28780581039754,211.1901383642142,4,3,109,277.0,4,109,11,3,4,2,9,4,5,4,0,6,3,2,217.36666666666667,1403.2,142,24,9,25,8,3,2,50,5,1,39,56,0.119195924,Thomas Meunier,Right Back,Fullback/Wingback,0.3333333333333333,12.680268590395585,3.40745667617543,0.8058944082848923,3.6241433352931813,0.893336235340181,1.9726684043729652,10.471731648968419,0.7877709756768121,1.6579568612820856,1.6972464077258453,13.789365694282656,0.042197455392751354,0.4444444444444444,0.7676056338028169,9.881690140845071,33.47953216374269,65.49707602339181,49.122807017543856,0.053310467083501734,56.36760563380282,71.33591549295775,0.2746478873239437,0.1338028169014084,61.5017094017094,72.48376068376069,5,Holding Anchor,0.0870309760466186,True,300.0,0.0,0.0,0.0,0.0,0.0,0.0,52.82307692307692,53.76923076923077,50.61538461538462
Belgium,3509,268,0,0,24.445847808105874,123.19119933829614,0,0,67,67.80000000000001,0,109,0,0,0,1,0,0,1,0,0,0,0,0,284.26666666666665,2418.3,122,0,1,56,12,0,1,18,0,0,13,21,0.0,Thibaut Courtois,Goalkeeper,Goalkeeper,0.0,0.03882407216609077,3.836263512703938,0.0,0.5383975659276394,0.16568647313316817,0.015529628866436303,14.838049629641617,0.0077648144332181515,0.0038824072166090758,0.0,5.985860073524345,0.0,0.0,0.8934426229508197,19.822131147540983,7.163742690058479,3.508771929824561,60.81871345029239,0.006997037608737405,9.0,41.08196721311475,0.3278688524590163,0.0737704918032786,9.309090909090909,41.43333333333333,7,Goalkeeper,0.0636374296435272,True,300.0,2.026816093,0.6416983408888368,0.008490085729362062,0.3166041275797373,7.893312101910828,0.6666666666666666,46.46093749999999,41.5625,57.89062499999999
Belgium,5642,538,6,4,155.8378223533768,99.0925623978714,7,0,136,365.5,6,169,11,0,1,0,7,3,9,6,0,3,3,1,284.26666666666665,872.4000000000001,176,43,10,30,9,1,0,50,0,0,10,52,0.025340356,Axel Witsel,Left Defensive Midfield,Defensive Midfield,0.6666666666666666,15.081759210004208,3.6462637549576553,0.6009301872455423,3.2487603958484064,0.43274881754187833,1.7557920602550277,10.787141088560977,0.46233742868637845,0.2743570934742628,1.104169921652679,6.283658965929684,0.052418450373195355,0.4285714285714285,0.9602272727272728,4.956818181818182,78.65497076023392,71.34502923976608,36.84210526315789,0.08001120189533047,54.44318181818182,32.14602272727273,0.1136363636363636,0.1136363636363636,53.53825503355704,33.08120805369128,0,Ball-Winner,0.0558300845684803,True,300.0,0.0,0.0,0.0,0.0,0.0,0.0,37.173469387755105,35.91836734693878,40.102040816326536
Belgium,6989,587,7,4,158.02532922191386,72.7010447116867,5,2,148,275.7,8,176,20,2,2,2,9,3,17,3,0,1,0,0,284.26666666666665,1476.0,201,31,7,49,5,0,0,62,2,0,30,74,0.0,Timothy Castagne,Left Back,Fullback/Wingback,0.5714285714285714,11.074306754423201,2.5551765786694918,0.25149972107427054,2.901091322859737,0.7910469938792191,2.3629499260767224,12.969634123895412,0.3894907184778526,1.3140773872637639,0.7327111760790076,10.824095443916082,0.01900488991048002,0.3333333333333333,0.8756218905472637,7.343283582089552,65.78947368421053,38.59649122807017,7.602339181286549,0.029317672787102345,52.06666666666666,21.80995024875622,0.2537313432835821,0.1442786069651741,53.97142857142857,22.13028571428572,2,Sweeper CB,0.0503400562851782,True,300.0,0.0,0.0,0.0,0.0,0.0,0.0,38.37692307692308,38.53846153846154,38.0
Belgium,20005,797,7,2,115.85880637039466,146.56468345425563,4,1,234,622.9000000000001,20,244,8,0,4,0,6,1,13,0,0,2,1,1,284.26666666666665,2785.4,267,13,17,77,8,0,0,48,3,3,25,50,0.0,Toby Alderweireld,Right Center Back,Center Back,0.2857142857142857,6.277220806055099,2.644319307400772,0.2079137118904162,4.983459754805183,0.11570850053031859,5.2051207815906375,20.49576921629228,0.24805240816422477,0.0777416487938078,0.9191640213924269,7.569924811940795,0.027892108787622303,0.1666666666666666,0.9138576779026216,10.432209737827716,29.093567251461987,13.450292397660816,27.485380116959064,0.09848767223751104,40.40524344569289,50.34906367041199,0.2546816479400749,0.0861423220973782,38.86831275720164,49.27325102880658,2,Sweeper CB,0.1038461538461538,True,300.0,0.0,0.0,0.0,0.0,0.0,0.0,30.173333333333332,29.733333333333334,31.2
Brazil,3063,738,8,6,173.8824816757689,102.55545918367346,2,2,205,417.1,8,232,8,6,1,1,8,2,22,3,0,1,1,0,290.9166666666667,1870.4,267,14,12,58,9,2,1,22,5,0,37,30,0.0323683795,Danilo Luiz da Silva,Left Back,Fullback/Wingback,0.75,8.360482233339718,3.135644341893603,0.5532808975315082,3.629972004348355,0.6298390471704949,2.3363579920616435,14.194429385059303,0.3851075060487829,1.9085121107860246,0.7244654629424817,11.768424478407056,0.023720904526915457,0.25,0.8689138576779026,7.0052434456928845,88.01169590643275,12.573099415204677,35.38011695906433,0.04291819310214097,58.3876404494382,34.27303370786517,0.2397003745318352,0.0524344569288389,59.1986301369863,33.05114155251142,2,Sweeper CB,0.0706496275737611,True,300.0,0.0,0.0,0.0,0.0,0.0,0.0,48.099999999999994,48.30769230769231,47.61538461538461
Brazil,3280,344,13,3,326.582012880158,164.0124100403849,6,5,66,301.4,4,39,27,3,0,7,13,2,1,6,3,1,0,5,328.25,236.7,54,59,6,5,16,8,2,74,1,1,32,82,1.6176591219999998,Richarlison de Andrade,Center Forward,Forward,0.2307692307692307,16.450875856816452,4.386900228484387,2.1934501142421934,1.6450875856816451,1.9192688499619197,1.0967250571210967,1.3709063214013708,1.3709063214013708,0.8225437928408226,0.2741812642802742,8.773800456968774,0.4435318232444782,0.1538461538461538,0.7222222222222222,4.383333333333333,23.391812865497077,79.82456140350878,73.68421052631578,0.4575150677227722,79.86851851851851,41.48148148148148,0.1111111111111111,0.2592592592592592,84.22870370370372,41.82222222222222,4,Target Forward,0.4575150677227722,False,300.0,0.0,0.0,0.0,0.0,0.0,0.0,61.528571428571425,60.71428571428572,63.42857142857143
Brazil,3295,960,12,7,176.022716874434,128.18493231182276,4,3,263,754.0,10,320,17,1,1,1,11,5,28,2,0,8,6,4,409.0666666666667,3171.7,335,22,18,116,10,2,0,33,11,2,15,38,0.20821556,Thiago Emiliano da Silva,Right Center Back,Center Back,0.5833333333333334,6.600391134289438,2.20013037809648,0.4400260756192959,3.960234680573663,0.2200130378096479,2.20013037809648,25.521512385919163,0.8800521512385918,0.2200130378096479,1.7601043024771836,3.300195567144719,0.045810137874837,0.4545454545454545,0.9552238805970148,9.46776119402985,67.39766081871345,19.29824561403509,21.052631578947366,0.16989749119947842,44.80985074626865,33.20059701492538,0.2059701492537313,0.044776119402985,43.05324232081912,32.09112627986348,2,Sweeper CB,0.1698974911994784,False,300.0,0.0,0.0,0.0,0.0,0.0,0.0,47.25333333333333,48.03333333333333,45.43333333333334
Brazil,4320,596,5,1,221.20933893259203,72.13739710047777,6,11,169,723.0999999999999,0,123,9,2,2,21,4,0,16,4,2,0,0,4,281.4833333333333,1090.4,156,24,27,30,13,12,10,130,1,0,52,146,2.1292579170000003,Neymar da Silva Santos Junior,Center Attacking Midfield,Attacking Midfield/Wing,0.2,11.12875580216069,3.8824059159555784,2.894685223363156,6.467275592377664,4.638548312450773,0.25629049706085016,7.215355516986153,1.3330584075338605,1.2218252807321057,0.37223143620742527,14.388520736432339,0.4575992745544963,0.0,0.7884615384615384,6.989743589743591,20.76023391812865,25.146198830409357,70.17543859649122,0.627765699952061,76.84615384615384,24.262820512820515,0.25,0.1474358974358974,74.01675392670157,24.96544502617801,3,Progressive Winger,0.730996077435017,True,300.0,0.0,0.0,0.0,0.0,0.0,0.0,69.45918367346938,69.48979591836735,69.38775510204081
Brazil,4372,1032,15,8,247.57255031584432,187.231498788677,6,5,289,1231.6,10,345,12,1,2,2,12,3,33,1,0,3,1,5,455.0166666666667,2606.2,359,21,44,92,13,2,0,45,6,1,15,52,0.86164184,Marcos Aoás Corrêa,Left Center Back,Center Back,0.5333333333333333,4.747078861580161,2.571334383355921,0.3955899051316801,8.702977912896962,0.3955899051316801,1.9779495256584003,18.197135636057286,0.9889747628292004,0.19779495256584,0.5933848576975201,2.966924288487601,0.1704284068715431,0.25,0.9610027855153204,7.259610027855152,57.60233918128655,13.157894736842104,28.654970760233915,0.27941342573532096,50.06183844011142,40.168245125348186,0.1727019498607242,0.0612813370473537,47.3961661341853,39.32683706070287,2,Sweeper CB,0.279413425735321,False,300.0,0.0,0.0,0.0,0.0,0.0,0.0,42.106666666666655,42.36666666666666,41.5
Brazil,5539,780,14,7,244.40586003547895,139.87825887093595,18,5,176,254.1,7,217,27,2,5,2,18,6,23,8,2,6,6,4,409.0666666666667,2080.1000000000004,258,54,5,57,15,10,2,84,5,3,44,95,1.1432915347,Carlos Henrique Casimiro,Left Defensive Midfield,Defensive Midfield,0.5,13.200782268578877,3.300195567144719,2.20013037809648,1.1000651890482398,0.4400260756192959,1.5400912646675358,12.540743155149933,0.8800521512385918,0.4400260756192959,1.3200782268578877,9.680573663624507,0.2515390436514015,0.3333333333333333,0.8410852713178295,8.062403100775196,51.90058479532164,60.526315789473685,48.24561403508772,0.3014820032341916,61.927131782945736,35.47364341085272,0.2596899224806202,0.1627906976744186,64.15324074074074,34.855555555555554,0,Ball-Winner,0.3014820032341916,False,300.0,0.0,0.0,0.0,0.0,0.0,0.0,49.92857142857142,50.816326530612244,47.857142857142854
Brazil,5547,210,0,0,39.77569760184248,164.97130095390048,0,0,49,68.7,0,80,0,0,0,0,0,0,1,0,0,0,0,0,394.98333333333335,1532.8,94,0,0,31,22,0,0,18,1,0,14,21,0.0,Alisson Ramsés Becker,Goalkeeper,Goalkeeper,0.0,0.0,5.012869741339297,0.0,0.0,0.0,0.0,7.0635891809781,0.0,0.0,0.0,3.190008017215916,0.0,0.0,0.851063829787234,16.306382978723402,7.163742690058479,3.508771929824561,85.38011695906432,0.021874340689480572,11.03404255319149,40.39042553191489,0.2340425531914893,0.0851063829787234,12.181818181818182,39.804545454545455,7,Goalkeeper,0.0218743406894805,False,300.0,3.4938503713999998,0.7961007639799147,-0.5710455291126209,0.9114308620616903,9.910483870967743,0.75,62.49218750000001,65.00000000000001,56.640625
Brazil,6945,492,6,5,179.05727155727155,40.00314936785525,5,2,131,338.70000000000005,8,150,12,3,0,2,10,6,17,3,0,4,2,1,199.53333333333333,1215.0,169,21,12,46,12,1,1,32,1,0,20,35,0.021819543,Alex Sandro Lobo Silva,Left Back,Fullback/Wingback,0.8333333333333334,11.87177691121913,4.249775461825627,0.4743285140123991,4.294029674835545,0.9252283270195484,2.7637652678681963,14.629103624959216,0.6357262320485654,1.7171458991031132,1.3975017679375983,10.858450883555394,0.026159780892225665,0.6,0.8875739644970414,7.189349112426036,94.73684210526316,48.83040935672515,90.35087719298248,0.06103441115168454,63.43491124260355,12.080473372781064,0.2307692307692307,0.0650887573964497,63.19291338582677,14.518110236220473,6,Wide Creator,0.1014054069662546,True,300.0,0.0,0.0,0.0,0.0,0.0,0.0,67.06923076923077,68.15384615384616,64.53846153846155
Brazil,10595,582,6,0,401.4277515890413,323.6453075616149,4,13,148,674.8,1,115,16,13,4,11,16,4,3,2,0,2,2,8,330.45,641.6,150,51,25,15,16,8,7,78,4,0,51,87,0.922930661,Raphael Dias Belloli,Right Wing,Attacking Midfield/Wing,0.0,15.524285065819338,4.357694053563323,2.178847026781661,6.808896958692692,2.9959146618247843,0.2723558783477077,4.085338175215616,2.178847026781661,3.5406264185202,0.5447117566954154,13.890149795733093,0.2513655908306855,0.25,0.7666666666666667,4.277333333333334,7.163742690058479,77.19298245614034,72.80701754385966,0.29412546373127557,82.39666666666666,64.22933333333333,0.1333333333333333,0.1066666666666666,79.69657142857143,65.62628571428571,3,Progressive Winger,0.2941254637312755,False,300.0,0.0,0.0,0.0,0.0,0.0,0.0,74.39795918367346,73.87755102040815,75.61224489795919
Brazil,13620,826,10,4,203.82658193668345,248.84168168857428,8,2,213,593.5,4,251,31,3,1,0,16,8,20,7,0,2,2,0,363.58333333333337,2610.6,277,50,18,78,20,5,0,49,5,0,32,57,0.258765465,Éder Gabriel Militão,Right Back,Fullback/Wingback,0.4,13.862021544808616,4.950721980288791,1.2376804950721978,4.455649782259912,0.0,0.9901443960577584,19.30781572312629,0.0,0.7426082970433188,0.4950721980288791,7.921155168462066,0.0640537937657575,0.5,0.9061371841155236,9.424548736462093,39.03508771929825,66.95906432748538,84.21052631578947,0.13979984006417603,53.101805054151626,63.54332129963899,0.2490974729241877,0.0685920577617328,51.78913043478261,61.53565217391305,0,Ball-Winner,0.139799840064176,False,300.0,0.0,0.0,0.0,0.0,0.0,0.0,75.2,73.53846153846155,79.07692307692308
Brazil,18395,462,1,0,323.6844392063657,50.94010675098061,5,7,135,772.8,0,70,10,9,1,15,6,3,5,0,1,1,1,8,306.58333333333337,219.2,91,37,25,7,15,9,8,81,1,0,41,92,0.811526553,Vinícius José Paixão de Oliveira Júnior,Left Midfield,Central/Wide Midfield,0.0,12.035879315031258,4.403370481108997,2.6420222886653977,7.338950801848328,4.403370481108997,0.0,2.054906224517532,2.348464256591465,2.6420222886653977,0.2935580320739331,12.035879315031258,0.2382301378744223,0.5,0.7692307692307693,2.408791208791209,7.163742690058479,51.75438596491229,74.85380116959064,0.28020893646099476,85.09010989010989,11.03956043956044,0.0769230769230769,0.1428571428571428,82.4261744966443,12.715436241610735,3,Progressive Winger,0.2802089364609947,False,300.0,0.0,0.0,0.0,0.0,0.0,0.0,54.79729729729729,56.21621621621622,51.486486486486484
Brazil,22600,654,8,4,274.3734495683921,167.00740596422676,7,7,152,169.3,1,172,22,2,2,3,12,6,15,4,1,2,0,6,318.76666666666665,1329.2,202,59,3,37,9,4,1,89,1,0,37,94,0.704333275,Lucas Tolentino Coelho de Lima,Right Defensive Midfield,Defensive Midfield,0.5,17.787305238941755,2.541043605563108,1.1293527135836037,0.8470145351877026,0.8470145351877026,0.2823381783959008,10.446512600648331,1.6940290703754053,0.5646763567918017,0.5646763567918017,10.446512600648331,0.1988601738471191,0.5,0.8514851485148515,6.580198019801981,51.90058479532164,84.7953216374269,27.77777777777778,0.24883403142319355,68.5519801980198,43.78118811881188,0.2079207920792079,0.1386138613861386,71.07093596059113,45.25024630541871,0,Ball-Winner,0.2488340314231936,False,300.0,0.0,0.0,0.0,0.0,0.0,0.0,51.20408163265306,51.63265306122449,50.204081632653065
Brazil,25104,426,5,3,409.81989274042417,136.79827818288825,6,6,104,581.0999999999999,0,89,10,7,4,8,5,1,3,3,0,3,1,5,199.3,486.4,112,38,18,11,9,7,2,45,3,0,30,57,1.2453418959999998,Rodrygo Silva de Goes,Left Midfield,Central/Wide Midfield,0.6,16.88092569017151,4.075556373883151,1.8478290472398455,6.002216642448589,2.782239441724184,0.422510227895449,6.8938893954340745,1.560014272331558,2.0522694800924826,1.1131902718712199,12.06324246837421,0.2856214109762159,0.2,0.7946428571428571,4.342857142857143,69.88304093567251,88.88888888888889,68.71345029239765,0.39932911390327896,81.56339285714286,26.082142857142856,0.1160714285714285,0.0982142857142857,80.5842105263158,30.437593984962405,3,Progressive Winger,0.6161102390366281,True,300.0,0.0,0.0,0.0,0.0,0.0,0.0,64.70270270270271,64.45945945945947,65.27027027027027
Brazil,25363,425,4,1,316.9819286482487,247.58892472669177,2,8,114,545.4,1,91,6,5,1,15,6,1,3,2,0,3,1,3,186.4666666666667,392.1,113,25,16,9,11,6,5,55,1,0,32,66,0.1545435,Antony Matheus dos Santos,Right Wing,Attacking Midfield/Wing,0.25,14.042454473810617,4.2707023434895905,2.3500299012579537,5.695380914843918,4.4345043193468205,0.4913566928859805,4.739500432785044,1.4084238310418276,2.015494799899357,0.9999582903193387,13.498735780916396,0.18164051110496846,0.1666666666666666,0.8053097345132744,3.4699115044247786,26.16959064327485,64.32748538011695,88.59649122807018,0.23485150240367675,81.08938053097346,64.89646017699116,0.0973451327433628,0.0707964601769911,77.51796875,65.0140625,3,Progressive Winger,0.108860824097247,True,300.0,0.0,0.0,0.0,0.0,0.0,0.0,48.90816326530612,46.12244897959184,55.40816326530612
Cameroon,3141,456,7,4,187.2193094554492,121.21756824337876,6,1,105,283.70000000000005,2,115,26,1,1,3,7,1,14,6,0,6,4,0,276.65,961.9,134,57,11,35,10,1,3,67,1,0,28,71,0.046351306,André-Frank Zambo Anguissa,Left Defensive Midfield,Defensive Midfield,0.5714285714285714,17.934222112370517,3.8504992107805305,0.6088675581398229,3.447745438794813,0.9066863940503508,1.1546878945721046,11.70999213851827,0.31237032573281553,0.4340548070416416,1.5869759465145328,9.175986262887108,0.0563900785075504,0.1428571428571428,0.8582089552238806,7.178358208955225,65.78947368421053,94.15204678362574,46.19883040935672,0.08165948596354348,60.65074626865672,39.23507462686568,0.2313432835820895,0.1716417910447761,63.08,40.532,0,Ball-Winner,0.0570454275799746,True,300.0,0.0,0.0,0.0,0.0,0.0,0.0,47.88775510204082,47.551020408163275,48.673469387755105
Cameroon,3499,277,23,13,216.7232184482185,121.95672753172752,0,2,51,257.6,1,47,5,0,2,6,12,1,2,0,1,1,1,2,269.9833333333333,553.0,69,32,8,9,8,3,4,79,0,0,29,93,0.5235422875,Jean-Eric Maxim Choupo-Moting,Left Center Forward,Forward,0.5652173913043478,12.428353466664953,2.5963101369618142,1.6138034078206256,2.4885836475312186,1.863071282853708,0.5618736891470074,2.852958772722135,0.7152844392030071,0.43988316517493165,0.3194890879281676,10.050689202014953,0.26880414083043863,0.0833333333333333,0.6811594202898551,8.014492753623188,64.32748538011695,46.19883040935672,31.57894736842105,0.32496208458588693,71.22463768115942,41.80434782608695,0.2463768115942029,0.4347826086956521,75.81612903225806,39.99677419354838,4,Target Forward,0.1858589019383912,True,300.0,0.0,0.0,0.0,0.0,0.0,0.0,44.342857142857135,44.857142857142854,43.14285714285714
Cameroon,4935,304,17,4,228.273217088922,186.67379731743665,2,4,67,167.9,0,52,11,6,0,7,14,1,3,1,0,1,0,5,224.2333333333333,574.8000000000001,81,28,6,9,9,2,2,52,6,0,36,62,0.134345962,Bryan Mbeumo,Right Wing,Attacking Midfield/Wing,0.2352941176470588,13.202491294639293,3.619675081127175,1.4940126139097458,3.568283148167619,2.741600816210816,0.284279237996948,4.398058708975961,1.6503171227967464,2.0419743822554346,0.5845610280994742,13.212980860093717,0.1650873190351567,0.0714285714285714,0.6419753086419753,7.096296296296297,23.830409356725145,48.24561403508772,56.4327485380117,0.2058945195447011,79.67407407407408,61.75308641975309,0.2222222222222222,0.1481481481481481,79.62934782608696,62.58043478260869,3,Progressive Winger,0.0776028091868589,True,300.0,0.0,0.0,0.0,0.0,0.0,0.0,31.785714285714285,28.87755102040816,38.57142857142857
Cameroon,7426,261,6,6,75.88607038123166,114.68478005865104,4,0,63,251.3,16,63,11,3,1,1,2,1,6,1,1,6,6,1,192.45,981.7,78,20,11,25,8,1,1,31,2,1,16,34,0.8945071,Jean-Charles Castelletto,Right Center Back,Center Back,1.0,9.457956901785884,3.1373492280177837,0.42943862605443633,4.816061365433056,0.3200418720882272,5.4445701465272744,14.81367602959157,0.29430145939029556,0.6405154919320312,1.8215796505206254,7.336490479825245,0.19657237979012718,0.5,0.8076923076923077,12.585897435897436,98.9766081871345,52.63157894736842,60.23391812865497,0.30381118200519985,43.20384615384616,59.71282051282052,0.3846153846153846,0.2179487179487179,41.01290322580645,60.98225806451613,1,Deep Playmaker,0.4781794699922058,True,300.0,0.0,0.0,0.0,0.0,0.0,0.0,80.66,81.6,78.46666666666667
Cameroon,7472,303,8,4,68.302895480226,59.0897951977401,4,1,79,110.7,8,79,2,0,2,1,4,0,1,2,0,3,1,0,192.45,1088.3,93,17,2,24,11,3,1,14,2,0,14,17,0.382484566,Nicolas Alexis Julio N'Koulou Ndoubena,Left Center Back,Center Back,0.5,8.361398875590332,3.68562824111556,0.7949579681196207,3.171224326139726,0.3200418720882272,3.9824927782665367,14.630916358558977,0.11154178835770344,0.09223647883425477,1.273300637422849,6.970971137760061,0.10299530991501295,0.0,0.8494623655913979,11.702150537634408,51.90058479532164,34.7953216374269,86.54970760233918,0.16221669417655485,33.42258064516129,27.50860215053764,0.3010752688172043,0.086021505376344,34.71772151898734,26.745569620253164,1,Deep Playmaker,0.2162827276695245,True,300.0,0.0,0.0,0.0,0.0,0.0,0.0,56.00666666666666,57.06666666666666,53.53333333333333
Cameroon,13454,319,10,6,158.46431589021762,39.36495860764429,7,1,58,216.3,8,81,12,4,1,2,12,4,9,3,0,9,2,0,292.55,1053.0,106,38,6,21,5,0,1,28,3,0,29,35,0.0,Nouhou Tolo,Left Back,Fullback/Wingback,0.6,13.197786335416414,2.519457433742236,0.2479839738412969,2.7086506740407543,0.7799888453134729,2.3299179424674596,8.535524255260531,0.38404597718784916,1.5994795625662674,1.9375558458815207,10.52089809247946,0.01873921808853789,0.3333333333333333,0.7641509433962265,9.933962264150944,69.88304093567251,70.17543859649122,6.725146198830409,0.007673718478336117,61.35377358490566,10.75566037735849,0.3113207547169811,0.1226415094339622,60.48169014084507,13.05211267605634,6,Wide Creator,0.019073662621774,True,300.0,0.0,0.0,0.0,0.0,0.0,0.0,32.93076923076923,33.0,32.769230769230774
Cameroon,15326,164,0,0,20.66934429291986,86.39067812441623,0,0,34,120.2,0,56,0,0,0,0,0,0,2,0,0,0,0,0,196.31666666666663,3408.3,84,0,2,38,13,0,0,14,2,0,28,18,0.0,Devis Rogers Epassy Mboka,Goalkeeper,Goalkeeper,0.0,0.04570390791680305,4.697406014350692,0.0,0.8151403697625619,0.013711172375040914,0.018281563166721214,14.203387213026513,0.009140781583360607,0.0045703907916803035,0.0,9.766624491670958,0.0,0.0,0.6666666666666666,40.575,7.163742690058479,3.508771929824561,93.859649122807,-0.0057988329989934195,12.303571428571429,44.86309523809524,0.7023809523809523,0.119047619047619,13.1,43.266666666666666,7,Goalkeeper,0.0467611851600305,True,300.0,1.980177858,0.9077986614483404,-0.46753031384667637,2.292214958825028,10.251196172248804,0.6,43.8203125,39.0625,54.921874999999986
Cameroon,16346,406,4,2,170.22210664679417,209.83144561215337,5,0,89,282.6,3,103,20,11,5,0,8,4,15,6,0,7,3,2,292.55,1989.9,152,34,11,39,10,1,0,37,9,0,51,42,0.009452554,Ngoran Suiru Fai Collins,Right Back,Fullback/Wingback,0.5,12.590242668215334,3.278887017743586,0.39986989064156686,3.468080258042105,0.47621701171293285,1.5704883584661096,11.26947075766539,0.6878178107883892,2.662680980168158,1.6337840122809804,13.8623882620854,0.02017492791893195,0.5,0.6776315789473685,13.091447368421052,51.90058479532164,60.81871345029239,40.93567251461988,0.02415857115926634,59.51973684210526,71.56315789473685,0.3684210526315789,0.1118421052631579,63.47628865979381,72.04432989690721,5,Holding Anchor,0.0432087843445564,True,300.0,0.0,0.0,0.0,0.0,0.0,0.0,50.86153846153846,51.92307692307693,48.38461538461539
Canada,11846,522,10,8,126.49416995216374,142.87653500544474,6,0,136,395.5,11,160,8,0,0,0,4,1,11,7,0,4,1,0,284.9666666666667,2095.2,183,22,5,51,11,0,0,30,10,0,24,34,0.0,Steven de Sousa Vitoria,Center Back,Center Back,0.8,7.962113299249744,3.102719745861344,0.2076649120756291,3.1312372546712197,0.11557003802469794,3.8141977924508907,16.47101503351593,0.09390065589506705,0.07764861929784392,1.2257739453511003,7.407011345586543,0.027858731712886418,0.25,0.8743169398907104,11.449180327868852,92.2514619883041,27.485380116959064,52.92397660818714,0.06658236573512258,43.91420765027323,47.98469945355192,0.2786885245901639,0.087431693989071,41.076551724137936,47.34827586206897,2,Sweeper CB,0.0565329278278161,True,300.0,0.0,0.0,0.0,0.0,0.0,0.0,59.01333333333332,59.033333333333324,58.96666666666667
Canada,12365,457,9,5,237.1478602630653,108.84151666312135,6,4,110,542.6999999999999,2,82,22,4,1,22,5,1,2,4,1,5,2,4,284.9666666666667,523.5999999999999,114,48,17,6,18,4,12,91,4,2,51,106,0.928688898,Alphonso Davies,Left Midfield,Central/Wide Midfield,0.5555555555555556,16.255022275518776,4.863397283286553,1.1156550970770782,4.969354555087892,4.528757456127788,0.6683446751180085,5.1150247452394435,1.1776997997181837,1.2901558232551877,1.2578766358401618,13.527569031499075,0.19507436437476425,0.2,0.7192982456140351,4.592982456140351,61.98830409356725,80.4093567251462,91.81286549707602,0.248347214840775,79.2578947368421,33.77280701754386,0.1140350877192982,0.0964912280701754,81.25083333333333,34.755833333333335,3,Progressive Winger,0.3068850186688502,True,300.0,0.0,0.0,0.0,0.0,0.0,0.0,63.12162162162162,63.64864864864865,61.89189189189188
Canada,15958,213,0,0,38.05619047619048,123.74642857142857,0,0,54,102.1,0,75,0,1,0,0,0,0,0,0,0,0,0,0,284.9666666666667,2440.2,96,0,2,50,19,0,0,15,4,0,22,20,0.0,Milan Borjan,Goalkeeper,Goalkeeper,0.0,0.038777613364136924,4.90865729390134,0.0,0.6916082133215377,0.011633284009241076,0.015511045345654766,13.897164163676463,0.007755522672827383,0.15773268184470476,0.0,7.363391382342852,0.0,0.0,0.78125,25.41875,7.163742690058479,3.508771929824561,94.73684210526316,-0.001385383044914562,13.820833333333333,42.07083333333333,0.5416666666666666,0.0625,14.986666666666666,40.63333333333333,7,Goalkeeper,0.0511638788162358,True,300.0,2.7968578600000003,0.8833215840449176,-1.327463303076383,1.2633056497836004,11.623015873015873,0.16666666666666666,40.43749999999999,43.43749999999999,33.4375
Canada,23640,256,5,3,225.775512195122,127.59733333333332,2,0,59,118.5,0,43,6,0,1,4,3,0,8,1,0,0,0,0,201.61666666666667,550.8000000000001,59,28,3,10,9,8,1,48,2,1,29,54,0.812813505,Jonathan David,Center Forward,Forward,0.6,13.225147363739733,3.1295880112289294,2.7308523355835326,1.9306599382636191,1.7581544606543493,0.4590330695796428,3.4212159706390763,0.45393270213986897,0.4998360090978332,0.18361322783185716,11.420524305402843,0.357341176421576,0.0,0.7288135593220338,9.335593220338984,69.88304093567251,54.97076023391813,67.83625730994152,0.43868724873838905,66.40677966101696,45.65254237288136,0.288135593220339,0.2372881355932203,79.06190476190476,41.78095238095238,4,Target Forward,0.3588156507398529,True,300.0,0.0,0.0,0.0,0.0,0.0,0.0,63.957142857142856,64.21428571428571,63.357142857142854
Canada,23828,595,13,7,132.71640130861505,55.93055252635406,1,0,161,324.49999999999994,13,184,4,0,2,2,11,2,27,0,0,8,4,0,284.9666666666667,2316.4,199,15,4,72,10,0,2,39,4,0,17,41,0.0,Kamal Miller,Left Center Back,Center Back,0.5384615384615384,7.500548537724871,2.9488648253530525,0.2076649120756291,2.977382334162929,0.42327987904128006,4.121907633467473,19.701968364190044,0.09390065589506705,0.07764861929784392,1.8411936273842644,6.330026902028506,0.027858731712886418,0.1818181818181818,0.9246231155778896,11.640201005025126,58.77192982456141,23.684210526315788,42.39766081871345,0.08850582550466347,46.7929648241206,18.01708542713568,0.3366834170854271,0.0653266331658291,46.33448275862069,17.791954022988506,2,Sweeper CB,0.0890630483097438,True,300.0,0.0,0.0,0.0,0.0,0.0,0.0,44.699999999999996,44.99999999999999,44.00000000000001
Canada,24024,428,4,1,221.7816109812493,125.84334233540666,5,6,111,685.9000000000001,1,61,12,10,2,23,5,2,4,6,0,3,2,4,270.08333333333337,715.6999999999999,88,43,25,15,12,5,10,73,0,0,40,91,0.714270153,Tajon Buchanan,Right Midfield,Central/Wide Midfield,0.25,15.732166988047304,4.043137490097688,1.3026534891744272,6.362064206241041,4.804862715836079,0.5279216900246122,6.6694091071017105,1.208446354933747,2.2710682381116967,0.9749730789275839,12.144149038665534,0.16631658581568412,0.4,0.6931818181818182,8.132954545454545,26.16959064327485,77.77777777777779,66.95906432748538,0.22662736410463855,72.37045454545455,41.05,0.2272727272727272,0.0909090909090909,78.64573643410853,42.032558139534885,3,Progressive Winger,0.2783374777044122,True,300.0,0.0,0.0,0.0,0.0,0.0,0.0,56.64864864864866,56.8918918918919,56.08108108108109
Canada,44703,516,11,8,175.21507706327236,195.30557187825525,8,5,123,388.4,8,156,15,4,7,0,7,3,17,5,0,2,2,4,284.9666666666667,1768.5,187,38,12,49,14,2,0,50,6,0,36,50,0.672354974,Alistair Johnston,Right Back,Fullback/Wingback,0.7272727272727273,12.291894056158746,3.936813212771032,0.5589086051051235,3.6668943362633466,0.482390546966491,2.360122303508621,12.954114019239773,1.0044443166835604,1.6202147383873298,0.8856892982114561,11.734272319845067,0.12242726879884287,0.4285714285714285,0.8342245989304813,9.457219251336898,84.50292397660819,55.55555555555556,75.43859649122807,0.18615501826957145,59.39197860962567,67.25133689839572,0.2887700534759358,0.1122994652406417,60.9453125,65.028125,5,Holding Anchor,0.2830925757164581,True,300.0,0.0,0.0,0.0,0.0,0.0,0.0,74.24615384615385,74.84615384615385,72.84615384615385
Costa Rica,5581,525,9,4,192.2051003842432,105.17914954703971,5,6,134,286.4,1,105,20,4,1,13,13,6,8,3,0,0,0,1,292.4333333333333,923.7,137,44,8,20,15,1,7,117,11,0,52,133,0.051288527,Joel Nathaniel Campbell Samuels,Center Forward,Forward,0.4444444444444444,13.932292246848444,3.5613349005220587,1.2488173843486632,2.3942798672683328,2.855881809551397,0.5405817333916195,4.4159212588849455,0.5362632233248085,1.0308772960619335,0.15546636240520467,13.16388679513052,0.18687510565352422,0.4615384615384615,0.7664233576642335,6.742335766423358,44.29824561403509,68.42105263157895,78.3625730994152,0.20709315627865843,63.34817518248176,33.01094890510949,0.2116788321167883,0.1678832116788321,64.85246913580247,32.46358024691358,0,Ball-Winner,0.0204011196739997,True,300.0,0.0,0.0,0.0,0.0,0.0,0.0,22.84285714285714,21.857142857142854,25.142857142857146
Costa Rica,5582,350,5,4,147.0922354939746,154.0925550777725,10,0,76,131.99999999999997,11,94,10,3,5,2,6,3,6,2,0,3,3,1,260.04999999999995,929.5,113,33,3,33,10,0,2,56,3,0,20,60,0.0,Celso Borges Mora,Right Defensive Midfield,Defensive Midfield,0.8,14.126897921789945,3.9646288186708203,0.46621458334314586,2.264337839980411,0.7728608322991425,2.6352125246049534,11.735678897735133,0.48232898550812975,0.7683201579868988,1.1519144354211326,8.162364929013215,0.05061284033814649,0.5,0.831858407079646,8.225663716814159,92.2514619883041,54.67836257309941,52.33918128654971,0.07402536484307413,51.60619469026549,53.17522123893806,0.1858407079646017,0.1946902654867256,51.94137931034482,53.55977011494252,0,Ball-Winner,0.0422226494904826,True,300.0,0.0,0.0,0.0,0.0,0.0,0.0,33.40816326530612,31.93877551020408,36.83673469387755
Costa Rica,5597,192,0,0,23.61741004769315,120.88051196108944,0,0,37,133.5,1,55,0,0,0,0,0,0,2,0,0,0,0,0,294.45,4181.5,101,1,4,27,19,0,0,20,4,0,46,26,0.0,Keylor Navas Gamboa,Goalkeeper,Goalkeeper,0.0,0.18955944357121365,4.830348885562263,0.0,0.983375811566976,0.011447696810955317,0.166664049949303,10.193250562612961,0.00763179787397021,0.003815898936985105,0.0,10.879533202609398,0.0,0.0,0.5445544554455446,41.4009900990099,7.163742690058479,8.771929824561402,92.69005847953215,-0.03040234296027383,10.527722772277228,40.37227722772277,0.6831683168316832,0.1089108910891089,9.03939393939394,39.37272727272728,7,Goalkeeper,0.0085583290881304,True,300.0,4.611309046,1.4094678693835965,-1.9527328438104945,0.6113092205807438,8.03726235741445,0.45454545454545453,37.6875,46.875,16.25
Costa Rica,5598,301,4,2,101.53484604368062,146.57741675617615,6,0,63,86.30000000000001,16,68,6,0,2,0,7,3,2,4,0,4,2,1,294.45,1605.2,97,27,1,20,9,0,0,12,3,2,29,18,0.0,Óscar Esau Duarte Gaitán,Center Back,Center Back,0.5,8.743495460147125,2.750420771027601,0.2043520084119895,2.47568242813947,0.11372633511623764,4.510351700996478,11.514836842076486,0.24380310148330567,0.07640988140622215,1.2062190241380804,8.04584866143484,0.02741429796895975,0.4285714285714285,0.7010309278350515,16.548453608247424,51.90058479532164,36.84210526315789,33.04093567251462,0.0371094685837777,35.398969072164945,51.02474226804123,0.3608247422680412,0.0927835051546391,34.63285714285715,49.10857142857143,1,Deep Playmaker,0.0146714212939378,True,300.0,0.0,0.0,0.0,0.0,0.0,0.0,45.54666666666666,45.666666666666664,45.26666666666666
Costa Rica,5600,315,3,2,68.28316809168638,37.021871020556674,4,0,80,281.5,2,85,12,0,4,4,9,5,3,6,0,4,3,0,194.41666666666663,1247.4,101,24,12,33,8,1,4,29,4,0,20,32,0.014244432,Francisco Javier Calvo Quesada,Left Center Back,Center Back,0.6666666666666666,10.33049899130516,3.124869632234669,0.4277304258901207,4.9789369682943025,0.8648669204311765,2.8744552206115412,16.211012494398858,0.11109810283516143,0.09186958503676812,1.4502684622933735,8.035438537245795,0.03555387488484367,0.5555555555555556,0.8415841584158416,12.350495049504952,78.65497076023392,69.5906432748538,58.77192982456141,0.08269713483816422,36.277227722772274,13.952475247524752,0.3663366336633663,0.0891089108910891,32.45263157894737,14.869736842105262,1,Deep Playmaker,0.069551644474925,True,300.0,0.0,0.0,0.0,0.0,0.0,0.0,59.57999999999999,59.8,59.06666666666667
Costa Rica,5836,279,3,2,159.29344312257527,32.1611478031395,7,1,60,204.6,7,68,10,2,2,0,8,4,2,3,0,4,3,0,269.9,632.5,89,25,8,17,6,0,0,26,1,0,25,33,0.0,Bryan Oviedo,Left Wing Back,Fullback/Wingback,0.6666666666666666,11.19555762949815,2.7775127256781222,0.2578398029472898,3.132147669596155,0.4951436923855034,2.2645953269154115,8.243068779530843,0.39930942934314795,1.3472040968567147,1.2249494937306455,10.307348946655033,0.019483986099952843,0.5,0.7640449438202247,7.106741573033708,78.65497076023392,40.64327485380117,17.543859649122805,0.007779239660038295,57.24269662921349,9.257303370786516,0.2359550561797752,0.1348314606741573,61.65416666666667,8.854166666666666,6,Wide Creator,0.0166728417932567,True,300.0,0.0,0.0,0.0,0.0,0.0,0.0,23.730769230769234,22.461538461538463,26.692307692307693
Costa Rica,5839,324,9,4,149.58898633567424,98.11213266917088,9,2,58,102.9,7,79,16,0,4,0,10,3,4,1,1,4,1,1,286.95,780.0,98,39,2,22,9,2,0,41,4,0,22,47,0.522077037,Yeltsin Ignacio Tejeda Valverde,Left Center Midfield,Central/Wide Midfield,0.4444444444444444,14.666745373716047,3.4669482877244353,0.8052151687313311,2.6525373022822736,1.1400837435094728,1.4327614903964523,7.551101414328705,0.713715182170793,0.6724561741377908,1.1002911708753729,9.035142626219,0.13206735359131885,0.3,0.8061224489795918,7.959183673469388,44.29824561403509,63.1578947368421,35.96491228070175,0.16741146033920812,52.52142857142857,31.14591836734694,0.2244897959183673,0.1938775510204081,53.08850574712643,29.44137931034483,0,Ball-Winner,0.1866420398327234,True,300.0,0.0,0.0,0.0,0.0,0.0,0.0,47.08108108108108,46.351351351351354,48.78378378378378
Costa Rica,6328,242,9,5,106.42957092399598,133.40949123533773,6,0,45,79.49999999999999,14,65,12,0,0,0,9,3,1,2,0,5,2,0,249.45,910.8,77,20,2,20,1,1,0,17,4,0,13,21,0.099276,Kendall Jamaal Waston Manley,Right Center Back,Center Back,0.5555555555555556,8.312987307825022,1.6652791470331376,0.38488861843754146,2.84224118556285,0.12304053127645366,4.552149547105935,12.457902922508632,0.09997043166211858,0.0826678569513673,1.46880862480459,6.084001704959399,0.045920956279275865,0.3333333333333333,0.8441558441558441,11.828571428571427,61.98830409356725,32.45614035087719,0.2923976608187134,0.0726223605798164,33.811688311688314,41.44935064935065,0.2857142857142857,0.1428571428571428,38.422222222222224,39.0,1,Deep Playmaker,0.0610737221888153,True,300.0,0.0,0.0,0.0,0.0,0.0,0.0,34.36666666666666,33.46666666666666,36.46666666666666
Costa Rica,130185,249,2,1,159.70914814814813,196.24987962962965,3,1,49,153.5,9,43,7,3,4,2,5,2,1,2,1,5,2,1,267.91666666666663,494.7000000000001,61,40,4,10,5,3,1,24,1,0,22,27,0.31160433,Keysher Fuller Spence,Right Wing Back,Fullback/Wingback,0.5,13.611765152841079,2.6287386688727135,0.7341621195005027,2.5091902395941577,0.8138207899465856,2.5894518740585646,7.162538337410936,0.5591778907398269,1.5103828873930596,1.387701334956,9.867923400790088,0.06893320037275973,0.4,0.7049180327868853,8.109836065573772,51.90058479532164,76.60818713450293,10.818713450292398,0.07260809292302696,53.41639344262296,67.05409836065574,0.2295081967213114,0.1147540983606557,66.65625,66.7171875,5,Holding Anchor,0.1157613301399689,True,300.0,0.0,0.0,0.0,0.0,0.0,0.0,46.13846153846154,45.53846153846155,47.53846153846155
Croatia,3441,274,9,3,443.286656033973,315.9468758484512,3,3,69,272.0,0,43,16,1,1,4,9,2,3,6,2,0,0,0,226.75,296.3,55,34,11,7,8,7,3,59,0,0,22,65,2.195553433,Nikola Vlašić,Right Wing,Attacking Midfield/Wing,0.3333333333333333,13.993708627798902,3.431522227551785,2.341169838883631,4.4055300788629745,2.215925077459105,0.28292102996222124,4.035327911157408,0.7881371548947592,1.1779231836564605,0.4109091149451309,10.757826292465994,0.5164745096134099,0.2222222222222222,0.7818181818181819,5.387272727272728,33.47953216374269,63.74269005847953,43.56725146198831,0.6819063849152311,72.68909090909091,53.35818181818181,0.1636363636363636,0.1818181818181818,75.41904761904762,55.019047619047626,4,Target Forward,0.8781909987651599,True,300.0,0.0,0.0,0.0,0.0,0.0,0.0,58.12244897959184,57.75510204081633,58.9795918367347
Croatia,3471,1317,32,25,236.63641093197995,309.16689696715093,8,1,357,1145.5,36,407,16,1,2,0,16,6,17,3,0,7,6,1,624.1333333333333,4669.8,454,37,41,139,11,4,0,48,15,0,49,57,0.381529793,Dejan Lovren,Right Center Back,Center Back,0.78125,6.344798120059816,1.586199530014954,0.576799829096347,5.912198248237556,0.0,5.191198461867122,20.04379406109805,0.1441999572740867,0.1441999572740867,1.009399700918607,7.06579790643025,0.0550165798493911,0.375,0.8964757709251101,10.28590308370044,90.35087719298248,18.128654970760238,7.894736842105263,0.142978553786584,40.82180616740088,53.164317180616735,0.2334801762114537,0.066079295154185,39.463824289405686,51.51705426356589,2,Sweeper CB,0.142978553786584,False,300.0,0.0,0.0,0.0,0.0,0.0,0.0,54.22,54.800000000000004,52.866666666666674
Croatia,5456,1526,8,6,435.4580895656042,171.94759380925754,8,9,404,1341.2,6,416,52,3,10,14,27,15,48,3,0,8,5,9,649.9166666666667,2703.9,456,136,46,88,28,3,10,219,7,1,55,230,0.3451470199999999,Mateo Kovačić,Left Center Midfield,Central/Wide Midfield,0.75,21.187331709193483,3.877420182074625,0.4154378766508526,6.37004744197974,1.9387100910373125,0.8308757533017053,12.186177715091675,1.246313629952558,0.4154378766508526,1.107834337735607,7.616361071932298,0.0477957150403897,0.5555555555555556,0.912280701754386,5.929605263157894,88.01169590643275,95.906432748538,63.45029239766082,0.12132821920759063,64.85811403508772,25.25526315789473,0.1798245614035087,0.1293859649122807,62.87939814814815,24.01828703703704,0,Ball-Winner,0.1213282192075907,False,300.0,0.0,0.0,0.0,0.0,0.0,0.0,72.60810810810813,71.75675675675677,74.5945945945946
Croatia,5460,654,5,1,551.6579919736372,323.4436794900884,8,5,166,419.9,0,151,10,7,1,7,6,1,3,1,2,0,0,5,478.4333333333333,451.1,173,38,13,7,12,10,3,113,6,0,36,123,1.087257213,Andrej Kramarić,Right Wing,Attacking Midfield/Wing,0.2,7.148331359297708,2.2573677976729605,1.8811398313941337,2.445481780812374,1.3167978819758934,0.0,1.3167978819758934,0.9405699156970668,1.3167978819758934,0.0,6.772103393018881,0.2045282850344875,0.1666666666666666,0.8728323699421965,2.607514450867052,20.76023391812865,22.514619883040936,23.09941520467836,0.21769626385424645,76.61271676300578,47.71271676300577,0.0578034682080924,0.1907514450867052,81.61880341880341,46.02863247863248,4,Target Forward,0.2176962638542465,False,300.0,0.0,0.0,0.0,0.0,0.0,0.0,36.265306122448976,39.38775510204081,28.9795918367347
Croatia,5463,1708,10,5,435.1250585802281,340.2940175929571,5,17,458,1473.2,2,463,47,18,10,10,18,7,61,15,1,17,15,6,672.6666666666666,4540.2,549,115,51,151,37,7,5,214,15,0,103,234,1.12735736,Luka Modrić,Right Center Midfield,Central/Wide Midfield,0.5,17.92864222001982,4.950445986124876,0.9365708622398414,6.823587710604559,1.337958374628345,0.267591674925669,20.203171456888008,0.802775024777007,2.408325074331021,2.274529236868186,13.780971258671952,0.1508357221010902,0.3888888888888889,0.843351548269581,8.269945355191256,51.90058479532164,86.25730994152046,83.91812865497076,0.24114791238850347,64.02896174863388,47.90200364298725,0.2513661202185792,0.1238615664845173,61.7686475409836,49.01434426229508,0,Ball-Winner,0.2411479123885034,False,300.0,0.0,0.0,0.0,0.0,0.0,0.0,82.4054054054054,81.35135135135135,84.86486486486487
Croatia,5469,1638,16,10,340.3282951670484,235.72324720948131,18,2,440,980.9,8,472,31,2,15,8,18,5,39,14,1,10,8,5,569.8666666666667,3159.0,529,96,27,104,32,5,5,184,17,1,70,204,1.368818893,Marcelo Brozović,Center Defensive Midfield,Defensive Midfield,0.625,16.74075807206364,5.053813757604118,0.7896583996256434,4.264155357978474,1.2634534394010295,1.2634534394010295,16.424894712213383,0.7896583996256434,0.3158633598502574,1.5793167992512869,11.055217594759007,0.2161798672847449,0.2777777777777778,0.8922495274102079,5.9716446124763705,73.68421052631578,80.7017543859649,85.96491228070175,0.2875649866109031,58.11984877126655,38.912098298676746,0.1739130434782608,0.1417769376181474,59.15635593220339,39.41991525423729,0,Ball-Winner,0.2875649866109031,False,300.0,0.0,0.0,0.0,0.0,0.0,0.0,79.31632653061224,78.36734693877551,81.53061224489797
Croatia,5474,1066,30,15,515.2957347230491,110.65206378829288,12,13,227,958.5,11,214,32,28,11,17,26,8,6,11,1,11,5,9,686.8166666666666,1888.1,304,98,35,35,21,16,8,140,12,1,114,165,0.7556302262999999,Ivan Perišić,Left Wing,Attacking Midfield/Wing,0.5,14.283287631342668,2.7518260574146427,2.096629377077823,4.586376762357737,2.227668713145187,1.4414326967410034,4.586376762357737,1.1793540246062757,3.6691014098861903,1.4414326967410034,14.938484311679488,0.0990172831667839,0.3076923076923077,0.7039473684210527,6.210855263157894,51.90058479532164,68.71345029239765,33.33333333333333,0.12181812764250521,74.25263157894737,13.415131578947369,0.1381578947368421,0.1677631578947368,79.00062111801242,15.48416149068323,6,Wide Creator,0.1218181276425052,False,300.0,0.0,0.0,0.0,0.0,0.0,0.0,45.26530612244897,48.265306122448976,38.26530612244897
Croatia,7693,348,26,12,454.9321944914217,191.1692148140556,3,2,76,230.5,0,44,10,2,2,3,19,4,8,3,1,0,0,4,252.7333333333333,448.2000000000001,80,30,11,7,9,1,3,87,4,0,55,98,0.09977819,Bruno Petković,Center Forward,Forward,0.4615384615384615,12.327742739309937,2.840164346096885,1.3385135310595095,3.0547301942443656,1.4327335304038702,0.4165817843184932,2.6163411249645483,1.0632617457575575,0.7792656002236608,0.16663271372739732,14.597862743327385,0.2081928200989076,0.2105263157894736,0.55,5.602500000000001,45.760233918128655,44.15204678362573,44.44444444444444,0.23636689991612356,79.44,31.5575,0.2375,0.325,80.24251968503937,31.21259842519685,4,Target Forward,0.0394488410709575,True,300.0,0.0,0.0,0.0,0.0,0.0,0.0,22.157142857142855,20.57142857142857,25.857142857142858
Croatia,11603,407,16,7,425.65185455837695,351.2808479356464,10,2,87,228.0,3,77,23,1,6,5,19,8,4,4,1,3,2,1,291.16666666666663,570.8,93,53,8,17,10,4,2,70,0,1,26,83,0.950207691,Mario Pašalić,Right Wing,Attacking Midfield/Wing,0.4375,15.970430256035646,3.3620879617077577,1.6293395195353018,3.4687560795732817,2.1267074167774176,0.7088164407092191,5.118030409701999,0.8544988660966695,1.0495704037062994,0.8228582626963874,10.194561600602984,0.27060360500512604,0.4210526315789473,0.8279569892473119,6.13763440860215,43.27485380116959,83.33333333333334,41.2280701754386,0.3479375417675392,64.87956989247311,55.034408602150535,0.2365591397849462,0.2688172043010752,69.7542372881356,57.31271186440678,0,Ball-Winner,0.3125656285861477,True,300.0,0.0,0.0,0.0,0.0,0.0,0.0,52.30612244897958,51.938775510204074,53.16326530612244
Croatia,12625,835,11,3,297.27353774948364,45.87041194237966,8,4,212,776.5999999999999,16,222,19,18,5,7,17,4,14,4,0,4,0,2,440.4666666666667,2238.5,276,47,30,61,12,2,3,76,6,0,61,88,0.048374664,Borna Sosa,Left Back,Fullback/Wingback,0.2727272727272727,10.625094596639928,2.451944906916906,0.408657484486151,6.129862267292266,1.4303011957015286,3.269259875889208,12.464053276827606,0.408657484486151,3.677917360375359,0.817314968972302,12.464053276827606,0.0098843342515513,0.2352941176470588,0.8043478260869565,8.110507246376812,28.362573099415204,43.27485380116959,26.023391812865498,0.060966519812320194,61.98478260869565,8.098188405797101,0.2318840579710145,0.1123188405797101,62.70862068965517,8.546551724137931,6,Wide Creator,0.0609665198123202,False,300.0,0.0,0.0,0.0,0.0,0.0,0.0,46.192307692307686,47.46153846153846,43.230769230769226
Croatia,16527,232,1,0,453.6549864413851,80.7259887359199,4,8,52,277.40000000000003,0,42,16,2,4,3,3,2,0,4,2,0,0,5,187.31666666666663,269.7,55,29,8,6,4,10,2,30,1,1,19,35,1.0595709986,Mislav Oršić,Left Wing,Attacking Midfield/Wing,0.0,14.572015499216265,2.970459318094811,3.0846702266807062,4.207968061235484,2.21055138934625,0.30581480734484773,4.177179063310301,1.7753368713173798,1.4579247655344725,0.44415960114370745,11.074287765429316,0.3484685430613844,0.6666666666666666,0.7636363636363637,4.903636363636363,7.163742690058479,73.9766081871345,15.497076023391813,0.4691475252902072,83.55636363636364,15.012727272727274,0.1272727272727272,0.2,83.26901408450705,13.73943661971831,4,Target Forward,0.5499317904119584,True,300.0,0.0,0.0,0.0,0.0,0.0,0.0,61.999999999999986,62.24489795918367,61.42857142857142
Croatia,16531,498,0,0,59.749921812875954,284.1788834027466,0,0,122,258.3,0,189,0,0,1,0,0,0,6,1,0,0,0,0,720.2833333333333,5445.299999999999,228,2,1,92,33,0,0,38,10,0,39,47,0.0,Dominik Livaković,Goalkeeper,Goalkeeper,0.0,0.2499016590693477,4.123377374644237,0.0,0.1249508295346738,0.0,0.0,11.495476317189995,0.0,0.0,0.0,4.873082351852281,0.0,0.0,0.8289473684210527,23.8828947368421,7.163742690058479,7.894736842105263,69.5906432748538,0.03661059305365944,10.042105263157897,40.83771929824562,0.4517543859649123,0.0745614035087719,9.073451327433627,40.32477876106194,7,Goalkeeper,0.0366105930536594,False,300.0,10.6729423528,1.3335930005581138,0.08408470521137514,0.9996066362773909,8.219568822553896,0.47058823529411764,72.17187499999999,73.43749999999999,69.21875
Croatia,22041,313,13,4,489.83543139438575,223.29070217212015,2,4,55,93.8,1,35,17,3,2,4,10,1,6,7,1,1,0,2,255.53333333333333,466.0,57,48,2,9,7,7,1,48,0,2,31,58,1.773984791,Marko Livaja,Center Forward,Forward,0.3076923076923077,15.343731555456461,2.5018363846740996,2.30380603456311,1.5812754158742395,1.5875187448192114,0.5764886083984911,2.927167198737678,0.7338897316783763,0.9373444247515147,0.32779933151492274,10.636131045833116,0.4783758049670038,0.1,0.6140350877192983,8.175438596491228,30.701754385964914,82.16374269005848,26.608187134502927,0.6103262729763219,79.85964912280701,35.30701754385965,0.3157894736842105,0.2807017543859649,84.29666666666667,36.4975,4,Target Forward,0.6290319509131228,True,300.0,0.0,0.0,0.0,0.0,0.0,0.0,67.28571428571429,67.71428571428572,66.28571428571429
Croatia,29163,1160,10,4,353.6686714661504,416.0818772996099,14,14,299,1030.8,18,326,14,15,1,4,19,7,24,1,0,6,3,7,624.1333333333333,3194.2000000000003,406,50,31,83,31,1,2,72,7,0,89,78,0.041306578,Josip Juranović,Right Back,Fullback/Wingback,0.4,8.507797479171117,4.470198675496689,0.1441999572740867,4.470198675496689,0.576799829096347,2.595599230933561,11.9685964537492,1.009399700918607,2.162999359111301,0.8651997436445205,12.83379619739372,0.0059564067827387,0.3684210526315789,0.8029556650246306,7.867487684729065,39.03508771929825,29.239766081871345,76.60818713450293,0.058445191230506274,62.94261083743842,70.86945812807882,0.2364532019704433,0.064039408866995,63.57877813504823,70.27427652733118,5,Holding Anchor,0.0584451912305063,False,300.0,0.0,0.0,0.0,0.0,0.0,0.0,56.98461538461538,55.46153846153846,60.53846153846154
Croatia,33018,1566,15,7,280.6278957946554,173.21313221149128,13,1,422,1416.3,43,463,36,1,5,2,23,11,29,9,1,14,8,1,720.2833333333333,5336.7,510,77,46,168,35,2,2,70,11,3,50,75,0.186105118,Joško Gvardiol,Left Center Back,Center Back,0.4666666666666667,11.870328805794015,4.373279033713585,0.2499016590693477,5.747738158594998,0.2499016590693477,5.372885669990976,20.991739361825207,0.1249508295346738,0.1249508295346738,1.749311613485434,6.247541476733693,0.0232539888747483,0.4782608695652174,0.907843137254902,10.464117647058822,46.345029239766085,50.29239766081871,73.39181286549707,0.1173419635143577,42.67,23.903529411764705,0.2431372549019607,0.0549019607843137,41.24964705882353,24.556235294117645,2,Sweeper CB,0.1173419635143577,False,300.0,0.0,0.0,0.0,0.0,0.0,0.0,60.16000000000001,59.20000000000001,62.40000000000001
Denmark,3043,697,8,2,202.4298281001912,108.40133582839182,8,13,187,443.6,0,193,14,9,2,6,7,1,18,4,0,3,3,9,290.8,1622.7,231,32,15,44,16,4,2,68,24,0,47,76,0.154105106,Christian Dannemann Eriksen,Left Center Midfield,Central/Wide Midfield,0.25,13.35248171479796,4.510706326133814,1.104639545170709,4.615617416341538,2.0466691828924937,0.3570740636225418,10.853281948443186,1.9277507213526524,2.039096397105918,0.940785211146412,12.784659723187616,0.07515142078609446,0.1428571428571428,0.8354978354978355,7.024675324675325,26.16959064327485,45.02923976608187,84.50292397660819,0.1294699366826092,70.62987012987013,35.874458874458874,0.1861471861471861,0.0909090909090909,64.78669950738917,37.220197044334974,3,Progressive Winger,0.1306377563273728,True,300.0,0.0,0.0,0.0,0.0,0.0,0.0,65.58108108108107,65.54054054054053,65.67567567567568
Denmark,3570,686,5,0,164.98103876976393,128.3589395711501,6,2,195,378.2,6,200,11,1,3,2,13,7,22,0,0,2,0,1,290.8,1929.9,224,28,8,62,18,2,1,68,13,1,30,71,0.023862642,Pierre-Emile Højbjerg,Right Center Midfield,Central/Wide Midfield,0.0,13.65715334648381,4.815377957819664,0.7999679134848593,3.5492667054410645,1.4373259195207941,1.271088958680091,13.595326633615834,0.7090641946092535,0.8204098703625193,0.7884493953034871,10.194950853857893,0.055310828775261695,0.5384615384615384,0.8928571428571429,8.615625,7.163742690058479,47.07602339181287,91.2280701754386,0.09422399996511331,56.037053571428565,42.92901785714286,0.2544642857142857,0.0848214285714285,57.302645502645504,42.884656084656086,0,Ball-Winner,0.0788777090096286,True,300.0,0.0,0.0,0.0,0.0,0.0,0.0,51.83783783783784,50.94594594594595,53.918918918918926
Denmark,3815,200,0,0,31.54467105263158,123.21024436090228,0,2,53,90.9,0,72,0,0,0,0,0,0,6,0,0,0,0,0,290.8,2240.7,87,0,3,40,15,0,0,12,2,0,15,14,0.0,Kasper Schmeichel,Goalkeeper,Goalkeeper,0.0,0.038394738034712196,4.250847825021137,0.0,0.8371153540724253,0.011518421410413657,0.015357895213884875,12.236590719270946,0.0076789476069424375,0.0038394738034712187,0.0,6.224337360005344,0.0,0.0,0.8275862068965517,25.7551724137931,7.163742690058479,3.508771929824561,78.65497076023392,-0.006820661871722755,13.128735632183908,42.05747126436781,0.5057471264367817,0.0689655172413793,13.064444444444444,42.16666666666666,7,Goalkeeper,0.043019257221458,True,300.0,1.229604326,0.3805515451856946,-0.5479216322558459,1.2379642365887207,11.038799999999998,0.6666666666666666,50.6953125,48.75000000000001,55.234375
Denmark,3959,746,13,8,135.62776217350336,91.55499224273812,7,1,217,521.4000000000001,11,236,5,0,1,1,8,1,15,2,1,6,3,0,290.8,1965.9,250,11,14,70,11,2,1,33,8,0,17,37,0.5251976599999999,Andreas Christensen,Left Center Back,Center Back,0.6153846153846154,6.512476093914115,3.072084677280565,0.5102861398112851,4.471342957697204,0.26676475949534106,3.7765378616407523,19.202767029066298,0.09297351671758812,0.07688194651646711,1.518342753721872,6.267526636408162,0.10759007926142201,0.125,0.944,7.8636,72.6608187134503,15.497076023391813,50.58479532163743,0.2015077553423846,46.066,29.2856,0.184,0.068,45.4457399103139,30.195964125560536,2,Sweeper CB,0.2553912977991746,True,300.0,0.0,0.0,0.0,0.0,0.0,0.0,48.49999999999999,48.6,48.266666666666666
Denmark,8247,722,27,18,142.89747994090897,174.29867320337166,2,1,193,666.2,17,199,11,1,2,1,13,3,28,5,0,4,3,0,290.8,3207.2,245,25,28,73,13,4,0,23,16,0,47,31,0.1448613,Joachim Andersen,Right Center Back,Center Back,0.6666666666666666,8.340505884029213,3.3767563089664145,0.8149577714971348,6.604044379498152,0.26676475949534106,4.690552756698302,19.659774476595075,0.09297351671758812,0.22921776235939198,1.2136711220360223,10.837601111695907,0.04965122956609364,0.2307692307692307,0.8122448979591836,13.090612244897958,78.65497076023392,31.57894736842105,68.12865497076024,0.11924533039331374,47.82448979591837,58.39387755102041,0.3428571428571428,0.0571428571428571,47.86975609756097,57.61317073170732,1,Deep Playmaker,0.1345856843191196,True,300.0,0.0,0.0,0.0,0.0,0.0,0.0,66.42666666666666,66.66666666666666,65.86666666666667
Denmark,16190,512,6,3,200.1733496058988,210.1901953724892,2,4,129,323.20000000000005,7,139,9,3,6,4,12,4,8,3,0,3,0,1,234.21666666666664,1534.9,178,23,10,44,3,0,1,32,2,0,43,37,0.0,Rasmus Nissen Kristensen,Right Wing Back,Fullback/Wingback,0.5,11.269487960036805,2.4576254996985525,0.27506237238260467,3.6783033542623444,1.202101002010105,2.4158603752705075,13.34238585615317,0.5944525201060619,1.6056623993984496,1.138299784376679,14.028312166783833,0.020785431026792735,0.3333333333333333,0.7808988764044944,8.623033707865169,51.90058479532164,40.93567251461988,4.385964912280701,0.03357916047465237,69.77078651685393,71.86067415730338,0.2640449438202247,0.0393258426966292,70.306,70.812,5,Holding Anchor,0.0541806020066889,True,300.0,0.0,0.0,0.0,0.0,0.0,0.0,38.26923076923077,38.15384615384615,38.53846153846154
Denmark,16554,479,11,2,204.4935679761039,32.152752228424845,7,2,120,248.00000000000009,5,120,18,3,8,6,20,2,8,1,0,3,3,1,264.1,837.5999999999999,145,31,8,25,10,2,0,58,0,0,33,66,0.042316963,Joakim Mæhle,Left Wing Back,Fullback/Wingback,0.1818181818181818,11.789307379987582,3.44425545535182,0.5795832364822912,3.1643519888368177,1.4575117714775718,1.968787230648986,9.6041923372711,0.5629612547113279,1.5206020471523518,1.0779980792006645,11.689697154225675,0.026435827598587352,0.1,0.8275862068965517,5.7765517241379305,19.00584795321637,47.953216374269005,50.877192982456144,0.024227138894539757,67.32896551724139,9.524827586206897,0.1793103448275862,0.1172413793103448,72.20542635658914,9.427131782945736,6,Wide Creator,0.0413423955698599,True,300.0,0.0,0.0,0.0,0.0,0.0,0.0,35.392307692307696,35.46153846153847,35.23076923076924
Denmark,27569,288,6,1,224.669891959892,150.45533799533797,5,2,71,255.1,1,38,10,5,4,13,7,1,1,4,0,5,3,0,213.45,234.0,54,37,10,3,2,3,6,42,0,1,24,52,0.334183148,Jesper Lindstrøm,Left Wing,Attacking Midfield/Wing,0.1666666666666666,15.758469217437085,2.468700620046553,1.700674286945082,4.344362584557545,3.8508881771381502,0.465534428927062,3.4387164810637145,0.8085524322539962,1.9095745194099534,1.2979771668075715,11.387058135274055,0.20358286549588792,0.1428571428571428,0.7037037037037037,4.333333333333333,17.83625730994152,84.50292397660819,2.046783625730994,0.24662110238173085,80.6148148148148,41.779629629629625,0.1296296296296296,0.1111111111111111,83.39651162790697,39.94186046511628,3,Progressive Winger,0.1425930349964863,True,300.0,0.0,0.0,0.0,0.0,0.0,0.0,39.58163265306123,37.95918367346939,43.36734693877551
Ecuador,23830,417,4,2,93.0097671525062,90.21855225737646,4,0,108,116.1,0,130,12,0,1,1,5,3,5,4,0,1,1,2,191.45,856.7,141,28,0,29,13,0,0,29,1,0,13,31,0.0,Jhegson Sebastián Méndez Carabalí,Right Defensive Midfield,Defensive Midfield,0.5,15.00003902960313,5.067433858778295,0.5312920488377837,2.0310151740381093,0.6976105588139888,0.988606723786762,12.641300166195057,0.7327873605327664,0.3261729666915507,0.9464435437126978,8.019803598522433,0.05767773167438995,0.6,0.9219858156028368,6.075886524822695,51.90058479532164,67.83625730994152,95.32163742690058,0.09286570038464478,46.45531914893617,44.71914893617021,0.1205673758865248,0.0851063829787234,45.52413793103448,43.35689655172413,0,Ball-Winner,0.0573517889788456,True,300.0,0.0,0.0,0.0,0.0,0.0,0.0,48.56122448979592,47.85714285714286,50.204081632653065
Ecuador,24085,558,7,4,185.3797183431002,32.93127844480264,8,9,133,432.9,4,146,15,10,5,8,10,4,10,7,0,5,3,4,288.3833333333333,1459.6,187,36,13,34,17,2,3,66,6,0,49,78,0.27007267,Pervis Josué Estupiñán Tenorio,Left Back,Fullback/Wingback,0.5714285714285714,12.373478106196632,4.37283715666764,0.5556630944106628,3.798562655133302,1.7032814043404216,1.734571356784001,10.584468567749981,0.9986116371685013,2.5285753870186247,1.3394307279445286,13.654632464150984,0.060182642798113126,0.4,0.7807486631016043,7.805347593582887,65.78947368421053,57.30994152046783,88.30409356725146,0.08329769874261034,63.926737967914434,9.189304812834225,0.2085561497326203,0.1122994652406417,65.80135135135136,11.28581081081081,6,Wide Creator,0.1301619613939779,True,300.0,0.0,0.0,0.0,0.0,0.0,0.0,67.93076923076922,68.9230769230769,65.61538461538461
Ecuador,28559,333,17,3,237.5348199942628,93.08909471218206,6,3,74,266.79999999999995,2,39,16,2,0,7,15,1,1,3,3,2,0,3,261.9166666666667,193.8,51,37,7,3,10,9,3,70,0,0,35,79,1.924592276,Enner Remberto Valencia Lastra,Left Wing,Attacking Midfield/Wing,0.1764705882352941,13.918764976466981,3.5370980276367834,2.514983620285248,3.4891525476038643,2.5577432025239504,0.5855470607135103,3.1421188975865295,1.2193111309639288,1.2643708206870066,0.7055252136390585,12.166724009295203,0.44075297726625595,0.0666666666666666,0.7647058823529411,3.8,18.71345029239766,62.57309941520468,51.16959064327485,0.5742685534678804,75.6313725490196,26.335294117647056,0.0588235294117647,0.3137254901960784,80.07008547008547,30.03846153846154,4,Target Forward,0.6654532796945594,True,300.0,0.0,0.0,0.0,0.0,0.0,0.0,57.653061224489804,57.04081632653062,59.081632653061234
Ecuador,30111,540,15,12,116.1117099525966,150.0563335008323,4,0,135,505.7,17,159,8,0,2,1,4,1,5,1,0,3,1,0,288.3833333333333,2554.1,199,12,16,61,6,1,0,16,6,0,40,20,0.15397952,Felix Eduardo Torres Caicedo,Right Center Back,Center Back,0.8,6.2333017754034366,2.319895126200081,0.35942053321333683,4.795631112496119,0.2678604423020947,4.709818262454788,17.904985005419995,0.09335538681146258,0.07719772370947868,1.0656945283384676,9.81138385427291,0.051249898695830035,0.25,0.7989949748743719,12.83467336683417,92.2514619883041,12.865497076023392,14.035087719298245,0.106678822327917,40.53316582914573,49.96030150753769,0.3165829145728643,0.050251256281407,38.60379746835443,50.12088607594937,1,Deep Playmaker,0.116089083280356,True,300.0,0.0,0.0,0.0,0.0,0.0,0.0,53.826666666666654,52.96666666666666,55.83333333333332
Ecuador,31152,421,12,5,214.8169295877648,159.11159745785142,5,5,83,345.29999999999995,0,78,27,4,5,10,11,3,2,4,0,3,2,2,281.4,665.5,104,72,12,12,8,2,5,72,5,0,40,83,0.105323937,Gonzalo Jordy Plata Jiménez,Right Midfield,Central/Wide Midfield,0.4166666666666667,19.76031337650952,3.345244749707357,0.8129016912398604,4.225845836901584,2.698954511958867,0.36284719089817286,6.075196035672916,0.8753270144051376,1.2980704358620165,0.9559957047562783,11.907769116716965,0.06881519468597283,0.2727272727272727,0.75,6.399038461538462,40.64327485380117,99.12280701754386,28.07017543859649,0.0732745322525094,72.8798076923077,54.36442307692308,0.2019230769230769,0.1826923076923076,74.5219512195122,50.34390243902439,3,Progressive Winger,0.046478871108742,True,300.0,0.0,0.0,0.0,0.0,0.0,0.0,40.33783783783784,40.13513513513514,40.810810810810814
Ecuador,34396,250,28,9,234.8647989996051,122.32934763722524,8,2,42,93.09999999999998,1,30,15,0,1,2,20,1,7,6,0,0,0,1,225.81666666666663,345.30000000000007,43,36,2,8,4,3,2,52,2,1,25,60,0.246376532,Michael Steveen Estrada Martínez,Left Center Forward,Forward,0.3214285714285714,13.985776417841288,2.129741366571273,1.7493569604126147,1.6706416102545296,1.3349131447055043,0.6090690131268347,2.921434500881939,0.6042033831913418,0.47683173367832543,0.17516267767775223,10.210260864677467,0.2439423668756592,0.05,0.6976744186046512,8.030232558139536,31.28654970760234,69.2982456140351,8.187134502923977,0.28440554607176455,71.66976744186047,37.93488372093023,0.3488372093023256,0.4186046511627907,80.175,40.925,4,Target Forward,0.099389864403277,True,300.0,0.0,0.0,0.0,0.0,0.0,0.0,31.099999999999994,30.28571428571428,33.0
Ecuador,37522,153,0,0,30.18810560363669,120.82975784596556,0,0,33,99.7,0,44,0,0,0,0,0,0,1,0,0,0,0,0,288.3833333333333,3177.0,77,0,3,20,13,0,0,4,1,0,33,5,0.0,Hernán Ismael Galíndez,Goalkeeper,Goalkeeper,0.0,0.0385524367293,3.9623843214839884,0.0,0.8405536376840305,0.011565731018789998,0.015420974691719996,9.227619970447737,0.007710487345859998,0.003855243672929999,0.0,9.003209663129745,0.0,0.0,0.5714285714285714,41.25974025974026,7.163742690058479,3.508771929824561,68.42105263157895,-0.031145473877312813,11.67922077922078,40.54935064935065,0.6103896103896104,0.0259740259740259,11.706666666666669,41.693333333333335,7,Goalkeeper,0.0071779460209212,True,300.0,1.109054535,0.34611885158643013,-0.5901349772293821,1.2483384384210832,9.87877094972067,0.5,37.828125,37.50000000000001,38.59375
Ecuador,37726,480,5,4,175.94672187715668,94.52596461509503,8,1,105,238.6,4,128,21,1,4,1,9,6,7,4,1,2,2,0,282.9666666666667,1043.9,154,43,7,28,15,3,1,84,0,1,30,94,0.653325549,Moisés Isaac Caicedo Corozo,Left Defensive Midfield,Defensive Midfield,0.8,15.26977388260928,4.580691354388346,0.9110357551626658,2.7928567796003696,0.5880965906497823,1.4509419196151938,10.502430613545474,0.30898567385298426,0.4293516572941208,0.9522494360299707,9.385326454046286,0.14948542622456215,0.6666666666666666,0.8311688311688312,6.778571428571429,92.2514619883041,74.26900584795322,80.4093567251462,0.1986453324110423,60.79220779220779,33.01168831168831,0.1688311688311688,0.2207792207792207,59.33925925925926,32.31111111111111,0,Ball-Winner,0.2322863685121922,True,300.0,0.0,0.0,0.0,0.0,0.0,0.0,56.734693877551024,56.734693877551024,56.734693877551024
Ecuador,37737,390,7,3,188.21464653283675,210.37066543359305,4,7,81,191.10000000000005,6,97,19,6,1,1,13,5,7,8,0,5,1,3,276.2166666666667,1264.2,129,40,4,27,16,4,0,33,4,0,39,39,0.0708458504,Angelo Smit Preciado Quiñónez,Right Wing Back,Fullback/Wingback,0.4285714285714285,13.571888397971241,4.308977240674448,0.8797782726977591,2.4730471007482984,0.645907020432994,2.0835788797195955,9.714618165831071,0.8635058174575421,1.9572006157382498,1.3677124631540707,12.381034040491777,0.030335898327069896,0.3846153846153846,0.751937984496124,9.8,42.251461988304094,76.31578947368422,87.42690058479532,0.032490128376303856,63.81240310077519,71.53178294573644,0.2790697674418604,0.1007751937984496,63.67640449438202,69.55168539325842,5,Holding Anchor,0.054689410013878,True,300.0,0.0,0.0,0.0,0.0,0.0,0.0,59.88461538461537,61.38461538461538,56.38461538461539
Ecuador,38004,590,11,9,120.7133308184038,59.93870517709677,4,1,151,361.4,10,171,12,1,1,0,10,3,8,5,0,5,4,0,288.3833333333333,2117.6,199,33,9,49,7,0,0,10,9,0,29,16,0.0,Piero Martín Hincapié Reyna,Left Center Back,Center Back,0.8181818181818182,9.751416383227134,2.4728566308880677,0.20645902852534997,3.724900579680211,0.11489893761410781,3.63908772963888,16.069446949164153,0.09335538681146258,0.23015922839746555,1.3716175377144413,8.128807302705054,0.02769695962549606,0.3,0.8592964824120602,10.641206030150752,93.71345029239764,50.0,20.76023391812865,0.06499536829981481,41.33366834170854,20.47035175879397,0.2663316582914573,0.0452261306532663,40.02117647058824,20.09705882352941,1,Deep Playmaker,0.0546148066809223,True,300.0,0.0,0.0,0.0,0.0,0.0,0.0,56.11999999999999,55.8,56.86666666666667
England,3205,497,9,5,164.01290544099942,198.49577223273417,4,3,134,238.9,4,159,8,1,5,3,5,1,10,3,0,7,4,0,251.51666666666665,1302.8,177,17,10,38,8,0,2,41,5,0,20,44,0.0,Kyle Walker,Right Back,Fullback/Wingback,0.5555555555555556,10.426427052161003,3.196466415092856,0.2664342033175071,3.562922166576137,1.0012070779798103,1.8505204620152182,11.94474309773889,0.4126193414209181,1.2289231781426524,1.755339004219446,9.834985037681614,0.0201334326766126,0.2,0.8983050847457628,7.36045197740113,61.98830409356725,29.82456140350877,37.13450292397661,0.034000448632154,56.81694915254238,67.25310734463277,0.1977401129943503,0.0903954802259887,55.72826086956522,65.90289855072464,5,Holding Anchor,0.0558213504737923,True,300.0,0.0,0.0,0.0,0.0,0.0,0.0,42.06923076923077,42.23076923076923,41.69230769230769
England,3244,1300,15,11,206.32639046749009,251.7489910122109,6,1,380,1393.8000000000002,10,430,9,0,1,1,7,2,20,4,0,2,2,1,464.8833333333333,3896.8,450,14,47,148,10,4,1,73,14,0,20,78,0.587418711,John Stones,Right Center Back,Center Back,0.7333333333333333,3.097551356971284,1.935969598107052,0.7743878392428208,9.099057111103145,0.1935969598107052,1.935969598107052,28.65235005198437,0.1935969598107052,0.0,0.3871939196214104,3.871939196214104,0.1137224765855232,0.2857142857142857,0.9555555555555556,8.659555555555556,85.67251461988305,9.941520467836256,16.374269005847953,0.25156351197074533,43.26155555555556,51.08422222222222,0.2177777777777777,0.0755555555555555,40.47235576923077,50.40865384615385,2,Sweeper CB,0.2515635119707454,False,300.0,0.0,0.0,0.0,0.0,0.0,0.0,48.38666666666666,49.06666666666667,46.800000000000004
England,3308,508,5,4,166.3533230815538,142.5541855850953,3,7,118,129.5,3,165,11,3,1,1,8,5,12,2,0,1,0,3,226.81666666666663,1155.3000000000002,195,28,2,29,8,1,1,23,4,0,32,28,0.042866398,Kieran Trippier,Right Back,Fullback/Wingback,0.8,11.94029857265525,3.346333960006255,0.44976349210603395,2.3632717711465383,0.7064742135920119,1.7664453987328164,10.967240148289337,0.9444774155132907,1.628216548701905,0.8126142234371759,12.346151092471203,0.028400581160485543,0.625,0.8461538461538461,5.924615384615386,92.2514619883041,50.877192982456144,43.27485380116959,0.03652975817966013,62.06461538461539,62.71948717948717,0.2102564102564102,0.0564102564102564,61.6177304964539,63.92765957446808,5,Holding Anchor,0.0586728304210448,True,300.0,0.0,0.0,0.0,0.0,0.0,0.0,54.17692307692308,54.846153846153854,52.61538461538462
England,3336,1178,29,22,212.8949707467765,115.6454418731785,5,2,325,1269.9,21,353,13,2,2,3,13,4,27,6,0,5,2,1,453.7166666666666,4602.7,408,17,43,127,15,6,3,51,21,0,55,63,0.4899556629999999,Harry Maguire,Left Center Back,Center Back,0.7586206896551724,4.363956948168828,2.975425191933292,1.1901700767733168,8.529552216875437,0.5950850383866584,4.165595268706609,25.191933291701872,0.1983616794622194,0.3967233589244389,0.9918083973110972,10.909892370422073,0.0971884281747052,0.3076923076923077,0.8651960784313726,11.281127450980392,89.76608187134502,11.403508771929824,39.47368421052632,0.20668407523785037,43.24436274509805,23.386764705882356,0.284313725490196,0.071078431372549,42.35805555555555,22.528888888888886,2,Sweeper CB,0.2066840752378503,False,300.0,0.0,0.0,0.0,0.0,0.0,0.0,62.50666666666666,62.26666666666667,63.06666666666666
England,3382,1099,14,6,322.0124261499829,49.98197517666639,4,16,302,710.6,6,339,15,14,2,1,10,2,23,5,0,3,2,8,457.1666666666666,2627.7,402,31,19,79,14,3,1,111,8,0,69,122,0.084394449,Luke Shaw,Left Back,Fullback/Wingback,0.4285714285714285,6.693401385344514,2.7561064527889174,0.5905942398833395,3.7404301859278166,0.1968647466277798,1.181188479766679,15.552314983594606,1.5749179730222385,2.7561064527889174,0.5905942398833395,13.583667517316808,0.016614291819176,0.2,0.8432835820895522,6.536567164179104,42.251461988304094,20.175438596491222,33.91812865497076,0.08768246535180453,64.3455223880597,9.869651741293533,0.2064676616915423,0.1144278606965174,64.20496894409938,10.053416149068322,6,Wide Creator,0.0876824653518046,False,300.0,0.0,0.0,0.0,0.0,0.0,0.0,53.16923076923077,53.307692307692314,52.846153846153854
England,3468,383,0,0,57.830548474785616,195.0127623825022,0,0,104,277.50000000000006,0,126,0,0,0,0,0,0,6,0,0,0,0,0,486.3333333333333,4448.2,161,0,3,55,16,0,0,25,4,0,35,32,0.0,Jordan Pickford,Goalkeeper,Goalkeeper,0.0,0.0,2.960932145305004,0.0,0.5551747772446881,0.0,0.0,10.17820424948595,0.0,0.0,0.0,6.477039067854696,0.0,0.0,0.782608695652174,27.628571428571423,7.163742690058479,3.508771929824561,38.30409356725146,0.029424263193968472,13.006211180124224,38.63478260869565,0.4596273291925465,0.093167701863354,12.639215686274513,39.490196078431374,7,Goalkeeper,0.0294242631939684,False,300.0,1.92560148,0.3563484575736806,-0.38388457875257026,0.5551747772446881,11.75614849187935,0.5333333333333333,62.46875,64.0625,58.75
England,3532,519,5,2,281.8911599656698,224.45533438964813,5,6,133,279.5,0,141,10,8,0,2,6,3,7,6,1,1,1,4,280.2333333333333,928.4,166,35,9,24,6,2,0,48,1,2,30,53,0.148950994,Jordan Brian Henderson,Right Center Midfield,Central/Wide Midfield,0.4,13.905864647157985,3.041750957913237,0.8145361807666827,3.769012643605298,1.463501154569228,0.3635767624315465,7.948731501936405,1.1873070480412713,1.9211204999313662,0.6476978848945254,10.38061176157737,0.07572055377794784,0.5,0.8493975903614458,5.592771084337349,39.03508771929825,50.58479532163743,15.789473684210526,0.10114590638062493,70.19036144578314,58.23674698795181,0.1566265060240964,0.0903614457831325,69.47865853658537,59.47195121951219,5,Holding Anchor,0.0879823580111811,True,300.0,0.0,0.0,0.0,0.0,0.0,0.0,40.770270270270274,39.5945945945946,43.513513513513516
England,3943,949,9,5,276.9285205362242,184.35808898714512,6,2,249,531.7,3,306,27,3,1,3,11,4,23,3,0,12,6,1,449.55,1901.8,327,38,16,69,19,0,0,90,11,0,27,97,0.0,Declan Rice,Left Defensive Midfield,Defensive Midfield,0.5555555555555556,10.010010010010012,3.803803803803804,0.0,3.2032032032032034,0.6006006006006006,0.6006006006006006,13.813813813813816,0.2002002002002002,0.6006006006006006,2.4024024024024024,5.405405405405406,0.0,0.3636363636363636,0.9357798165137616,5.815902140672783,61.98830409356725,38.01169590643275,61.11111111111112,0.06186186186186188,55.52324159021406,37.05840978593272,0.1865443425076452,0.091743119266055,55.11035714285714,37.41178571428571,0,Ball-Winner,0.0618618618618618,False,300.0,0.0,0.0,0.0,0.0,0.0,0.0,42.3265306122449,43.9795918367347,38.46938775510205
England,4354,433,10,3,311.00531876113,133.19971969372625,6,9,104,273.20000000000005,0,93,10,3,1,5,8,1,4,3,1,2,2,6,275.5333333333333,413.30000000000007,118,31,9,10,7,6,4,90,12,0,32,95,1.251350594,Phil Foden,Right Wing,Attacking Midfield/Wing,0.3,12.651197763859155,2.98428298395037,1.9863510007505258,3.7193553267249015,2.184475618935915,0.2589400889596896,4.16241569072541,1.6595932694442508,1.3908334941347862,0.6888330411745877,11.409738792232938,0.3250457994246444,0.125,0.788135593220339,3.5025423728813565,30.116959064327485,44.73684210526316,23.391812865497077,0.43198092034760593,83.64406779661017,35.367796610169485,0.0677966101694915,0.1949152542372881,80.46551724137932,32.36827586206896,4,Target Forward,0.4404242201548513,True,300.0,0.0,0.0,0.0,0.0,0.0,0.0,55.897959183673464,55.40816326530612,57.04081632653061
England,7843,305,7,1,293.1148437692062,151.07261070664714,3,3,65,208.5,0,64,13,2,1,4,8,1,5,8,0,1,1,1,205.0,408.5999999999999,74,43,6,14,6,4,3,40,3,0,15,43,0.1818327129999999,Mason Mount,Center Attacking Midfield,Attacking Midfield/Wing,0.1428571428571428,16.378586177610043,3.222879868045352,1.9073489359048563,3.704184097111033,2.3113634347556107,0.29510624263881197,5.456651440004286,1.000299497704583,1.406873340576318,0.6068245075195003,9.973633662488044,0.1798377883937894,0.125,0.8648648648648649,5.5216216216216205,16.08187134502924,90.93567251461988,30.701754385964914,0.22825852665669766,72.96081081081081,26.62702702702703,0.1756756756756756,0.0945945945945946,75.640625,28.4375,4,Target Forward,0.1066094837560975,True,300.0,0.0,0.0,0.0,0.0,0.0,0.0,34.99489795918367,31.27551020408163,43.673469387755105
England,10955,473,29,14,393.6864342175349,197.0488578384374,5,5,105,331.5,5,64,8,5,1,7,17,2,11,1,2,0,0,5,421.51666666666665,780.3,97,31,10,20,12,12,3,101,5,1,48,120,2.330979943,Harry Kane,Center Forward,Forward,0.4827586206896552,6.618955359614092,2.562176268237713,2.562176268237713,2.135146890198094,1.494602823138666,1.067573445099047,4.270293780396188,1.067573445099047,1.067573445099047,0.0,10.248705072950852,0.4976984576410581,0.1176470588235294,0.6597938144329897,8.044329896907216,47.07602339181287,19.5906432748538,28.362573099415204,0.5167012649638212,78.95154639175257,41.697938144329896,0.2577319587628865,0.2577319587628865,79.96373626373627,38.97802197802198,4,Target Forward,0.5167012649638212,False,300.0,0.0,0.0,0.0,0.0,0.0,0.0,68.28571428571428,68.71428571428571,67.28571428571428
England,22084,455,3,1,314.44733366198795,251.9095417779266,5,8,110,431.5000000000001,2,84,32,6,1,5,11,6,6,7,3,2,1,5,291.31666666666666,447.4999999999999,111,49,16,11,9,7,2,98,4,0,36,108,0.579455465,Bukayo Saka,Right Wing,Attacking Midfield/Wing,0.3333333333333333,15.814176306592191,3.2090323854047234,2.0855343374367137,4.6854978478103755,2.126167932385214,0.5564339229390908,4.203515844080439,1.4630929502085421,1.8103177152530354,0.6704468158020481,11.714002648704525,0.21410546658958313,0.5454545454545454,0.7567567567567568,4.03153153153153,33.47953216374269,82.45614035087719,35.08771929824561,0.27776838251273794,78.62972972972973,63.08108108108108,0.1351351351351351,0.2612612612612612,83.89305555555556,63.22569444444444,3,Progressive Winger,0.209603496252646,True,300.0,0.0,0.0,0.0,0.0,0.0,0.0,59.510204081632644,59.387755102040806,59.795918367346935
England,30714,937,18,8,334.57914055314905,168.97771738887468,11,8,232,597.6,1,242,45,6,1,11,25,7,22,5,1,4,1,4,441.76666666666665,1401.1,275,70,18,48,30,5,4,126,9,0,47,142,0.841256374,Jude Bellingham,Right Defensive Midfield,Defensive Midfield,0.4444444444444444,15.075831887119898,6.11182373802158,1.0186372896702631,3.667094242812948,2.24100203727458,0.2037274579340526,9.778917980834528,0.8149098317362107,1.222364747604316,0.8149098317362107,9.575190522900476,0.1713870225458386,0.28,0.88,5.094909090909091,44.29824561403509,75.14619883040936,95.6140350877193,0.2162070632913302,64.48072727272728,34.98618181818182,0.16,0.1381818181818181,68.32407407407408,34.27074074074074,0,Ball-Winner,0.2162070632913302,False,300.0,0.0,0.0,0.0,0.0,0.0,0.0,59.71428571428572,60.204081632653065,58.57142857142858
France,3009,1050,8,2,584.8418698878094,127.84546065473468,2,22,298,1701.4,0,180,8,27,1,50,6,0,14,8,9,1,1,11,654.3000000000001,1182.8,233,37,55,32,29,32,30,213,7,1,91,238,5.016751877,Kylian Mbappé Lottin,Left Center Forward,Forward,0.25,5.226960110041265,3.988995873452544,4.401650618982118,7.565337001375515,6.877579092159559,0.0,4.401650618982118,1.513067400275103,3.713892709766162,0.1375515818431912,12.517193947730398,0.6900621563961484,0.0,0.7725321888412017,5.076394849785408,26.16959064327485,14.912280701754383,66.66666666666666,0.7283014961485557,85.98283261802575,17.385836909871244,0.1587982832618025,0.111587982832618,83.33351800554017,18.810803324099723,3,Progressive Winger,0.7283014961485557,False,300.0,0.0,0.0,0.0,0.0,0.0,0.0,75.54285714285714,75.07142857142857,76.64285714285714
France,3026,949,24,16,389.3905218794112,163.76038166748853,17,3,220,635.6,7,246,38,6,6,3,19,9,26,9,1,10,6,2,529.25,1758.3000000000002,285,84,16,53,21,9,1,91,2,0,53,104,0.728120058,Adrien Rabiot,Left Defensive Midfield,Defensive Midfield,0.6666666666666666,15.984884270193673,3.5710911667453944,1.5304676428908832,2.720831365139348,0.5101558809636277,1.1903637222484649,9.01275389702409,0.3401039206424185,1.0203117619272557,1.7005196032120926,9.01275389702409,0.1238182432120925,0.4736842105263157,0.8631578947368421,6.169473684210527,78.65497076023392,78.3625730994152,54.38596491228071,0.1585088431176192,65.9298245614035,28.03122807017544,0.1824561403508772,0.1298245614035087,69.31254612546125,29.77380073800738,0,Ball-Winner,0.1585088431176192,False,300.0,0.0,0.0,0.0,0.0,0.0,0.0,53.1530612244898,54.285714285714285,50.51020408163265
France,3099,345,0,0,56.57687491802741,235.74603195291496,0,1,73,181.2,0,111,0,0,0,0,0,0,5,0,0,0,0,0,614.2,7450.9,182,0,3,81,16,0,0,20,4,0,71,29,0.0,Hugo Lloris,Goalkeeper,Goalkeeper,0.0,0.0,2.344513187886682,0.0,0.4395962227287528,0.0,0.0,11.869098013676329,0.0,0.0,0.0,10.40377727124715,0.0,0.0,0.6098901098901099,40.93901098901099,7.163742690058479,3.508771929824561,24.561403508771928,0.02798762618039727,11.229670329670329,39.01758241758242,0.7252747252747253,0.0604395604395604,11.604054054054057,39.4081081081081,7,Goalkeeper,0.0279876261803972,False,300.0,7.767766833,1.1382269862748289,-0.47362583039726475,1.6118528166720936,9.31609977324263,0.18181818181818182,58.625,61.25000000000001,52.49999999999999
France,3604,352,43,24,449.14148303104895,258.3041753746501,3,3,37,102.9,5,49,14,0,4,0,21,0,6,4,4,1,1,2,432.6166666666666,446.30000000000007,75,60,3,9,3,17,0,40,1,1,34,53,3.035955272,Olivier Giroud,Center Forward,Forward,0.5581395348837209,12.690218438186232,0.6241091035173557,3.5366182532650154,0.6241091035173557,0.0,1.0401818391955928,1.872327310552067,0.4160727356782371,0.0,0.2080363678391185,7.073236506530031,0.6315891077089032,0.0,0.6533333333333333,5.950666666666668,63.74269005847953,56.4327485380117,0.8771929824561403,0.6334614350194553,68.87866666666666,41.92133333333333,0.2133333333333333,0.3333333333333333,78.95307692307692,44.17923076923077,4,Target Forward,0.6334614350194553,False,300.0,0.0,0.0,0.0,0.0,0.0,0.0,83.22857142857143,82.71428571428572,84.42857142857142
France,4445,863,19,12,343.4179055892229,413.2401735349252,13,1,207,532.4,13,258,17,3,6,4,16,7,22,5,0,3,3,2,514.4166666666666,2483.7,308,52,15,71,15,4,3,69,0,0,57,85,0.169605826,Jules Koundé,Right Back,Fullback/Wingback,0.631578947368421,9.622549813704843,2.6243317673740485,0.6998218046330796,2.6243317673740485,0.6998218046330796,2.274420865057509,12.421837032237162,0.3499109023165398,0.5248663534748097,0.5248663534748097,9.972460716021384,0.029673463806901,0.4375,0.8376623376623377,8.063961038961038,74.56140350877193,36.25730994152047,30.4093567251462,0.07358728204762674,54.05844155844156,70.07045454545455,0.2564935064935065,0.1038961038961039,57.27324561403508,68.125,5,Holding Anchor,0.0735872820476267,False,300.0,0.0,0.0,0.0,0.0,0.0,0.0,52.330769230769235,53.23076923076924,50.23076923076923
France,5477,753,6,3,537.6134064535473,473.2514014464113,4,18,193,963.0,0,149,21,20,4,18,12,4,4,8,0,3,3,12,448.0,905.1,191,90,32,17,21,8,8,95,6,1,60,107,0.362467341,Ousmane Dembélé,Right Wing,Attacking Midfield/Wing,0.5,18.883928571428573,4.21875,1.6071428571428572,6.428571428571429,3.616071428571429,0.0,3.415178571428572,2.4107142857142856,4.017857142857143,0.6026785714285714,12.053571428571429,0.0728170997544642,0.3333333333333333,0.7801047120418848,4.738743455497382,51.90058479532164,89.18128654970761,71.34502923976608,0.11902245689732133,82.21047120418848,66.65706806282722,0.1361256544502617,0.1099476439790576,79.55943396226414,69.07688679245283,3,Progressive Winger,0.1190224568973214,False,300.0,0.0,0.0,0.0,0.0,0.0,0.0,61.510204081632644,62.24489795918367,59.79591836734694
France,5485,808,13,7,264.69880045405745,317.66176756712434,7,1,218,968.9,19,251,11,0,1,1,7,1,17,1,0,6,2,0,544.6,2474.1,280,16,43,68,10,3,1,36,6,0,30,41,0.26440085,Raphaël Varane,Right Center Back,Center Back,0.5384615384615384,3.635695923613661,1.652589056188028,0.4957767168564083,7.10613294160852,0.1652589056188027,3.139919206757253,11.23760558207859,0.0,0.0,0.9915534337128168,4.957767168564083,0.0436945951156812,0.1428571428571428,0.8964285714285715,8.836071428571428,58.77192982456141,10.526315789473683,10.23391812865497,0.10203098879911858,45.29071428571429,55.13,0.2071428571428571,0.0571428571428571,44.977593360995854,51.98921161825726,2,Sweeper CB,0.1020309887991186,False,300.0,0.0,0.0,0.0,0.0,0.0,0.0,30.86,31.200000000000006,30.066666666666663
France,5487,1047,14,9,482.1323841755652,329.3128408633471,10,24,225,758.6,8,255,42,10,3,8,18,6,25,3,0,11,9,20,586.0500000000001,2107.5,323,125,26,62,25,6,3,106,21,2,87,116,0.496320071,Antoine Griezmann,Center Attacking Midfield,Attacking Midfield/Wing,0.6428571428571429,20.885589966726386,3.8392628615305857,0.9214230867673404,3.992833375991809,1.2285641156897875,1.2285641156897875,9.521371896595852,3.071410289224469,1.5357051446122345,1.6892756590734577,13.360634758126436,0.0762201286409009,0.3333333333333333,0.7894736842105263,6.524767801857585,75.29239766081871,95.02923976608189,62.57309941520468,0.1490125524955208,75.16625386996904,45.48885448916408,0.2291021671826625,0.0804953560371517,70.76666666666667,48.32743055555555,0,Ball-Winner,0.1490125524955208,False,300.0,0.0,0.0,0.0,0.0,0.0,0.0,63.45918367346938,66.42857142857143,56.53061224489796
France,6704,996,15,9,353.64805803376544,57.67814019466334,11,11,255,872.6,8,290,18,12,6,6,25,10,28,6,1,7,3,12,548.5,2264.7,332,69,28,73,24,5,5,83,3,0,54,91,0.2593096839999999,Theo Bernard François Hernández,Left Back,Fullback/Wingback,0.6,12.634457611668186,3.938012762078396,0.8204193254329991,4.594348222424795,0.9845031905195988,1.3126709206927984,11.978122151321786,1.9690063810391976,1.9690063810391976,1.1485870556061988,8.86052871467639,0.0425485352051048,0.4,0.8734939759036144,6.821385542168674,69.88304093567251,55.84795321637427,65.2046783625731,0.11835528087511388,63.31174698795181,8.142168674698794,0.216867469879518,0.0813253012048192,66.45590551181103,9.03031496062992,6,Wide Creator,0.1183552808751139,False,300.0,0.0,0.0,0.0,0.0,0.0,0.0,72.73076923076924,71.23076923076924,76.23076923076924
France,8217,322,7,1,409.35108079374623,387.998242276496,4,4,89,375.6,1,54,11,6,1,12,9,2,2,1,0,3,2,1,205.56666666666663,169.59999999999997,70,40,13,3,8,2,11,69,3,0,33,72,0.8713631399999999,Kingsley Coman,Right Wing,Attacking Midfield/Wing,0.1428571428571428,16.36022816580683,3.575303619759154,1.549174944218275,4.946158704505318,3.7329172569755067,0.47279353701971394,3.492336606848087,0.9991783075245225,2.117368702428379,0.9621804766216412,13.166779850114981,0.30238508914524365,0.2222222222222222,0.7714285714285715,2.422857142857142,16.08187134502924,90.64327485380116,53.50877192982456,0.384204871419504,79.29285714285714,64.69714285714286,0.0571428571428571,0.0714285714285714,75.9144578313253,67.61686746987952,3,Progressive Winger,0.3841220168639532,True,300.0,0.0,0.0,0.0,0.0,0.0,0.0,62.173469387755105,62.142857142857146,62.244897959183675
France,8519,1060,18,6,216.60499331385228,131.41289316816676,15,0,283,875.1,13,305,20,0,0,1,25,8,26,4,0,13,8,1,518.2333333333333,3816.2,345,54,31,102,16,0,0,57,16,1,40,65,0.0,Dayotchanculle Upamecano,Left Center Back,Center Back,0.3333333333333333,11.983019232006177,2.778671126262301,0.0,5.383675307133209,0.1736669453913938,2.25767029008812,17.71402842992217,0.1736669453913938,0.0,2.25767029008812,6.946677815655753,0.0,0.32,0.8840579710144928,11.061449275362316,33.47953216374269,51.461988304093566,34.7953216374269,0.08023412877082395,47.31072463768116,25.204637681159426,0.2898550724637681,0.0695652173913043,46.672108843537416,25.93673469387755,2,Sweeper CB,0.0802341287708239,False,300.0,0.0,0.0,0.0,0.0,0.0,0.0,48.64,48.400000000000006,49.2
France,10481,1420,12,9,403.9217715878582,290.90474294581725,7,5,390,912.2,8,431,31,1,4,3,12,4,43,8,1,15,9,6,662.2166666666667,3206.3,470,64,22,100,36,7,2,127,11,2,49,138,1.182897098,Aurélien Djani Tchouaméni,Right Defensive Midfield,Defensive Midfield,0.75,10.736667253919917,4.892658495457177,0.951350263005562,2.9899579694460523,0.407721541288098,1.087257443434928,13.5907180429366,0.815443082576196,0.135907180429366,2.0386077064404904,6.659451841038934,0.1607642093272594,0.3333333333333333,0.9170212765957448,6.821914893617022,88.01169590643275,44.44444444444444,81.87134502923976,0.22708691337679002,58.50872340425531,41.572978723404255,0.2127659574468085,0.1085106382978723,58.93783783783784,40.9034398034398,0,Ball-Winner,0.22708691337679,False,300.0,0.0,0.0,0.0,0.0,0.0,0.0,65.92857142857142,65.40816326530611,67.14285714285715
France,11135,706,10,9,234.65216049382715,208.84154461279465,6,2,195,628.7,15,209,14,0,1,0,14,7,20,2,0,9,4,2,330.8166666666667,2163.4,228,16,20,63,13,2,0,26,9,1,23,28,0.17601235,Ibrahima Konaté,Left Center Back,Center Back,0.9,6.801350193964431,3.536702100861504,0.5441080155171544,5.441080155171544,0.0,4.080810116378658,17.139402488790363,0.5441080155171544,0.0,2.448486069827195,6.257242178447276,0.0478848652325054,0.5,0.9166666666666666,9.488596491228073,97.36842105263158,21.052631578947366,53.80116959064327,0.13330982366869865,47.52105263157895,38.29692982456141,0.25,0.0482456140350877,46.92038834951457,38.44320388349514,2,Sweeper CB,0.1333098236686986,False,300.0,0.0,0.0,0.0,0.0,0.0,0.0,65.70666666666668,65.06666666666668,67.19999999999999
France,11990,404,2,1,351.0738977860768,239.59963872491485,7,1,92,432.1,0,95,13,1,1,2,9,6,11,4,0,3,1,1,256.7833333333333,814.0,112,65,11,24,11,4,1,26,1,0,23,29,0.1656011829999999,Youssouf Fofana,Left Defensive Midfield,Defensive Midfield,0.5,20.190563380905424,4.149532199652635,1.1155209580052003,3.5707649425827444,0.7773952329675842,0.8726029414284506,10.349747597826614,0.4851588259954406,0.44954237940652436,1.158672756412019,8.695182108828421,0.07767802143511048,0.6666666666666666,0.8482142857142857,7.267857142857143,51.90058479532164,99.41520467836256,62.86549707602339,0.10782429185658776,61.52946428571429,40.88928571428572,0.2232142857142857,0.0625,61.26494845360825,41.45876288659794,0,Ball-Winner,0.0944925286038813,True,300.0,0.0,0.0,0.0,0.0,0.0,0.0,49.734693877551024,49.79591836734695,49.59183673469388
France,22097,229,15,8,221.8288835770529,150.61180399325082,2,1,45,190.2,1,25,18,2,1,7,16,4,1,5,2,1,0,0,204.11666666666667,114.79999999999998,36,51,7,1,5,5,3,49,0,0,29,59,2.050369225,Randal Kolo Muani,Center Forward,Forward,0.5333333333333333,17.444284068055502,2.399947445166697,2.181719269483174,2.6352058770099562,2.285025781145699,0.6352867489383578,1.7974786612994438,0.45168157292636085,0.8544174419220909,0.36123276087067824,11.363887989543075,0.5765100100757157,0.25,0.6944444444444444,3.188888888888888,57.60233918128655,98.24561403508773,21.34502923976608,0.7364344435514729,79.33888888888889,45.16388888888889,0.0555555555555555,0.3055555555555556,77.6457627118644,45.13728813559322,4,Target Forward,0.8903889781170898,True,300.0,0.0,0.0,0.0,0.0,0.0,0.0,78.69999999999999,79.85714285714285,76.0
Germany,3167,712,9,6,139.20018322411534,98.83602219309742,5,0,193,409.1,9,227,6,0,0,0,4,1,24,0,0,0,0,0,294.0,2392.8,247,14,9,77,15,6,0,45,3,0,20,48,0.6597156826999999,Antonio Rüdiger,Left Center Back,Center Back,0.6666666666666666,6.022846593071479,3.6615953322177734,1.1135977296304835,3.689679157251697,0.11381249143071964,3.4531625734972327,20.159923839684126,0.0924726492874597,0.07646776768001476,0.6010722203684881,6.688307637693505,0.1273919879977241,0.25,0.9190283400809716,9.687449392712551,78.65497076023392,11.11111111111111,77.77777777777779,0.22724241609752982,46.030364372469634,34.66801619433198,0.2469635627530364,0.1012145748987854,48.86880733944954,36.519724770642206,2,Sweeper CB,0.2922599028673469,True,300.0,0.0,0.0,0.0,0.0,0.0,0.0,57.653333333333336,57.53333333333334,57.93333333333334
Germany,5562,291,10,2,246.1122791549536,145.16550515376096,5,5,38,123.8,1,54,13,5,1,0,10,2,2,0,0,1,1,6,201.71666666666664,293.99999999999994,72,51,4,7,1,3,0,30,0,0,24,36,0.270048914,Thomas Müller,Center Forward,Forward,0.2,17.527730133424402,1.693891318936886,1.8333874611851835,2.1096592419998057,1.0402675747372008,0.6383256916300205,2.882381725021569,1.5301469134738614,1.396656956642776,0.3629607453760557,10.52132744310233,0.2599066071607538,0.2,0.75,4.083333333333332,20.76023391812865,98.53801169590643,0.5847953216374269,0.3269708247543407,80.72083333333333,52.47361111111111,0.1111111111111111,0.1944444444444444,82.01792452830189,47.53962264150943,4,Target Forward,0.1579661353052962,True,300.0,0.0,0.0,0.0,0.0,0.0,0.0,34.72857142857143,34.0,36.42857142857143
Germany,5570,300,0,0,33.18224583086969,118.92585496576322,1,0,78,168.4,0,111,0,0,0,0,0,0,0,0,0,0,0,0,294.0,2290.9,123,0,1,71,9,0,0,18,6,0,12,21,0.0,Manuel Neuer,Goalkeeper,Goalkeeper,0.0,0.03818789769513125,3.318856725627083,0.0,0.5295753386969508,0.011456369308539374,0.015275159078052497,16.86763938879676,0.007637579539026248,0.003818789769513124,0.0,5.736260121702284,0.0,0.0,0.902439024390244,18.62520325203252,7.163742690058479,3.508771929824561,33.62573099415205,0.018879662016581533,13.308130081300812,39.08617886178862,0.4878048780487805,0.065040650406504,11.676404494382025,39.50112359550562,7,Goalkeeper,0.0805102040816326,True,300.0,1.8960872635000001,0.5804348765816326,-0.6440549193367348,0.9183673469387755,11.30326409495549,0.625,48.1484375,47.18750000000001,50.390625
Germany,5579,757,7,5,193.05288912594065,136.11360124038703,5,12,180,457.0,3,229,18,5,1,3,6,0,27,3,0,7,5,8,294.0,1983.6,271,35,11,63,16,7,1,76,13,3,47,84,0.334518198,Joshua Kimmich,Right Back,Fullback/Wingback,0.7142857142857143,12.40799375934511,4.179973909703639,1.3079846863630646,3.459614405560352,0.9295999836540376,1.566654674762783,14.878324743189609,1.5952297033378113,1.7470902606037741,1.6297958189850081,13.22248849275876,0.06937804966054399,0.0,0.8450184501845018,7.319557195571956,83.47953216374269,58.187134502923975,82.16374269005848,0.1327533105022571,67.49630996309963,47.0339483394834,0.2177121771217712,0.1107011070110701,64.48251121076234,47.79461883408072,0,Ball-Winner,0.2018933259183673,True,300.0,0.0,0.0,0.0,0.0,0.0,0.0,78.49230769230769,79.23076923076924,76.76923076923077
Germany,6322,710,6,5,152.4663943039739,174.6315447633282,4,2,189,592.7,8,233,6,1,0,0,6,3,25,0,0,1,0,0,287.5833333333333,2221.8,252,24,21,86,13,1,0,42,6,1,19,45,0.07610536,Niklas Süle,Right Back,Fullback/Wingback,0.8333333333333334,9.939608497604873,3.7661117612207544,0.40324987156373926,5.029092537630718,0.48024233207856765,2.349612043924141,18.563707101043192,0.3872922032891675,1.1534901967924696,0.72857532232664,9.078130474597144,0.03055465507592647,0.5,0.9246031746031746,8.816666666666668,94.73684210526316,25.730994152046783,69.00584795321637,0.08985805331443739,54.53174603174603,60.05793650793651,0.2698412698412698,0.0714285714285714,54.277830188679246,59.757547169811325,2,Sweeper CB,0.1399228596928426,True,300.0,0.0,0.0,0.0,0.0,0.0,0.0,63.184615384615384,63.46153846153847,62.53846153846154
Germany,8400,437,4,0,243.61880350653317,145.12415411361093,4,8,101,285.0,2,85,19,10,1,6,10,3,0,2,1,5,4,6,273.3333333333333,345.7,113,34,8,11,15,12,3,56,2,1,37,61,0.7280189539999999,Serge Gnabry,Left Wing,Attacking Midfield/Wing,0.0,14.112533755278616,4.251548255865529,2.935833510404569,3.5766505273972187,2.3498346532876457,0.5738871846498838,4.335364495120055,1.6659614761758392,2.4950076226587923,1.1624064702860717,12.238404068993834,0.24414217121313428,0.3,0.7522123893805309,3.05929203539823,7.163742690058479,66.66666666666666,83.04093567251462,0.31957000705502425,83.54690265486725,47.689380530973445,0.0530973451327433,0.1504424778761062,85.03206106870229,46.53358778625954,3,Progressive Winger,0.2706647775365854,True,300.0,0.0,0.0,0.0,0.0,0.0,0.0,59.09693877551021,58.622448979591844,60.204081632653065
Germany,10287,501,5,1,202.1004649811101,111.28187196413003,3,5,128,403.2000000000001,1,148,14,0,0,4,8,3,17,3,1,1,0,1,190.05,1156.3,163,18,12,42,17,6,2,53,3,0,20,57,1.128953889,İlkay Gündoğan,Center Attacking Midfield,Attacking Midfield/Wing,0.2,12.654190428921686,5.341402578028575,2.332846061895628,4.9191163535171345,2.381876409655307,0.48776380478032855,10.765450417716895,1.0308157256214965,1.0824834955433946,0.6253369580600912,11.196173858905137,0.3592673992018439,0.375,0.9079754601226994,7.093865030674847,20.76023391812865,37.42690058479532,99.70760233918128,0.5082105604547807,65.90674846625767,35.492638036809815,0.2147239263803681,0.1165644171779141,65.87019867549668,35.942384105960265,0,Ball-Winner,0.6203412260457775,True,300.0,0.0,0.0,0.0,0.0,0.0,0.0,61.72448979591836,61.0204081632653,63.367346938775505
Germany,12034,550,10,8,203.00372416229183,28.511718047722862,14,11,117,415.19999999999993,3,151,22,16,5,3,11,5,13,5,0,6,6,8,250.3,1188.8000000000002,193,43,15,22,9,0,2,33,10,2,49,38,0.0,David Raum,Left Back,Fullback/Wingback,0.8,14.538157901237499,3.3670806875594437,0.2670232667629665,4.388535266041885,1.003420661985278,1.691064649843891,9.354397414963888,1.7219088565921497,3.684847564598659,1.5956727539107667,14.59959688297057,0.020177945990120166,0.4545454545454545,0.7823834196891192,6.15958549222798,92.2514619883041,83.62573099415205,45.90643274853801,0.03669920401232245,73.52538860103627,8.4,0.1813471502590673,0.0569948186528497,71.98266666666666,10.242,6,Wide Creator,0.0600479424690371,True,300.0,0.0,0.0,0.0,0.0,0.0,0.0,60.82307692307693,61.30769230769232,59.6923076923077
Germany,39565,563,5,1,243.8084344245877,88.6108844073795,7,9,160,881.8000000000001,0,94,17,2,3,33,6,1,2,1,0,3,3,7,274.06666666666666,519.9,117,40,30,17,18,11,22,157,1,3,48,174,1.152516099,Jamal Musiala,Center Attacking Midfield,Attacking Midfield/Wing,0.2,14.251282115363615,4.716445825158931,2.7753069549970144,7.0211583481147475,6.5797907349057905,0.2596016476586925,5.270483643947564,1.820609533748951,1.2376106787673453,0.847369137668124,13.947308674178023,0.31038135154836316,0.1666666666666666,0.8034188034188035,4.443589743589744,20.76023391812865,68.12865497076024,93.27485380116958,0.4282877006579776,83.43504273504273,30.009401709401708,0.0769230769230769,0.1623931623931624,80.89268292682927,28.27560975609756,3,Progressive Winger,0.4352825914984188,True,300.0,0.0,0.0,0.0,0.0,0.0,0.0,78.28571428571428,78.46938775510203,77.85714285714288
Ghana,3347,208,17,4,201.95697509903792,129.6995755517827,3,0,36,85.30000000000003,3,31,14,1,1,2,18,4,0,2,1,0,0,0,199.15,119.79999999999998,37,31,1,2,4,2,0,37,0,0,14,41,1.26874466,André Ayew Pelé,Center Attacking Midfield,Attacking Midfield/Wing,0.2352941176470588,14.22655718660337,2.9000387325711765,1.5690898780566012,2.8460642473025577,1.977839396076497,0.8394844285938096,3.3569247264392756,0.8317164105796142,1.243055267937575,0.4336299234645852,9.910217368639612,0.3779227854730315,0.2222222222222222,0.8378378378378378,3.237837837837837,23.830409356725145,67.54385964912281,12.280701754385964,0.4833143543697538,61.47567567567568,40.28918918918919,0.081081081081081,0.2432432432432432,72.40704225352113,41.95211267605634,4,Target Forward,0.5656892764248055,True,300.0,0.0,0.0,0.0,0.0,0.0,0.0,44.36734693877551,43.26530612244898,46.93877551020408
Ghana,3709,437,11,6,119.46237074938706,172.7013833051609,7,0,113,297.20000000000005,12,129,11,0,1,1,12,4,9,4,0,2,1,3,301.20000000000005,1439.0,140,23,12,48,12,0,1,25,6,0,12,31,0.0,Daniel Amartey,Right Center Back,Center Back,0.5454545454545454,7.470119521912349,3.585657370517928,0.0,3.585657370517928,0.298804780876494,3.585657370517928,14.342629482071713,0.8964143426294819,0.0,0.597609561752988,3.585657370517928,0.0,0.3333333333333333,0.9214285714285714,10.278571428571428,59.7953216374269,24.269005847953213,54.82456140350877,0.07559760956175299,41.54357142857143,57.77285714285714,0.2642857142857143,0.0714285714285714,40.98956521739131,58.81217391304347,2,Sweeper CB,0.0755976095617529,False,300.0,0.0,0.0,0.0,0.0,0.0,0.0,46.43333333333332,46.033333333333324,47.36666666666667
Ghana,6383,568,13,9,163.4020186499097,134.19752770673486,6,2,135,408.80000000000007,6,153,18,0,1,5,16,6,21,3,0,3,2,2,301.20000000000005,1700.7,181,40,10,49,12,2,4,57,3,0,38,63,0.235745455,Thomas Teye Partey,Right Defensive Midfield,Defensive Midfield,0.6923076923076923,12.84860557768924,3.585657370517928,0.597609561752988,2.98804780876494,1.49402390438247,1.792828685258964,14.641434262948206,0.597609561752988,0.0,0.8964143426294819,11.354581673306772,0.0704418690239043,0.375,0.8453038674033149,9.396132596685083,82.01754385964912,57.89473684210527,54.82456140350877,0.12601955826693217,56.12265193370166,46.02265193370166,0.2983425414364641,0.1104972375690607,55.970000000000006,46.083125,0,Ball-Winner,0.1260195582669322,False,300.0,0.0,0.0,0.0,0.0,0.0,0.0,51.64285714285714,52.6530612244898,49.28571428571428
Ghana,6393,243,10,2,225.27571590194844,127.66734632306724,5,0,40,171.49999999999994,2,33,13,1,1,4,12,1,0,4,0,0,0,1,272.78333333333336,126.6,44,32,5,2,10,2,4,38,0,0,20,40,0.126027007,Iñaki Williams Arthuer,Center Forward,Forward,0.2,12.210471097461948,2.897873261383219,1.4487869975283725,2.0050359985427924,1.5397088719502416,0.7162544969051273,1.739120000824171,0.5546603583758734,0.5948603126783685,0.16079981720998066,8.58741001599527,0.2050295428044395,0.0833333333333333,0.75,2.8772727272727274,20.76023391812865,42.69005847953216,47.953216374269005,0.22883956498801983,69.76136363636364,42.71363636363637,0.0681818181818181,0.25,80.52197802197803,38.54725274725275,4,Target Forward,0.0409205008737092,True,300.0,0.0,0.0,0.0,0.0,0.0,0.0,17.84285714285714,17.285714285714285,19.142857142857142
Ghana,8108,132,0,0,24.068224043715844,122.1682786885246,0,1,24,81.5,0,51,0,0,0,0,0,0,2,0,0,0,0,0,301.20000000000005,2551.2,76,0,2,24,8,0,0,11,0,0,25,13,0.0,Lawrence Ati-Zigi,Goalkeeper,Goalkeeper,0.0,0.0,2.390438247011952,0.0,0.597609561752988,0.0,0.0,7.171314741035856,0.0,0.0,0.0,7.470119521912349,0.0,0.0,0.6710526315789473,33.56842105263158,7.163742690058479,3.508771929824561,25.730994152046783,0.015537848605577692,10.272368421052631,41.26447368421052,0.5263157894736842,0.0394736842105263,11.241666666666667,39.2375,7,Goalkeeper,0.0155378486055776,False,300.0,3.4722428336,1.0375227590438245,-1.0541107070916333,1.195219123505976,7.891891891891892,0.3333333333333333,40.671875,46.25000000000001,27.656249999999993
Ghana,12325,320,9,3,166.30891812865497,36.28260233918129,4,3,71,220.0,6,70,7,6,0,5,11,3,9,8,0,1,1,2,213.6833333333333,1017.7,103,28,6,22,5,0,1,27,3,0,37,37,0.0,Abdul Rahman Baba,Left Back,Fullback/Wingback,0.3333333333333333,12.070370772624502,2.906273973649061,0.2860573706881551,3.124514370532135,1.4253574970776388,2.3372237308505754,10.021202876197322,0.7934196368372085,2.195460786084764,0.8333903179204339,13.53783102047053,0.02161628177871541,0.2727272727272727,0.6796116504854369,9.880582524271846,33.47953216374269,53.216374269005854,19.00584795321637,0.01869389711837305,67.43203883495146,7.728155339805825,0.3203883495145631,0.087378640776699,68.83764705882352,10.88470588235294,6,Wide Creator,0.0269557756805241,True,300.0,0.0,0.0,0.0,0.0,0.0,0.0,29.761538461538464,29.230769230769234,31.000000000000007
Ghana,17033,410,6,1,199.4883124921056,138.37243751140304,6,1,100,453.9,0,61,21,2,2,15,11,6,2,3,2,1,1,0,254.9333333333333,499.8,82,50,15,13,24,8,11,104,3,1,35,113,0.6585708079999999,Mohammed Kudus,Center Attacking Midfield,Attacking Midfield/Wing,0.1666666666666666,16.85100796436762,5.8521522105290185,2.3844507675972237,4.830513519415675,3.8873832314120325,0.26855235319425763,4.803476052142297,0.7481101267554321,1.2802817821799146,0.5522219659370754,12.31983121015701,0.24097401193331988,0.5454545454545454,0.7439024390243902,6.095121951219513,17.83625730994152,92.10526315789474,100.0,0.3020209019534327,70.40609756097561,45.43170731707317,0.1585365853658536,0.2560975609756097,71.6862385321101,42.01559633027523,3,Progressive Winger,0.2427355101464434,True,300.0,0.0,0.0,0.0,0.0,0.0,0.0,59.97959183673469,59.79591836734694,60.40816326530612
Ghana,30519,446,17,9,126.75754515530387,65.22971572206491,8,0,102,416.8,22,106,15,0,1,0,13,4,12,6,1,3,3,0,301.20000000000005,2274.9,149,20,14,44,7,2,0,30,1,2,44,39,0.42841392,Mohamed Salisu,Left Center Back,Center Back,0.5294117647058824,6.872509960159362,2.0916334661354576,0.597609561752988,4.183266932270915,0.0,6.573705179282867,13.147410358565734,0.0,0.0,0.8964143426294819,13.147410358565734,0.1280121274900398,0.3076923076923077,0.7114093959731543,15.26778523489933,56.72514619883041,21.34502923976608,18.128654970760238,0.168649577689243,45.16711409395973,19.2510067114094,0.3825503355704698,0.1073825503355704,45.688235294117646,21.74957983193277,1,Deep Playmaker,0.168649577689243,False,300.0,0.0,0.0,0.0,0.0,0.0,0.0,49.379999999999995,50.1,47.699999999999996
Ghana,31029,491,3,0,158.43816177742502,108.2936902835862,8,0,124,288.90000000000003,11,130,14,1,1,5,6,3,9,5,0,7,5,1,264.95000000000005,840.1,142,44,8,25,14,1,5,56,3,1,17,57,0.026676558,Salis Abdul Samed,Left Defensive Midfield,Defensive Midfield,0.0,16.87188101796346,4.567466802188854,0.6214770818680039,3.041229148209627,1.2440759520827236,2.612356446420044,10.35944236954874,0.4781455851559041,0.4430439941243696,1.7791480300161169,7.613651612521196,0.05442359757744745,0.5,0.9154929577464788,5.916197183098592,7.163742690058479,87.71929824561403,80.11695906432749,0.07807279684430693,55.39014084507042,36.50211267605634,0.1549295774647887,0.1056338028169014,54.040625,36.66875,0,Ball-Winner,0.0494843941120966,True,300.0,0.0,0.0,0.0,0.0,0.0,0.0,40.83673469387755,41.02040816326531,40.40816326530612
Iran,5220,360,16,12,121.56974552629788,103.44141865686872,5,1,75,214.7,9,93,15,2,1,0,6,1,4,6,0,8,4,2,305.1,1654.5,128,28,5,41,8,2,0,10,7,0,35,21,0.26883789,Morteza Pouraliganji,Right Center Back,Center Back,0.75,10.619469026548671,2.359882005899705,0.5899705014749262,1.4749262536873156,0.0,2.654867256637168,12.094395280235988,0.5899705014749262,0.5899705014749262,2.359882005899705,10.324483775811208,0.0793032123893805,0.1666666666666666,0.7265625,12.92578125,88.01169590643275,42.98245614035088,24.853801169590643,0.1250259262536873,40.89375,31.21484375,0.3515625,0.1171875,42.45934065934066,29.045054945054943,1,Deep Playmaker,0.1250259262536873,False,300.0,0.0,0.0,0.0,0.0,0.0,0.0,68.72666666666666,68.46666666666667,69.33333333333334
Iran,5226,391,18,7,216.75824008792543,110.06318285453716,10,2,71,461.0,3,61,13,0,3,5,13,2,8,5,2,2,1,7,305.1,448.6,82,64,17,11,12,6,1,79,1,1,34,90,1.37814372,Mehdi Taremi,Center Forward,Forward,0.3888888888888889,19.469026548672566,3.5398230088495573,1.7699115044247786,5.014749262536872,1.4749262536873156,0.8849557522123893,3.244837758112094,2.0648967551622417,0.0,0.5899705014749262,10.029498525073745,0.4065320707964601,0.1538461538461538,0.7439024390243902,5.470731707317073,37.719298245614034,91.81286549707602,54.09356725146199,0.4466500648967551,71.40243902439025,35.89756097560976,0.1829268292682926,0.2804878048780488,73.199173553719,34.43388429752066,4,Target Forward,0.4466500648967551,False,300.0,0.0,0.0,0.0,0.0,0.0,0.0,62.17142857142855,61.999999999999986,62.57142857142857
Iran,5228,327,12,5,93.20046228413165,125.21330441511893,4,0,72,179.7,8,87,5,0,4,1,14,4,6,5,0,4,2,0,305.1,1211.7,108,31,6,28,18,0,0,27,2,0,24,31,0.0,Seyed Majid Hosseini,Left Center Back,Center Back,0.4166666666666667,10.324483775811208,5.309734513274336,0.0,1.7699115044247786,0.2949852507374631,2.359882005899705,8.259587020648967,0.0,0.0,1.1799410029498525,7.0796460176991145,0.0,0.2857142857142857,0.8055555555555556,11.219444444444443,40.64327485380117,40.058479532163744,88.88888888888889,0.02654867256637168,34.78425925925926,47.99444444444444,0.287037037037037,0.1018518518518518,35.19846153846154,45.778461538461535,1,Deep Playmaker,0.0265486725663716,False,300.0,0.0,0.0,0.0,0.0,0.0,0.0,48.24666666666667,47.766666666666666,49.36666666666667
Iran,5230,303,2,2,173.9826034217914,48.738650087398696,4,2,65,293.2,2,64,13,8,2,2,7,2,8,2,0,2,2,2,249.9333333333333,1164.5,99,36,9,24,7,1,0,40,5,2,38,46,0.068153165,Ehsan Hajsafi,Left Wing Back,Fullback/Wingback,1.0,12.747632973180378,3.0420132786349168,0.4308575046060016,3.409524106381711,0.8404334894359893,1.5285359621937686,9.68794683741295,0.7411197304812585,2.3780548214304313,0.9421118616991664,12.80911291919997,0.03134508763794968,0.2857142857142857,0.6464646464646465,11.762626262626265,98.9766081871345,65.78947368421053,27.192982456140356,0.03272363202945755,61.196969696969695,14.183838383838385,0.3737373737373737,0.1313131313131313,58.98831168831169,14.933766233766235,6,Wide Creator,0.0537094619231795,True,300.0,0.0,0.0,0.0,0.0,0.0,0.0,49.0,49.46153846153846,47.92307692307693
Iran,5235,323,7,1,107.46629629629628,137.46487654320987,3,5,76,362.0,2,71,5,11,4,3,15,7,5,4,1,5,4,3,202.01666666666668,1497.8000000000002,105,29,12,31,6,2,2,33,7,0,41,39,0.230377999,Ramin Rezaeian,Right Back,Fullback/Wingback,0.1428571428571428,14.322927445405522,3.1530915355346005,0.6512590625138485,4.2727883341911275,1.0999284026901466,1.6744322103696951,11.867583873286996,0.9911353084877528,3.1428669993665057,1.5698656415333385,14.569552467777372,0.06342009280242315,0.4666666666666667,0.6761904761904762,14.264761904761906,16.08187134502924,85.67251461988305,32.16374269005848,0.09479612709183735,58.2552380952381,70.59238095238095,0.3714285714285714,0.1047619047619047,60.83552631578947,70.96447368421053,5,Holding Anchor,0.1618877315898028,True,300.0,0.0,0.0,0.0,0.0,0.0,0.0,61.53846153846155,62.92307692307693,58.307692307692314
Iran,5720,226,7,4,148.72054945054944,29.089761904761904,8,1,37,200.5,4,45,15,2,2,3,10,3,2,3,0,3,3,0,211.98333333333332,729.0,66,51,6,15,3,0,1,17,3,0,23,21,0.0,Milad Mohammadi,Left Back,Fullback/Wingback,0.5714285714285714,16.505123786030133,2.564350081117149,0.2870072014707389,3.1348890723712013,1.0785163389898726,1.9934103521776616,8.823968678904835,0.44448017926884337,1.4996027503472933,1.1877314687530742,11.12176470203855,0.021688056925739364,0.3,0.6818181818181818,11.045454545454543,65.78947368421053,97.953216374269,4.678362573099415,0.012635376248885277,53.52272727272727,9.092424242424244,0.3939393939393939,0.106060606060606,55.657500000000006,8.629999999999999,6,Wide Creator,0.0161333438163377,True,300.0,0.0,0.0,0.0,0.0,0.0,0.0,31.97692307692307,30.384615384615383,35.69230769230769
Iran,5722,290,13,8,167.71541816776403,109.12650765387112,5,4,58,181.4,4,71,10,3,4,0,9,1,14,2,0,1,0,2,240.15,1181.2,93,38,4,28,8,3,0,39,4,1,25,45,0.0612828607,Saeid Ezatolahi Afagh,Left Defensive Midfield,Defensive Midfield,0.6153846153846154,15.1472168492057,3.7774513929400966,0.9832518326415417,2.514380093087159,0.4680935094494766,1.5659553353790692,11.334938381332151,0.6667191490027364,0.796626315802208,0.8611120606453861,9.296181576402574,0.06268847300634812,0.1111111111111111,0.7634408602150538,12.701075268817204,72.6608187134503,72.80701754385966,40.058479532163744,0.08943607792927548,57.04086021505377,38.56021505376344,0.3548387096774194,0.1935483870967742,57.957142857142856,38.511428571428574,0,Ball-Winner,0.0626918903310431,True,300.0,0.0,0.0,0.0,0.0,0.0,0.0,34.275510204081634,32.95918367346939,37.3469387755102
Iran,23874,265,2,0,194.75018055315968,149.3974716807544,3,3,67,177.89999999999998,0,47,7,3,1,7,4,1,5,3,0,5,4,2,210.73333333333332,635.8000000000002,73,28,6,12,14,1,4,35,3,2,30,39,0.04282673,Ali Gholizadeh,Right Midfield,Central/Wide Midfield,0.0,15.269506977749577,4.865406534681877,0.74916011608182,3.7532439033570957,2.5437387154148645,0.41305186683500394,6.915779222960906,0.9964400068694954,1.3014583306556122,1.4407046783944002,11.793193377742938,0.06732359788622491,0.25,0.6438356164383562,8.709589041095892,7.163742690058479,70.76023391812866,94.44444444444444,0.07807257283746717,67.13972602739726,54.50821917808219,0.2054794520547945,0.0821917808219178,72.23064516129033,50.43870967741936,5,Holding Anchor,0.0379361232204998,True,300.0,0.0,0.0,0.0,0.0,0.0,0.0,42.45945945945946,40.675675675675684,46.62162162162162
Iran,124167,229,2,2,180.5883396245076,137.95021057576605,2,0,49,188.3,7,39,13,3,2,4,4,2,2,3,0,5,2,0,224.7,575.3,55,36,6,10,16,5,2,27,4,0,21,31,0.0804267816,Ahmad Nourollahi,Left Defensive Midfield,Defensive Midfield,1.0,15.936285841620844,5.260892643218206,1.355257246810232,2.9314701873089932,1.1679830553252044,2.1266452723556393,8.581221586957426,0.3432977860374081,0.8200832942263439,1.57257419393483,8.883804990459025,0.06781805141105189,0.5,0.7090909090909091,10.46,98.9766081871345,79.53216374269006,97.36842105263158,0.07942320408682421,58.84,47.7490909090909,0.2363636363636363,0.1272727272727272,65.37555555555556,47.77333333333334,0,Ball-Winner,0.0426275493724966,True,300.0,0.0,0.0,0.0,0.0,0.0,0.0,44.163265306122454,43.9795918367347,44.59183673469388
Iran,125823,100,0,0,18.798305084745763,77.81156530408774,0,0,26,94.20000000000002,0,22,0,0,0,0,0,0,0,0,0,0,0,0,186.01666666666665,2109.8,48,0,6,17,10,0,0,8,1,0,26,10,0.0,Seyed Hossein Hosseini,Goalkeeper,Goalkeeper,0.0,0.04667249661721058,4.241420174251544,0.0,1.5731307249806017,0.014001748985163175,0.01866899864688423,10.615639649419307,0.009334499323442115,0.004667249661721057,0.0,9.603247856296747,0.0,0.0,0.4583333333333333,43.95416666666667,7.163742690058479,3.508771929824561,81.57894736842105,-0.022050606482146573,11.94375,39.08125,0.8125,0.0625,12.1625,39.35625,7,Goalkeeper,0.0164501388764447,True,300.0,1.738643926,0.8412039423349162,-2.0617617417435716,1.9353104560523253,9.23953488372093,0.3333333333333333,27.28125,30.000000000000004,20.937499999999996
Japan,3300,668,20,12,149.04980088498766,157.11693380141023,10,0,163,358.20000000000005,26,201,11,0,0,3,12,2,12,4,0,9,7,0,412.51666666666665,2443.6000000000004,227,22,6,65,9,1,2,49,2,0,28,56,0.7835,Maya Yoshida,Center Back,Center Back,0.6,6.763363096440548,1.9635570279988688,0.2181730031109854,1.3090380186659123,0.6545190093329563,5.672498080885621,14.181245202214052,0.0,0.0,1.9635570279988688,6.108844087107592,0.170938547937457,0.1666666666666666,0.8854625550660793,10.764757709251104,69.88304093567251,20.76023391812865,16.95906432748538,0.22330006868409352,42.91277533039648,36.4784140969163,0.2466960352422907,0.1013215859030837,42.97688172043011,34.66559139784946,2,Sweeper CB,0.2233000686840936,False,300.0,0.0,0.0,0.0,0.0,0.0,0.0,51.38666666666666,52.16666666666667,49.56666666666666
Japan,5690,318,3,2,226.6076951197164,38.53005575074724,2,3,74,262.9,4,81,8,7,0,4,8,4,7,6,0,3,1,1,209.8333333333333,1096.1,108,29,9,23,9,0,4,36,2,0,28,42,0.0,Yuto Nagatomo,Left Wing Back,Fullback/Wingback,0.6666666666666666,13.044161411672436,3.6343337738423576,0.28821752932264233,3.6776939331209855,1.2595927890627625,2.0018166920086826,10.273406140806724,0.622882858024178,2.388568057794002,1.1927402088468682,12.051307286104029,0.021779516858508912,0.5,0.75,10.149074074074074,78.65497076023392,71.6374269005848,63.1578947368421,0.02417962926899328,61.97962962962964,9.699074074074074,0.2962962962962963,0.1296296296296296,63.03506493506493,8.32077922077922,6,Wide Creator,0.0360285941223193,True,300.0,0.0,0.0,0.0,0.0,0.0,0.0,50.20769230769231,50.923076923076934,48.53846153846153
Japan,8361,290,5,1,283.1064075630252,238.907809714795,9,4,54,196.3,3,37,17,6,3,10,10,4,4,4,2,5,2,2,231.86666666666667,330.20000000000005,57,44,5,9,10,4,6,56,4,0,28,71,0.577215802,Ritsu Doan,Right Wing,Attacking Midfield/Wing,0.2,16.904962433616955,3.7369409627028753,1.811001277197203,3.3478559207340277,3.2098994758427866,0.7878452980683128,4.334937911510713,1.118985797833068,2.012668031444674,1.2530327957458278,11.669625845242786,0.2376583626514107,0.4,0.6491228070175439,5.792982456140352,20.76023391812865,92.98245614035088,63.74269005847953,0.3001219816205782,80.2438596491228,58.189473684210526,0.1578947368421052,0.2280701754385964,78.45555555555555,58.76913580246914,3,Progressive Winger,0.237634080707303,True,300.0,0.0,0.0,0.0,0.0,0.0,0.0,50.53061224489795,49.48979591836734,52.95918367346939
Japan,9411,445,5,3,263.59037716813884,119.6231818894996,6,2,96,297.79999999999995,2,83,13,0,3,7,9,5,6,2,0,1,0,1,337.2166666666667,607.8,104,74,9,22,6,6,5,54,6,0,32,63,0.42129175,Daichi Kamada,Center Attacking Midfield,Attacking Midfield/Wing,0.6,20.550585676864525,1.601344338456976,1.601344338456976,2.402016507685464,1.868235061533139,0.5337814461523254,5.871595907675579,0.2668907230761627,0.0,0.2668907230761627,8.540503138437206,0.1124388597835219,0.5555555555555556,0.7980769230769231,5.8442307692307685,69.88304093567251,94.44444444444444,8.771929824561402,0.13058742895270095,69.59903846153847,32.98461538461539,0.1442307692307692,0.1538461538461538,69.27894736842106,31.16766917293233,0,Ball-Winner,0.130587428952701,False,300.0,0.0,0.0,0.0,0.0,0.0,0.0,34.03061224489796,37.55102040816327,25.816326530612244
Japan,23527,375,11,4,269.8152652627557,253.29139681074537,9,5,78,509.9000000000001,6,63,10,7,4,6,12,3,3,1,0,5,3,4,346.33333333333337,764.5,98,46,19,7,14,2,3,53,1,0,50,65,0.11059656,Junya Ito,Right Wing Back,Fullback/Wingback,0.3636363636363636,13.25312800769971,3.6381135707410968,0.519730510105871,4.937439846005774,1.559191530317613,1.559191530317613,1.8190567853705484,1.039461020211742,1.8190567853705484,1.2993262752646777,12.993262752646777,0.0287402032723772,0.25,0.6428571428571429,7.801020408163265,35.8187134502924,61.11111111111112,57.01754385964912,0.043032792300288655,69.92857142857143,65.23877551020408,0.2040816326530612,0.1836734693877551,73.0030612244898,65.00102040816327,5,Holding Anchor,0.0430327923002887,False,300.0,0.0,0.0,0.0,0.0,0.0,0.0,47.11538461538462,44.6923076923077,52.76923076923078
Japan,23721,635,17,9,228.28013522506836,205.01953707243624,10,3,150,340.0,11,153,28,0,4,3,13,2,15,7,0,4,4,4,326.01666666666665,1522.3,187,70,10,37,23,6,1,81,0,1,41,92,0.1814009069999999,Wataru Endo,Right Defensive Midfield,Defensive Midfield,0.5294117647058824,20.42840345585604,6.349368641684986,1.6563570369613003,2.760595061602168,0.8281785184806503,3.0366545677623846,10.21420172792802,1.1042380246408672,0.0,1.1042380246408672,11.318439752568889,0.0500774448034353,0.1538461538461538,0.8181818181818182,8.140641711229947,56.72514619883041,93.56725146198828,96.78362573099416,0.09535120381371084,60.42245989304813,46.252941176470586,0.2406417112299465,0.1764705882352941,62.042948717948725,46.08141025641026,0,Ball-Winner,0.0953512038137109,False,300.0,0.0,0.0,0.0,0.0,0.0,0.0,63.12244897959184,63.9795918367347,61.12244897959184
Japan,23730,272,10,5,113.506731078905,148.95309178743963,8,2,58,116.60000000000002,7,73,7,0,1,0,6,1,5,1,0,4,2,3,202.35,1265.2,98,14,2,25,5,0,0,11,0,0,26,16,0.0,Takehiro Tomiyasu,Right Center Back,Center Back,0.5,7.838301734417157,2.5380464364235245,0.24181756026775586,3.1087278180700864,0.13457672919249022,3.724850340713359,14.521737355971668,0.6468174652667483,0.09041873992620436,1.4273651814449726,8.98348708428375,0.03244038902686996,0.1666666666666666,0.7448979591836735,12.910204081632653,51.90058479532164,26.900584795321635,21.929824561403507,0.06971032662165519,49.987755102040815,55.30816326530612,0.336734693877551,0.0714285714285714,48.09722222222222,53.77777777777778,1,Deep Playmaker,0.0475908080059303,True,300.0,0.0,0.0,0.0,0.0,0.0,0.0,36.526666666666664,35.86666666666667,38.06666666666666
Japan,25719,227,0,0,39.74970666744094,164.28998451458048,0,0,48,73.90000000000002,0,69,0,0,0,0,0,0,4,1,0,0,0,0,412.51666666666665,4093.1,113,1,1,38,14,0,0,24,4,0,44,27,0.0,Shūichi Gonda,Goalkeeper,Goalkeeper,0.0,0.2181730031109854,3.054422043553796,0.0,0.2181730031109854,0.0,0.0,8.290574118217446,0.0,0.0,0.0,9.599612136883358,0.0,0.0,0.6106194690265486,36.22212389380531,7.163742690058479,7.602339181286549,40.64327485380117,0.014617591208436025,11.93274336283186,41.690265486725664,0.6371681415929203,0.0707964601769911,11.841176470588234,40.4156862745098,7,Goalkeeper,0.014617591208436,False,300.0,4.737619867,1.0336207539816573,-0.49359026779524057,1.527211021776898,9.267774086378738,0.625,54.1328125,54.0625,54.296874999999986
Japan,29595,365,6,1,133.4484967056609,168.04616599039778,4,0,85,314.70000000000005,13,102,3,0,1,3,13,4,12,5,0,4,2,1,291.51666666666665,836.6999999999999,111,32,11,27,5,3,0,24,0,2,12,30,0.162244075,Ko Itakura,Right Center Back,Center Back,0.1666666666666666,9.851913233694951,2.1554551193328293,0.6618191396137171,4.009471842564325,0.5707440532695852,4.076264802892039,12.636997707766534,0.2450121219634573,0.07678879829015034,1.212200668731028,5.499176811230918,0.052235884327262894,0.3076923076923077,0.918918918918919,7.537837837837837,17.83625730994152,52.046783625731,7.017543859649122,0.09111212327815446,48.93423423423423,56.585585585585584,0.2162162162162162,0.0990990990990991,51.075824175824174,55.19230769230769,2,Sweeper CB,0.0933118749642673,True,300.0,0.0,0.0,0.0,0.0,0.0,0.0,29.32666666666666,28.666666666666664,30.866666666666664
Japan,37215,238,12,8,90.95112528132032,37.843053263315824,3,0,58,82.2,11,76,2,0,0,0,5,0,9,3,0,1,0,0,218.01666666666668,830.6000000000001,86,7,3,36,2,2,0,13,4,0,10,17,0.17448755,Shogo Taniguchi,Left Center Back,Center Back,0.6666666666666666,5.86384777121288,1.940068132950724,0.5819833043991646,3.1884484142868788,0.13050665019114083,4.307155951206248,15.993683782579135,0.1060366532803019,0.08768415559717274,0.8629778299904417,5.931961140484428,0.06177467055947001,0.0,0.8837209302325582,9.658139534883723,78.65497076023392,10.23391812865497,1.7543859649122806,0.11442837152192947,47.22906976744186,19.38720930232558,0.3372093023255814,0.1162790697674418,53.00476190476191,18.926984126984127,2,Sweeper CB,0.1277603218408378,True,300.0,0.0,0.0,0.0,0.0,0.0,0.0,33.15333333333333,31.73333333333333,36.46666666666666
Japan,37221,538,14,7,174.7045596311567,96.8613620301466,11,2,124,280.9,8,128,8,2,1,3,7,0,11,4,0,3,1,3,298.3666666666667,1323.6,161,56,8,37,19,3,0,84,3,0,40,96,0.190594476,Hidemasa Morita,Left Defensive Midfield,Defensive Midfield,0.5,16.681693244552044,5.064437139819385,0.8875886759534211,2.8713872329358177,0.8737798046835298,2.0152372142025583,11.585817447512497,0.7522617375084866,0.5687109985191287,1.0781510994779209,10.64787334158629,0.07603903527053468,0.0,0.7950310559006211,8.22111801242236,51.90058479532164,85.38011695906432,92.10526315789474,0.10941148267336046,61.406211180124224,32.8416149068323,0.2546583850931677,0.2360248447204969,61.75915492957746,32.024647887323944,0,Ball-Winner,0.1006261965366998,True,300.0,0.0,0.0,0.0,0.0,0.0,0.0,58.5,58.77551020408164,57.85714285714286
Mexico,5567,331,16,11,100.51034090909091,88.9998106060606,4,1,76,361.7,8,85,14,0,1,1,9,3,6,4,0,4,2,1,183.23333333333332,1120.3000000000002,109,32,17,18,8,1,1,34,1,0,28,42,0.013687578,Edson Omar Álvarez Velázquez,Center Defensive Midfield,Defensive Midfield,0.6875,16.372565043316115,4.222370911009022,0.7265713128260926,5.231721888558382,0.7094723924863104,2.495379956691048,10.807547009746626,0.5590018934962296,0.3317190545917692,1.5212727037820348,10.949849924454405,0.06120770487282665,0.3333333333333333,0.7798165137614679,10.277981651376148,81.57894736842105,83.91812865497076,64.91228070175438,0.09076268324225767,52.841284403669725,43.9605504587156,0.2660550458715596,0.1743119266055046,49.41392405063291,42.04050632911392,1,Deep Playmaker,0.0509289540840458,True,300.0,0.0,0.0,0.0,0.0,0.0,0.0,39.785714285714285,38.163265306122454,43.57142857142857
Mexico,5571,402,15,1,236.54085257846455,143.5037446621091,4,9,94,631.3,1,41,14,15,1,6,21,3,3,7,0,1,1,8,267.31666666666666,654.0,74,48,20,12,16,6,5,62,4,3,52,67,0.2404056804,Hirving Rodrigo Lozano Bahena,Right Wing,Attacking Midfield/Wing,0.0666666666666666,15.689978001162913,4.455279532353306,2.0151200904232547,5.518281328548557,2.374755782281942,0.4213319766137666,4.539984683220127,2.0009129169613935,3.314676172022164,0.54016811827142,14.747821615599399,0.1693756870734105,0.1428571428571428,0.5540540540540541,8.837837837837839,14.327485380116958,81.87134502923976,90.05847953216374,0.2236115998444138,86.26081081081081,51.648648648648646,0.2702702702702703,0.1081081081081081,83.15846153846154,48.033076923076926,3,Progressive Winger,0.1233612241511316,True,300.0,0.0,0.0,0.0,0.0,0.0,0.0,62.09183673469386,61.32653061224489,63.87755102040815
Mexico,5573,533,12,5,131.9187094485902,64.16717333586547,5,0,140,716.5,7,166,6,1,1,0,8,1,22,3,0,2,1,1,291.5,2100.4,191,15,24,59,11,1,0,15,5,0,25,17,0.1766503,Héctor Alfredo Moreno Herrera,Left Center Back,Center Back,0.4166666666666667,6.504769021613624,3.068449074112185,0.35752671411751,5.987606795278966,0.11429352478418846,3.16344643898116,17.506330956504424,0.24501902565807449,0.22894649873529802,0.9079237513083381,7.477353739289843,0.054429343072946966,0.125,0.8691099476439791,10.996858638743456,40.64327485380117,15.204678362573098,50.29239766081871,0.12298713472181855,46.86230366492147,20.179057591623035,0.2722513089005235,0.0261780104712041,42.96797385620916,21.04967320261438,2,Sweeper CB,0.1400635574614065,True,300.0,0.0,0.0,0.0,0.0,0.0,0.0,40.733333333333334,40.833333333333336,40.5
Mexico,5576,407,1,1,180.59395925200064,35.512600324304145,5,4,83,211.7,7,97,15,8,6,2,11,3,8,4,0,4,2,2,291.5,1223.6,138,56,7,21,13,1,2,31,1,0,45,34,0.06430086,Jesús Daniel Gallardo Vasconcelos,Left Back,Fullback/Wingback,1.0,15.503547410060852,3.7411741375553027,0.4005797188498063,2.8656144664460674,0.7813734408968696,2.1818983547068354,8.550676073465135,0.6890387891507355,2.210941022482911,1.1802176102740403,12.974062831274225,0.02855621484085059,0.2727272727272727,0.7028985507246377,8.866666666666665,98.9766081871345,89.76608187134502,67.39766081871345,0.019436257344905616,61.04347826086956,10.782608695652174,0.2898550724637681,0.0797101449275362,71.81860465116279,10.124418604651163,6,Wide Creator,0.0362163890222984,True,300.0,0.0,0.0,0.0,0.0,0.0,0.0,58.45384615384616,59.07692307692308,57.00000000000001
Mexico,5577,238,0,0,37.549518554901866,124.44564706688232,0,0,59,150.70000000000002,0,90,0,0,0,0,0,0,0,0,0,0,0,0,291.5,2591.2,108,0,3,51,17,0,0,10,3,0,18,12,0.0,Francisco Guillermo Ochoa Magaña,Goalkeeper,Goalkeeper,0.0,0.0383493004749078,4.550128309420942,0.0,0.8361246850143513,0.011504790142472339,0.015339720189963116,13.89582045130224,0.007669860094981558,0.003834930047490779,0.0,6.673437890602124,0.0,0.0,0.8333333333333334,23.99259259259259,7.163742690058479,3.508771929824561,88.01169590643275,0.0011142125120890967,13.55277777777778,41.06574074074074,0.4629629629629629,0.0277777777777777,15.266666666666666,41.37407407407407,7,Goalkeeper,0.054648370497427,True,300.0,1.439650007,0.4444888529331046,-0.4817547148198971,0.6174957118353345,12.435714285714287,0.3333333333333333,49.79687499999999,51.24999999999999,46.40625000000001
Mexico,26301,261,7,1,213.00581639566397,79.7881876693767,1,2,57,186.8,1,38,6,2,0,3,9,2,2,2,0,3,1,1,194.16666666666663,426.6,54,29,7,8,16,9,1,48,2,0,30,54,0.6920090567,Ernesto Alexis Vega Rojas,Left Wing,Attacking Midfield/Wing,0.1428571428571428,14.734271877962373,5.1147811130446605,2.8597866022906295,3.967513596710432,2.179909344792412,0.483700477300371,4.483525754877905,1.0222284917520696,1.4377154205552256,0.9843771527096412,12.92415176976013,0.2766960284759467,0.2222222222222222,0.7037037037037037,7.9,16.08187134502924,76.0233918128655,98.83040935672514,0.35129996510198735,75.24259259259259,30.68888888888889,0.2592592592592592,0.0925925925925925,73.74430379746836,26.38607594936709,3,Progressive Winger,0.3272488331484978,True,300.0,0.0,0.0,0.0,0.0,0.0,0.0,57.23469387755102,56.53061224489796,58.877551020408156
Mexico,26368,559,18,11,126.33496367493892,157.5819390867658,0,2,148,591.1,17,163,11,1,3,2,12,4,15,4,0,1,0,2,291.5,2150.0,192,18,18,50,6,1,2,27,10,0,31,34,0.0988946,César Jasib Montes Castro,Right Center Back,Center Back,0.6111111111111112,6.809080095155467,2.3076713902575783,0.35752671411751,5.0746735746534375,0.41860459832603125,4.685001806690374,16.136931125566132,0.39717456242899585,0.22894649873529802,0.7557682145374167,8.39028695991537,0.04259838280244822,0.3333333333333333,0.8489583333333334,11.197916666666666,71.9298245614035,16.08187134502924,13.742690058479532,0.09546330468114332,43.77708333333334,52.9125,0.28125,0.078125,41.67716049382716,52.901234567901234,2,Sweeper CB,0.0996930154373927,True,300.0,0.0,0.0,0.0,0.0,0.0,0.0,40.84666666666667,39.866666666666674,43.13333333333333
Mexico,26406,251,3,2,130.4536738036738,136.9809582309582,7,1,57,80.4,5,72,8,1,0,4,3,0,6,5,0,5,2,0,183.1,855.5,86,15,1,25,5,1,2,31,1,0,19,35,0.0069717234,Jorge Eduardo Sánchez Ramos,Right Back,Fullback/Wingback,0.6666666666666666,11.157831283483741,3.0902597854770475,0.49046347277925983,2.3908320366442735,1.3292949498871833,2.2988881738958664,11.214499891232927,0.47105453070308423,1.4029633922555202,1.6313366103852098,11.0415196950915,0.024283541263430193,0.0,0.8372093023255814,9.94767441860465,78.65497076023392,37.13450292397661,26.31578947368421,0.028367520493332105,65.15581395348836,71.13023255813954,0.3372093023255814,0.0813953488372093,70.75714285714285,67.91587301587302,5,Holding Anchor,0.0402919448716548,True,300.0,0.0,0.0,0.0,0.0,0.0,0.0,35.369230769230775,34.307692307692314,37.84615384615385
Mexico,28825,464,13,6,200.7321296991216,124.52379016174714,6,7,107,334.20000000000005,3,104,12,6,3,3,10,2,14,3,1,4,2,4,291.5,1387.1999999999998,144,40,10,33,13,10,3,63,9,0,47,70,0.2156515785,Luis Gerardo Chávez Magallón,Left Defensive Midfield,Defensive Midfield,0.4615384615384615,14.59301636703036,4.210296483341661,1.962981365006473,3.2090319649721537,0.8839234304803631,1.277854225536778,11.111693941972208,0.9131502085102756,1.1839352569409343,1.242822788770254,11.836572237521302,0.08073434200571249,0.2,0.7222222222222222,9.633333333333333,45.760233918128655,64.61988304093568,67.39766081871345,0.11519014058969133,69.05486111111111,40.113194444444446,0.2708333333333333,0.1458333333333333,67.1910569105691,38.952845528455285,3,Progressive Winger,0.1085716708919382,True,300.0,0.0,0.0,0.0,0.0,0.0,0.0,41.10204081632653,40.91836734693878,41.53061224489796
Morocco,3625,653,12,3,473.9371434378489,164.62529688602058,12,8,160,923.0,1,107,29,7,5,20,20,6,9,12,0,2,1,4,476.6666666666666,1066.9,134,93,35,32,17,7,12,125,9,0,51,140,0.31647403,Sofiane Boufal,Left Midfield,Central/Wide Midfield,0.25,18.503496503496503,3.20979020979021,1.321678321678322,6.608391608391609,3.7762237762237767,0.1888111888111888,6.0419580419580425,0.7552447552447553,1.321678321678322,0.3776223776223776,9.62937062937063,0.0597538378321678,0.3,0.7985074626865671,7.961940298507463,26.16959064327485,88.59649122807018,45.02923976608187,0.09657201965034963,70.19850746268656,25.27910447761194,0.2014925373134328,0.1343283582089552,73.01336898395722,24.494652406417117,3,Progressive Winger,0.0965720196503496,False,300.0,0.0,0.0,0.0,0.0,0.0,0.0,52.16216216216216,55.00000000000001,45.54054054054054
Morocco,3634,225,4,3,287.11421588846724,149.82729623824451,6,1,47,94.30000000000004,5,46,9,1,4,1,3,1,4,3,1,5,2,3,194.3333333333333,362.6,58,29,4,4,2,4,0,30,3,0,16,35,0.906883999,Abdelhamid Sabiri,Left Center Midfield,Central/Wide Midfield,0.75,15.776088058872494,2.8420606152660643,1.32020440314266,3.5136347327874193,1.535749467133281,1.3370721984926457,5.688709996912139,1.2115612801924756,0.9805087351520764,1.488501489032974,9.635556907200089,0.22687031646073763,0.3333333333333333,0.7931034482758621,6.251724137931035,88.01169590643275,78.0701754385965,3.216374269005848,0.3015774800916734,60.57586206896552,26.772413793103446,0.1896551724137931,0.1896551724137931,61.2578125,28.575,0,Ball-Winner,0.4436169463636364,True,300.0,0.0,0.0,0.0,0.0,0.0,0.0,46.29729729729729,45.81081081081081,47.432432432432435
Morocco,5219,565,10,8,189.8567660365284,167.93856804649704,7,1,128,440.0,30,158,17,1,2,1,12,8,11,5,1,6,3,0,485.7833333333333,2856.0,193,35,15,62,12,1,0,19,12,2,35,24,0.56495196,Romain Saïss,Left Center Back,Center Back,0.8,7.59597900298487,2.223213366727279,0.1852677805606065,2.779016708409099,0.1852677805606065,5.558033416818198,11.48660239475761,0.0,0.1852677805606065,1.1116066833636395,6.48437231962123,0.1046673957525645,0.6666666666666666,0.8186528497409327,14.797927461139896,92.2514619883041,24.561403508771928,21.6374269005848,0.14820532418430704,34.200518134715026,25.27512953367876,0.3626943005181347,0.0518134715025906,34.114285714285714,26.26214285714285,1,Deep Playmaker,0.1482053241843071,False,300.0,0.0,0.0,0.0,0.0,0.0,0.0,70.82666666666667,71.36666666666667,69.56666666666666
Morocco,5234,1051,16,4,312.2940142608415,300.1785367585678,12,1,247,1051.9,12,274,42,2,7,1,28,13,18,16,0,9,7,2,698.3833333333333,2693.6,323,123,43,83,39,1,0,89,13,2,60,96,0.020691318,Sofyan Amrabat,Center Defensive Midfield,Defensive Midfield,0.25,18.17053671574828,5.02589313414314,0.1288690547216189,5.541369353029616,0.1288690547216189,1.5464286566594276,10.696131541894376,0.2577381094432379,0.2577381094432379,1.159821492494571,7.732143283297138,0.0026664705916044,0.4642857142857143,0.848297213622291,8.339318885448916,26.16959064327485,87.13450292397661,85.67251461988305,0.05279653287831418,48.94334365325078,42.33653250773994,0.2198142414860681,0.0743034055727554,46.14940239043825,40.24860557768924,0,Ball-Winner,0.0527965328783142,False,300.0,0.0,0.0,0.0,0.0,0.0,0.0,53.051020408163254,53.57142857142857,51.83673469387755
Morocco,5237,1155,12,4,451.4142308413528,457.28527270334496,12,11,278,929.3,2,210,47,18,8,30,22,5,20,11,2,14,8,7,662.6333333333333,2765.2000000000003,300,137,30,50,24,11,12,193,24,3,116,220,1.0958165259999997,Hakim Ziyech,Right Wing,Attacking Midfield/Wing,0.3333333333333333,20.644901655012827,3.259721313949394,1.494038935560139,4.074651642436742,4.074651642436742,0.2716434428291162,6.791086070727904,0.9507520499019064,2.444790985462045,1.901504099803813,15.755319684088738,0.1488356869158408,0.2272727272727272,0.7,9.217333333333334,33.47953216374269,94.73684210526316,46.49122807017544,0.1747776357060214,67.717,63.962,0.28,0.1033333333333333,67.3644859813084,65.72367601246106,5,Holding Anchor,0.1747776357060214,False,300.0,0.0,0.0,0.0,0.0,0.0,0.0,54.54081632653061,58.673469387755105,44.89795918367347
Morocco,5245,1198,14,8,375.5692413212506,480.4930379249191,14,7,283,911.5,12,314,33,10,11,8,31,12,14,10,1,11,8,7,660.8,3025.2000000000003,380,104,26,76,36,5,3,134,10,1,87,149,0.919596872,Achraf Hakimi Mouh,Right Back,Fullback/Wingback,0.5714285714285714,16.20762711864407,4.90314769975787,0.6809927360774819,3.5411622276029058,1.089588377723971,1.6343825665859566,10.351089588377723,0.9533898305084746,1.3619854721549638,1.49818401937046,11.849273607748184,0.1252477579903147,0.3870967741935484,0.8263157894736842,7.961052631578948,65.78947368421053,78.94736842105263,82.45614035087719,0.170874271307506,56.60526315789474,70.305,0.1921052631578947,0.1184210526315789,61.150488599348535,69.34951140065147,5,Holding Anchor,0.170874271307506,False,300.0,0.0,0.0,0.0,0.0,0.0,0.0,79.99230769230769,79.0,82.30769230769232
Morocco,6301,466,41,22,478.8942395870672,269.55495911295907,9,1,57,96.8,12,48,22,0,3,9,21,1,2,3,2,0,0,1,553.8166666666667,414.6,76,113,1,4,12,11,6,54,3,0,39,67,1.045874203,Youssef En-Nesyri,Center Forward,Forward,0.5365853658536586,18.36347768515453,1.9501038249721627,1.7875951728911492,0.1625086520810135,1.462577868729122,1.9501038249721627,0.6500346083240542,0.1625086520810135,0.0,0.0,6.337837431159529,0.1699636069758343,0.0476190476190476,0.631578947368421,5.455263157894737,58.187134502923975,88.01169590643275,16.666666666666664,0.1628132262842697,58.538157894736834,37.560526315789474,0.1578947368421052,0.25,76.33076923076922,39.67272727272727,4,Target Forward,0.1628132262842697,False,300.0,0.0,0.0,0.0,0.0,0.0,0.0,49.39999999999999,53.42857142857142,40.0
Morocco,6785,445,0,0,58.05718097136908,243.34242521862416,0,0,107,225.7,0,156,0,0,0,0,0,0,4,0,0,0,0,0,603.15,6269.2,210,1,6,91,25,0,0,62,6,0,54,71,0.0,Yassine Bounou,Goalkeeper,Goalkeeper,0.0,0.1492166127828898,3.730415319572246,0.0,0.895299676697339,0.0,0.0,13.578711763242977,0.0,0.0,0.0,8.05769709027605,0.0,0.0,0.7428571428571429,29.85333333333333,7.163742690058479,7.017543859649122,59.94152046783626,0.040885351902511816,11.238571428571428,40.06285714285715,0.5333333333333333,0.1238095238095238,10.141176470588237,41.52647058823529,7,Goalkeeper,0.0408853519025118,False,300.0,3.4959986882,0.5216610825466301,-0.07520536858492916,1.9398159661775678,9.659392789373815,0.6538461538461539,71.8125,68.4375,79.6875
Morocco,7459,478,5,5,185.11959940080084,302.2207964739435,8,0,123,305.5,20,143,3,0,0,0,4,2,5,2,0,5,0,0,335.56666666666666,1451.8,160,18,10,43,11,1,0,29,5,0,17,34,0.06408756,Jawad El Yamiq,Right Center Back,Center Back,1.0,6.168669911592332,2.9502334359789413,0.2682030396344492,2.682030396344492,0.0,5.364060792688984,11.532730704281317,0.0,0.0,1.341015198172246,4.559451673785636,0.0171884783947551,0.5,0.89375,9.07375,98.9766081871345,16.95906432748538,37.719298245614034,0.06492861944968706,37.919375,37.030625,0.1875,0.09375,36.6063492063492,36.32222222222222,2,Sweeper CB,0.064928619449687,False,300.0,0.0,0.0,0.0,0.0,0.0,0.0,52.97333333333333,53.53333333333333,51.66666666666667
Morocco,12149,446,8,6,123.84143546376104,223.27270196212052,3,0,116,296.90000000000003,16,133,2,0,0,0,8,3,6,2,0,4,4,1,369.1833333333333,1967.5,154,16,11,48,6,1,0,14,9,0,22,20,0.25141555,Nayef Aguerd,Right Center Back,Center Back,0.75,4.875626382556092,1.4626879147668277,0.2437813191278046,2.6815945104058505,0.0,3.900501106044874,11.701503318134622,0.2437813191278046,0.0,0.9751252765112184,5.363189020811701,0.0612904144282425,0.375,0.8636363636363636,12.775974025974026,88.01169590643275,14.035087719298245,5.847953216374268,0.11102180353031464,32.51623376623377,56.88051948051948,0.2727272727272727,0.0519480519480519,31.46639344262295,57.28770491803279,1,Deep Playmaker,0.1110218035303146,False,300.0,0.0,0.0,0.0,0.0,0.0,0.0,49.86,50.2,49.06666666666667
Morocco,15890,407,5,2,245.61420448777665,68.05393449236226,10,1,85,202.2,16,103,16,2,6,2,18,8,4,3,0,1,0,1,376.8333333333333,1080.8,121,44,6,32,13,4,0,46,3,0,25,51,0.151342469,Noussair Mazraoui,Left Back,Fullback/Wingback,0.4,12.18045112781955,3.104820875718709,0.9553295002211412,1.4329942503317117,0.4776647501105706,3.8213180008845646,7.642636001769129,0.2388323750552853,0.4776647501105706,0.2388323750552853,5.970809376382132,0.0361454813180008,0.4444444444444444,0.8512396694214877,8.932231404958678,39.03508771929825,52.92397660818714,41.52046783625731,0.06313353969924804,50.60909090909091,10.88099173553719,0.2479338842975206,0.0991735537190082,55.40434782608696,11.93695652173913,0,Ball-Winner,0.0631335396992481,False,300.0,0.0,0.0,0.0,0.0,0.0,0.0,45.88461538461539,46.69230769230769,44.0
Morocco,23774,472,14,0,415.7183592187139,254.7115624855079,7,2,94,228.8,4,70,39,1,5,10,27,9,5,16,0,11,4,3,423.7,589.5,88,104,8,10,14,2,5,85,1,0,37,94,0.1146377359999999,Selim Amallah,Left Center Midfield,Central/Wide Midfield,0.0,26.339391078593344,2.973802218550861,0.4248288883644088,1.6993155534576352,2.124144441822044,0.8496577767288176,2.124144441822044,0.6372433325466131,0.2124144441822044,2.3365588860042483,7.859334434741562,0.0243507109747462,0.3333333333333333,0.7954545454545454,6.698863636363637,7.163742690058479,99.70760233918128,38.88888888888889,0.03645833429313185,61.08068181818182,39.59886363636363,0.1704545454545454,0.2159090909090909,65.03818181818181,37.86636363636364,0,Ball-Winner,0.0364583342931319,False,300.0,0.0,0.0,0.0,0.0,0.0,0.0,38.9054054054054,41.21621621621622,33.513513513513516
Morocco,31295,434,10,2,286.55704565296014,63.81640199269847,7,4,98,438.19999999999993,11,97,20,7,5,2,12,3,8,9,0,1,0,4,350.18333333333334,1644.6,138,42,14,34,20,2,2,35,0,0,46,39,0.331586645,Yahia Attiyat allah,Left Back,Fullback/Wingback,0.2,11.308362286421398,5.14016467564609,0.5140164675646091,3.598115272952263,0.5140164675646091,2.8270905716053494,8.738279948598354,1.028032935129218,1.7990576364761317,0.2570082337823045,11.822378753986008,0.08522049797725,0.25,0.7028985507246377,11.917391304347824,20.76023391812865,46.49122807017544,86.25730994152046,0.12325771657703105,52.086231884057966,9.37608695652174,0.3550724637681159,0.0797101449275362,59.68484848484849,9.872727272727271,6,Wide Creator,0.1232577165770311,False,300.0,0.0,0.0,0.0,0.0,0.0,0.0,58.730769230769226,58.38461538461539,59.53846153846154
Morocco,46258,984,7,2,405.6533908357843,337.9975470754289,8,7,251,954.1,2,221,41,1,4,12,14,5,20,3,0,11,10,6,589.25,1708.5,267,91,31,43,31,6,10,173,6,2,71,188,0.244700479,Azzedine Ounahi,Right Center Midfield,Central/Wide Midfield,0.2857142857142857,16.03733559609673,4.734832414085703,0.9164191769198132,4.734832414085703,1.832838353839627,0.3054730589732711,6.567670767925329,0.9164191769198132,0.1527365294866355,1.680101824352991,10.844293593551123,0.0373747019261773,0.3571428571428571,0.8277153558052435,6.398876404494382,29.093567251461987,78.65497076023392,79.53216374269006,0.07326778635553667,58.68651685393258,48.05205992509363,0.2059925093632958,0.1647940074906367,60.688541666666666,48.384375000000006,0,Ball-Winner,0.0732677863555367,False,300.0,0.0,0.0,0.0,0.0,0.0,0.0,54.95945945945946,57.02702702702703,50.13513513513514
Morocco,139016,327,10,6,90.79574802029096,138.72135448929367,7,0,79,171.5,15,96,4,0,1,0,5,1,5,3,1,3,2,0,200.45,1246.3000000000002,107,17,5,44,8,1,0,1,5,1,12,4,0.4178385,Achraf Dari,Right Center Back,Center Back,0.6,8.227736789458405,3.0871967775748974,0.42257378639326043,3.6600447984963695,0.13508766092486257,5.177697209825869,17.99379510594938,0.10975872450145081,0.09076202218389202,1.2529461462661244,6.499859599939938,0.10770685268787716,0.2,0.897196261682243,11.647663551401871,69.88304093567251,31.87134502923977,55.26315789473685,0.19058315511475288,39.19345794392523,47.07757009345794,0.2710280373831775,0.02803738317757,35.11529411764706,45.080000000000005,1,Deep Playmaker,0.2652804440009977,True,300.0,0.0,0.0,0.0,0.0,0.0,0.0,59.27333333333333,60.23333333333334,57.03333333333334
Netherlands,2988,539,10,2,398.240627041514,140.52517263375475,4,4,111,334.1,1,96,17,2,1,13,8,0,5,4,1,1,0,3,315.58333333333337,578.8,127,45,8,9,7,10,3,112,2,3,50,134,1.181855992,Memphis Depay,Left Center Forward,Forward,0.2,13.11856350673356,1.99630314232902,2.8518616318986,2.28148930551888,3.70742012146818,0.28518616318986,2.5666754687087403,0.85555848956958,0.57037232637972,0.28518616318986,14.259308159493,0.3370489758014259,0.0,0.7559055118110236,4.55748031496063,20.76023391812865,59.64912280701754,17.251461988304094,0.33904527894375497,73.69291338582677,26.61259842519685,0.1496062992125984,0.2125984251968504,78.94644549763034,27.91943127962085,4,Target Forward,0.3390452789437549,False,300.0,0.0,0.0,0.0,0.0,0.0,0.0,54.12857142857142,54.85714285714285,52.42857142857142
Netherlands,3306,1048,22,11,215.59939405545396,103.53204767107084,14,1,276,1236.0,17,319,14,1,1,0,17,4,30,5,0,10,4,0,506.26666666666665,3181.1,352,49,46,99,12,0,0,42,6,0,34,51,0.0,Nathan Aké,Left Center Back,Center Back,0.5,10.488543587042402,2.1332631024493023,0.0,8.177508559388992,0.0,3.022122728469845,17.59942059520674,0.0,0.1777719252041085,1.7777192520410852,6.04424545693969,0.0,0.2352941176470588,0.90625,9.037215909090907,51.90058479532164,42.10526315789473,19.883040935672515,0.08639715564919674,48.24517045454545,19.435511363636365,0.2301136363636363,0.0767045454545454,45.91495016611296,20.14750830564784,2,Sweeper CB,0.0863971556491967,False,300.0,0.0,0.0,0.0,0.0,0.0,0.0,42.16,42.6,41.13333333333333
Netherlands,3311,917,14,6,306.7758996628276,49.36987578731851,10,8,208,334.5,6,260,18,8,5,2,20,7,26,4,1,5,3,2,452.48333333333335,2443.5,304,83,7,68,13,5,1,60,6,0,49,65,0.521673045,Daley Blind,Left Wing Back,Fullback/Wingback,0.4285714285714285,17.702309477328814,2.585730597812074,0.9945117683892593,1.3923164757449629,0.3978047073557036,1.193414122067111,13.525360050093926,0.3978047073557036,1.591218829422815,0.9945117683892593,9.74621533021474,0.1037619965007919,0.35,0.8552631578947368,8.037828947368421,42.251461988304094,84.21052631578947,29.239766081871345,0.15050404961508712,64.19802631578948,8.112828947368422,0.2434210526315789,0.0921052631578947,66.82222222222222,8.683141762452108,6,Wide Creator,0.1505040496150871,False,300.0,0.0,0.0,0.0,0.0,0.0,0.0,68.87692307692308,68.92307692307693,68.76923076923077
Netherlands,3669,974,28,18,190.877711574606,220.95322054646823,8,1,251,703.8000000000001,30,305,3,0,1,1,13,2,14,5,0,5,3,2,509.51666666666665,4121.2,343,29,20,116,8,4,1,27,10,1,40,33,0.977948796,Virgil van Dijk,Center Back,Center Back,0.6428571428571429,6.005691668574793,1.4131039220175985,0.7065519610087992,3.532759805043996,0.1766379902521998,5.2991397075659945,20.490006869255176,0.3532759805043996,0.0,0.883189951260999,7.065519610087992,0.1727429098949985,0.1538461538461538,0.8892128279883382,12.015160349854227,75.29239766081871,16.374269005847953,5.555555555555555,0.25823569717706313,40.60495626822158,43.775510204081634,0.2798833819241982,0.0553935860058309,40.1436170212766,43.20248226950355,2,Sweeper CB,0.2582356971770632,False,300.0,0.0,0.0,0.0,0.0,0.0,0.0,52.00666666666666,52.46666666666666,50.93333333333333
Netherlands,4318,249,5,2,263.94525933004195,161.36627382279556,2,0,48,64.19999999999999,1,60,9,1,1,0,5,2,5,1,1,1,1,3,201.36666666666667,422.0,81,22,0,9,6,2,0,44,0,1,28,52,0.43179539,Davy Klaassen,Center Attacking Midfield,Attacking Midfield/Wing,0.4,12.727583311667585,3.2462356226904516,1.5621525416500615,2.653971748635872,1.6100761941724289,0.47675417698145073,4.598648315674818,1.3665672089770915,1.2375594115904007,0.6112220789123349,12.379532609978984,0.22601168287121262,0.4,0.7407407407407407,5.209876543209877,39.03508771929825,39.76608187134503,32.45614035087719,0.2839866325057744,68.11851851851853,40.43827160493827,0.1481481481481481,0.2716049382716049,73.05555555555556,39.37530864197531,4,Target Forward,0.2050567046846548,True,300.0,0.0,0.0,0.0,0.0,0.0,0.0,35.57142857142856,33.97959183673469,39.28571428571428
Netherlands,6994,378,8,5,255.75342013800156,236.52875364170717,4,0,77,60.70000000000003,7,99,13,0,5,0,11,6,5,3,0,1,0,0,195.8,791.0,122,50,1,18,3,0,0,20,1,2,24,22,0.0,Marten de Roon,Right Defensive Midfield,Defensive Midfield,0.625,18.8619789856766,3.2077256351282633,0.5266306522818249,2.194720466480494,0.5099651253108809,2.250606644624857,10.533616310360149,0.36330848796657533,0.3233112232363102,0.9381397328713298,9.94621314742608,0.057171684613511374,0.5454545454545454,0.8114754098360656,6.483606557377049,73.68421052631578,98.83040935672514,4.970760233918129,0.06816122145768967,57.826229508196725,40.24590163934426,0.2049180327868852,0.0983606557377049,59.66504854368932,39.07669902912622,0,Ball-Winner,0.0133299284984678,True,300.0,0.0,0.0,0.0,0.0,0.0,0.0,31.612244897959183,29.897959183673468,35.61224489795919
Netherlands,7745,414,4,1,286.13959135313644,212.71418933049532,1,3,108,307.0,1,98,5,9,1,5,5,0,17,4,0,0,0,3,212.13333333333333,1066.0,128,31,11,29,9,6,2,54,4,1,32,61,0.975530951,Steven Berghuis,Right Defensive Midfield,Defensive Midfield,0.25,14.569973667856921,4.159835400735341,1.5642478730825216,3.8820796809705067,1.3723783698173682,1.124415727164158,12.13076080449732,0.8789280428283547,1.8946193136173441,0.7324844042390106,11.03488507906896,0.2267837284978761,0.0,0.765625,8.328125,26.16959064327485,60.23391812865497,61.69590643274854,0.32576937305078646,73.21328125,53.88203125,0.2890625,0.1171875,72.1625,53.41666666666666,3,Progressive Winger,0.4690341872564424,True,300.0,0.0,0.0,0.0,0.0,0.0,0.0,44.08163265306122,43.46938775510204,45.51020408163266
Netherlands,7891,419,10,5,298.80692094101187,221.28481459617825,7,2,99,252.2,3,95,22,2,5,1,8,1,10,6,1,4,3,2,242.01666666666665,1079.5,120,55,5,27,10,3,1,54,2,1,33,60,0.87343067,Teun Koopmeiners,Right Defensive Midfield,Defensive Midfield,0.5,18.4159820075,4.096535229353205,0.979865583594592,2.6717673022619763,0.6325279833875984,1.3945157425755743,11.129855109024742,0.6644230158983329,0.6278362371647169,1.356286115846878,10.59253862764463,0.19732692389172338,0.125,0.7916666666666666,8.995833333333334,51.90058479532164,97.07602339181284,59.64912280701754,0.27295425917467125,59.9875,47.18083333333333,0.2333333333333333,0.1833333333333333,61.32710280373832,47.71869158878504,0,Ball-Winner,0.3601353638179188,True,300.0,0.0,0.0,0.0,0.0,0.0,0.0,57.55102040816327,57.55102040816327,57.55102040816327
Netherlands,8118,1112,14,12,282.141184975679,166.66676832827625,13,2,272,983.5,6,327,31,2,4,11,15,7,31,6,1,3,2,4,499.4500000000001,2030.4,364,80,29,73,20,2,7,187,7,3,45,205,0.720993446,Frenkie de Jong,Left Defensive Midfield,Defensive Midfield,0.8571428571428571,14.956452097307036,3.603964360796876,0.3603964360796876,5.225748323155471,1.982180398438282,1.081189308239063,13.154469916908598,0.7207928721593753,0.3603964360796876,0.5405946541195314,8.10891981179297,0.1299217341876063,0.4666666666666667,0.8983516483516484,5.578021978021979,96.05263157894736,74.56140350877193,55.84795321637427,0.19389210159175085,60.36043956043956,33.62362637362637,0.1785714285714285,0.2005494505494505,57.64660493827161,32.01481481481481,0,Ball-Winner,0.1938921015917509,False,300.0,0.0,0.0,0.0,0.0,0.0,0.0,62.326530612244895,63.367346938775505,59.897959183673464
Netherlands,8125,723,21,10,351.23302911415817,354.17614428945075,13,8,157,520.8000000000001,7,148,24,13,1,6,20,7,9,19,1,5,1,2,509.51666666666665,1730.0,218,69,16,27,10,2,0,63,1,0,88,81,0.283319202,Denzel Dumfries,Right Wing Back,Fullback/Wingback,0.4761904761904761,13.071211278662783,1.766379902521998,0.3532759805043996,2.826207844035197,1.0598279415131988,1.2364659317653983,4.769225736809394,0.3532759805043996,2.2962938732785974,0.883189951260999,15.544143142193583,0.050044934441137,0.35,0.6788990825688074,7.935779816513762,46.78362573099415,59.06432748538012,11.403508771929824,0.053577694246180994,71.04128440366972,73.65137614678899,0.2385321100917431,0.110091743119266,75.30694444444444,71.24027777777778,5,Holding Anchor,0.053577694246181,False,300.0,0.0,0.0,0.0,0.0,0.0,0.0,40.03076923076923,39.15384615384615,42.07692307692308
Netherlands,8259,278,2,0,308.1192983031274,162.14756511656796,1,1,67,150.40000000000003,1,65,8,1,1,4,4,1,3,2,0,0,0,0,219.25,205.3,71,20,4,5,4,2,2,74,0,0,13,78,0.33993796,Steven Bergwijn,Left Center Forward,Forward,0.0,11.562743065526393,2.156675024039707,1.5981531935181377,2.03842311545242,1.6984488782639688,0.6167715710203341,2.4383995207293943,0.43851749434452375,0.6561888738827633,0.177377862880931,8.259461403296722,0.2632440842163432,0.25,0.9154929577464788,2.891549295774648,7.163742690058479,30.116959064327485,9.649122807017545,0.31192724447522957,75.46338028169014,41.852112676056336,0.0845070422535211,0.2394366197183098,78.27961165048544,39.39611650485437,4,Target Forward,0.1420041797035348,True,300.0,0.0,0.0,0.0,0.0,0.0,0.0,22.799999999999997,22.285714285714285,24.000000000000004
Netherlands,8326,409,0,0,42.99407239836252,192.63548805518963,0,0,93,192.3,0,157,0,0,0,0,0,0,2,0,0,0,0,0,509.51666666666665,4729.6,191,0,1,114,26,0,0,23,4,0,34,32,0.0,Andries Noppert,Goalkeeper,Goalkeeper,0.0,0.0,4.592587746557195,0.0,0.1766379902521998,0.0,0.0,20.136730888750776,0.0,0.0,0.0,6.005691668574793,0.0,0.0,0.8219895287958116,24.76230366492147,7.163742690058479,3.508771929824561,78.0701754385965,0.06906545418861011,10.458115183246074,38.294240837696336,0.5497382198952879,0.0732984293193717,9.737373737373735,38.21717171717172,7,Goalkeeper,0.0690654541886101,False,300.0,6.6882428654999995,1.1813977780805338,-0.23170614393706462,1.4131039220175985,8.637250996015936,0.35714285714285715,68.359375,70.0,64.53125
Netherlands,20750,606,10,5,391.96034559463584,242.79129192667085,8,11,134,549.0,7,98,29,11,4,13,13,5,8,10,3,9,4,10,460.2166666666667,1001.5,154,52,18,19,19,5,5,113,4,2,76,134,0.562367031,Cody Mathès Gakpo,Center Attacking Midfield,Attacking Midfield/Wing,0.5,11.92916379965958,3.7156411835005247,0.9778003114475066,3.520081121211024,2.542280809763517,1.3689204360265093,3.7156411835005247,1.955600622895013,2.1511606851845144,1.7600405606055118,14.8625647340021,0.1099765316119219,0.3846153846153846,0.6363636363636364,6.503246753246753,51.90058479532164,51.16959064327485,59.06432748538012,0.13852830070618907,84.67922077922078,45.66688311688311,0.2272727272727272,0.1818181818181818,82.32433862433862,46.57777777777778,3,Progressive Winger,0.138528300706189,False,300.0,0.0,0.0,0.0,0.0,0.0,0.0,46.765306122448976,50.40816326530613,38.26530612244898
Netherlands,21809,987,15,8,184.31642700543688,245.2897285947257,8,0,261,714.8,18,286,20,0,1,5,21,9,26,16,0,5,3,0,409.4,2452.4,316,73,24,80,15,0,4,56,1,1,36,65,0.0,Jurriën David Norman Timber,Right Center Back,Center Back,0.5333333333333333,17.36687835857352,3.297508549096238,0.0,5.276013678553981,1.0991695163654127,3.957010258915486,17.586712261846603,0.0,0.0,1.0991695163654127,7.914020517830972,0.0,0.4285714285714285,0.9050632911392406,7.760759493670885,57.60233918128655,82.7485380116959,47.66081871345029,0.07254518808011724,50.15221518987342,62.072468354430384,0.2151898734177215,0.0664556962025316,49.968421052631584,62.11127819548872,2,Sweeper CB,0.0725451880801172,False,300.0,0.0,0.0,0.0,0.0,0.0,0.0,48.22666666666667,47.766666666666666,49.3
Poland,3034,403,10,7,150.33703222014393,205.9738924934404,7,0,95,113.99999999999996,26,122,6,0,1,0,7,1,3,2,0,4,2,0,389.75,972.7,130,15,2,24,7,3,0,6,1,0,8,8,0.150632187,Kamil Glik,Right Center Back,Center Back,0.7,4.3874278383579215,1.6164207825529184,0.6927517639512508,0.4618345093008338,0.0,6.003848620910841,5.542014111610007,0.0,0.0,0.9236690186016676,1.8473380372033357,0.0347835710840282,0.1428571428571428,0.9384615384615383,7.4823076923076925,82.45614035087719,11.695906432748536,9.35672514619883,0.0564897930211674,38.59769230769231,52.43615384615384,0.1461538461538461,0.0384615384615384,41.28165137614679,52.03577981651376,2,Sweeper CB,0.0564897930211674,False,300.0,0.0,0.0,0.0,0.0,0.0,0.0,31.126666666666665,32.06666666666666,28.933333333333337
Poland,3637,419,8,6,220.79477967099865,179.27439577729626,8,2,88,201.50000000000009,10,97,23,1,9,1,9,5,12,9,0,7,4,2,347.8833333333333,1394.0,127,49,5,26,17,1,1,48,4,0,36,54,0.02170277,Grzegorz Krychowiak,Center Defensive Midfield,Defensive Midfield,0.75,14.487615579935802,4.3980261581947975,0.2587074210702821,1.2935371053514109,0.2587074210702821,2.5870742107028217,6.726392947827337,0.5174148421405643,0.2587074210702821,1.8109519474919755,9.31346715853016,0.0056146676567814,0.5555555555555556,0.7637795275590551,10.976377952755906,88.01169590643275,70.46783625730994,74.26900584795322,0.029157042974177073,59.0,43.81102362204725,0.2992125984251969,0.1574803149606299,60.324,43.103,0,Ball-Winner,0.0291570429741771,False,300.0,0.0,0.0,0.0,0.0,0.0,0.0,35.98979591836734,36.93877551020408,33.775510204081634
Poland,4734,468,4,2,235.57123786609836,275.0674266138297,12,3,99,425.5,14,121,12,7,6,1,10,3,12,7,0,2,1,2,389.75,1282.2,156,41,14,28,6,1,0,29,4,0,38,38,0.023505978,Matty Cash,Right Back,Fullback/Wingback,0.5,10.160359204618343,1.3855035279025016,0.2309172546504169,3.232841565105837,0.2309172546504169,3.232841565105837,6.465683130211674,0.4618345093008338,1.6164207825529184,0.4618345093008338,8.774855676715843,0.005427935907633,0.3,0.7756410256410257,8.21923076923077,51.90058479532164,38.88888888888889,5.263157894736842,0.031290668428479704,65.09551282051282,71.3,0.25,0.0897435897435897,66.41290322580646,69.73629032258064,5,Holding Anchor,0.0312906684284798,False,300.0,0.0,0.0,0.0,0.0,0.0,0.0,27.415384615384617,28.153846153846157,25.692307692307693
Poland,5660,479,4,2,265.41465224226204,180.25780569540925,4,8,102,425.9,4,124,15,5,3,4,9,4,15,3,1,2,2,7,344.4166666666667,1350.5,153,47,16,31,15,3,3,60,8,0,34,66,0.5838947800000001,Piotr Zieliński,Right Center Midfield,Central/Wide Midfield,0.5,13.326881200096782,3.919670941204936,0.7839341882409872,4.180982337285265,1.0452455843213162,1.0452455843213162,8.100653278490201,1.8291797725623036,1.3065569804016453,0.5226227921606581,8.884587466731187,0.1525783601258166,0.4444444444444444,0.8104575163398693,8.826797385620916,51.90058479532164,62.28070175438597,64.61988304093568,0.2082376874909267,68.89281045751635,46.52352941176471,0.2810457516339869,0.1241830065359477,68.84779411764706,45.629411764705885,0,Ball-Winner,0.2082376874909267,False,300.0,0.0,0.0,0.0,0.0,0.0,0.0,62.108108108108105,62.83783783783784,60.40540540540541
Poland,5668,489,38,17,303.75510490216993,158.99913386980262,5,3,95,297.90000000000003,9,65,21,3,2,10,25,3,10,6,2,3,3,5,389.75,709.2,91,39,9,11,12,12,4,105,2,1,52,122,3.125917802,Robert Lewandowski,Center Forward,Forward,0.4473684210526316,9.698524695317513,2.7710070558050037,2.7710070558050037,2.078255291853752,2.3091725465041693,2.078255291853752,2.5400898011545863,1.1545862732520846,0.6927517639512508,0.6927517639512508,12.00769724182168,0.7218283571007056,0.12,0.7142857142857143,7.793406593406594,45.32163742690059,36.54970760233918,34.50292397660819,0.7329123853239256,74.76703296703297,38.91868131868132,0.2747252747252747,0.3186813186813186,79.26595744680851,39.727127659574464,4,Target Forward,0.7329123853239256,False,300.0,0.0,0.0,0.0,0.0,0.0,0.0,77.87142857142857,77.57142857142858,78.57142857142857
Poland,5669,287,0,0,37.176830521866215,160.3916280323237,0,0,65,318.2,0,88,0,0,0,1,0,0,10,1,0,0,0,0,389.75,6271.200000000001,146,0,13,62,18,0,1,15,8,0,58,17,0.0,Wojciech Szczęsny,Goalkeeper,Goalkeeper,0.0,0.0,4.1565105837075045,0.0,3.0019243104554203,0.2309172546504169,0.0,14.31686978832585,0.0,0.0,0.0,13.39320076972418,0.0,0.0,0.6027397260273972,42.95342465753425,7.163742690058479,3.508771929824561,69.88304093567251,0.0394868505452213,12.505479452054796,40.50753424657535,0.7328767123287672,0.0273972602739726,10.608771929824565,39.857894736842105,7,Goalkeeper,0.0394868505452213,False,300.0,4.2348295074,0.9778952037613854,-0.17669106949069924,1.6164207825529184,9.139466666666667,0.5,58.296875,56.56250000000001,62.34375
Poland,5673,437,6,5,224.8523958687608,43.99985362605725,11,3,94,177.10000000000002,15,121,11,4,4,7,9,4,5,5,0,4,1,0,365.73333333333335,1101.7,150,38,5,25,14,0,3,67,1,0,39,75,0.0,Bartosz Bereszyński,Left Back,Fullback/Wingback,0.8333333333333334,10.33539919795844,3.4451330659861465,0.0,1.2304046664236237,1.7225665329930733,3.6912139992708712,6.152023332118119,0.0,0.984323733138899,0.984323733138899,9.597156398104264,0.0,0.4444444444444444,0.8066666666666666,7.344666666666667,94.73684210526316,40.35087719298245,51.461988304093566,0.011073641997812616,58.22533333333333,9.028,0.2266666666666666,0.1533333333333333,64.98404255319149,8.998936170212765,6,Wide Creator,0.0110736419978126,False,300.0,0.0,0.0,0.0,0.0,0.0,0.0,35.769230769230774,36.46153846153847,34.15384615384616
Poland,7979,289,3,1,268.66186755503054,82.71947726775014,3,2,59,151.29999999999998,5,51,18,2,6,1,9,3,3,2,0,3,1,1,254.5333333333333,472.0,73,39,4,13,11,1,1,34,3,0,29,39,0.043646414,Przemysław Frankowski,Left Midfield,Central/Wide Midfield,0.3333333333333333,15.686426178954019,3.9942148908629314,0.6899874548332319,3.1321954248159067,1.3690288890109734,1.1919199749727059,6.5318327274709675,0.755437231621448,1.0363635815283296,1.0023128806419215,10.699405442039993,0.06213905467737066,0.3333333333333333,0.6986301369863014,6.465753424657534,33.47953216374269,77.48538011695906,64.03508771929825,0.06301005482749626,69.31643835616438,25.127397260273973,0.1643835616438356,0.1506849315068493,78.40588235294118,24.161176470588234,6,Wide Creator,0.0249797430330015,True,300.0,0.0,0.0,0.0,0.0,0.0,0.0,29.013513513513516,27.837837837837842,31.756756756756754
Poland,11737,340,12,7,205.6881211367405,145.0404579375848,5,2,72,197.6,10,90,15,0,4,4,10,2,12,6,0,5,4,0,240.01666666666665,775.1999999999999,98,40,7,23,6,2,1,42,5,0,12,47,0.136828873,Krystian Bielik,Right Defensive Midfield,Defensive Midfield,0.5833333333333334,16.15092592407356,3.4450610226164495,0.8168330805863933,3.014985476894594,1.1348551756966787,2.566311115839025,10.504429431208719,0.33356072034905354,0.2968384392097082,1.5279707655151482,7.131877062733588,0.07529456461475682,0.2,0.9183673469387756,7.910204081632652,67.39766081871345,80.99415204678363,22.514619883040936,0.10527760848512187,54.01734693877551,36.76020408163265,0.2857142857142857,0.1224489795918367,53.51839080459771,36.45977011494253,0,Ball-Winner,0.0884296864245538,True,300.0,0.0,0.0,0.0,0.0,0.0,0.0,39.132653061224495,38.36734693877552,40.91836734693878
Poland,31955,266,5,1,286.3024976204074,207.0150770988007,6,3,55,274.6,1,35,11,5,4,6,7,1,1,5,0,1,1,2,253.63333333333333,375.0,59,36,8,5,16,4,4,51,0,0,36,56,0.26249409,Jakub Kamiński,Right Midfield,Central/Wide Midfield,0.2,14.573989157268892,4.81352031575626,1.1787965138542744,3.7875370634738648,2.184066746799118,0.5436077249470727,5.241951306773858,0.9192277551480769,1.525735718123023,0.6788173329134207,11.854735922317857,0.09781648737508208,0.1428571428571428,0.5932203389830508,6.3559322033898304,20.76023391812865,59.94152046783626,91.52046783625732,0.10725682200839784,72.38983050847457,57.56440677966102,0.2203389830508474,0.1694915254237288,84.2,55.364,3,Progressive Winger,0.0945635488237613,True,300.0,0.0,0.0,0.0,0.0,0.0,0.0,40.567567567567565,39.5945945945946,42.83783783783784
Poland,44166,567,7,4,139.4685897961436,106.9556323082704,5,1,140,523.9,14,169,4,0,1,0,6,2,11,1,0,4,0,0,376.7,2794.7,201,15,16,55,7,1,0,9,6,0,34,13,0.12449861,Jakub Piotr Kiwior,Left Center Back,Center Back,0.5714285714285714,4.5394212901513145,1.6724183700557471,0.2389169100079639,3.822670560127423,0.0,3.3448367401114947,13.140430050438017,0.0,0.0,0.9556676400318556,8.123174940270772,0.0297448232014865,0.3333333333333333,0.8407960199004975,13.903980099502489,65.78947368421053,11.988304093567251,10.526315789473683,0.079439540483143,38.30049751243781,26.348756218905475,0.2736318407960199,0.0298507462686567,35.59595375722544,26.342196531791902,1,Deep Playmaker,0.079439540483143,False,300.0,0.0,0.0,0.0,0.0,0.0,0.0,39.54,40.1,38.233333333333334
Portugal,3193,911,8,1,348.73343356897203,201.81822754735185,3,3,238,1035.7,1,259,27,4,1,5,14,4,23,2,0,2,1,5,382.1,1593.6,292,57,41,40,21,1,1,88,6,0,41,98,0.10927713,Bernardo Mota Veiga de Carvalho e Silva,Right Center Midfield,Central/Wide Midfield,0.125,14.603506935357236,4.9463491232661605,0.2355404344412457,9.657157812091077,1.1777021722062286,0.2355404344412457,9.421617377649827,1.1777021722062286,0.9421617377649828,0.4710808688824914,9.657157812091077,0.0257391826746924,0.2857142857142857,0.886986301369863,5.457534246575342,15.204678362573098,72.51461988304094,83.33333333333334,0.09169050431824122,67.2904109589041,38.09006849315068,0.160958904109589,0.1095890410958904,67.00220588235294,37.70955882352941,0,Ball-Winner,0.0916905043182412,False,300.0,0.0,0.0,0.0,0.0,0.0,0.0,62.18918918918919,62.432432432432435,61.62162162162163
Portugal,5204,768,14,3,282.62307120734346,198.39636286372132,9,14,184,594.5000000000001,4,186,20,5,4,6,17,5,25,4,2,1,1,9,384.95,1796.9,231,62,15,49,14,8,3,78,29,5,57,87,1.0313368613,Bruno Miguel Borges Fernandes,Center Attacking Midfield,Attacking Midfield/Wing,0.2142857142857142,15.196778802441877,3.27315235744902,1.870372775685154,3.506948954409664,1.4027795817638655,0.935186387842577,11.456033251071569,2.1041693726457984,1.1689829848032212,0.2337965969606442,13.326406026756722,0.2411230484920119,0.2941176470588235,0.8051948051948052,7.778787878787879,22.514619883040936,75.43859649122807,46.78362573099415,0.30284535008962205,74.77359307359308,49.96623376623377,0.2164502164502164,0.0995670995670995,73.43636363636364,49.24285714285715,3,Progressive Winger,0.3028453500896221,False,300.0,0.0,0.0,0.0,0.0,0.0,0.0,63.78571428571428,64.48979591836734,62.142857142857146
Portugal,5206,766,15,11,160.22856272155724,129.64146202845413,1,0,216,560.5,15,246,13,0,1,0,10,5,14,4,0,3,2,0,392.4166666666666,2486.0,266,17,10,85,13,1,0,31,2,0,22,40,0.03750256,Rúben Santos Gato Alves Dias,Left Center Back,Center Back,0.7333333333333333,4.586961138245912,2.981524739859843,0.2293480569122956,2.293480569122956,0.0,3.4402208536844343,19.49458483754513,0.0,0.0,0.6880441707368868,5.045657252070503,0.0086011392652367,0.5,0.924812030075188,9.345864661654137,85.67251461988305,12.280701754385964,39.76608187134503,0.08474469416011886,42.69323308270677,32.428195488721805,0.2218045112781954,0.075187969924812,40.86143497757848,32.73228699551569,2,Sweeper CB,0.0847446941601189,False,300.0,0.0,0.0,0.0,0.0,0.0,0.0,48.46666666666666,48.46666666666666,48.46666666666667
Portugal,5207,347,10,5,406.6535639134577,192.8767565526912,4,3,66,191.9,1,67,9,3,0,3,5,0,2,2,1,0,0,4,302.8,310.5,90,21,7,5,5,11,0,47,1,1,33,55,1.939259267,Cristiano Ronaldo dos Santos Aveiro,Center Forward,Forward,0.5,6.241743725231175,1.486129458388375,3.269484808454425,2.080581241743725,0.8916776750330251,0.297225891677675,1.486129458388375,1.1889035667107002,0.8916776750330251,0.0,9.808454425363276,0.5763980648282694,0.0,0.7444444444444445,3.45,51.90058479532164,17.251461988304094,6.140350877192982,0.5868009710369881,75.09,34.571111111111115,0.1,0.1444444444444444,81.13071428571428,36.24142857142857,4,Target Forward,0.5868009710369881,False,300.0,0.0,0.0,0.0,0.0,0.0,0.0,70.91428571428571,70.35714285714286,72.21428571428572
Portugal,5209,514,3,2,261.8062437350168,40.16022215679284,5,5,120,551.2000000000002,3,163,10,12,3,1,3,1,10,2,1,2,2,6,303.6166666666667,1013.6,191,26,22,36,8,3,0,40,2,0,31,47,0.399528818,Raphaël Adelino José Guerreiro,Left Back,Fullback/Wingback,0.6666666666666666,8.299939616841412,2.3714113190975463,0.8892792446615798,6.521381127518252,0.2964264148871933,0.8892792446615798,10.67135093593896,1.7785584893231596,3.5571169786463197,0.5928528297743866,9.189218861502992,0.1184308951638579,0.3333333333333333,0.8534031413612565,5.306806282722513,78.65497076023392,28.07017543859649,25.146198830409357,0.19016608756655867,68.56596858638744,9.29738219895288,0.1623036649214659,0.1047120418848167,69.59867549668874,10.195364238410596,6,Wide Creator,0.1901660875665587,False,300.0,0.0,0.0,0.0,0.0,0.0,0.0,51.17692307692308,52.307692307692314,48.53846153846154
Portugal,5214,517,7,5,230.21515180884992,157.04495949100107,3,0,140,196.0,6,153,10,0,1,1,7,3,11,4,0,2,2,0,236.2333333333333,1200.3,165,38,5,43,5,1,1,38,3,1,14,43,0.048683427,William Silva de Carvalho,Center Defensive Midfield,Defensive Midfield,0.7142857142857143,15.425690025048407,3.301529874861552,0.6547587693193176,2.7005825957873353,0.639349864727671,1.9130678953285338,13.935289923559198,0.3359141200978953,0.29893274907794354,1.0352390369073263,7.517869979164263,0.061031695769339714,0.4285714285714285,0.9272727272727272,7.274545454545454,83.47953216374269,75.73099415204678,15.204678362573098,0.10084398085127733,56.34666666666667,40.35333333333333,0.206060606060606,0.1151515151515151,57.12080536912752,40.29530201342282,0,Ball-Winner,0.0806469949061662,True,300.0,0.0,0.0,0.0,0.0,0.0,0.0,49.0,48.57142857142858,50.000000000000014
Portugal,7005,808,14,13,264.9940716280218,164.71158926087594,9,8,226,637.6,11,224,15,10,1,12,10,4,14,2,0,3,3,1,344.54999999999995,1731.5,269,20,15,47,22,2,6,75,12,1,53,93,0.054823571,João Pedro Cavaco Cancelo,Right Back,Fullback/Wingback,0.9285714285714286,6.007836308228124,5.7466260339573365,0.522420548541576,3.91815411406182,3.1345232912494563,2.8733130169786683,12.276882890727038,0.261210274270788,2.61210274270788,0.7836308228123641,13.844144536351765,0.014320480017414,0.4,0.8327137546468402,6.436802973977695,97.6608187134503,16.666666666666664,92.39766081871343,0.052979600609490654,66.30557620817844,39.659107806691445,0.2044609665427509,0.1003717472118959,69.00226244343891,41.66108597285068,6,Wide Creator,0.0529796006094906,False,300.0,0.0,0.0,0.0,0.0,0.0,0.0,57.53846153846155,56.3846153846154,60.23076923076923
Portugal,9927,772,8,4,264.2292408219548,207.36559772965865,4,2,212,417.2000000000001,6,238,18,1,8,0,5,1,24,5,0,2,2,3,274.6333333333333,1940.9,259,37,8,61,11,2,0,56,13,0,22,61,0.087037176,Rúben Diogo Da Silva Neves,Center Defensive Midfield,Defensive Midfield,0.5,14.238243252680187,4.020634091124647,0.767625983063975,2.9899804059650137,0.4400035543751983,1.7852267087505147,15.82325013053523,0.7833314258376264,0.43557811557612847,0.9660589585665155,8.268459559998579,0.06296026522079982,0.2,0.918918918918919,7.493822393822393,51.90058479532164,57.01754385964912,56.14035087719298,0.12217708114619098,55.1972972972973,41.245173745173744,0.2046332046332046,0.1081081081081081,55.05364806866953,40.404721030042914,0,Ball-Winner,0.1179876653962859,True,300.0,0.0,0.0,0.0,0.0,0.0,0.0,50.04081632653061,49.48979591836735,51.3265306122449
Portugal,11184,423,6,5,193.9953366576023,106.94960606206776,1,7,104,310.1,1,101,22,4,3,2,8,6,7,6,0,0,0,4,197.36666666666667,1056.0,131,45,9,19,8,3,0,62,0,2,35,70,0.1035403,Otávio Edmilson da Silva Monteiro,Left Center Midfield,Central/Wide Midfield,0.8333333333333334,17.851309289798206,3.910445608497803,1.1311997385299675,4.396970919324269,1.7073362775676264,0.6051056030859815,8.368311055171034,1.385125245308921,1.5173878789829964,0.5746583394115009,13.014899063988828,0.08011921491942485,0.75,0.7709923664122137,8.061068702290076,94.73684210526316,95.6140350877193,57.30994152046783,0.10877346869006496,67.05343511450381,35.65801526717557,0.2137404580152671,0.183206106870229,65.4344537815126,36.48319327731093,0,Ball-Winner,0.0896231734504306,True,300.0,0.0,0.0,0.0,0.0,0.0,0.0,56.75675675675676,56.35135135135136,57.7027027027027
Portugal,12041,482,6,3,306.0069147955586,100.82839542396208,4,6,125,349.30000000000007,2,94,11,4,4,9,6,3,4,8,1,1,0,3,340.2333333333333,639.5,122,33,12,12,9,11,5,73,3,3,35,81,0.669207472,João Félix Sequeira,Left Wing,Attacking Midfield/Wing,0.5,8.993827765259136,2.3807191143333006,2.9097678064073675,3.1742921524444005,2.3807191143333006,0.5290486920740668,3.1742921524444005,0.7935730381111001,1.0580973841481336,0.2645243460370334,9.258352111296167,0.1770216688938963,0.5,0.7704918032786885,5.241803278688525,51.90058479532164,32.16374269005848,25.438596491228072,0.19315765400215537,74.35409836065574,24.712295081967213,0.1475409836065573,0.1557377049180328,77.55,24.804375,4,Target Forward,0.1931576540021554,False,300.0,0.0,0.0,0.0,0.0,0.0,0.0,34.71428571428571,39.795918367346935,22.857142857142858
Portugal,16028,420,10,6,193.5348958333333,205.4131810897436,10,4,97,291.80000000000007,6,115,13,7,0,4,12,5,8,1,0,3,2,4,269.7833333333333,1167.0,142,25,10,28,6,1,2,43,6,0,31,51,0.036435805,José Diogo Dalot Teixeira,Right Back,Fullback/Wingback,0.6,10.723985654870557,2.7780814386122707,0.4158473753760092,3.448698552495713,1.1270641886515314,2.107104238703179,9.982259158372413,1.0312103029502326,2.1372538359001525,1.0672455315946323,11.257188108986522,0.0252431850616254,0.4166666666666667,0.8098591549295775,8.21830985915493,69.88304093567251,34.50292397660819,17.83625730994152,0.036733320627228824,65.58661971830985,69.27816901408451,0.2394366197183098,0.1267605633802817,70.03421052631579,68.97368421052632,5,Holding Anchor,0.0608607738926299,True,300.0,0.0,0.0,0.0,0.0,0.0,0.0,39.5,39.15384615384615,40.307692307692314
Portugal,20016,851,17,11,174.7371762756262,222.24230055765145,4,1,235,588.6,19,252,11,2,3,1,10,1,22,3,1,3,3,0,389.2833333333333,3510.7,295,18,11,83,18,3,1,44,8,3,45,50,0.33506425,Kléper Laveran Lima Ferreira,Right Center Back,Center Back,0.6470588235294118,4.855075566211415,4.161493342466927,0.6935822237444877,2.5431348203964554,0.2311940745814959,4.392687417048423,19.18910819026416,0.0,0.4623881491629918,0.6935822237444877,10.403733356167317,0.077464869204093,0.1,0.8542372881355932,11.900677966101696,75.73099415204678,13.742690058479532,70.76023391812866,0.14243040416149338,45.238644067796606,56.00677966101695,0.2542372881355932,0.0610169491525423,46.12764227642276,55.08089430894309,2,Sweeper CB,0.1424304041614933,False,300.0,0.0,0.0,0.0,0.0,0.0,0.0,61.633333333333326,61.33333333333333,62.33333333333333
Portugal,32975,350,0,0,46.55059943731581,205.2554156969653,0,0,86,112.4,0,111,2,0,1,0,0,0,4,0,0,0,0,1,489.4,4785.9,159,1,0,71,15,0,0,38,1,0,49,49,0.0,Diogo Meireles Costa,Goalkeeper,Goalkeeper,0.0,0.1838986514098896,2.758479771148345,0.0,0.0,0.0,0.0,13.056804250102166,0.1838986514098896,0.0,0.0,9.011033919084596,0.0,0.0,0.6981132075471698,30.1,7.163742690058479,7.309941520467836,34.21052631578947,0.03696362893338781,10.233333333333333,41.183647798742136,0.559748427672956,0.1257861635220125,9.398863636363636,41.47386363636363,7,Goalkeeper,0.0369636289333878,False,300.0,4.30963945,0.7925368829178586,-0.3108550255414794,1.103391908459338,9.100724637681159,0.5,59.15625,60.00000000000001,57.18749999999999
Qatar,40784,549,2,1,201.46713703049568,95.46357417481065,2,8,143,425.6,0,141,2,6,1,7,1,0,10,2,0,0,0,5,287.4,994.5,166,23,15,31,17,2,3,103,10,1,35,111,0.029100373,Akram Hassan Afif,Left Center Forward,Forward,0.5,10.527671666282906,3.8982865274644505,1.4127358626732942,3.4873190376211594,1.9610479741889104,0.3919963198030448,6.139153815353657,1.1537286498780968,1.346145850806307,0.15679852792121793,10.67198728917573,0.18507679247418488,0.0,0.8493975903614458,5.990963855421687,51.90058479532164,22.807017543859647,89.18128654970761,0.2383895947044178,68.11746987951807,34.19759036144578,0.1746987951807229,0.1867469879518072,66.82606382978723,31.539361702127657,3,Progressive Winger,0.0636013694154488,True,300.0,0.0,0.0,0.0,0.0,0.0,0.0,26.028571428571425,25.21428571428571,27.928571428571423
Qatar,124488,318,4,0,178.76725340014315,124.2547866857552,2,2,73,301.7,2,63,17,3,5,6,6,2,5,4,0,1,1,2,209.0833333333333,547.1,77,50,11,14,11,1,2,31,1,0,24,36,0.015712837,Hassan Khalid Al Heidos,Left Center Midfield,Central/Wide Midfield,0.0,18.67797583323484,4.35081086425901,0.7515882336621802,4.649350341282529,2.3751949319094163,0.7679673074903214,7.291770781090655,0.9996695881652913,1.3056765128371448,0.7382207943924706,10.770686458260096,0.06274838145115327,0.3333333333333333,0.8181818181818182,7.105194805194805,7.163742690058479,97.6608187134503,79.82456140350878,0.07849529538880692,63.55324675324676,41.82727272727273,0.2077922077922078,0.0519480519480519,64.76590909090909,43.35227272727273,0,Ball-Winner,0.0381864742766042,True,300.0,0.0,0.0,0.0,0.0,0.0,0.0,50.16216216216216,49.5945945945946,51.486486486486484
Qatar,124492,342,13,9,160.56181033670038,138.37350959219674,3,0,87,215.1,4,94,7,0,2,2,5,1,14,3,0,0,0,0,195.86666666666665,698.9,107,29,7,31,7,0,1,41,5,0,20,49,0.0,Karim Boudiaf,Center Defensive Midfield,Defensive Midfield,0.6923076923076923,14.684933815068145,3.933295986615877,0.5265598495590121,3.283427817856337,0.8728973698490213,1.7058028523897637,12.891705364365206,0.3632596430502045,0.3232677557419251,0.7565132015816186,9.218874318016638,0.057163998181054596,0.2,0.8785046728971962,6.531775700934579,82.01754385964912,61.98830409356725,45.32163742690059,0.08722708386726055,55.70560747663552,46.185981308411215,0.2242990654205607,0.1401869158878504,59.18163265306123,46.66224489795918,0,Ball-Winner,0.0482471068754254,True,300.0,0.0,0.0,0.0,0.0,0.0,0.0,37.80612244897959,35.816326530612244,42.44897959183674
Qatar,124493,573,11,6,103.27277121500624,122.96882110439428,8,2,146,478.6,22,167,7,1,1,1,9,4,3,1,0,3,2,0,287.4,2219.3,194,17,12,62,16,0,0,34,5,0,29,40,0.0,Boualem Khoukhi,Center Back,Center Back,0.5454545454545454,7.0098244403889325,3.855954421752396,0.20680464998383924,4.190788933278019,0.2683088524171731,5.483790549297508,18.08817630366423,0.09351166781877947,0.23054452502881986,1.0674785476657849,8.142415282243688,0.027743325549281793,0.4444444444444444,0.8608247422680413,11.439690721649486,59.7953216374269,17.543859649122805,85.08771929824562,0.077288341825144,34.91804123711341,40.40721649484536,0.2525773195876288,0.0927835051546391,35.46624203821656,41.343312101910826,2,Sweeper CB,0.0726513569937369,True,300.0,0.0,0.0,0.0,0.0,0.0,0.0,47.86,47.50000000000001,48.699999999999996
Qatar,124494,513,6,3,135.64351493140722,49.431175604713,9,1,132,863.4,7,125,8,3,3,3,9,3,10,2,0,3,2,1,287.4,1822.2000000000005,158,29,34,41,10,6,2,58,17,0,34,63,0.2749146245,Abdelkarim Hassan Al Haj Fadlalla,Left Center Back,Center Back,0.5,8.848435267763804,2.93664900806496,1.1261100636712755,7.561575450131952,0.5747439903129852,3.1855270150789172,14.870607355758203,0.2467292367666855,0.5369796629246318,1.0674785476657849,8.908503126983218,0.06986507598339824,0.3333333333333333,0.7911392405063291,11.532911392405063,51.90058479532164,38.30409356725146,42.10526315789473,0.13280570014397836,46.314556962025314,14.49620253164557,0.2594936708860759,0.1329113924050632,46.073103448275866,15.577241379310344,2,Sweeper CB,0.1546705504697286,True,300.0,0.0,0.0,0.0,0.0,0.0,0.0,50.62,51.4,48.8
Qatar,124495,259,13,2,209.39311325147665,134.22455701786637,3,0,42,76.89999999999996,1,36,13,0,2,4,14,1,1,2,0,0,0,0,231.4,144.40000000000003,46,42,4,3,6,3,3,36,1,0,19,41,0.483816448,Almoez Ali Zainalabiddin Abdulla,Right Center Forward,Forward,0.1538461538461538,14.855013806500903,2.446092409169398,1.7309767514758996,1.9918163392899304,1.6596153181004252,0.6026696241104789,2.0439197424515205,0.4284911722589273,0.4718217402401671,0.1733222719249594,9.086799649344794,0.28159306482750507,0.0714285714285714,0.782608695652174,3.139130434782609,16.95906432748538,79.23976608187134,24.269005847953213,0.332427146560239,63.59347826086957,45.20869565217391,0.108695652173913,0.2391304347826087,74.72244897959183,45.25816326530612,4,Target Forward,0.1827289555747623,True,300.0,0.0,0.0,0.0,0.0,0.0,0.0,33.671428571428564,33.285714285714285,34.57142857142857
Qatar,124506,357,3,2,146.30851910753103,197.2386724006512,4,2,81,252.9,2,83,12,3,1,3,9,4,5,4,0,6,2,0,273.6,1639.9,115,28,7,18,10,2,2,35,4,1,38,48,0.037067295,Pedro Miguel Correia,Right Center Back,Center Back,0.6666666666666666,9.688931095335528,3.007300605539326,0.5255876070441199,3.5070945247690166,0.5885715130924817,2.4776474348977615,11.619586403020167,0.09576142551734843,0.5498986297104755,1.5638718600050243,9.750444101795575,0.034226788663961165,0.4444444444444444,0.7217391304347827,14.260000000000002,78.65497076023392,49.41520467836257,47.368421052631575,0.04459556225624159,48.99739130434782,67.11652173913043,0.3130434782608696,0.1391304347826087,52.869072164948456,66.73505154639176,1,Deep Playmaker,0.0217326628289473,True,300.0,0.0,0.0,0.0,0.0,0.0,0.0,56.06666666666666,56.06666666666666,56.06666666666666
Qatar,124510,131,0,0,19.962841864018337,83.40229182582124,0,0,29,65.89999999999999,0,44,0,0,0,0,0,0,0,0,0,0,0,1,192.0833333333333,1467.9,63,0,2,16,7,0,0,14,1,0,19,15,0.0,Meshaal Aissa Barsham,Goalkeeper,Goalkeeper,0.0,0.04609709310260721,3.6404421236697466,0.0,0.8221529236633135,0.013829127930782163,0.018438837241042883,10.30186851199717,0.19211526959427253,0.004609709310260721,0.0,8.20458292082877,0.0,0.0,0.6984126984126984,23.3,7.163742690058479,3.508771929824561,47.07602339181287,-0.0192408064105902,11.507936507936508,40.855555555555554,0.5238095238095238,0.0793650793650793,12.641935483870968,43.97741935483871,7,Goalkeeper,0.0220216919739696,True,300.0,1.656528842,0.7761610192451194,-1.5665721694750545,1.4056399132321045,9.874846625766871,0.8,27.109375,23.125,36.40625000000001
Qatar,124514,296,3,1,182.44567878116013,132.32974367809206,1,0,75,247.5,0,72,10,0,2,1,3,1,4,4,0,2,2,1,207.5,629.9000000000001,91,20,8,16,2,1,1,48,2,0,21,54,0.024495702,Abdulaziz Hatem Mohammed Abdullah,Left Center Midfield,Central/Wide Midfield,0.3333333333333333,13.238711718428837,2.7683257093199165,0.7539330902204037,4.131835999161735,1.4959057206953401,0.41568346165162107,7.669199951015238,0.8254485244830482,0.7777303476062588,0.9178638477739904,10.272269880707869,0.06450170057226523,0.3333333333333333,0.7912087912087912,6.921978021978023,33.47953216374269,35.96491228070175,2.631578947368421,0.07912240353355333,59.14725274725274,39.25164835164836,0.1648351648351648,0.1978021978021978,59.56262626262626,40.9050505050505,0,Ball-Winner,0.0388174129156626,True,300.0,0.0,0.0,0.0,0.0,0.0,0.0,24.45945945945946,22.432432432432435,29.18918918918919
Qatar,124900,317,7,5,194.3077027727344,29.21662937554587,0,1,73,304.4,2,77,8,4,2,6,5,2,2,5,0,2,1,2,273.5,563.5,103,30,14,10,7,0,3,47,3,0,30,56,0.0,Homam Alamin Ahmed,Left Wing Back,Fullback/Wingback,0.7142857142857143,11.282211496165642,2.917008722517806,0.2562212793368099,4.054073159377244,1.4336223021630312,1.4657242838868232,7.0928071446462555,0.7106651155756931,1.6526096160394799,0.9033979363157714,11.027302815516483,0.01936168034588165,0.4,0.7475728155339806,5.470873786407767,83.47953216374269,42.39766081871345,23.684210526315788,0.008650459384050957,65.83203883495146,7.694174757281553,0.1359223300970873,0.145631067961165,71.25862068965517,9.77471264367816,6,Wide Creator,0.0184277879341864,True,300.0,0.0,0.0,0.0,0.0,0.0,0.0,27.999999999999996,26.846153846153843,30.692307692307697
Saudi Arabia,5187,451,2,1,217.9854887749034,74.22242082961641,4,8,112,452.6,1,92,12,3,2,7,8,2,10,3,2,0,0,6,298.54999999999995,679.0,117,42,14,19,15,7,5,65,3,0,38,72,1.564055345,Salem Mohammed Al Dawsari,Left Midfield,Central/Wide Midfield,0.5,14.382501373490328,4.30193851387496,1.5414268537078857,4.40549121973867,2.1705323753285195,0.5028140619634077,6.953669660245984,1.4517001523267012,1.110513994503678,0.4775138296638546,11.26585408814509,0.286183244357906,0.25,0.7863247863247863,5.803418803418803,51.90058479532164,58.77192982456141,77.046783625731,0.3920100085915059,77.71709401709401,24.594017094017094,0.1965811965811965,0.1367521367521367,76.32573529411764,21.94779411764706,3,Progressive Winger,0.5112878280020098,True,300.0,0.0,0.0,0.0,0.0,0.0,0.0,64.49999999999999,64.05405405405405,65.54054054054053
Saudi Arabia,5713,495,16,9,192.01446898538416,135.36299989070756,4,2,110,328.6,10,118,11,0,1,8,13,2,7,8,0,2,0,0,298.54999999999995,1176.8,145,36,11,38,16,6,5,62,6,0,33,75,0.319447288,Mohammed Kanoo,Left Center Midfield,Central/Wide Midfield,0.5625,13.630684482670846,4.452301892038856,1.3910634755439895,3.9544010852469818,2.3208957534924157,1.8560844654384727,9.810573845360011,0.5495198833433247,0.6594238600119896,0.7782405859916468,10.51403719732561,0.09903977241738303,0.1538461538461538,0.8137931034482758,8.115862068965518,64.03508771929825,47.368421052631575,81.28654970760235,0.13123598623509267,65.31931034482758,47.59517241379311,0.2413793103448276,0.1862068965517241,68.7944055944056,47.45104895104895,0,Ball-Winner,0.1333788508457545,True,300.0,0.0,0.0,0.0,0.0,0.0,0.0,56.229729729729726,55.94594594594595,56.89189189189189
Saudi Arabia,5714,169,0,0,30.27666204345816,120.10619888202412,0,0,31,53.900000000000006,0,53,0,0,1,0,0,0,2,0,0,0,0,0,298.54999999999995,3983.0,98,1,1,29,15,0,0,5,7,0,45,7,0.0,Mohammed Khalil Al Owais,Goalkeeper,Goalkeeper,0.0,0.1882609827598496,4.19580802777126,0.0,0.5255496636638357,0.011369281378786048,0.015159041838381395,10.424154702105547,0.007579520919190698,0.003789760459595349,0.0,10.654646248920152,0.0,0.0,0.5408163265306123,40.642857142857146,7.163742690058479,8.187134502923977,77.046783625731,-0.030403549503924182,12.494897959183673,39.47653061224489,0.673469387755102,0.0204081632653061,13.129166666666668,42.44583333333333,7,Goalkeeper,0.0087422542287724,True,300.0,3.820221639,1.1516327164963995,-0.3556524953609111,2.713113381343159,9.949586776859505,0.0,47.9609375,45.3125,54.140625
Saudi Arabia,5715,254,6,3,121.86512312549328,55.572633780584056,2,0,59,310.29999999999995,7,71,4,0,1,0,8,4,2,1,0,2,1,0,236.95,843.8,89,16,13,20,7,0,0,14,2,0,20,18,0.0,Ali Albulayhi,Left Center Back,Center Back,0.5,7.500830386971708,2.709726468642066,0.2262353131585942,4.752154612920212,0.12590486993173938,3.4848283241593365,12.74791835510265,0.10229770681953823,0.08459233448538739,1.0001618379716584,7.398928646596408,0.030349994278141584,0.5,0.797752808988764,9.480898876404494,51.90058479532164,23.391812865497077,31.28654970760234,0.05572585103546272,42.3752808988764,18.579775280898875,0.2134831460674157,0.1123595505617977,37.5046875,23.371875,2,Sweeper CB,0.0315256383203207,True,300.0,0.0,0.0,0.0,0.0,0.0,0.0,28.52,28.400000000000002,28.800000000000004
Saudi Arabia,51094,297,17,12,135.26503959012575,177.89716581276198,6,0,65,390.00000000000006,17,76,9,1,2,0,8,1,12,4,0,4,3,0,210.81666666666663,1908.0,101,16,12,41,14,1,0,13,10,0,26,18,0.037819926,Abdulelah Al Amri,Right Center Back,Center Back,0.7058823529411765,8.060760630920015,4.081675018442411,0.413997947209711,4.819085946179337,0.13234615141084044,5.424996382245469,17.100058261161607,0.10753124802130784,0.2651085268725155,1.4037069377119293,8.834587888916328,0.038566131555968795,0.125,0.7524752475247525,18.89108910891089,82.7485380116959,29.53216374269006,94.15204678362574,0.08870674781578451,45.11782178217821,59.14653465346535,0.5247524752475248,0.099009900990099,43.859375,57.70625,1,Deep Playmaker,0.0827439007352359,True,300.0,0.0,0.0,0.0,0.0,0.0,0.0,66.64666666666668,66.86666666666667,66.13333333333333
Saudi Arabia,51099,306,16,6,225.7176896588108,163.5221782586592,3,4,59,347.30000000000007,2,46,11,0,2,5,13,0,0,2,0,2,1,1,283.1333333333333,305.29999999999995,69,30,11,5,10,2,2,55,1,0,32,66,0.124001969,Firas Tariq Nasser Al Albirakan,Right Midfield,Central/Wide Midfield,0.375,13.065015771869158,3.643978445432475,0.810485383480373,4.058946100790981,1.9192388588994258,0.6704459073765824,4.976767420498857,0.7183865202500519,0.6768574678349887,0.7988154271383906,10.637664852736783,0.07149338699626948,0.0,0.6666666666666666,4.424637681159419,36.84210526315789,39.47368421052632,43.85964912280701,0.07003108262830866,82.66521739130434,54.2463768115942,0.1159420289855072,0.3043478260869565,82.7009090909091,55.197272727272725,4,Target Forward,0.041959655792324,True,300.0,0.0,0.0,0.0,0.0,0.0,0.0,19.0,18.513513513513516,20.135135135135137
Saudi Arabia,51469,259,15,7,242.04271823681933,117.76585998271392,5,2,44,154.40000000000006,1,32,17,1,0,5,11,3,3,7,1,1,1,1,223.4,194.79999999999995,46,51,6,3,7,3,2,47,2,0,23,57,0.1470303379999999,Saleh Khalid Al Shehri,Center Forward,Forward,0.4666666666666667,16.801594071025182,2.655432759328655,1.7574341722091955,2.3661658439026922,1.8569346198673402,0.6118812347197334,2.075160395756091,0.6069931389728582,0.650986000694736,0.34792406438846657,9.913498917962979,0.22798587074768092,0.2727272727272727,0.6956521739130435,4.234782608695651,46.345029239766085,95.32163742690058,35.67251461988304,0.26189126033575905,76.0391304347826,43.26739130434783,0.1304347826086956,0.3260869565217391,86.77142857142857,38.385714285714286,4,Target Forward,0.0596362149507609,True,300.0,0.0,0.0,0.0,0.0,0.0,0.0,34.128571428571426,32.714285714285715,37.42857142857143
Saudi Arabia,51546,162,3,0,70.68313287514319,88.92647479954181,5,0,31,112.5,6,37,6,0,0,0,9,4,3,2,0,6,4,0,201.46666666666664,714.6,49,18,5,12,4,0,0,9,1,0,12,13,0.0,Hassan Mohammed Al-Tambakti,Right Center Back,Center Back,0.0,9.646844342497593,2.3630436599388944,0.2422435218037234,3.652624473692186,0.13481378604728958,3.5519381188328025,12.214161315020675,0.10953620116342275,0.09057801250052266,1.7888265731830937,6.486681873417858,0.03249753275920259,0.4444444444444444,0.7551020408163265,14.583673469387756,7.163742690058479,55.26315789473685,11.695906432748536,0.05603618486576421,41.587755102040816,48.85918367346939,0.3877551020408163,0.1224489795918367,40.07647058823529,49.25,1,Deep Playmaker,0.0227829252150893,True,300.0,0.0,0.0,0.0,0.0,0.0,0.0,35.1,34.400000000000006,36.733333333333334
Saudi Arabia,51710,388,10,3,195.4050974451053,122.64316738675046,6,9,84,437.1,8,91,12,8,1,4,12,1,11,7,0,4,3,2,298.54999999999995,1076.0,119,38,13,32,12,1,3,38,1,0,34,42,0.005913877,Saud Abdullah Abdul Hamid,Right Back,Fullback/Wingback,0.3,12.313671862085032,3.546745472164333,0.3958615048027073,3.734042196813715,1.0728968177938325,2.3065623202891876,10.10395939763533,0.6809229701489601,2.1848995318664137,1.1663164589041766,11.16725113139872,0.019440602469907486,0.0833333333333333,0.7647058823529411,9.042016806722687,30.116959064327485,56.14035087719298,56.72514619883041,0.023817458278578063,71.85378151260504,42.66974789915966,0.3109243697478991,0.0840336134453781,75.89803921568628,43.84117647058824,5,Holding Anchor,0.0430823946742589,True,300.0,0.0,0.0,0.0,0.0,0.0,0.0,45.98461538461538,47.0,43.61538461538462
Saudi Arabia,56755,276,3,1,110.19461992046442,73.11623622983043,5,0,57,58.70000000000002,5,71,12,1,4,0,3,0,6,8,0,3,2,0,188.76666666666665,697.9,86,37,1,18,11,2,0,23,3,0,19,26,0.13939861,Abdulelah Saad Hameed Al-Malki,Center Defensive Midfield,Defensive Midfield,0.3333333333333333,16.923758810131197,4.726980228936629,0.9024827335497418,2.226302408677001,0.5173035036400494,1.914718900098897,10.685194639589229,0.36853648298539465,0.5121006024972297,1.3199134138121913,9.168654051341166,0.08366281688204107,0.0,0.8255813953488372,8.115116279069767,33.47953216374269,89.47368421052632,87.71929824561403,0.10909622467115902,56.35232558139535,38.740697674418605,0.2325581395348837,0.1162790697674418,57.71791044776119,37.56716417910448,0,Ball-Winner,0.0869638437224086,True,300.0,0.0,0.0,0.0,0.0,0.0,0.0,46.44897959183673,46.63265306122449,46.0204081632653
Senegal,2941,443,16,8,324.33317306267,111.9579344079728,4,10,102,537.1999999999999,1,57,15,7,2,13,13,4,1,3,1,3,1,6,365.2,508.9,81,51,18,9,16,10,9,95,1,0,42,109,1.848790219,Ismaïla Sarr,Left Wing,Attacking Midfield/Wing,0.5,13.307776560788607,3.9430449069003286,2.464403066812705,4.43592552026287,3.203723986856517,0.2464403066812705,2.217962760131435,1.4786418400876231,1.7250821467688937,0.7393209200438117,10.350492880613364,0.4556164285596933,0.3076923076923077,0.7037037037037037,6.282716049382715,51.90058479532164,61.69590643274854,65.78947368421053,0.4807533398411829,83.98765432098766,26.39012345679012,0.1481481481481481,0.2469135802469135,83.98108108108109,25.544594594594592,3,Progressive Winger,0.4807533398411829,False,300.0,0.0,0.0,0.0,0.0,0.0,0.0,69.75510204081631,69.3877551020408,70.61224489795919
Senegal,3404,688,7,3,245.19490872500603,273.4761893198884,5,8,169,743.4,15,192,11,8,1,4,8,2,14,3,0,4,3,8,387.2833333333333,1778.1,222,47,31,46,26,2,3,74,4,1,39,78,0.0178921875,Youssouf Sabaly,Right Back,Fullback/Wingback,0.4285714285714285,11.851788096570129,6.042088049231829,0.4647760037870638,7.204028058699488,0.9295520075741276,3.485820028402978,10.689848087102469,1.8591040151482552,1.8591040151482552,0.9295520075741276,9.063132073847743,0.0041579297026294,0.25,0.8648648648648649,8.009459459459459,42.251461988304094,49.707602339181285,95.02923976608189,0.08014880632181434,65.41531531531533,70.50765765765766,0.2207207207207207,0.09009009009009,67.05828877005348,69.64973262032086,5,Holding Anchor,0.0801488063218143,False,300.0,0.0,0.0,0.0,0.0,0.0,0.0,67.36153846153846,66.92307692307693,68.38461538461537
Senegal,3436,465,7,2,213.89447580716924,108.1387999562696,7,2,107,251.00000000000009,2,106,11,6,1,2,7,2,14,3,0,4,2,1,293.0833333333333,711.0999999999999,131,67,8,20,18,4,1,60,2,0,34,67,0.332398158,Idrissa Gana Gueye,Center Attacking Midfield,Attacking Midfield/Wing,0.2857142857142857,18.043309292724025,4.565217366917921,1.6240739850475525,3.457546104888698,1.6645865413262615,0.5547764269202192,5.556738474979062,0.8517373831796787,1.8049251712649275,0.971948365261792,11.375610509298522,0.1759769113764738,0.2857142857142857,0.8091603053435115,5.42824427480916,29.093567251461987,96.78362573099416,90.93567251461988,0.21649571260015082,75.39999999999999,32.28854961832061,0.183206106870229,0.1908396946564885,75.97586206896553,35.0551724137931,0,Ball-Winner,0.1201905062951379,True,300.0,0.0,0.0,0.0,0.0,0.0,0.0,45.80612244897959,45.102040816326536,47.44897959183674
Senegal,4506,487,2,0,235.34257585884157,165.03192987196408,5,2,116,284.2,4,145,16,0,1,3,6,2,9,5,0,1,1,1,294.3666666666667,1201.8,162,39,10,32,17,2,2,28,15,0,18,32,0.0933705079999999,Nampalys Mendy,Left Defensive Midfield,Defensive Midfield,0.0,14.219789996800726,4.795676692103515,0.7421403354853829,3.193554608178502,0.8796602138900815,1.4231127380489106,10.90667988336587,0.45448098536340314,0.2696949769736346,0.782563534671536,7.388254969144496,0.06182895006120621,0.3333333333333333,0.8950617283950617,7.4185185185185185,7.163742690058479,57.60233918128655,87.13450292397661,0.089353279454483,60.660493827160494,41.02962962962963,0.1975308641975308,0.0617283950617283,63.01846153846154,41.54307692307693,0,Ball-Winner,0.0710452238251613,True,300.0,0.0,0.0,0.0,0.0,0.0,0.0,39.785714285714285,40.0,39.28571428571429
Senegal,5675,600,15,12,149.65539781629457,214.2882941310876,7,0,141,429.3,37,152,11,0,5,1,13,7,12,3,1,6,4,1,387.2833333333333,3183.5,196,34,12,69,20,1,1,34,9,0,46,42,0.23427999,Kalidou Koulibaly,Right Center Back,Center Back,0.8,9.295520075741276,4.647760037870638,0.2323880018935319,2.7886560227223827,0.2323880018935319,8.59835607006068,16.0347721306537,0.2323880018935319,0.0,1.394328011361191,10.689848087102469,0.0544438587597366,0.5384615384615384,0.7755102040816326,16.242346938775512,92.2514619883041,33.62573099415205,78.94736842105263,0.11184369522743898,39.83826530612245,54.30255102040816,0.4030612244897959,0.0918367346938775,37.94097222222222,54.77638888888889,1,Deep Playmaker,0.111843695227439,False,300.0,0.0,0.0,0.0,0.0,0.0,0.0,81.23333333333332,80.23333333333333,83.56666666666666
Senegal,7379,246,0,0,40.56751713564213,160.57221951659454,1,0,53,116.6,0,90,0,0,0,0,0,0,5,0,0,0,0,0,387.2833333333333,3192.9,117,0,3,43,16,0,0,17,6,0,27,22,0.0,Edouard Mendy,Goalkeeper,Goalkeeper,0.0,0.0,3.7182080302965104,0.0,0.6971640056805957,0.0,0.0,9.99268408142187,0.0,0.0,0.0,6.274476051125361,0.0,0.0,0.7692307692307693,27.28974358974359,7.163742690058479,3.508771929824561,59.356725146198826,0.029513276240478545,11.398290598290597,41.01794871794872,0.5470085470085471,0.0769230769230769,11.73728813559322,41.03050847457627,7,Goalkeeper,0.0295132762404785,False,300.0,2.624982299,0.6100143914704996,-1.0167016217842235,1.3943280113611913,10.035785953177257,0.4444444444444444,50.0625,53.43750000000001,42.1875
Senegal,8553,520,12,7,173.41007892625998,77.33777138191668,5,1,130,607.9000000000001,13,142,11,2,1,0,8,2,14,4,0,1,1,1,348.5833333333333,2988.4,183,25,21,67,3,1,0,27,9,0,45,34,0.035411544,Abdou Diallo,Left Center Back,Center Back,0.5833333333333334,6.712885488883577,0.7745637102557973,0.2581879034185991,5.421945971790581,0.0,3.3564427444417886,17.29858952904614,0.2581879034185991,0.5163758068371982,0.2581879034185991,11.61845565383696,0.0091428323021754,0.25,0.7759562841530054,16.330054644808744,67.39766081871345,20.46783625730994,1.461988304093567,0.07575531138417396,45.53224043715847,17.639890710382513,0.4098360655737705,0.087431693989071,44.1744966442953,19.806711409395973,1,Deep Playmaker,0.075755311384174,False,300.0,0.0,0.0,0.0,0.0,0.0,0.0,41.92666666666666,42.36666666666667,40.9
Senegal,20611,285,11,4,333.82432237696344,153.83991940694096,3,1,57,208.4,3,39,9,1,1,6,7,0,1,4,1,1,1,1,330.05,115.0,53,31,9,2,8,8,4,66,0,1,28,71,0.6622403509999999,Boulaye Dia,Center Attacking Midfield,Attacking Midfield/Wing,0.3636363636363636,8.725950613543402,2.1814876533858505,2.1814876533858505,2.454173610059082,1.636115740039388,0.818057870019694,0.5453719133464626,0.2726859566732313,0.2726859566732313,0.2726859566732313,7.635206786850477,0.1805836436600514,0.0,0.7358490566037735,2.1698113207547167,35.8187134502924,30.4093567251462,20.46783625730994,0.17949289983335848,86.24150943396226,36.01132075471698,0.0377358490566037,0.2641509433962264,87.69626168224299,36.30467289719626,4,Target Forward,0.1794928998333585,False,300.0,0.0,0.0,0.0,0.0,0.0,0.0,27.581632653061224,31.83673469387755,17.653061224489797
Senegal,20758,318,5,3,222.11285935426804,139.61080274214947,3,4,76,406.3,0,62,7,4,0,5,3,1,2,4,0,1,1,3,181.91666666666669,410.3999999999999,76,42,14,8,10,3,1,58,3,1,25,65,0.1289941829999999,Krépin Diatta,Right Wing,Attacking Midfield/Wing,0.6,16.97635003221803,4.124269756243271,1.8119547901752429,5.375645102627159,2.608829744876189,0.30924154079045485,4.597493986931692,1.4217214172730024,1.847769746479766,0.6358908033145724,12.318903682289047,0.1785840195860909,0.3333333333333333,0.8157894736842105,5.399999999999999,69.88304093567251,96.19883040935672,83.62573099415205,0.2310432619282866,83.51973684210526,45.41184210526316,0.1578947368421052,0.25,80.1979381443299,44.13505154639176,3,Progressive Winger,0.0989435261749885,True,300.0,0.0,0.0,0.0,0.0,0.0,0.0,54.04081632653061,51.83673469387755,59.183673469387756
Senegal,32915,402,14,11,231.24565529949004,39.03589532134807,2,8,81,320.29999999999995,14,105,3,8,1,1,8,1,10,2,0,3,2,5,296.4833333333333,1852.1,157,28,12,35,10,1,1,25,5,0,58,30,0.014392905,Ismail Jakobs,Left Back,Fullback/Wingback,0.7857142857142857,10.696607828747931,3.257265364828235,0.3972330666400186,3.596095376070048,0.6239610890896616,3.2198600857399082,10.591620158352498,1.1359352490139316,2.192469666319777,1.0194731059438846,14.827167282738333,0.020787311959031756,0.125,0.6687898089171974,11.796815286624204,90.78947368421052,35.38011695906433,40.35087719298245,0.026716011275881635,64.55414012738854,8.82547770700637,0.3630573248407643,0.0891719745222929,64.82268041237114,7.612371134020618,6,Wide Creator,0.0471708183146888,True,300.0,0.0,0.0,0.0,0.0,0.0,0.0,47.62307692307693,47.92307692307693,46.92307692307693
Serbia,3831,472,3,0,236.76796238244515,101.86978748388044,7,12,121,468.4,0,88,10,10,1,8,6,2,9,7,0,2,2,9,270.93333333333334,810.6,125,36,17,21,8,1,4,76,7,1,48,84,0.061684445,Dušan Tadić,Right Attacking Midfield,Attacking Midfield/Wing,0.0,13.856584574427378,3.165963918781357,1.2141719044230832,5.010415055536673,2.6749857564541974,0.26102636478152735,5.92995500444097,2.145874438943509,2.5054957443794494,0.6943829570831638,14.023852754944762,0.14012973905686066,0.3333333333333333,0.704,6.4848,7.163742690058479,61.40350877192983,30.994152046783626,0.1941735425074773,84.8832,35.6224,0.168,0.112,79.6120253164557,33.3993670886076,3,Progressive Winger,0.0796195867987204,True,300.0,0.0,0.0,0.0,0.0,0.0,0.0,43.224489795918366,41.93877551020408,46.224489795918366
Serbia,4269,321,27,6,229.12550046746964,106.76089066710664,3,1,50,119.2,1,52,8,1,0,1,23,2,3,2,2,0,0,1,279.4166666666667,267.3,67,24,2,8,7,10,1,43,2,0,24,48,1.501642214,Aleksandar Mitrović,Left Center Forward,Forward,0.2222222222222222,10.828052932733344,2.3987116460220643,2.674829936547032,1.5160958481783444,1.0560959241281158,0.5527259685067886,2.6511818515266583,0.5483104425802858,0.5880501759188116,0.15895893335410338,9.110413347323727,0.4163547365269717,0.0869565217391304,0.7761194029850746,3.9895522388059694,22.953216374269005,25.438596491228072,22.807017543859647,0.5226293128311039,69.41791044776119,35.47014925373134,0.1343283582089552,0.1940298507462686,81.08592592592593,34.687407407407406,4,Target Forward,0.4852888729853862,True,300.0,0.0,0.0,0.0,0.0,0.0,0.0,58.98571428571428,58.64285714285714,59.785714285714285
Serbia,5589,427,9,5,190.09460057281345,105.34267459792906,11,2,107,228.40000000000003,2,90,10,1,2,3,8,3,7,2,1,3,2,0,242.53333333333336,1070.2,120,34,7,24,16,3,3,58,7,1,38,65,0.200274783,Sergej Milinković-Savić,Left Attacking Midfield,Attacking Midfield/Wing,0.5555555555555556,14.084270127229797,4.658800073782692,1.609507027461205,3.613811075892858,1.9855711499476225,0.6064671649040305,6.738035716150463,0.7652087361897538,1.1436551431390525,0.896620256139127,13.099075324815306,0.17045564531616553,0.375,0.75,8.918333333333333,61.98830409356725,66.37426900584795,93.56725146198828,0.20927028282971163,64.555,36.12,0.2416666666666666,0.1833333333333333,68.04358974358975,36.305128205128206,0,Ball-Winner,0.091759471426608,True,300.0,0.0,0.0,0.0,0.0,0.0,0.0,31.622448979591837,29.081632653061227,37.55102040816326
Serbia,5591,340,1,1,146.18991408656183,21.09390500891555,6,6,81,427.1,1,73,11,15,1,1,3,1,6,4,0,1,1,1,191.1833333333333,916.4,112,30,13,18,11,1,0,31,3,1,44,38,0.012009094,Filip Kostić,Left Wing Back,Fullback/Wingback,1.0,12.98974916300973,4.138789662442323,0.4823919860873275,4.550258132203555,0.7577260159964,1.5281318112227475,9.747327672874272,0.6465334269946593,3.9451086453774398,0.8715660475934205,15.440585317156604,0.024806912839801423,0.3333333333333333,0.6517857142857143,8.182142857142857,98.9766081871345,72.22222222222221,86.8421052631579,0.019302488147661084,75.05892857142858,8.74017857142857,0.2321428571428571,0.125,76.86236559139785,10.83978494623656,6,Wide Creator,0.0244834022840205,True,300.0,0.0,0.0,0.0,0.0,0.0,0.0,53.08461538461539,54.07692307692309,50.76923076923078
Serbia,5603,461,14,12,137.71463614485933,184.93006008791383,8,0,109,254.5,12,136,10,0,1,0,12,5,9,9,0,6,3,0,293.65000000000003,1362.5,157,28,7,44,6,3,0,26,5,0,22,31,0.123164077,Nikola Milenković,Right Center Back,Center Back,0.8571428571428571,9.058487115782798,2.299313783100071,0.6594408344992961,3.3886455308810035,0.11387959220053476,3.910011907112534,15.168861721169657,0.09252716866293448,0.07651285100973429,1.5110534808369946,6.995459844672688,0.04612346729158278,0.4166666666666667,0.8662420382165605,8.678343949044587,96.05263157894736,41.2280701754386,13.450292397660816,0.0876126073154228,46.91783439490446,62.66433121019108,0.267515923566879,0.1337579617834395,48.1925,61.27916666666667,2,Sweeper CB,0.0883186341903626,True,300.0,0.0,0.0,0.0,0.0,0.0,0.0,53.25999999999999,53.0,53.86666666666666
Serbia,6318,322,5,2,195.52829096412108,207.34637163276523,7,6,78,355.8,3,73,9,8,1,1,7,3,7,2,0,4,2,4,212.08333333333331,847.0999999999999,99,24,13,17,9,1,0,28,1,1,30,36,0.030001678,Andrija Živković,Right Wing Back,Fullback/Wingback,0.4,12.108084542979977,3.6183651795553367,0.462703798925293,4.364545399973018,0.7268004366942198,1.8172684331503854,9.173750816835726,1.1474039585666267,2.553825773406624,1.3632521721277688,12.349861346848568,0.02695669591218186,0.4285714285714285,0.7373737373737373,8.556565656565656,39.03508771929825,53.50877192982456,61.98830409356725,0.03863775048625542,65.9858585858586,69.44242424242424,0.2323232323232323,0.101010101010101,70.25909090909092,70.05340909090908,5,Holding Anchor,0.0615331285815324,True,300.0,0.0,0.0,0.0,0.0,0.0,0.0,46.599999999999994,47.38461538461538,44.769230769230774
Serbia,6321,332,7,5,102.63652774530432,127.58531583664562,3,0,82,282.1,9,99,12,0,3,0,6,2,1,1,0,0,0,0,228.9,1076.1,112,24,8,30,4,0,0,14,6,0,13,16,0.0,Milos Veljkovic,Center Back,Center Back,0.7142857142857143,8.46581750101051,2.240475755979122,0.22967867536492187,3.9736612202826773,0.12782117585526087,3.8781973315510614,14.643590018476779,0.10385470538239944,0.08587985252775339,0.6750555849855964,6.320390880676767,0.030811929339474617,0.3333333333333333,0.8839285714285714,9.608035714285716,83.47953216374269,35.67251461988304,7.309941520467836,0.06574107402220715,36.31875,43.50803571428571,0.2321428571428571,0.0803571428571428,32.65217391304348,45.45217391304348,2,Sweeper CB,0.0463958060288335,True,300.0,0.0,0.0,0.0,0.0,0.0,0.0,39.49999999999999,38.199999999999996,42.53333333333333
Serbia,6687,519,9,4,168.0316188848807,142.5465334868046,2,1,134,439.1,6,143,11,0,1,1,11,3,16,10,0,2,1,0,261.65000000000003,1019.5,162,43,13,29,14,1,0,47,7,0,23,50,0.039666813,Saša Lukić,Right Defensive Midfield,Defensive Midfield,0.4444444444444444,15.528833225493557,4.594303160147053,0.6251285985957958,3.8603087461604706,0.6104170019213652,1.826494746559252,11.061278316881616,0.32071280750258707,0.28540497548395366,0.988390776386727,8.619838829331167,0.05682495219688228,0.2727272727272727,0.8827160493827161,6.29320987654321,44.29824561403509,76.90058479532163,80.7017543859649,0.08043925007159074,57.485802469135805,46.73888888888889,0.1975308641975308,0.1296296296296296,57.319014084507046,45.89647887323944,0,Ball-Winner,0.0525129492451748,True,300.0,0.0,0.0,0.0,0.0,0.0,0.0,41.969387755102034,41.326530612244895,43.46938775510203
Serbia,20600,283,0,0,35.57398514851485,117.71155115511552,0,0,72,161.8,0,92,0,0,0,0,0,0,10,0,0,0,0,0,293.65000000000003,4067.9,127,0,4,53,19,0,0,20,3,0,35,25,0.0,Vanja Milinković Savić,Goalkeeper,Goalkeeper,0.0,0.038210412247802514,4.836858241425903,0.0,0.9847010042718585,0.011463123674340752,0.015284164899121001,14.148703439645033,0.0076420824495605005,0.0038210412247802502,0.0,9.226545123037406,0.0,0.0,0.7244094488188977,32.03070866141732,7.163742690058479,3.508771929824561,92.98245614035088,-0.003934473948418893,13.661417322834646,39.65669291338583,0.5039370078740157,0.0944881889763779,13.356923076923078,40.23538461538462,7,Goalkeeper,0.0471990464839094,True,300.0,4.9289631334,1.5106646756546906,-0.941233842989954,1.2259492593223225,11.750437317784257,0.5833333333333334,48.21875,50.0,44.06250000000001
Serbia,27719,478,15,15,147.2617239199157,45.91856195995785,5,0,121,434.5,14,121,19,1,4,2,6,3,16,6,1,2,1,0,252.85,1799.7,152,33,15,51,15,2,2,39,0,0,37,47,0.177865885,Strahinja Pavlović,Left Center Back,Center Back,1.0,9.889790858794354,3.9341369762817355,0.5453143735199552,4.941067955878643,0.447869440010577,4.52415405382537,17.42786426837726,0.09935561848015023,0.24495225468378182,0.9713971220021379,9.953612619679735,0.05843241218711788,0.5,0.7960526315789473,11.84013157894737,98.9766081871345,54.38596491228071,89.76608187134502,0.11404881397467247,50.420394736842105,14.6375,0.3355263157894737,0.125,50.7483870967742,15.699193548387097,1,Deep Playmaker,0.1270236490013842,True,300.0,0.0,0.0,0.0,0.0,0.0,0.0,79.18,80.0,77.26666666666667
South Korea,3083,483,6,1,315.43429192851846,128.1070266818372,3,8,120,596.0,1,84,7,2,3,9,10,2,1,1,0,1,1,6,389.65,753.9,122,36,17,9,14,9,4,93,3,1,59,108,0.453828075,Heung-Min Son,Left Wing,Attacking Midfield/Wing,0.1666666666666666,8.77710766072116,3.233671243423585,2.0787886564865907,3.9266007955857822,2.0787886564865907,0.2309765173873989,2.0787886564865907,1.3858591043243935,0.4619530347747979,0.2309765173873989,13.627614525856538,0.1048236282561273,0.2,0.6885245901639344,6.179508196721312,17.83625730994152,30.701754385964914,45.614035087719294,0.11891319581675866,84.49262295081968,33.31393442622951,0.1311475409836065,0.2131147540983606,81.74556962025316,32.67658227848101,4,Target Forward,0.1189131958167586,False,300.0,0.0,0.0,0.0,0.0,0.0,0.0,35.69387755102041,38.87755102040816,28.265306122448976
South Korea,5604,605,9,7,155.9792955896728,89.92451341498476,4,3,165,602.8,13,180,9,1,0,0,6,2,17,1,1,5,2,2,373.1833333333333,3201.1000000000004,210,16,20,76,8,2,0,11,16,0,30,14,0.689242366,Young-Gwon Kim,Left Center Back,Center Back,0.7777777777777778,5.064534857755348,1.929346612478228,0.482336653119557,4.823366531195569,0.0,3.1351882452771203,18.328792818543164,0.482336653119557,0.2411683265597785,1.2058416327988923,7.235049796793354,0.1662234280023223,0.3333333333333333,0.8571428571428571,15.243333333333336,90.05847953216374,14.619883040935672,16.08187134502924,0.24918533233888607,41.83809523809524,22.11190476190476,0.3285714285714285,0.0380952380952381,38.246590909090905,22.54715909090909,1,Deep Playmaker,0.2491853323388861,False,300.0,0.0,0.0,0.0,0.0,0.0,0.0,62.47999999999999,63.4,60.33333333333333
South Korea,5618,633,11,9,226.88796421630013,154.16760867059838,4,2,158,290.19999999999993,9,179,13,1,2,0,8,4,27,12,0,6,1,2,317.91666666666663,2111.5,208,47,5,56,15,1,0,42,17,0,29,48,0.010946972,Woo-Young Jung,Left Defensive Midfield,Defensive Midfield,0.8181818181818182,15.003931847968548,4.2463958060288345,0.2830930537352556,1.415465268676278,0.0,2.5478374836173003,15.853211009174316,0.5661861074705112,0.2830930537352556,1.6985583224115337,8.209698558322412,0.0030990117326343,0.5,0.8605769230769231,10.151442307692308,93.71345029239764,74.85380116959064,71.9298245614035,0.06622876271559631,58.1264423076923,37.76538461538461,0.2932692307692308,0.0961538461538461,56.98857142857143,36.93142857142857,0,Ball-Winner,0.0662287627155963,False,300.0,0.0,0.0,0.0,0.0,0.0,0.0,58.102040816326536,60.0,53.673469387755105
South Korea,5623,363,8,3,210.05740935114505,129.05167098327885,4,0,75,295.19999999999993,2,84,23,0,7,2,13,6,2,2,0,3,3,2,212.48333333333332,309.6,96,63,9,9,7,1,2,38,3,0,14,40,0.021393217,Jae-Sung Lee,Center Attacking Midfield,Attacking Midfield/Wing,0.375,20.529811089192634,3.351434518253412,1.352651232817885,4.176941628750994,1.926381738368565,0.6420280058524179,4.498895529354772,1.1613084906972215,1.0350990997906415,0.9491945291827656,9.652382190425307,0.14903612182288264,0.4615384615384615,0.875,3.225,36.84210526315789,100.0,38.59649122807017,0.18748571406854986,70.05833333333334,39.571875,0.0833333333333333,0.1354166666666666,72.61874999999999,40.49270833333333,0,Ball-Winner,0.0391343142050356,True,300.0,0.0,0.0,0.0,0.0,0.0,0.0,36.06122448979591,33.6734693877551,41.632653061224495
South Korea,23763,786,9,4,256.9244876325337,185.79838434474,5,3,206,434.00000000000006,7,199,17,5,5,4,9,3,27,7,0,3,2,3,360.1166666666667,2444.4,247,51,10,57,26,6,1,78,13,1,52,91,0.1977482769999999,In-Beom Hwang,Left Defensive Midfield,Defensive Midfield,0.4444444444444444,13.495626417364743,6.497894200953395,1.4995140463738603,2.499190077289767,0.9996760309159068,1.7494330541028371,14.245383440551672,0.7497570231869302,1.2495950386448835,0.7497570231869302,12.99578840190679,0.0494210531679548,0.3333333333333333,0.805668016194332,9.896356275303644,44.29824561403509,64.03508771929825,97.6608187134503,0.10065444975239501,65.43198380566803,46.67813765182186,0.2793522267206478,0.1255060728744939,64.72217194570136,47.42036199095023,0,Ball-Winner,0.100654449752395,False,300.0,0.0,0.0,0.0,0.0,0.0,0.0,57.55102040816326,58.46938775510204,55.40816326530613
South Korea,37641,274,0,0,39.64084446144573,160.35290606018455,0,0,67,216.7,1,94,0,0,0,0,0,0,5,0,0,0,0,0,389.65,3511.5,128,0,4,46,15,0,0,18,4,0,34,19,0.0,Seung-Gyu Kim,Goalkeeper,Goalkeeper,0.0,0.0,3.464647760810984,0.0,0.923906069549596,0.0,0.2309765173873989,10.624919799820352,0.0,0.0,0.0,7.8532015911715645,0.0,0.0,0.734375,27.43359375,7.163742690058479,3.508771929824561,52.63157894736842,0.029564994225587064,12.6265625,40.30625,0.484375,0.0546875,11.226984126984126,40.98412698412698,7,Goalkeeper,0.029564994225587,False,300.0,4.017226924,0.9278850844604132,-0.9199270546387784,1.1548825869369947,9.938368580060423,0.8571428571428571,52.48437499999999,52.81249999999999,51.71875
South Korea,40538,416,18,10,255.1671571275256,43.15534587701559,6,7,89,229.5,8,102,18,14,2,2,17,3,9,1,0,7,3,5,340.68333333333334,1379.2,141,22,7,23,12,3,1,30,5,0,42,39,0.285274066,Jin-Su Kim,Left Back,Fullback/Wingback,0.5555555555555556,7.661073333007192,3.1700993102098725,0.7925248275524681,1.8492245976224253,0.5283498850349787,2.113399540139915,6.076023677902255,1.3208747125874467,3.698449195244851,1.8492245976224253,11.095347585734553,0.0753622599872804,0.1764705882352941,0.723404255319149,9.781560283687943,61.98830409356725,24.853801169590643,42.98245614035088,0.10653490320434414,67.97446808510638,8.327659574468086,0.2836879432624113,0.0921985815602836,76.14403669724771,10.099082568807338,6,Wide Creator,0.1065349032043442,False,300.0,0.0,0.0,0.0,0.0,0.0,0.0,43.41538461538461,43.69230769230769,42.769230769230774
South Korea,40542,330,36,20,318.88370046926286,172.7539893793561,4,2,43,115.80000000000004,3,39,8,1,3,3,16,0,3,8,2,1,0,1,297.4166666666667,407.0,60,58,4,7,6,8,1,50,0,0,36,62,0.71258904,Gue-Sung Cho,Center Forward,Forward,0.5555555555555556,15.774508584362524,2.1757904972508597,2.2929407935292945,1.7717135489446263,1.3255732962006959,0.8373697390190684,2.420653844840962,0.5317899996179003,0.5703323857111867,0.3048181704018804,10.643702609002911,0.2849403062005906,0.0,0.65,6.783333333333333,61.98830409356725,85.96491228070175,12.865497076023392,0.3364288002831102,77.58500000000001,42.318333333333335,0.2,0.45,82.77698412698412,43.775396825396825,4,Target Forward,0.2110944699355561,True,300.0,0.0,0.0,0.0,0.0,0.0,0.0,57.77142857142857,57.85714285714286,57.57142857142858
South Korea,40672,692,11,8,260.7625620576401,280.6634828551804,9,7,165,341.40000000000003,15,205,17,12,5,3,11,7,14,1,0,9,6,2,389.65,1520.6999999999998,242,40,8,36,16,0,2,63,5,0,47,68,0.0,Moon-Hwan Kim,Right Back,Fullback/Wingback,0.7272727272727273,11.317849351982549,3.695624278198384,0.0,1.847812139099192,0.6929295521621969,3.464647760810984,8.315154625946363,0.4619530347747979,2.7717182086487875,2.0787886564865907,10.855896317207751,0.0,0.6363636363636364,0.8471074380165289,6.28388429752066,84.50292397660819,46.78362573099415,58.47953216374269,0.02817913512126267,68.31280991735538,72.01942148760331,0.1900826446280991,0.0950413223140495,74.14413407821229,71.80111731843576,5,Holding Anchor,0.0281791351212626,False,300.0,0.0,0.0,0.0,0.0,0.0,0.0,46.753846153846155,46.61538461538462,47.07692307692308
South Korea,43565,539,14,11,136.74517105556708,177.49324124720164,5,1,142,512.5,10,165,7,0,2,1,5,1,16,0,0,4,3,0,283.45,1985.3,187,17,17,64,12,2,1,20,11,1,24,26,0.105906885,Min Jae Kim,Right Center Back,Center Back,0.7857142857142857,7.211536337791514,3.2650400674219853,0.5167144595089677,4.990435203372196,0.27012532335221096,3.6698578604119567,18.519144332457568,0.09414474878181688,0.07785046533881011,1.2289603203340165,7.426265724209344,0.04426780200128224,0.2,0.8823529411764706,10.616577540106952,90.78947368421052,19.883040935672515,61.40350877192983,0.10829407369103983,48.12352941176471,60.14331550802139,0.2834224598930481,0.0695187165775401,45.114285714285714,59.721428571428575,2,Sweeper CB,0.1184040206385605,True,300.0,0.0,0.0,0.0,0.0,0.0,0.0,60.23999999999999,60.399999999999984,59.86666666666667
Spain,3477,204,3,2,332.3481242614828,149.4837015437393,4,1,35,214.1,2,27,8,2,1,2,2,1,3,1,3,0,0,1,200.8333333333333,267.6,40,26,8,5,2,8,0,36,3,1,19,41,1.1094806779999995,Álvaro Borja Morata Martín,Center Forward,Forward,0.6666666666666666,12.886431288069046,1.8765793801649613,2.735123552214895,2.8321821018941815,1.4015033212084511,0.8191520231327293,2.5280644615082957,0.6343431792447135,0.8600187808924289,0.18390040991864912,9.641381697827269,0.4112113185011704,0.5,0.675,6.69,78.65497076023392,48.53801169590643,2.923976608187134,0.5206797802447081,76.19,34.4575,0.225,0.275,85.69638554216867,38.90843373493976,4,Target Forward,0.5066054490622406,True,300.0,0.0,0.0,0.0,0.0,0.0,0.0,69.65714285714284,70.42857142857143,67.85714285714285
Spain,4353,1203,9,6,130.42207558156048,75.82041673936595,2,3,348,1425.7000000000005,8,404,9,0,3,1,4,1,26,3,0,4,1,1,316.93333333333334,3439.8,429,11,44,111,4,1,1,30,4,2,26,37,0.04145577,Aymeric Laporte,Left Center Back,Center Back,0.6666666666666666,4.259570887673538,1.1358855700462769,0.2839713925115692,12.494741270509046,0.2839713925115692,2.2717711400925538,31.52082456878418,0.2839713925115692,0.0,1.1358855700462769,7.383256205300799,0.0117722527345393,0.25,0.9417249417249416,8.01818181818182,78.65497076023392,10.818713450292398,4.093567251461988,0.16710460443836767,47.12610722610722,24.93310023310023,0.1981351981351981,0.0396270396270396,44.37,26.07384615384615,2,Sweeper CB,0.1671046044383677,False,300.0,0.0,0.0,0.0,0.0,0.0,0.0,35.833333333333336,35.93333333333334,35.6
Spain,5203,794,15,10,239.95286785503072,165.22044188212442,7,2,174,369.7000000000001,3,265,30,0,3,2,12,6,24,3,0,4,3,3,379.2833333333333,1646.9,290,40,11,61,12,3,2,84,4,0,30,88,0.88711582,Sergio Busquets i Burgos,Center Defensive Midfield,Defensive Midfield,0.6666666666666666,10.4407435074922,2.847475502043328,0.7118688755108319,2.61018587687305,0.4745792503405546,0.7118688755108319,14.474667135386914,0.7118688755108319,0.0,0.9491585006811092,7.118688755108319,0.2105033804104231,0.5,0.913793103448276,5.678965517241379,78.65497076023392,41.52046783625731,36.54970760233918,0.27457157920639796,62.61344827586208,40.94655172413793,0.1689655172413793,0.1172413793103448,62.41012145748988,41.83117408906882,0,Ball-Winner,0.274571579206398,False,300.0,0.0,0.0,0.0,0.0,0.0,0.0,52.79591836734694,52.85714285714286,52.6530612244898
Spain,5211,1039,4,1,267.0423539300903,42.00083111364051,4,6,277,550.1000000000001,3,329,12,7,4,4,8,4,25,4,0,5,2,5,270.76666666666665,1998.2,371,33,13,59,15,2,4,61,2,2,47,65,0.045861136,Jordi Alba Ramos,Left Back,Fullback/Wingback,0.25,12.755384499884942,4.192439121118896,0.5728135905501264,3.9158049820174896,1.1251224498461105,1.6304261113282015,14.853223554496223,1.187116353061952,2.1335717131320013,1.3807721482399606,13.76071628458571,0.026685906532201934,0.5,0.8867924528301887,5.385983827493261,26.16959064327485,65.2046783625731,84.7953216374269,0.06479846637998973,66.4633423180593,10.387870619946092,0.1590296495956873,0.0566037735849056,67.30914826498423,10.8403785488959,6,Wide Creator,0.1036593705773729,True,300.0,0.0,0.0,0.0,0.0,0.0,0.0,68.7923076923077,69.6923076923077,66.69230769230771
Spain,5719,432,3,1,333.02362970444966,168.97730232433483,2,6,107,332.9,0,92,13,10,0,3,3,1,5,3,1,0,0,2,236.96666666666667,434.3,117,28,11,12,5,10,2,69,2,0,42,73,0.608190739,Marco Asensio Willemsen,Center Forward,Forward,0.3333333333333333,12.35449935459913,2.2531259039653944,2.8862891161480406,3.1444246123881103,1.4748021231086335,0.4288136537071981,3.53120420474034,0.7592653962475522,2.1430121163888973,0.17152546148287928,12.847585822202166,0.29951997176609885,0.3333333333333333,0.7863247863247863,3.711965811965812,33.47953216374269,43.56725146198831,14.912280701754383,0.36669540562339414,82.4982905982906,40.47350427350427,0.1111111111111111,0.1282051282051282,81.57770700636944,42.250955414012736,3,Progressive Winger,0.2412456035026023,True,300.0,0.0,0.0,0.0,0.0,0.0,0.0,50.98571428571429,50.642857142857146,51.78571428571428
Spain,6748,382,4,1,335.18440807765234,255.09195806766417,1,3,102,246.1,0,62,15,8,2,10,6,3,0,1,2,0,0,1,225.8,240.49999999999997,86,30,8,5,8,4,3,73,3,1,41,85,1.005212115,Ferrán Torres García,Right Wing,Attacking Midfield/Wing,0.25,13.676656560846467,3.4377222011466393,1.8318965626320893,3.8999866280735485,3.2469352121559214,0.2834322033712439,3.7002833343517776,0.9607288823522526,2.378225631401751,0.411651533467759,14.029450360510582,0.3136596221355337,0.5,0.7209302325581395,2.796511627906976,26.16959064327485,56.72514619883041,44.15204678362573,0.3919032519658564,83.3093023255814,65.2453488372093,0.0813953488372093,0.2325581395348837,87.56814814814815,62.4125925925926,3,Progressive Winger,0.3914928713463242,True,300.0,0.0,0.0,0.0,0.0,0.0,0.0,49.80612244897959,48.9795918367347,51.73469387755102
Spain,6765,1894,20,15,196.32126885153625,202.41358104911544,6,3,549,2192.3,12,644,10,3,1,0,9,3,47,6,0,4,3,4,413.95,4913.9,679,19,73,175,20,1,0,78,10,2,38,86,0.0056476467,Rodrigo Hernández Cascante,Right Center Back,Center Back,0.75,5.000603937673632,4.348351250150984,0.2174175625075492,15.871482063051094,0.0,2.6090107500905906,38.04807343882111,0.8696702500301969,0.6522526875226476,0.8696702500301969,8.26186737528687,0.0012278975794178,0.3333333333333333,0.9484536082474226,7.236966126656847,88.01169590643275,14.327485380116958,72.51461988304094,0.19929529702379511,53.17422680412371,51.44359351988218,0.1944035346097201,0.06480117820324,50.88489932885906,49.83003355704698,2,Sweeper CB,0.1992952970237951,False,300.0,0.0,0.0,0.0,0.0,0.0,0.0,61.419999999999995,61.199999999999996,61.93333333333333
Spain,11748,395,0,0,49.3900446479621,161.75259134811728,0,0,109,125.1,0,148,0,0,0,0,0,0,0,0,0,0,0,0,413.95,2006.3,158,0,1,72,12,0,0,68,2,0,10,70,0.0,Unai Simón Mendibil,Goalkeeper,Goalkeeper,0.0,0.0,2.6090107500905906,0.0,0.2174175625075492,0.0,0.0,15.654064500543544,0.0,0.0,0.0,2.174175625075492,0.0,0.0,0.9367088607594936,12.698101265822784,7.163742690058479,3.508771929824561,30.116959064327485,0.058920159439545844,12.978481012658229,40.4126582278481,0.3037974683544304,0.1582278481012658,12.657758620689656,40.657758620689656,7,Goalkeeper,0.0589201594395458,False,300.0,4.916491737,1.068931649547047,-0.23557372549824854,0.8696702500301969,12.121911421911422,0.92,67.015625,63.125,76.09375
Spain,16532,761,6,1,321.49696402194274,77.95869900990098,7,7,200,631.0,2,160,24,6,2,18,10,4,4,6,1,3,3,4,388.25,765.4,196,46,22,13,17,12,4,149,2,1,56,169,1.0841161047,Daniel Olmo Carvajal,Left Wing,Attacking Midfield/Wing,0.1666666666666666,12.054088860270443,3.940759819703799,2.7817128139085643,5.0998068254990345,4.172569220862846,0.463618802318094,3.013522215067611,0.927237604636188,1.390856406954282,0.6954282034771411,12.981326464906632,0.2513083050173856,0.4,0.8163265306122449,3.905102040816327,17.83625730994152,52.33918128654971,65.49707602339181,0.26799858190083703,82.93469387755103,21.607653061224493,0.1122448979591836,0.1683673469387755,81.6246963562753,19.40080971659919,3,Progressive Winger,0.2679985819008371,False,300.0,0.0,0.0,0.0,0.0,0.0,0.0,57.469387755102034,58.877551020408156,54.18367346938775
Spain,30486,1347,5,3,268.913781244904,100.58097385565988,6,8,389,770.3999999999999,1,395,31,0,8,10,7,4,63,2,0,6,4,5,372.4,2626.6,426,54,17,99,26,0,5,158,10,2,42,173,0.0,Pedro González López,Left Center Midfield,Central/Wide Midfield,0.6,14.742212674543502,6.283566058002148,0.0,4.108485499462943,2.4167561761546725,0.2416756176154672,23.92588614393126,1.2083780880773365,0.0,1.4500537056928036,10.150375939849624,0.0,0.5714285714285714,0.9272300469483568,6.165727699530517,69.88304093567251,73.39181286549707,96.49122807017544,0.10875402792696025,70.15140845070422,25.92417840375587,0.2347417840375587,0.1267605633802817,69.6329355608592,25.08400954653938,0,Ball-Winner,0.1087540279269602,False,300.0,0.0,0.0,0.0,0.0,0.0,0.0,73.10810810810811,73.51351351351352,72.16216216216216
Spain,133353,576,10,3,285.4187657366235,206.49601049444945,4,5,145,423.6,2,135,34,4,6,7,16,4,5,9,1,0,0,2,293.45,602.1,153,57,14,17,13,1,2,76,4,1,31,86,0.056229107,Pablo Martín Páez Gavira,Right Center Midfield,Central/Wide Midfield,0.3,16.780935541499087,4.035597434459276,0.6447401521389414,4.443351199889764,2.189185530799368,0.6587907267473211,6.710117069913612,0.8575535026963467,1.2717131205833285,0.48161749556879285,10.301081749868132,0.0599723978269856,0.25,0.8823529411764706,3.935294117647059,30.116959064327485,85.08771929824562,66.37426900584795,0.06822140387597132,71.9450980392157,52.947712418300654,0.0849673202614379,0.0980392156862745,72.53841807909605,51.909604519774014,0,Ball-Winner,0.0411675570966093,True,300.0,0.0,0.0,0.0,0.0,0.0,0.0,41.87837837837838,42.16216216216216,41.21621621621622
Switzerland,3500,724,12,7,228.5785153389632,129.51130437983744,5,5,188,540.3,7,211,19,0,2,1,14,6,25,5,0,4,3,2,386.58333333333337,2055.7,240,30,20,61,9,6,1,86,3,2,36,95,0.295522079,Granit Xhaka,Left Defensive Midfield,Defensive Midfield,0.5833333333333334,7.915499029963353,2.0952791549903,1.396852769993533,4.656175899978443,0.2328087949989221,1.629661564992455,14.201336494934251,0.4656175899978443,0.0,0.9312351799956886,8.381116619961198,0.0688001391075662,0.4285714285714285,0.8791666666666667,8.565416666666666,67.39766081871345,26.608187134502927,18.567251461988302,0.1316585137572752,56.84333333333333,32.75541666666667,0.2458333333333333,0.15,56.77285067873303,33.51990950226244,2,Sweeper CB,0.1316585137572752,False,300.0,0.0,0.0,0.0,0.0,0.0,0.0,42.785714285714285,42.755102040816325,42.85714285714286
Switzerland,3533,374,7,1,228.7356334619756,169.34450717915882,0,8,97,254.9,1,68,11,5,1,2,7,1,6,2,1,1,1,4,233.58333333333331,762.1000000000001,104,21,6,16,7,4,0,59,7,4,41,66,0.494927794,Xherdan Shaqiri,Right Midfield,Central/Wide Midfield,0.1428571428571428,12.591559326133316,3.476355391185115,1.2230911321946367,3.5925162009831286,1.591451794320572,0.5640344028515341,7.2943038734472605,1.2911106534595915,1.5830669712513068,0.7043246654605033,13.143545771280795,0.1406968633211144,0.1428571428571428,0.6538461538461539,7.327884615384617,16.08187134502924,28.654970760233915,32.748538011695906,0.1813488608698717,82.0576923076923,57.03076923076923,0.2211538461538461,0.1538461538461538,78.20153846153846,54.61461538461538,3,Progressive Winger,0.2145850936567962,True,300.0,0.0,0.0,0.0,0.0,0.0,0.0,43.85135135135135,42.83783783783783,46.21621621621622
Switzerland,5544,620,18,15,226.36766427368585,46.26757578145348,6,3,158,489.8,12,172,7,7,2,1,8,2,18,6,0,1,0,2,380.23333333333335,2279.4,227,26,15,46,11,0,0,65,6,1,60,81,0.0,Ricardo Iván Rodríguez Araya,Left Back,Fullback/Wingback,0.8333333333333334,6.390812658893662,2.6036644165863065,0.0,3.550451477163145,0.2366967651442096,2.840361181730516,10.888051196633644,0.4733935302884193,1.6568773560094678,0.2366967651442096,14.20180590865258,0.0,0.25,0.7577092511013216,10.041409691629957,94.73684210526316,18.71345029239766,29.82456140350877,0.03337424388533357,57.04361233480176,10.319383259911897,0.2775330396475771,0.1629955947136563,61.1378698224852,11.358579881656803,6,Wide Creator,0.0333742438853335,False,300.0,0.0,0.0,0.0,0.0,0.0,0.0,40.04615384615384,40.0,40.15384615384615
Switzerland,5545,350,18,4,303.5430544405792,167.31729231706953,3,1,75,309.7,1,50,10,0,1,4,15,1,1,3,2,1,0,2,330.15,249.0,66,47,11,4,4,6,2,94,0,1,32,99,2.391196598,Breel-Donald Embolo,Center Forward,Forward,0.2222222222222222,13.08496138119037,1.0904134484325307,1.6356201726487962,2.9986369831894595,1.0904134484325307,0.2726033621081327,1.0904134484325307,0.5452067242162654,0.0,0.2726033621081327,8.723307587460246,0.651848232076329,0.0666666666666666,0.7575757575757576,3.772727272727273,22.953216374269005,59.356725146198826,3.8011695906432745,0.6564824892321673,71.74848484848485,40.73636363636364,0.0606060606060606,0.2424242424242424,78.45555555555555,43.08174603174604,4,Target Forward,0.6564824892321673,False,300.0,0.0,0.0,0.0,0.0,0.0,0.0,66.4,66.78571428571429,65.5
Switzerland,5549,739,15,11,160.80024664708998,197.22484890789792,6,1,194,870.9999999999999,15,229,11,2,2,1,8,1,12,6,1,4,3,1,386.58333333333337,2892.2,255,26,35,86,9,4,1,45,11,1,27,47,0.8826694319999999,Manuel Obafemi Akanji,Left Center Back,Center Back,0.7333333333333333,6.984263849967665,2.0952791549903,0.9312351799956886,8.148307824962275,0.2328087949989221,3.4921319249838323,20.021556369907305,0.2328087949989221,0.4656175899978443,0.9312351799956886,6.285837464970898,0.205493206846303,0.125,0.8980392156862745,11.341960784313724,85.67251461988305,21.929824561403507,18.567251461988302,0.3028072831558524,41.93058823529412,51.129411764705885,0.3254901960784314,0.0784313725490196,39.55601851851852,50.9337962962963,2,Sweeper CB,0.3028072831558525,False,300.0,0.0,0.0,0.0,0.0,0.0,0.0,60.959999999999994,61.8,59.0
Switzerland,5550,282,0,0,33.80020920091145,122.57002795893246,0,0,79,137.5,0,107,0,0,0,0,0,0,0,0,0,0,0,0,286.28333333333336,1704.6999999999998,117,1,5,44,11,0,0,32,3,0,10,34,0.0,Yann Sommer,Goalkeeper,Goalkeeper,0.0,0.19219992250204618,3.66955833929412,0.0,1.1505831955868702,0.011607158147549345,0.015476210863399125,12.94489774047578,0.007738105431699563,0.0038690527158497814,0.0,5.504742039897359,0.0,0.0,0.9145299145299144,14.570085470085468,7.163742690058479,9.064327485380115,52.046783625731,0.00039219502597978573,12.637606837606835,41.180341880341885,0.3504273504273504,0.1025641025641025,13.832432432432432,40.21486486486487,7,Goalkeeper,0.0537579321185305,True,300.0,2.7743538545,0.8721843636432438,-1.3284327406240901,1.5718693601909528,11.23876923076923,0.8333333333333334,44.703125,42.5,49.84375
Switzerland,6983,510,8,5,242.616228069346,185.17425571698053,4,1,113,282.1,8,126,29,1,2,4,10,3,12,7,1,6,5,0,346.05,985.0,149,60,7,24,12,3,1,58,2,0,33,69,0.54479492,Remo Freuler,Right Defensive Midfield,Defensive Midfield,0.625,17.165149544863457,3.120936280884265,0.7802340702210663,1.820546163849155,1.0403120936280883,2.0806241872561766,6.24187256176853,0.0,0.2600780234070221,1.5604681404421326,8.582574772431729,0.1416891859557867,0.3,0.8456375838926175,6.6107382550335565,73.68421052631578,81.57894736842105,41.812865497076025,0.15807410143042908,60.62751677852349,46.67986577181208,0.2013422818791946,0.1610738255033557,62.100735294117655,45.31102941176471,0,Ball-Winner,0.1580741014304291,False,300.0,0.0,0.0,0.0,0.0,0.0,0.0,46.622448979591844,46.83673469387756,46.12244897959184
Switzerland,7796,486,4,3,168.67118376787215,213.46795025832031,5,4,106,395.1,15,127,12,6,2,0,13,8,12,4,0,4,2,2,281.85,1705.4,164,37,9,38,5,1,0,34,1,0,48,38,0.05117428,Silvan Widmer,Right Back,Fullback/Wingback,0.75,13.285809560971032,2.5657892968358884,0.407223345707073,3.222498851770815,0.48497446127094324,3.4555175334005206,11.32203299382079,0.700466518488717,1.9382514648081839,1.199791555344324,13.653275182089375,0.026999413729248304,0.6153846153846154,0.774390243902439,10.398780487804878,88.01169590643275,73.09941520467837,8.47953216374269,0.032511732713772,60.51341463414634,72.6030487804878,0.3353658536585366,0.0792682926829268,61.84776119402985,70.77761194029851,5,Holding Anchor,0.0549784821713677,True,300.0,0.0,0.0,0.0,0.0,0.0,0.0,54.11538461538463,55.15384615384617,51.69230769230769
Switzerland,8814,417,9,5,77.40981125356126,52.553917378917376,4,0,110,470.4,15,132,13,0,2,0,6,0,2,3,0,3,3,0,192.15,906.2,141,15,19,31,4,1,0,13,1,0,9,16,0.19001445,Nico Elvedi,Left Center Back,Center Back,0.5555555555555556,8.00075358383513,2.4077773592143807,0.42970039906635615,6.281965700309882,0.13736588420166101,5.2650179186373185,15.919932461185347,0.11160978091384956,0.092292703447991,1.2740768036145118,6.0608650549424805,0.0678608756022516,0.0,0.9361702127659576,6.42695035460993,61.98830409356725,28.362573099415204,14.327485380116958,0.13617569419012904,40.227659574468085,24.640425531914897,0.1276595744680851,0.0709219858156028,38.07672413793103,25.989655172413794,2,Sweeper CB,0.1681566510538641,True,300.0,0.0,0.0,0.0,0.0,0.0,0.0,35.96666666666667,35.46666666666667,37.13333333333333
Switzerland,16026,347,4,1,265.2114733901433,182.52828263096492,4,4,74,291.20000000000005,0,88,18,1,1,1,6,1,9,3,0,2,0,3,267.43333333333334,555.5,97,42,14,17,10,2,0,32,1,1,16,33,0.150380136,Djibril Sow,Center Attacking Midfield,Attacking Midfield/Wing,0.25,14.57648949014816,3.502709863178469,1.3802700099253111,4.565493101758335,1.581222818336809,0.2626364081523821,5.332095947604119,1.207456816672997,1.0934694889109566,0.6986659982917481,9.034867531380712,0.15506200647746635,0.1666666666666666,0.9072164948453608,5.72680412371134,26.16959064327485,73.68421052631578,49.707602339181285,0.20401857186125866,65.3639175257732,45.11546391752577,0.2371134020618556,0.1237113402061855,69.28899082568807,44.920183486238535,0,Ball-Winner,0.0933474220615729,True,300.0,0.0,0.0,0.0,0.0,0.0,0.0,41.41836734693877,39.795918367346935,45.20408163265306
Switzerland,30401,401,14,6,300.83322844303825,68.26062042896119,4,7,93,533.6,4,81,12,9,1,2,9,1,2,5,0,1,0,6,286.95,521.7,114,33,22,8,6,3,1,50,0,1,42,57,0.295826279,Ruben Vargas,Left Wing,Attacking Midfield/Wing,0.4285714285714285,12.558456460845168,2.772901155742231,1.4877097071845171,5.640366247620873,1.6819806364282877,0.8672436366515035,3.774783162453641,1.6273127972413568,2.2837908458830234,0.5220996273913411,12.72116023435806,0.17220803148285824,0.1111111111111111,0.7105263157894737,4.576315789473685,42.251461988304094,43.85964912280701,14.619883040935672,0.22160696287493803,81.81403508771929,14.67280701754386,0.1228070175438596,0.1578947368421052,79.91782945736433,17.884496124031006,3,Progressive Winger,0.1260301972817564,True,300.0,0.0,0.0,0.0,0.0,0.0,0.0,46.673469387755105,45.81632653061225,48.6734693877551
Tunisia,3767,440,3,2,155.3007668926818,118.86821214246748,7,1,97,276.0,3,109,15,1,1,4,13,8,8,4,0,5,2,2,296.56666666666666,1312.2,128,53,7,41,21,2,2,41,2,0,24,46,0.100992087,Ellyes Joris Skhiri,Right Defensive Midfield,Defensive Midfield,0.6666666666666666,17.486342707322667,5.381444437441906,0.7394034934368814,2.7291876972917737,1.0272795034851676,1.2670013539783274,12.224228027060224,0.6036682376942976,0.4195636773993898,1.3831307139033449,8.266188431291027,0.06275075553675857,0.6153846153846154,0.8515625,10.2515625,78.65497076023392,91.2280701754386,97.07602339181284,0.09832070398914855,52.3,36.1921875,0.296875,0.1015625,53.892307692307696,38.792307692307695,0,Ball-Winner,0.084363115083736,True,300.0,0.0,0.0,0.0,0.0,0.0,0.0,66.75510204081633,67.24489795918367,65.61224489795917
Tunisia,5651,522,9,5,121.20345960965032,168.0250894551369,7,0,126,232.79999999999995,22,138,16,1,5,2,13,2,9,3,0,1,1,1,296.56666666666666,2103.3,168,29,3,45,14,1,1,25,2,1,33,30,0.046073906,Yassine Meriah,Right Center Back,Center Back,0.5555555555555556,8.410746286446543,3.494978422088659,0.3544902241724991,2.7686250534852346,0.41504937125190955,5.399528248294167,15.245563101255577,0.24293806840825458,0.2270020461562197,0.7493494421951422,8.620754433910614,0.03426789009495691,0.1538461538461538,0.8214285714285714,12.51964285714286,61.98830409356725,33.04093567251462,72.22222222222221,0.06557901177278838,43.55952380952381,55.96369047619047,0.2797619047619047,0.0714285714285714,42.149640287769785,54.22014388489209,1,Deep Playmaker,0.0564684215128695,True,300.0,0.0,0.0,0.0,0.0,0.0,0.0,53.879999999999995,54.0,53.6
Tunisia,16352,253,17,2,229.4796904281203,114.99798019016066,4,2,42,76.30000000000004,5,29,15,2,2,4,17,2,1,7,0,0,0,2,196.35,115.9,37,37,3,2,7,3,2,41,0,1,19,48,0.5930872340000001,Issam Jebali,Center Forward,Forward,0.1176470588235294,14.997389617758797,2.8001480935481373,1.853210528325361,1.9511457695147962,1.7768098721437813,1.3705220877451567,2.0069284801828102,0.8213966131528034,0.8677869905583252,0.18556150962208806,9.728468487280796,0.32129127710151345,0.1176470588235294,0.7837837837837838,3.1324324324324326,14.912280701754383,81.28654970760235,44.73684210526316,0.3933856259114461,75.5945945945946,44.086486486486486,0.1081081081081081,0.2432432432432432,80.61145833333333,39.91770833333333,4,Target Forward,0.2759758139037433,True,300.0,0.0,0.0,0.0,0.0,0.0,0.0,40.24285714285714,39.42857142857143,42.14285714285714
Tunisia,30681,342,20,13,150.43405362144858,38.52847472322262,3,3,65,183.7,18,72,12,4,1,3,17,5,3,5,0,5,1,1,213.63333333333333,1348.9,109,28,8,24,13,0,1,28,1,0,47,39,0.0,Ali Abdi,Left Wing Back,Fullback/Wingback,0.65,12.772434862192865,4.308335068526111,0.28608521714516283,3.475263073988284,1.0750517041154488,4.440118521920487,10.372622942672388,0.6182746001349732,1.8452299593717472,1.5343605356812802,15.29137159718094,0.021618386030949042,0.2941176470588235,0.6605504587155964,12.375229357798164,76.0233918128655,67.2514619883041,90.64327485380116,0.01555032519824956,56.82752293577982,7.51559633027523,0.3669724770642202,0.1559633027522936,63.67625,9.685,6,Wide Creator,0.0214854111405835,True,300.0,0.0,0.0,0.0,0.0,0.0,0.0,51.67692307692309,52.69230769230771,49.307692307692314
Tunisia,32450,418,21,12,123.04621447986165,59.42381676590385,12,2,100,245.7,21,115,5,1,0,1,11,2,8,3,0,3,1,0,296.56666666666666,1326.6,133,25,8,44,13,1,1,29,6,1,19,34,0.012159805,Montassar Omar Talbi,Left Center Back,Center Back,0.5714285714285714,8.109019740097994,3.344115148914384,0.3544902241724991,3.5229414193566098,0.26418609807763455,5.248664975119891,15.094699828081302,0.09207479523397955,0.2270020461562197,1.0510759885436922,6.508668609470765,0.029151497811333957,0.1818181818181818,0.8646616541353384,9.974436090225565,65.78947368421053,28.947368421052637,66.08187134502924,0.06434467763598517,44.0421052631579,20.072180451127817,0.2406015037593984,0.1278195488721804,46.24105263157895,21.062105263157896,2,Sweeper CB,0.0546736510621557,True,300.0,0.0,0.0,0.0,0.0,0.0,0.0,46.99333333333333,47.233333333333334,46.43333333333333
Tunisia,44955,422,6,3,171.26936717473276,97.28063702205858,8,1,103,405.9,7,97,13,2,2,4,11,5,14,5,0,6,2,4,257.2333333333333,892.3000000000001,119,33,11,31,23,2,2,55,4,0,33,62,0.080978284,Aïssa Bilal Laïdouni,Left Defensive Midfield,Defensive Midfield,0.5,15.00586680821641,6.084327995268157,0.7915956404881177,3.567881331484768,1.0997919048797058,2.0024838925734354,11.47197517498934,0.9693037297370845,0.610691579494938,1.6422737564591827,10.30328254799399,0.06394765829642687,0.4545454545454545,0.8151260504201681,7.498319327731093,51.90058479532164,69.00584795321637,99.41520467836256,0.10196275281760009,58.72352941176471,32.90084033613445,0.2352941176470588,0.1512605042016806,63.93207547169811,33.69245283018868,0,Ball-Winner,0.0853623644939743,True,300.0,0.0,0.0,0.0,0.0,0.0,0.0,50.90816326530612,50.816326530612244,51.12244897959184
Tunisia,105943,164,0,0,29.75054573122737,123.4655830753354,0,0,42,115.4,0,48,0,0,0,0,0,0,0,0,0,0,0,0,296.56666666666666,2855.9,77,0,1,25,7,0,0,12,1,0,29,14,0.0,Aymen Dahmen,Goalkeeper,Goalkeeper,0.0,0.03802359819675024,3.002851139893537,0.0,0.5272968953221023,0.01140707945902507,0.01520943927870009,9.855357540836915,0.007604719639350045,0.0038023598196750227,0.0,8.27625609704055,0.0,0.0,0.6233766233766234,37.08961038961039,7.163742690058479,3.508771929824561,19.5906432748538,-0.026962640679333377,12.105194805194806,41.8,0.6753246753246753,0.0649350649350649,11.25263157894737,41.28684210526316,7,Goalkeeper,0.013656288636619,True,300.0,0.411675454,0.12493241832078228,-0.17854066249297515,0.9104192424412724,9.855223880597016,0.6,45.2265625,40.9375,55.234375
United States,3377,416,5,1,322.02237369021685,253.85842722274091,7,3,102,321.3,0,91,8,8,2,4,5,1,5,1,1,0,0,6,317.8833333333333,336.5,109,26,10,11,13,5,4,69,5,0,28,72,0.4401479459999999,Timothy Weah,Right Wing,Attacking Midfield/Wing,0.2,7.361191212709065,3.6805956063545326,1.4156136947517433,2.8312273895034865,1.1324909558013947,0.0,3.1143501284538355,1.698736433702092,2.2649819116027894,0.0,7.927436690609762,0.1246158920148901,0.2,0.8348623853211009,3.0871559633027523,20.76023391812865,23.976608187134502,58.187134502923975,0.15519314782152774,81.96513761467891,63.97064220183486,0.073394495412844,0.1834862385321101,83.27379310344828,63.51862068965518,3,Progressive Winger,0.1551931478215278,False,300.0,0.0,0.0,0.0,0.0,0.0,0.0,39.62244897959183,43.265306122448976,31.122448979591834
United States,4614,733,8,2,251.7371843848144,46.88277354524981,6,5,187,895.3,8,175,19,15,4,7,13,5,14,3,0,8,5,3,386.26666666666665,2043.6,240,51,28,51,31,0,4,61,7,0,84,66,0.0,Antonee Robinson,Left Back,Fullback/Wingback,0.25,14.445978598550225,7.222989299275112,0.0,6.523990334829134,1.6309975837072834,1.8639972385226096,11.882982395581635,0.6989989644459786,3.494994822229893,1.8639972385226096,19.5719710044874,0.0,0.3846153846153846,0.7291666666666666,8.514999999999999,26.16959064327485,69.88304093567251,98.53801169590643,0.04217293752157405,65.29166666666667,10.50875,0.3,0.0625,70.72197802197802,10.520329670329671,6,Wide Creator,0.042172937521574,False,300.0,0.0,0.0,0.0,0.0,0.0,0.0,65.66923076923078,63.15384615384616,71.53846153846153
United States,8246,559,10,4,315.2141337946028,93.01093940851987,6,8,146,852.7,1,84,17,10,3,13,7,1,10,2,1,0,0,9,336.31666666666666,1042.0,139,44,31,23,17,9,6,116,15,2,76,130,1.138087093,Christian Pulisic,Left Wing,Attacking Midfield/Wing,0.4,11.774617176272365,4.549283909014322,2.408444422419347,8.295753010555527,3.478864165716834,0.2676049358243719,6.154913523960553,2.408444422419347,2.6760493582437186,0.0,20.337975122652264,0.3045577234848109,0.1428571428571428,0.60431654676259,7.496402877697841,39.03508771929825,49.122807017543856,77.48538011695906,0.3495153527033054,85.37985611510791,24.98201438848921,0.2158273381294964,0.1942446043165467,77.3735632183908,21.492528735632185,3,Progressive Winger,0.3495153527033054,False,300.0,0.0,0.0,0.0,0.0,0.0,0.0,74.11224489795919,74.08163265306122,74.18367346938776
United States,8526,502,8,5,271.49029057755297,188.16303564187243,7,6,121,686.5999999999999,6,117,20,1,5,2,5,1,17,7,0,1,1,3,273.55,1501.9,146,40,21,41,15,5,1,58,5,2,38,65,0.37566195,Weston McKennie,Right Midfield,Central/Wide Midfield,0.625,14.695573528206147,4.489452179373825,1.2947799551684334,5.695940667029171,1.4805547088359954,1.3093180311885586,10.70895122507233,1.0442247862874152,0.8450843891730039,0.6552452318809174,11.75691215144145,0.11217779681008562,0.2,0.8013698630136986,10.286986301369865,73.68421052631578,63.45029239766082,82.7485380116959,0.1680977376909675,70.46027397260275,46.35205479452055,0.3082191780821918,0.136986301369863,68.09281045751635,45.27320261437909,0,Ball-Winner,0.188739080606836,True,300.0,0.0,0.0,0.0,0.0,0.0,0.0,65.28378378378378,65.4054054054054,65.0
United States,12352,286,0,0,42.640808864391744,161.060891310896,0,0,75,238.6,0,98,0,0,0,0,0,0,3,0,0,0,0,0,391.2,3523.9,126,0,5,53,17,0,0,24,1,0,28,25,0.0,Matthew Charles Turner,Goalkeeper,Goalkeeper,0.0,0.0,3.911042944785277,0.0,1.1503067484662577,0.0,0.0,12.193251533742332,0.0,0.0,0.0,6.441717791411043,0.0,0.0,0.7777777777777778,27.96746031746032,7.163742690058479,3.508771929824561,64.32748538011695,0.039340490797546014,12.41904761904762,40.46031746031746,0.492063492063492,0.0634920634920634,11.772058823529411,40.42794117647059,7,Goalkeeper,0.039340490797546,False,300.0,2.4698248769999998,0.568211244708589,-0.35203415406441724,1.8404907975460123,10.618263473053892,0.875,65.578125,60.9375,76.40625
United States,12524,680,17,9,145.80909067540648,186.969744875008,5,0,186,415.4,23,212,9,0,3,0,9,0,6,3,0,5,4,0,310.06666666666666,2261.4,233,17,9,67,6,1,0,18,3,1,22,21,0.05674074,Walker Zimmerman,Right Center Back,Center Back,0.5294117647058824,6.385723500322511,1.741560954633412,0.2902601591055687,2.612341431950118,0.0,6.67598365942808,19.447430660073103,0.0,0.0,1.4513007955278434,6.385723500322511,0.0164695762201677,0.0,0.9098712446351932,9.705579399141632,56.72514619883041,18.421052631578945,11.11111111111111,0.09222747774672113,40.93175965665236,49.38884120171674,0.2145922746781116,0.0429184549356223,39.81025641025641,49.06769230769231,2,Sweeper CB,0.0922274777467211,False,300.0,0.0,0.0,0.0,0.0,0.0,0.0,31.740000000000002,32.300000000000004,30.433333333333334
United States,12751,822,10,6,228.127985339842,161.51704217316444,11,2,201,440.7,6,246,40,0,8,2,16,8,26,7,0,6,3,2,391.2,1849.8,269,81,14,62,27,1,2,64,8,0,29,70,0.019808901,Tyler Adams,Center Defensive Midfield,Defensive Midfield,0.6,20.47546012269939,6.211656441717792,0.2300613496932515,3.220858895705521,0.4601226993865031,1.3803680981595092,14.263803680981596,0.4601226993865031,0.0,1.3803680981595092,6.671779141104294,0.0045572625,0.5,0.9144981412639404,6.876579925650558,69.88304093567251,93.859649122807,96.19883040935672,0.06759407231595094,58.43717472118959,39.29925650557621,0.2193308550185873,0.0966542750929368,59.264,40.3765,0,Ball-Winner,0.0675940723159509,False,300.0,0.0,0.0,0.0,0.0,0.0,0.0,72.65306122448982,72.95918367346941,71.9387755102041
United States,18242,795,18,8,168.68055921052633,100.3945138888889,4,0,215,1069.5,16,241,10,0,1,1,14,4,18,1,0,10,4,0,391.2,2754.8,270,30,43,92,15,1,1,26,7,0,29,28,0.2582279,Tim Ream,Left Center Back,Center Back,0.4444444444444444,9.202453987730062,3.4509202453987733,0.2300613496932515,9.892638036809815,0.2300613496932515,3.6809815950920246,21.165644171779142,0.0,0.0,2.3006134969325154,6.671779141104294,0.0594082592024539,0.2857142857142857,0.8925925925925926,10.202962962962964,44.29824561403509,33.33333333333333,51.75438596491229,0.16500641871165636,45.51555555555556,25.05481481481481,0.2814814814814815,0.0444444444444444,41.47972350230415,25.432718894009216,2,Sweeper CB,0.1650064187116564,False,300.0,0.0,0.0,0.0,0.0,0.0,0.0,52.699999999999996,51.4,55.733333333333334
United States,21881,680,7,2,248.47710555301927,267.6337107247028,8,4,184,895.4,8,174,11,8,2,8,10,1,15,4,0,3,2,3,307.56666666666666,1380.3,201,43,32,36,15,6,4,65,1,0,43,70,0.2518676686,Sergino Dest,Right Back,Fullback/Wingback,0.2857142857142857,13.46049636935082,4.389292294353528,1.7557169177414111,9.363823561287528,2.3409558903218817,2.3409558903218817,10.534301506448466,0.8778584588707056,2.3409558903218817,0.8778584588707056,12.582637910480113,0.0737013877988512,0.1,0.8656716417910447,6.867164179104478,29.093567251461987,62.86549707602339,73.9766081871345,0.1336883824883494,61.76467661691542,67.15074626865672,0.1691542288557214,0.0497512437810945,63.90103626943005,67.24818652849741,5,Holding Anchor,0.1336883824883494,False,300.0,0.0,0.0,0.0,0.0,0.0,0.0,66.57692307692307,64.61538461538461,71.15384615384615
United States,38792,657,12,3,263.51827327771207,148.16445331318704,8,6,161,836.5,1,154,26,6,4,7,16,4,12,10,0,4,4,3,364.8666666666667,1020.1,182,73,27,38,18,4,3,75,4,0,38,80,0.197483729,Yunus Dimoara Musah,Right Center Midfield,Central/Wide Midfield,0.25,19.23990498812352,4.43997807418235,0.9866617942627444,6.659967111273525,1.7266581399598029,0.2466654485656861,9.373287045496072,0.7399963456970583,1.4799926913941166,0.9866617942627444,9.373287045496072,0.0487124125982093,0.25,0.8461538461538461,5.604945054945055,26.16959064327485,90.05847953216374,76.31578947368422,0.10051215679700339,70.21813186813188,38.00329670329671,0.1813186813186813,0.1263736263736263,68.35792349726776,38.60327868852459,0,Ball-Winner,0.1005121567970034,False,300.0,0.0,0.0,0.0,0.0,0.0,0.0,66.35135135135135,66.75675675675676,65.40540540540542
Uruguay,5255,339,8,3,172.49063706563706,101.62614048114048,9,1,71,130.10000000000002,2,82,11,1,5,2,9,2,9,4,0,5,0,1,205.8,771.4,103,41,3,22,10,1,0,43,1,0,26,46,0.052239094,Matías Vecino Falero,Left Center Midfield,Central/Wide Midfield,0.375,17.55366982424404,4.201117630446535,0.7564670685782026,3.256043435299685,1.6788694212196225,0.7729524649825973,8.76259188442118,0.8282228670920264,0.9582802518983321,1.4547566285988534,11.196474820994945,0.06965503819775525,0.2222222222222222,0.7961165048543689,7.489320388349514,36.84210526315789,92.39766081871343,73.09941520467837,0.08765341478598092,57.13592233009709,35.943689320388344,0.2815533980582524,0.1359223300970873,60.06395348837209,35.47441860465116,0,Ball-Winner,0.0534573297376093,True,300.0,0.0,0.0,0.0,0.0,0.0,0.0,52.21621621621622,52.70270270270271,51.08108108108108
Uruguay,5259,489,13,11,130.93377057989642,130.18338745445905,15,1,117,322.1,13,140,7,2,4,2,6,4,15,4,0,6,4,1,298.08333333333337,2197.4,167,25,7,56,6,3,1,14,8,0,28,19,0.129368291,José María Giménez de Vargas,Right Center Back,Center Back,0.8461538461538461,8.539898358006619,2.2822699635012245,0.6545526845208425,3.3635269657085267,0.41399685647459517,4.0315093805055415,16.86218993023107,0.24232200698356035,0.37690709879101925,1.4998526942715038,7.846489736864887,0.04671518843692037,0.6666666666666666,0.8383233532934131,13.158083832335327,95.6140350877193,35.08771929824561,12.573099415204677,0.09842023728381116,45.54910179640719,39.31377245508982,0.3233532934131736,0.059880239520958,46.70232558139535,36.23720930232558,1,Deep Playmaker,0.1042766995471065,True,300.0,0.0,0.0,0.0,0.0,0.0,0.0,64.65333333333332,64.33333333333333,65.39999999999999
Uruguay,5260,507,11,8,165.0577693296209,114.77998024797124,4,1,131,520.9,3,134,25,1,0,5,10,5,10,5,0,9,7,2,231.66666666666663,1225.4,158,41,16,32,17,3,4,61,0,0,32,68,0.620971297,Rodrigo Bentancur Colmán,Left Defensive Midfield,Defensive Midfield,0.7272727272727273,17.25097651617265,5.361235805448137,0.9989407098457594,4.585847787989396,1.3219574466378712,1.421662898567406,12.1929159247835,0.6773573949852566,0.4707793814681429,2.2290840367854647,10.629465476790942,0.1584322344101171,0.5,0.8481012658227848,7.755696202531646,84.50292397660819,91.52046783625732,97.953216374269,0.23555371112889822,56.26139240506328,43.54050632911392,0.240506329113924,0.1455696202531645,56.91190476190476,42.203968253968256,0,Ball-Winner,0.3033989211366906,True,300.0,0.0,0.0,0.0,0.0,0.0,0.0,74.3061224489796,76.02040816326532,70.30612244897961
Uruguay,5264,259,4,3,195.2173824521219,205.4642819876567,4,3,59,197.49999999999997,6,62,8,6,2,2,5,3,4,3,0,1,0,1,210.7166666666667,1067.9,91,18,6,21,2,0,0,19,1,0,30,29,0.0,Guillermo Varela Olivera,Right Back,Fullback/Wingback,0.75,10.37825596655222,2.39448716319674,0.287719029532997,3.1426641456179527,0.9049682934905166,2.3508002678766955,9.903191392725178,0.6218055225323761,2.208213846161228,0.8382313412076392,12.382909306592767,0.021741847100538052,0.6,0.6813186813186813,11.735164835164836,88.01169590643275,27.192982456140356,2.3391812865497075,0.01793754596424188,60.2032967032967,72.92197802197802,0.3516483516483517,0.1098901098901098,63.436619718309856,72.15352112676055,5,Holding Anchor,0.0251997152574547,True,300.0,0.0,0.0,0.0,0.0,0.0,0.0,23.007692307692306,22.153846153846153,25.0
Uruguay,6300,247,9,8,83.61976446492575,56.14640296979007,4,1,57,234.1,5,78,1,0,0,0,3,1,11,2,0,0,0,0,200.3,1217.2,97,5,9,31,8,1,0,10,3,0,20,15,0.103292696,Sebastián Coates Nión,Left Center Back,Center Back,0.8888888888888888,5.5318226589735335,3.0881223812459675,0.42270048251150744,4.380710412567476,0.13512816292194177,3.3803289399507412,15.660593165645349,0.10979163237407767,0.09078923446317962,0.713645610431505,7.940944906635902,0.051154851224561516,0.3333333333333333,0.8041237113402062,12.548453608247424,96.78362573099416,9.649122807017545,55.55555555555556,0.09694762846058969,43.98969072164948,27.674226804123712,0.3505154639175257,0.0824742268041237,42.297014925373134,27.57910447761194,1,Deep Playmaker,0.0962872822765851,True,300.0,0.0,0.0,0.0,0.0,0.0,0.0,58.33333333333334,58.03333333333334,59.033333333333346
Uruguay,6773,566,8,5,184.7348530196637,133.27949295533907,9,6,127,600.4,3,152,12,2,1,3,9,4,25,6,0,5,3,4,298.08333333333337,1818.4,186,40,23,48,14,7,2,46,8,1,37,55,0.1166536996,Federico Santiago Valverde Dipetta,Right Defensive Midfield,Defensive Midfield,0.625,14.582866124171867,4.314432832486988,1.4899319672308686,5.129958044778089,0.8741937452347244,1.2637883924843318,13.246593785720876,0.9030988128752873,0.5689804171334473,1.3796232624622076,10.201475510927436,0.06494839770719621,0.4444444444444444,0.8172043010752689,9.776344086021506,73.68421052631578,64.91228070175438,71.6374269005848,0.11783176038296236,64.15053763440861,44.15161290322581,0.3548387096774194,0.075268817204301,60.84723926380369,42.94171779141104,0,Ball-Winner,0.1128168844193458,True,300.0,0.0,0.0,0.0,0.0,0.0,0.0,55.07142857142857,55.714285714285715,53.57142857142857
Uruguay,7104,414,12,8,179.92953728768578,37.84953111730361,12,6,82,249.3,14,108,16,6,7,2,14,7,5,2,0,4,3,6,263.6333333333333,901.6,133,45,7,19,13,2,0,34,2,0,33,39,0.0809757889999999,Mathías Olivera Miramontes,Left Back,Fullback/Wingback,0.6666666666666666,14.194242639513268,3.92614199958122,0.5800631090537474,3.0072936724280246,0.8200054236628394,3.407521811122644,8.654074571153753,1.3618187541238274,2.0008958805345824,1.238568897883544,11.699375772722284,0.032630690203494794,0.5,0.8120300751879699,6.778947368421052,78.65497076023392,80.11695906432749,76.0233918128655,0.04388287226913379,63.59849624060151,10.724812030075189,0.18796992481203,0.0977443609022556,73.25222222222222,12.023333333333332,6,Wide Creator,0.0716822139714249,True,300.0,0.0,0.0,0.0,0.0,0.0,0.0,63.62307692307692,64.61538461538461,61.30769230769231
Uruguay,32478,268,16,6,239.688618532217,92.26125702831862,4,1,54,313.8,2,36,14,5,1,4,14,3,0,2,0,1,0,1,249.21666666666664,218.8,54,31,12,3,5,3,3,68,3,0,36,73,0.2169133509999999,Darwin Gabriel Núñez Ribeiro,Left Wing,Attacking Midfield/Wing,0.375,13.093532035978038,2.7995405578179273,1.5899211834405713,4.3891839329488755,2.1252787932235306,0.5990871590433647,3.2147767618162186,0.9197667824006573,1.7852171947762703,0.5579699140545886,12.611935179600879,0.1711079547698789,0.2142857142857142,0.6666666666666666,4.051851851851852,36.84210526315789,47.66081871345029,11.988304093567251,0.19751206602479676,80.02222222222223,32.56111111111111,0.1111111111111111,0.3518518518518518,82.03010752688172,31.92903225806452,4,Target Forward,0.0758063328696582,True,300.0,0.0,0.0,0.0,0.0,0.0,0.0,25.622448979591834,22.959183673469386,31.83673469387755
Uruguay,36288,231,10,1,246.40354407183435,201.1699541872824,2,3,52,193.0,3,35,13,6,1,6,12,2,1,2,0,1,1,3,191.23333333333332,156.2,45,29,8,4,6,1,0,28,0,0,17,35,0.099497445,Facundo Pellistri Rebollo,Right Wing,Attacking Midfield/Wing,0.1,14.455830941900805,3.3132001086304594,1.4111648489488073,4.174417389647292,2.7425633464441543,0.8530134746541358,3.777449230919789,1.3947572362234126,2.1791498344121067,0.623830582134792,10.619566396599978,0.16979285272212183,0.1666666666666666,0.7777777777777778,3.471111111111111,14.619883040935672,71.9298245614035,36.25730994152047,0.21346673702866403,84.70222222222222,66.46222222222222,0.0666666666666666,0.1111111111111111,84.22027027027028,66.61486486486487,3,Progressive Winger,0.0717697579745511,True,300.0,0.0,0.0,0.0,0.0,0.0,0.0,33.27551020408163,29.693877551020403,41.63265306122449
Uruguay,36710,160,0,0,26.535802232854863,117.93974162679424,1,0,36,103.3,0,53,0,0,0,0,0,0,3,1,0,0,0,0,298.08333333333337,2443.7,76,1,4,31,11,0,0,10,0,0,24,11,0.0,Sergio Rochet Álvarez,Goalkeeper,Goalkeeper,0.0,0.18840787721483845,3.5971590832199873,0.0,0.9774018411915656,0.011378152491468393,0.015170869988624523,10.733249764991402,0.007585434994312261,0.0037927174971561306,0.0,7.5028650059208415,0.0,0.0,0.6973684210526315,32.15394736842105,7.163742690058479,8.47953216374269,49.41520467836257,-0.0180970330609872,10.578947368421051,39.61578947368421,0.6578947368421053,0.0526315789473684,10.142857142857142,40.42,7,Goalkeeper,0.0265697511881464,True,300.0,1.8160407016,0.5483153362393066,-0.055542645309477216,0.9057869723231757,8.619607843137254,0.75,50.8046875,46.5625,60.703125
Wales,3086,451,15,11,131.98442330062147,50.00809667032989,7,0,105,350.0,11,121,8,0,2,3,8,1,10,1,0,2,1,0,261.3333333333333,2067.2,160,25,11,43,18,3,2,35,8,2,41,47,0.384204745,Ben Davies,Left Center Back,Center Back,0.7333333333333333,8.457667831860675,4.3556786710285476,0.6974056735163431,4.225064286355419,0.6014334083904648,3.974783673380089,15.881819645081418,0.09785407424599359,0.08091779216495625,0.9567165657343505,10.44451556435263,0.09063216712170094,0.125,0.75625,12.919999999999998,85.67251461988305,33.91812865497076,95.906432748538,0.14563812117133118,47.881875,16.2475,0.33125,0.13125,45.37522935779816,16.46605504587156,1,Deep Playmaker,0.1760526545280612,True,300.0,0.0,0.0,0.0,0.0,0.0,0.0,74.26666666666667,74.86666666666667,72.86666666666667
Wales,3488,142,0,0,19.86985232655336,80.89680969629424,0,0,35,92.5,0,52,0,0,0,0,0,0,3,1,0,0,0,0,202.71666666666664,1895.5,66,1,3,32,12,0,0,7,4,0,14,8,0.0,Wayne Hennessey,Goalkeeper,Goalkeeper,0.0,0.2241493443574737,4.458576855795155,0.0,0.9837902420568024,0.013536617781929626,0.0180488237092395,12.948402606395799,0.00902441185461975,0.004512205927309875,0.0,7.135905272601181,0.0,0.0,0.7878787878787878,28.71969696969697,7.163742690058479,9.35672514619883,89.47368421052632,-0.0047671957904094064,11.393939393939394,40.85606060606061,0.5454545454545454,0.0151515151515151,10.435714285714283,41.896428571428565,7,Goalkeeper,0.0483926662829894,True,300.0,0.74178587,0.3293302390857519,-1.0025780072350572,2.6638164926416183,9.225824175824176,0.0,42.4765625,45.3125,35.859375
Wales,3517,435,4,1,191.3899523809524,134.53290476190477,5,1,100,217.9,3,86,11,3,1,9,7,3,6,3,0,1,1,1,281.3833333333333,732.6999999999999,110,54,4,14,13,1,3,78,7,2,38,88,0.025361432,Aaron Ramsey,Right Center Midfield,Central/Wide Midfield,0.25,16.974422263743318,4.119356645036019,0.6581217956371669,2.98754138619026,2.544228684321105,0.8272671905309711,6.384976593424132,0.720548908365359,1.1433044487174435,0.646416712000631,11.598504081287578,0.05643871583365756,0.4285714285714285,0.7818181818181819,6.66090909090909,26.16959064327485,87.42690058479532,70.46783625730994,0.04951453773215199,62.150909090909096,45.47272727272728,0.1727272727272727,0.209090909090909,68.16564885496184,42.83129770992366,0,Ball-Winner,0.0109904479535627,True,300.0,0.0,0.0,0.0,0.0,0.0,0.0,34.135135135135144,33.24324324324325,36.216216216216225
Wales,3853,334,22,12,241.00922733343683,112.81594135735362,6,2,44,70.80000000000001,7,41,11,2,0,0,12,0,2,5,0,1,1,4,251.71666666666667,361.2000000000001,60,59,1,7,3,6,0,40,1,0,31,50,0.6403291090000001,Kieffer Roberto Francisco Moore,Left Center Forward,Forward,0.5454545454545454,17.24427575163806,1.866634757392293,2.1566160995697543,1.429087157113257,0.9459920491288992,1.5592398965392413,2.621162343845702,1.0652210535692728,0.7807015788846172,0.33006698238997684,10.709709694580836,0.2967550266851999,0.0,0.6833333333333333,6.0200000000000005,59.7953216374269,96.49122807017544,3.508771929824561,0.3634180977668653,80.395,34.49166666666667,0.25,0.2666666666666666,81.4637037037037,36.63925925925926,4,Target Forward,0.2400302713765476,True,300.0,0.0,0.0,0.0,0.0,0.0,0.0,56.04285714285714,55.785714285714285,56.64285714285714
Wales,4767,499,9,8,125.14392538173436,176.4055738980121,7,2,126,522.8,13,143,13,0,1,0,9,6,7,7,0,1,1,2,296.71666666666664,1865.1,170,32,20,49,7,0,0,28,3,0,28,32,0.0,Chris Mepham,Right Center Back,Center Back,0.8888888888888888,8.861108079687945,2.4383224210329146,0.20357576415469178,5.331960035875499,0.11329433831217631,4.040742790253369,15.845032138266124,0.39370234954068273,0.07611963355349344,0.7491610740422009,7.864460637583345,0.027310162993572813,0.6666666666666666,0.8411764705882353,10.971176470588237,96.78362573099416,37.719298245614034,19.29824561403509,0.0751300483218441,45.014117647058825,59.83176470588235,0.2823529411764706,0.1058823529411764,41.3562962962963,59.2962962962963,2,Sweeper CB,0.0703701623321912,True,300.0,0.0,0.0,0.0,0.0,0.0,0.0,59.31333333333332,59.033333333333324,59.966666666666654
Wales,4774,349,4,0,182.03188185385835,172.6091835396427,8,4,82,116.29999999999995,4,92,4,5,2,1,7,1,5,0,0,2,1,1,215.5333333333333,1006.5,119,12,2,27,7,0,1,31,3,0,30,32,0.0,Connor Roberts,Right Wing Back,Fullback/Wingback,0.0,9.582985179848045,3.2449977415568894,0.28503084902300624,2.4149960369252206,0.7219366163658962,1.9796835836203799,10.85812407368672,0.6159959468175225,2.0130058479218453,1.0049761731742433,12.267214854581734,0.021538711389557336,0.1428571428571428,0.773109243697479,8.457983193277311,7.163742690058479,17.83625730994152,37.42690058479532,0.020581751182361968,62.88151260504201,61.40756302521008,0.2521008403361344,0.0840336134453781,66.42616822429908,60.04579439252336,5,Holding Anchor,0.0304825239715434,True,300.0,0.0,0.0,0.0,0.0,0.0,0.0,27.107692307692304,26.23076923076923,29.153846153846157
Wales,4934,434,9,3,160.7920865933251,126.23059268967523,10,1,100,408.1,9,110,13,1,2,4,12,5,14,5,0,5,2,2,265.56666666666666,1355.0,144,23,16,38,13,1,3,65,4,1,35,77,0.013776194,Ethan Ampadu,Center Defensive Midfield,Defensive Midfield,0.3333333333333333,13.034306325983012,4.403354222720445,0.6207994531761576,4.310972606732532,1.0835870380075467,2.291243191616086,12.416868568414973,0.6367566717754961,0.4425609202815394,1.4589432655583285,10.469733857182502,0.052311390389660414,0.4166666666666667,0.7638888888888888,9.40972222222222,33.47953216374269,39.1812865497076,75.14619883040936,0.08630886104569707,58.32847222222222,42.422916666666666,0.3194444444444444,0.1736111111111111,52.43274336283186,40.94070796460177,0,Ball-Winner,0.0622813761516254,True,300.0,0.0,0.0,0.0,0.0,0.0,0.0,34.77551020408164,34.591836734693885,35.204081632653065
Wales,6399,225,12,4,200.6991402116402,142.69404761904764,2,1,44,74.3,2,34,9,2,3,3,9,1,3,2,1,1,1,2,247.71666666666664,386.6,55,17,2,8,5,2,1,43,3,0,30,53,0.8052008399999999,Gareth Frank Bale,Right Center Forward,Forward,0.3333333333333333,10.468833040394204,2.208903945895295,1.5150918280150192,1.603842380851418,1.44585627612555,0.7490344245850503,2.8046233474827096,0.7443633428568188,0.7864030784109024,0.3324774767384415,10.623604662377426,0.32601372351155317,0.1111111111111111,0.6181818181818182,7.029090909090909,33.47953216374269,19.00584795321637,13.157894736842104,0.3992228817759257,70.65454545454546,43.85636363636363,0.2181818181818181,0.2909090909090909,76.33176470588235,43.79764705882353,4,Target Forward,0.2961773892215569,True,300.0,0.0,0.0,0.0,0.0,0.0,0.0,40.6142857142857,39.928571428571416,42.21428571428571
Wales,11250,483,13,7,104.8101221223499,107.29264724845451,4,0,126,279.1,14,147,7,0,2,0,9,3,0,3,0,3,1,0,296.71666666666664,1323.1,162,23,10,41,5,0,0,20,3,0,15,23,0.0,Joe Rodon,Center Back,Center Back,0.5384615384615384,7.805330630870808,2.1366717213708752,0.20357576415469178,3.823706537565301,0.11329433831217631,4.191568140084389,14.638429339617966,0.09205164987864323,0.07611963355349344,1.0508117737042404,5.903731089780088,0.027310162993572813,0.3333333333333333,0.9074074074074074,8.167283950617284,58.77192982456141,26.31578947368421,6.432748538011696,0.06219325893812014,36.42407407407407,36.11172839506173,0.1666666666666666,0.074074074074074,35.11167883211679,36.1029197080292,2,Sweeper CB,0.0515643430882435,True,300.0,0.0,0.0,0.0,0.0,0.0,0.0,26.84,26.0,28.800000000000004
Wales,34794,330,5,3,165.1971809022116,109.86930348258709,10,0,74,397.5,5,71,12,4,2,7,7,1,7,4,0,4,3,0,216.38333333333333,1070.5,97,31,14,18,18,3,1,47,4,0,32,55,0.075571141,Neco Williams,Left Wing Back,Fullback/Wingback,0.6,13.052993499114343,5.156836656935664,0.8074290488971252,4.502490314500563,1.7664830202830553,2.150714024095329,9.271648770205521,0.4406928517883872,1.83540318522798,1.3519001706944354,12.595600486780564,0.03467448543077777,0.1428571428571428,0.7319587628865979,11.036082474226804,69.88304093567251,71.05263157894737,99.12280701754386,0.03505238076790601,65.31340206185567,27.3319587628866,0.3402061855670103,0.134020618556701,65.88767123287671,25.28082191780822,6,Wide Creator,0.0555560472463991,True,300.0,0.0,0.0,0.0,0.0,0.0,0.0,57.75384615384616,58.53846153846155,55.92307692307694
