team,player_id,actions,aerial_events,aerial_wins,average_x,average_y,blocks,box_passes,carries,carry_progression_sum,clearances,completed_passes,counterpressures,crosses,dribbled_past,dribbles,duels,duels_won,final_third_passes,fouls,goals,interceptions,interceptions_won,key_passes,minutes,pass_progression_sum,passes,pressures,progressive_carries,progressive_passes,recoveries,shots,successful_dribbles,successful_under_pressure_actions,switches,through_balls,turnovers,under_pressure_actions,xg_sum,player,position,position_group,aerial_dominance_index,pressing_intensity_index,speed_recovery_index,shots_p90,progressive_carries_p90,dribbles_p90,clearances_p90,progressive_passes_p90,key_passes_p90,crosses_p90,interceptions_p90,turnovers_p90,xg_p90,duel_win_rate,pass_completion,pass_progression_per_pass,aerial_dominance_index_percentile,pressing_intensity_index_percentile,speed_recovery_index_percentile,net_xg_contribution_p90,pass_start_x,pass_start_y,line_breaking_pass_rate,pressure_state_rate,distribution_under_pressure,pass_receipt_x,pass_receipt_y,playstyle_cluster,functional_role
Argentina,2995,639,1,0,411.8647178591491,250.289754632405,4,16,184,792.0,0,126,15,24,4,29,3,1,2,0,1,2,2,11,304.81666666666666,673.6,164,34,27,25,10,7,18,127,13,1,49,143,0.53383544,Ángel Fabián Di María Hernández,Right Midfield,Central/Wide Midfield,0.0,10.924599486029853,2.9525944556837445,2.066816118978621,7.97200503034611,8.562523921482859,0.0,7.381486139209361,3.247853901252119,7.086226693640986,0.5905188911367488,14.467712832850347,0.15761995603914924,0.3333333333333333,0.7682926829268293,4.107317073170732,7.163742690058479,45.614035087719294,38.01169590643275,0.23202533632237957,87.11219512195122,51.25426829268293,0.10365853658536585,0.1402439024390244,0.8260869565217391,81.01940298507462,53.39154228855722,3,Progressive Winger
Argentina,3090,1646,44,27,288.6156737910704,234.22893667811002,8,2,445,1260.4,34,528,16,1,4,0,26,4,26,13,0,10,2,2,733.9,4397.3,565,54,40,155,27,1,0,45,9,0,38,60,0.048093256,Nicolás Hernán Otamendi,Left Center Back,Center Back,0.6136363636363636,7.8484807194440664,3.3110778035154653,0.12263251124131354,4.905300449652541,0.0,4.16950538220466,19.008039242403598,0.24526502248262708,0.12263251124131354,1.2263251124131354,4.660035427169914,0.00589779675705137,0.15384615384615385,0.9345132743362832,7.78283185840708,72.22222222222221,26.023391812865498,48.83040935672515,0.09345740978334924,42.77805309734513,34.09893805309735,0.184070796460177,0.061946902654867256,0.5714285714285714,41.86631578947368,33.362526315789474,2,Sweeper CB
Argentina,5503,1459,15,5,527.7926213313835,348.8641794944994,4,25,391,1664.8000000000002,1,306,33,7,5,36,15,4,32,11,9,0,0,19,733.9,2713.7000000000003,371,89,56,89,30,34,26,339,11,8,110,359,7.598649225,Lionel Andrés Messi Cuccittini,Right Wing,Attacking Midfield/Wing,0.3333333333333333,10.914293500476905,3.678975337239406,4.16950538220466,6.867420629513558,4.414770404687287,0.12263251124131354,10.914293500476905,2.330017713584957,0.8584275786891947,0.0,13.489576236544488,0.9318414365036108,0.26666666666666666,0.8247978436657682,7.314555256064691,33.47953216374269,45.32163742690059,57.748538011695906,1.0040719856247446,77.21024258760107,47.97681940700809,0.22371967654986524,0.20215633423180593,0.8666666666666667,74.51611570247934,50.682644628099176,3,Progressive Winger
Argentina,5507,555,9,8,385.07818277420716,69.34737906848544,13,3,122,167.6999999999999,9,153,32,2,0,3,12,5,4,7,0,4,2,2,393.3333333333333,1296.4,182,56,4,25,13,3,1,54,0,1,34,62,0.91222105,Nicolás Alejandro Tagliafico,Left Back,Fullback/Wingback,0.8888888888888888,13.728813559322035,2.9745762711864407,0.6864406779661018,0.9152542372881356,0.6864406779661018,2.0593220338983054,5.720338983050848,0.4576271186440678,0.4576271186440678,0.9152542372881356,7.779661016949153,0.20872854533898308,0.4166666666666667,0.8406593406593407,7.1230769230769235,96.78362573099415,66.08187134502924,39.1812865497076,0.22749125720338986,63.4521978021978,8.49945054945055,0.23076923076923078,0.12637362637362637,0.782608695652174,69.31086956521739,10.368115942028986,6,Wide Creator
Argentina,6909,401,0,0,65.52586562349427,285.4535390843195,0,0,99,189.9,1,123,0,0,0,0,0,0,5,0,0,0,0,0,733.9,6160.1,186,0,4,61,30,0,0,45,8,1,63,56,0.0,Damián Emiliano Martínez,Goalkeeper,Goalkeeper,0.0,0.0,3.678975337239406,0.0,0.49053004496525415,0.0,0.12263251124131354,7.480583185720126,0.0,0.0,0.0,7.725848208202753,0.0,0.0,0.6612903225806451,33.118817204301074,7.163742690058479,3.508771929824561,57.748538011695906,0.015942226461370758,11.218817204301073,41.306451612903224,0.5483870967741935,0.12365591397849462,0.5217391304347826,10.121176470588235,40.783529411764704,7,Goalkeeper
Argentina,7797,1767,6,2,446.410918700777,407.33297204351726,8,7,461,1205.7,4,475,42,15,8,13,15,8,38,10,0,10,6,7,634.7333333333333,3559.7,563,111,41,90,34,7,3,169,11,7,104,188,0.570042511,Rodrigo Javier De Paul,Right Defensive Midfield,Defensive Midfield,0.3333333333333333,18.007562230858102,4.820922172040752,0.9925428001260371,5.8134649721667895,1.8432937716626405,0.5671673143577355,12.761264573049049,0.9925428001260371,2.126877428841508,1.4179182858943389,14.746350173301124,0.08082737000840248,0.5333333333333333,0.8436944937833037,6.322735346358792,33.47953216374269,86.54970760233918,80.99415204678363,0.13754410144417603,65.76056838365896,58.065364120781524,0.1847246891651865,0.08703374777975133,0.8163265306122449,64.87304832713754,57.856319702602235,5,Holding Anchor
Argentina,11456,315,11,6,487.52502672333304,213.64267742624742,3,0,64,140.10000000000002,0,46,8,0,0,8,5,0,1,3,1,1,1,0,273.0,171.0,63,20,4,2,5,15,3,74,0,0,33,87,2.905046753,Lautaro Javier Martínez,Left Center Forward,Forward,0.5454545454545454,6.923076923076923,1.6483516483516483,4.945054945054945,1.3186813186813187,2.6373626373626373,0.0,0.6593406593406593,0.0,0.0,0.32967032967032966,10.87912087912088,0.9577077207692309,0.0,0.7301587301587301,2.7142857142857144,59.7953216374269,21.637426900584796,9.941520467836257,0.9432022262637365,72.62857142857143,35.44444444444444,0.06349206349206349,0.2857142857142857,0.5555555555555556,85.07076923076923,35.137692307692305,4,Target Forward
Argentina,16308,719,4,4,261.9366291992359,188.18801926450334,5,1,189,502.0,6,227,20,0,1,0,11,5,20,7,2,3,2,2,235.35,1898.7,240,49,14,61,10,3,0,25,6,0,15,28,1.5813709569999999,Leandro Daniel Paredes,Right Defensive Midfield,Defensive Midfield,1.0,20.26768642447419,3.824091778202677,1.147227533460803,5.353728489483748,0.0,2.294455066921606,23.326959847036328,0.7648183556405354,0.0,1.147227533460803,5.736137667304016,0.6047307674952198,0.45454545454545453,0.9458333333333333,7.91125,98.9766081871345,93.27485380116958,62.28070175438597,0.716394247418738,55.66041666666667,35.84166666666667,0.2375,0.05416666666666667,0.7692307692307693,53.33152709359606,35.402955665024635,0,Ball-Winner
Argentina,19597,695,18,10,409.8304413891198,62.84540420888025,14,4,168,577.2,7,170,17,14,4,5,19,8,10,9,0,3,2,5,397.4833333333333,1297.8999999999999,217,52,20,31,18,2,1,74,5,1,60,86,0.076122072,Marcos Javier Acuña,Left Back,Fullback/Wingback,0.5555555555555556,12.453352341817268,4.075642584594743,0.4528491760660825,4.528491760660825,1.1321229401652062,1.5849721162312886,7.019162229024278,1.1321229401652062,3.1699442324625773,0.6792737640991238,13.585475281982475,0.017235908792821504,0.42105263157894735,0.783410138248848,5.981105990783409,61.98830409356725,54.09356725146199,69.2982456140351,0.05006747405761249,67.58617511520738,9.761751152073733,0.17050691244239632,0.11059907834101383,0.6666666666666666,70.96984126984127,11.287301587301588,6,Wide Creator
Argentina,20572,1094,25,16,281.64367293391103,385.8637587013706,9,0,291,871.8000000000001,26,330,19,2,5,2,16,4,17,13,0,9,4,0,575.9166666666666,3343.2,372,58,29,96,16,0,2,67,6,0,43,73,0.0,Cristian Gabriel Romero,Right Center Back,Center Back,0.64,10.470264795253943,2.5003617421501954,0.0,4.531905657647229,0.3125452177687744,4.063087830994068,15.002170452901174,0.0,0.3125452177687744,1.406453479959485,6.719722182028651,0.0,0.25,0.8870967741935484,8.987096774193548,74.85380116959064,41.812865497076025,26.900584795321635,0.06297786138040805,42.965591397849465,56.9268817204301,0.23387096774193547,0.0913978494623656,0.8235294117647058,42.13082191780822,55.76438356164384,2,Sweeper CB
Argentina,27768,458,10,5,231.87590818077803,111.58665549743927,3,1,114,313.9,14,132,11,0,0,0,13,4,12,2,0,3,1,0,334.91666666666663,1652.4,154,23,11,45,6,1,0,41,4,0,24,47,0.33156127,Lisandro Martínez,Left Center Back,Center Back,0.5,6.98681263996019,1.6123413784523515,0.2687235630753919,2.9559591938293113,0.0,3.762129883055487,12.092560338392637,0.0,0.0,0.8061706892261757,6.449365513809406,0.08909832585220205,0.3076923076923077,0.8571428571428571,10.72987012987013,51.900584795321635,22.22222222222222,9.064327485380117,0.13505005513809407,48.28636363636364,20.525974025974026,0.2662337662337662,0.15584415584415584,0.75,48.206299212598424,21.65275590551181,2,Sweeper CB
Argentina,27886,988,16,5,416.5842190943744,156.11988930123317,20,7,253,822.5,5,242,28,2,5,6,21,7,13,1,1,4,3,8,552.35,1176.1000000000001,271,70,26,38,27,7,5,162,1,0,48,174,0.501838363,Alexis Mac Allister,Left Center Midfield,Central/Wide Midfield,0.3125,12.383452521046438,4.399384448266497,1.1405811532542771,4.236444283515887,0.9776409885036661,0.8147008237530551,6.191726260523219,1.3035213180048881,0.32588032950122203,0.6517606590024441,7.821127908029329,0.08176962554539692,0.3333333333333333,0.8929889298892989,4.339852398523986,30.994152046783626,53.80116959064327,74.56140350877193,0.124459948710057,71.66309963099631,27.120664206642065,0.1070110701107011,0.15867158671586715,0.7906976744186046,73.02317880794702,26.621523178807948,0,Ball-Winner
Argentina,29201,1027,8,0,415.00537065458224,490.3526306737672,10,4,238,664.4000000000001,8,296,36,6,4,3,21,4,23,2,1,9,4,3,594.0,2296.3,360,72,21,69,17,2,1,91,6,1,73,104,0.485319467,Nahuel Molina Lucero,Right Wing Back,Fullback/Wingback,0.0,12.878787878787879,2.5757575757575757,0.30303030303030304,3.1818181818181817,0.45454545454545453,1.2121212121212122,10.454545454545455,0.45454545454545453,0.9090909090909091,1.3636363636363635,11.06060606060606,0.07353325257575757,0.19047619047619047,0.8222222222222222,6.378611111111112,7.163742690058479,58.47953216374269,28.947368421052634,0.11232113136363636,59.511944444444445,70.85138888888889,0.19722222222222222,0.09722222222222222,0.6857142857142857,61.901754385964914,69.84982456140351,5,Holding Anchor
Argentina,29560,606,16,4,539.2488229978061,231.72130497591263,11,5,106,495.5,3,93,41,4,5,4,18,4,2,16,4,2,0,2,485.23333333333335,378.79999999999995,124,118,17,5,14,11,0,88,3,0,51,101,1.908327433,Julián Álvarez,Center Forward,Forward,0.25,22.257333241739367,2.5966888782029263,2.0402555471594424,3.1531222092464106,0.741911108057979,0.5564333310434842,0.9273888850724737,0.3709555540289895,0.741911108057979,0.3709555540289895,9.459366627739232,0.35395233008861715,0.2222222222222222,0.75,3.0548387096774188,26.169590643274855,97.36842105263158,29.53216374269006,0.35450876341966064,78.3008064516129,34.63629032258064,0.10483870967741936,0.21774193548387097,0.6666666666666666,81.68341968911916,36.5419689119171,4,Target Forward
Argentina,38718,1494,19,8,407.74158517325986,275.59178227085204,7,10,381,1012.2,13,416,40,3,14,6,31,13,44,9,1,5,4,6,601.1166666666667,3317.2,470,107,30,92,25,9,3,103,13,7,64,117,1.050628615,Enzo Fernandez,Center Defensive Midfield,Defensive Midfield,0.42105263157894735,17.5173981756176,3.743033798208889,1.3474921673552,4.491640557850666,0.8983281115701334,1.9463775750686223,13.77436437740871,0.8983281115701334,0.4491640557850667,0.7486067596417778,9.582166523414756,0.15730153661241575,0.41935483870967744,0.8851063829787233,7.057872340425532,41.228070175438596,83.04093567251462,60.526315789473685,0.22168171794160862,58.32638297872341,39.446382978723406,0.20212765957446807,0.08085106382978724,0.7368421052631579,58.77103448275862,38.852413793103445,0,Ball-Winner
Australia,3240,348,0,0,42.04849892244803,162.23727546883117,0,0,84,238.89999999999998,1,112,0,0,0,1,0,0,9,0,0,0,0,0,386.91666666666663,5686.3,163,0,7,66,20,0,1,46,6,0,52,53,0.0,Mathew Ryan,Goalkeeper,Goalkeeper,0.0,0.0,4.652164548783115,0.0,1.6282575920740903,0.23260822743915574,0.23260822743915574,15.352143010984278,0.0,0.0,0.0,12.095627826836099,0.0,0.0,0.6871165644171779,34.885276073619636,7.163742690058479,3.508771929824561,79.23976608187134,0.042102089166487194,12.563803680981597,41.87914110429448,0.6809815950920245,0.12269938650306748,0.65,12.117721518987342,40.81772151898734,7,Goalkeeper
Australia,3281,655,9,5,223.6464157933455,157.62123112969047,7,3,155,422.69999999999993,10,171,21,4,4,5,17,5,20,6,0,3,3,1,386.91666666666663,2105.0,219,44,12,49,29,1,2,62,11,0,58,77,0.039191317,Aaron Mooy,Left Defensive Midfield,Defensive Midfield,0.5555555555555556,10.93258668964032,6.7456385957355165,0.23260822743915574,2.7912987292698688,1.1630411371957787,2.3260822743915575,11.397803144518631,0.23260822743915574,0.930432909756623,0.6978246823174672,13.491277191471033,0.009116222778376051,0.29411764705882354,0.7808219178082192,9.61187214611872,61.98830409356725,45.90643274853801,98.24561403508771,0.04098354993754038,56.82968036529681,40.646118721461185,0.2922374429223744,0.1141552511415525,0.52,53.64259259259259,37.59567901234568,0,Ball-Winner
Australia,5479,595,4,3,220.9482528290423,47.30725551251867,13,2,145,390.0,6,154,13,3,4,10,6,3,12,4,0,6,2,0,386.91666666666663,1885.3000000000002,204,33,7,30,15,2,8,64,5,0,62,71,0.126898918,Aziz Eraltay Behich,Left Back,Fullback/Wingback,0.75,9.071720870127074,3.489123411587336,0.4652164548783115,1.6282575920740903,2.3260822743915575,1.3956493646349344,6.978246823174672,0.0,0.6978246823174672,1.3956493646349344,14.421710101227657,0.029517732379926772,0.5,0.7549019607843137,9.241666666666667,88.01169590643275,32.748538011695906,53.216374269005854,0.03626337097566229,55.30196078431373,10.15343137254902,0.2549019607843137,0.0784313725490196,0.6875,56.25909090909091,11.857142857142858,6,Wide Creator
Australia,5481,497,30,17,291.60313894313293,235.70412202210875,11,3,98,343.8,6,69,19,2,7,14,17,3,4,8,1,2,1,2,341.6166666666667,622.6000000000001,103,68,12,14,16,1,3,87,1,0,54,114,0.11353828,Mathew Leckie,Right Midfield,Central/Wide Midfield,0.5666666666666667,18.441723179001805,4.21525101234327,0.26345318827145436,3.1614382592574524,3.688344635800361,1.5807191296287262,3.688344635800361,0.5269063765429087,0.5269063765429087,0.5269063765429087,14.226472166658535,0.0299120218568571,0.17647058823529413,0.6699029126213593,6.044660194174758,64.61988304093568,88.30409356725146,71.05263157894737,0.03465417924574328,75.6757281553398,60.19805825242718,0.21359223300970873,0.34951456310679613,0.5555555555555556,77.70186335403727,59.572049689440995,4,Target Forward
Australia,5490,444,20,12,242.4418786165243,166.42395956319825,7,3,77,199.9,11,107,25,2,3,2,14,2,5,9,0,7,3,1,373.75,809.3,129,68,7,28,9,3,0,49,2,0,32,56,0.33239220599999997,Jackson Irvine,Left Center Forward,Forward,0.6,18.06020066889632,2.1672240802675584,0.7224080267558528,1.68561872909699,0.4816053511705686,2.648829431438127,6.74247491638796,0.2408026755852843,0.4816053511705686,1.68561872909699,7.705685618729097,0.08004093254849498,0.14285714285714285,0.8294573643410853,6.273643410852713,69.88304093567251,86.8421052631579,20.175438596491226,0.10363959475585284,61.01937984496124,42.18759689922481,0.16279069767441862,0.17054263565891473,0.8181818181818182,64.82608695652173,41.3295652173913,0,Ball-Winner
Australia,8346,317,8,3,286.463112745098,50.815808823529416,8,6,68,172.09999999999994,3,57,7,14,3,0,10,4,6,1,1,1,1,5,241.7,700.7,94,22,5,14,6,2,0,29,5,0,43,35,0.205087522,Craig Goodwin,Left Midfield,Central/Wide Midfield,0.375,8.936698386429459,2.2341745966073647,0.7447248655357882,1.8618121638394705,0.0,1.1170872983036824,5.213074058750517,1.8618121638394705,5.213074058750517,0.3723624327678941,16.011584609019447,0.07636688862225899,0.4,0.6063829787234043,7.4542553191489365,36.84210526315789,31.28654970760234,22.22222222222222,0.09945335945386842,74.51170212765958,14.428723404255319,0.19148936170212766,0.11702127659574468,0.45454545454545453,74.39999999999999,11.225742574257426,6,Wide Creator
Australia,15957,265,7,3,163.276642711119,275.8386852412829,7,2,54,87.70000000000002,11,69,7,1,2,3,10,3,4,2,0,0,0,0,202.43333333333334,1234.3,97,20,2,29,6,0,1,32,3,0,30,37,0.0,Miloš Degenek,Right Back,Fullback/Wingback,0.42857142857142855,8.891816235797794,2.667544870739338,0.0,0.8891816235797794,1.333772435369669,4.890498929688786,12.893133541906801,0.0,0.4445908117898897,0.0,13.33772435369669,0.0,0.3,0.711340206185567,12.724742268041236,42.251461988304094,30.994152046783626,31.871345029239766,0.027564630330973162,47.93608247422681,73.1020618556701,0.38144329896907214,0.12371134020618557,0.75,46.1,71.18571428571428,1,Deep Playmaker
Australia,22293,496,25,17,136.68866945903216,202.28855107327956,12,1,109,270.3,22,135,9,0,4,0,15,2,15,1,0,3,1,1,386.91666666666663,2665.9,163,28,7,62,10,1,0,29,4,0,29,32,0.06809473,Harry Souttar,Right Center Back,Center Back,0.68,7.210855050613828,2.3260822743915575,0.23260822743915574,1.6282575920740903,0.0,5.117381003661427,14.421710101227657,0.23260822743915574,0.0,0.6978246823174672,6.7456385957355165,0.015839394443247903,0.13333333333333333,0.8282208588957055,16.35521472392638,81.28654970760235,23.099415204678362,23.976608187134502,0.06980450320913205,36.01840490797546,53.48220858895706,0.3619631901840491,0.12269938650306748,0.85,35.463157894736845,52.192481203007524,1,Deep Playmaker
Australia,33477,332,5,2,283.44713214314544,120.82496650985024,12,4,61,106.19999999999995,3,57,20,4,2,1,5,2,3,10,0,6,1,4,266.6166666666667,412.0,73,51,4,6,10,3,1,47,2,0,26,52,0.08010532199999999,Riley McGree,Right Center Forward,Forward,0.4,19.241107707695193,3.375632931174595,1.0126898793523786,1.3502531724698381,0.33756329311745953,1.0126898793523786,2.0253797587047573,1.3502531724698381,1.3502531724698381,2.0253797587047573,8.776645621053948,0.027040616290554476,0.4,0.7808219178082192,5.6438356164383565,39.03508771929825,90.35087719298247,50.0,0.04594416070513221,72.28356164383561,29.723287671232878,0.136986301369863,0.2465753424657534,0.7777777777777778,73.7551401869159,32.10560747663551,0,Ball-Winner
Australia,33492,345,31,15,305.5097305529522,176.93924554826617,8,0,41,120.80000000000001,1,36,5,0,1,2,16,0,1,7,1,2,2,1,272.26666666666665,501.40000000000003,68,59,4,4,10,7,1,36,0,1,47,52,0.254732119,Mitchell Thomas Duke,Left Center Forward,Forward,0.4838709677419355,20.16405484818805,3.3055827619980414,2.313907933398629,1.3222331047992166,0.6611165523996083,0.33055827619980416,1.3222331047992166,0.33055827619980416,0.0,0.6611165523996083,15.536238981390794,0.08420381014936336,0.0,0.5294117647058824,7.373529411764706,47.368421052631575,92.69005847953217,48.53801169590643,0.06866757116797256,69.78823529411765,48.96911764705882,0.16176470588235295,0.3382352941176471,0.34782608695652173,81.08992248062016,46.20387596899225,4,Target Forward
Australia,33495,545,9,6,125.42212922608032,102.14137333181156,11,0,127,210.8,11,170,12,0,4,0,9,2,4,1,0,5,2,0,386.91666666666663,1832.5,195,35,5,51,3,0,0,23,1,0,25,28,0.0,Kye Rowles,Left Center Back,Center Back,0.6666666666666666,9.30432909756623,0.6978246823174672,0.0,1.1630411371957787,0.0,2.5586905018307133,11.863019599396942,0.0,0.0,1.1630411371957787,5.815205685978894,0.0,0.2222222222222222,0.8717948717948718,9.397435897435898,78.65497076023392,34.21052631578947,1.1695906432748537,0.041636872711608874,33.389230769230764,24.88974358974359,0.24102564102564103,0.08205128205128205,0.6875,29.654054054054054,25.29054054054054,2,Sweeper CB
Belgium,3077,766,15,11,110.97253743859356,75.62149046639149,5,0,214,334.0,18,237,4,0,1,0,4,0,2,0,0,3,2,0,284.26666666666665,2315.3,264,15,8,64,10,2,0,25,3,0,27,29,0.10772621,Jan Vertonghen,Left Center Back,Center Back,0.7333333333333333,5.698874296435273,3.1660412757973737,0.6332082551594747,2.5328330206378986,0.0,5.698874296435273,20.26266416510319,0.0,0.0,0.9498123827392121,8.548311444652908,0.03410656273452158,0.0,0.8977272727272727,8.770075757575759,85.67251461988305,15.789473684210526,42.69005847953216,0.10755872033302064,38.265151515151516,24.497348484848487,0.18181818181818182,0.06060606060606061,0.75,37.342424242424244,25.9995670995671,2,Sweeper CB
Belgium,3089,451,8,4,215.7163719446247,129.0538285136816,3,13,116,628.1,1,100,10,12,2,7,5,1,13,0,0,1,1,8,284.26666666666665,1295.4,140,25,18,35,14,7,5,73,8,4,50,85,0.17796632480000002,Kevin De Bruyne,Right Wing,Attacking Midfield/Wing,0.5,8.231707317073171,4.432457786116323,2.2162288930581613,5.698874296435273,2.2162288930581613,0.3166041275797373,11.081144465290807,2.5328330206378986,3.7992495309568484,0.3166041275797373,15.830206378986867,0.056344873001876176,0.2,0.7142857142857143,9.252857142857144,51.900584795321635,27.77777777777778,75.73099415204678,0.12473136455909944,75.02857142857142,44.04785714285714,0.32142857142857145,0.17142857142857143,0.5833333333333334,71.35572519083969,41.96717557251908,3,Progressive Winger
Belgium,3176,428,3,1,164.28780581039754,211.1901383642142,4,3,109,277.0,4,109,11,3,4,2,9,4,5,4,0,6,3,2,217.36666666666667,1403.2,142,24,9,25,8,3,2,50,5,1,39,56,0.119195924,Thomas Meunier,Right Back,Fullback/Wingback,0.3333333333333333,13.66354853550069,3.3123754025456216,1.2421407759546081,3.7264223278638244,0.8280938506364054,1.6561877012728108,10.351173132955068,0.8280938506364054,1.2421407759546081,2.4842815519092163,16.147830087409908,0.049352705842662166,0.4444444444444444,0.7676056338028169,9.881690140845071,33.47953216374269,65.49707602339181,49.122807017543856,0.08703097604661862,56.36760563380282,71.33591549295775,0.2746478873239437,0.13380281690140844,0.6842105263157895,61.5017094017094,72.48376068376069,5,Holding Anchor
Belgium,3509,268,0,0,24.445847808105874,123.19119933829614,0,0,67,67.80000000000001,0,109,0,0,0,1,0,0,1,0,0,0,0,0,284.26666666666665,2418.3,122,0,1,56,12,0,1,18,0,0,13,21,0.0,Thibaut Courtois,Goalkeeper,Goalkeeper,0.0,0.0,3.7992495309568484,0.0,0.3166041275797373,0.3166041275797373,0.0,17.72983114446529,0.0,0.0,0.0,4.115853658536586,0.0,0.0,0.8934426229508197,19.822131147540986,7.163742690058479,3.508771929824561,60.81871345029239,0.0636374296435272,9.0,41.08196721311475,0.32786885245901637,0.07377049180327869,0.6666666666666666,9.309090909090909,41.43333333333333,7,Goalkeeper
Belgium,5642,538,6,4,155.8378223533768,99.09256239787139,7,0,136,365.5,6,169,11,0,1,0,7,3,9,6,0,3,3,1,284.26666666666665,872.4000000000001,176,43,10,30,9,1,0,50,0,0,10,52,0.025340356,Axel Witsel,Left Defensive Midfield,Defensive Midfield,0.6666666666666666,14.563789868667918,2.8494371482176364,0.3166041275797373,3.1660412757973737,0.0,1.8996247654784242,9.49812382739212,0.3166041275797373,0.0,0.9498123827392121,3.1660412757973737,0.008022861303939963,0.42857142857142855,0.9602272727272727,4.956818181818182,78.65497076023392,71.34502923976608,36.84210526315789,0.055830084568480313,54.44318181818182,32.14602272727273,0.11363636363636363,0.11363636363636363,0.95,53.53825503355704,33.08120805369128,0,Ball-Winner
Belgium,6989,587,7,4,158.02532922191386,72.7010447116867,5,2,148,275.7,8,176,20,2,2,2,9,3,17,3,0,1,0,0,284.26666666666665,1476.0,201,31,7,49,5,0,0,62,2,0,30,74,0.0,Timothy Castagne,Left Back,Fullback/Wingback,0.5714285714285714,10.131332082551594,1.5830206378986869,0.0,2.2162288930581613,0.6332082551594747,2.5328330206378986,15.51360225140713,0.0,0.6332082551594747,0.3166041275797373,9.49812382739212,0.0,0.3333333333333333,0.8756218905472637,7.343283582089552,65.78947368421053,38.59649122807017,7.602339181286549,0.05034005628517824,52.06666666666666,21.80995024875622,0.2537313432835821,0.14427860696517414,0.6551724137931034,53.97142857142857,22.130285714285716,2,Sweeper CB
Belgium,20005,797,7,2,115.85880637039466,146.56468345425563,4,1,234,622.9000000000001,20,244,8,0,4,0,6,1,13,0,0,2,1,1,284.26666666666665,2785.4,267,13,17,77,8,0,0,48,3,3,25,50,0.0,Toby Alderweireld,Right Center Back,Center Back,0.2857142857142857,4.74906191369606,2.5328330206378986,0.0,5.382270168855535,0.0,6.332082551594747,24.378517823639775,0.3166041275797373,0.0,0.6332082551594747,7.915103189493434,0.0,0.16666666666666666,0.9138576779026217,10.432209737827716,29.093567251461987,13.450292397660817,27.485380116959064,0.10384615384615385,40.40524344569289,50.34906367041199,0.2546816479400749,0.08614232209737828,0.9130434782608695,38.86831275720164,49.273251028806584,2,Sweeper CB
Brazil,3063,738,8,6,173.8824816757689,102.55545918367346,2,2,205,417.1,8,232,8,6,1,1,8,2,22,3,0,1,1,0,290.9166666666667,1870.4,267,14,12,58,9,2,1,22,5,0,37,30,0.0323683795,Danilo Luiz da Silva,Left Back,Fullback/Wingback,0.75,4.640504153537668,2.7843024921226007,0.6187338871383558,3.7124033228301343,0.3093669435691779,2.474935548553423,17.943282727012317,0.0,1.8562016614150672,0.3093669435691779,11.44657691205958,0.010013706634202235,0.25,0.8689138576779026,7.0052434456928845,88.01169590643275,12.573099415204677,35.38011695906433,0.0706496275737611,58.3876404494382,34.27303370786517,0.2397003745318352,0.052434456928838954,0.42857142857142855,59.1986301369863,33.05114155251142,2,Sweeper CB
Brazil,3280,344,13,3,326.582012880158,164.0124100403849,6,5,66,301.4,4,39,27,3,0,7,13,2,1,6,3,1,0,5,328.25,236.69999999999996,54,59,6,5,16,8,2,74,1,1,32,82,1.6176591219999998,Richarlison de Andrade,Center Forward,Forward,0.23076923076923078,16.450875856816452,4.386900228484387,2.1934501142421934,1.6450875856816451,1.9192688499619193,1.0967250571210967,1.3709063214013708,1.3709063214013708,0.8225437928408226,0.2741812642802742,8.773800456968774,0.44353182324447826,0.15384615384615385,0.7222222222222222,4.383333333333333,23.391812865497073,79.82456140350878,73.68421052631578,0.45751506772277223,79.86851851851851,41.48148148148148,0.1111111111111111,0.25925925925925924,0.7857142857142857,84.22870370370372,41.82222222222222,4,Target Forward
Brazil,3295,960,12,7,176.022716874434,128.18493231182276,4,3,263,754.0,10,320,17,1,1,1,11,5,28,2,0,8,6,4,409.0666666666667,3171.7,335,22,18,116,10,2,0,33,11,2,15,38,0.20821556,Thiago Emiliano da Silva,Right Center Back,Center Back,0.5833333333333334,6.600391134289438,2.2001303780964796,0.4400260756192959,3.960234680573663,0.22001303780964795,2.2001303780964796,25.521512385919163,0.8800521512385918,0.22001303780964795,1.7601043024771836,3.300195567144719,0.04581013787483702,0.45454545454545453,0.9552238805970149,9.46776119402985,67.39766081871345,19.298245614035086,21.052631578947366,0.16989749119947845,44.80985074626865,33.20059701492538,0.20597014925373133,0.04477611940298507,0.7333333333333333,43.053242320819116,32.09112627986348,2,Sweeper CB
Brazil,4320,596,5,1,221.20933893259203,72.13739710047777,6,11,169,723.0999999999999,0,123,9,2,2,21,4,0,16,4,2,0,0,4,281.48333333333335,1090.4,156,24,27,30,13,12,10,130,1,0,52,146,2.1292579170000003,Neymar da Silva Santos Junior,Center Attacking Midfield,Attacking Midfield/Wing,0.2,7.6736337260939065,4.1565516016342,3.8368168630469532,8.632837941855644,6.7144295103321685,0.0,9.592042157617383,1.2789389543489844,0.6394694771744922,0.0,16.6262064065368,0.6807977234768193,0.0,0.7884615384615384,6.989743589743591,20.760233918128655,25.146198830409354,70.17543859649122,0.730996077435017,76.84615384615384,24.262820512820515,0.25,0.14743589743589744,0.782608695652174,74.01675392670157,24.96544502617801,3,Progressive Winger
Brazil,4372,1032,15,8,247.57255031584432,187.231498788677,6,5,289,1231.6,10,345,12,1,2,2,12,3,33,1,0,3,1,5,455.0166666666667,2606.2,359,21,44,92,13,2,0,45,6,1,15,52,0.86164184,Marcos Aoás Corrêa,Left Center Back,Center Back,0.5333333333333333,4.747078861580161,2.5713343833559206,0.39558990513168013,8.702977912896962,0.39558990513168013,1.9779495256584005,18.197135636057286,0.9889747628292003,0.19779495256584007,0.5933848576975201,2.966924288487601,0.17042840687154318,0.25,0.9610027855153204,7.259610027855152,57.60233918128655,13.157894736842104,28.654970760233915,0.279413425735321,50.06183844011142,40.168245125348186,0.17270194986072424,0.06128133704735376,0.7727272727272727,47.3961661341853,39.32683706070287,2,Sweeper CB
Brazil,5539,780,14,7,244.40586003547898,139.87825887093595,18,5,176,254.09999999999997,7,217,27,2,5,2,18,6,23,8,2,6,6,4,409.0666666666667,2080.1000000000004,258,54,5,57,15,10,2,84,5,3,44,95,1.1432915347,Carlos Henrique Casimiro,Left Defensive Midfield,Defensive Midfield,0.5,13.200782268578877,3.300195567144719,2.2001303780964796,1.1000651890482398,0.4400260756192959,1.5400912646675358,12.540743155149933,0.8800521512385918,0.4400260756192959,1.3200782268578877,9.680573663624509,0.2515390436514015,0.3333333333333333,0.8410852713178295,8.062403100775196,51.900584795321635,60.526315789473685,48.24561403508772,0.3014820032341916,61.927131782945736,35.473643410852716,0.2596899224806202,0.16279069767441862,0.7380952380952381,64.15324074074074,34.855555555555554,0,Ball-Winner
Brazil,5547,210,0,0,39.77569760184248,164.97130095390048,0,0,49,68.7,0,80,0,0,0,0,0,0,1,0,0,0,0,0,394.98333333333335,1532.8,94,0,0,31,22,0,0,18,1,0,14,21,0.0,Alisson Ramsés Becker,Goalkeeper,Goalkeeper,0.0,0.0,5.012869741339297,0.0,0.0,0.0,0.0,7.0635891809781,0.0,0.0,0.0,3.190008017215916,0.0,0.0,0.851063829787234,16.306382978723402,7.163742690058479,3.508771929824561,85.38011695906432,0.021874340689480572,11.03404255319149,40.39042553191489,0.23404255319148937,0.0851063829787234,0.75,12.181818181818182,39.804545454545455,7,Goalkeeper
Brazil,6945,492,6,5,179.05727155727155,40.00314936785525,5,2,131,338.70000000000005,8,150,12,3,0,2,10,6,17,3,0,4,2,1,199.53333333333333,1215.0,169,21,12,46,12,1,1,32,1,0,20,35,0.021819543,Alex Sandro Lobo Silva,Left Back,Fullback/Wingback,0.8333333333333334,11.727363848980955,5.412629468760441,0.45105245573003677,5.412629468760441,0.9021049114600735,3.608419645840294,20.74841296358169,0.45105245573003677,1.3531573671901103,1.804209822920147,9.021049114600736,0.009841758453057133,0.6,0.8875739644970414,7.189349112426036,94.73684210526315,48.83040935672515,90.35087719298247,0.1014054069662546,63.43491124260355,12.080473372781064,0.23076923076923078,0.0650887573964497,0.8181818181818182,63.19291338582677,14.518110236220473,6,Wide Creator
Brazil,10595,582,6,0,401.42775158904124,323.6453075616149,4,13,148,674.8,1,115,16,13,4,11,16,4,3,2,0,2,2,8,330.45,641.6,150,51,25,15,16,8,7,78,4,0,51,87,0.9229306610000001,Raphael Dias Belloli,Right Wing,Attacking Midfield/Wing,0.0,15.524285065819338,4.357694053563323,2.1788470267816615,6.808896958692692,2.9959146618247843,0.2723558783477077,4.0853381752156155,2.1788470267816615,3.5406264185202,0.5447117566954154,13.890149795733091,0.2513655908306855,0.25,0.7666666666666667,4.277333333333334,7.163742690058479,77.19298245614034,72.80701754385966,0.29412546373127557,82.39666666666666,64.22933333333333,0.13333333333333333,0.10666666666666667,0.6875,79.69657142857143,65.62628571428571,3,Progressive Winger
Brazil,13620,826,10,4,203.82658193668343,248.84168168857428,8,2,213,593.5,4,251,31,3,1,0,16,8,20,7,0,2,2,0,363.58333333333337,2610.6,277,50,18,78,20,5,0,49,5,0,32,57,0.258765465,Éder Gabriel Militão,Right Back,Fullback/Wingback,0.4,13.862021544808616,4.950721980288791,1.2376804950721978,4.455649782259912,0.0,0.9901443960577583,19.307815723126286,0.0,0.7426082970433188,0.49507219802887914,7.921155168462066,0.0640537937657575,0.5,0.9061371841155235,9.424548736462093,39.03508771929825,66.95906432748538,84.21052631578947,0.139799840064176,53.101805054151626,63.54332129963899,0.2490974729241877,0.06859205776173286,0.5789473684210527,51.78913043478261,61.53565217391305,0,Ball-Winner
Brazil,18395,462,1,0,323.6844392063657,50.940106750980604,5,7,135,772.8,0,70,10,9,1,15,6,3,5,0,1,1,1,8,306.58333333333337,219.20000000000002,91,37,25,7,15,9,8,81,1,0,41,92,0.811526553,Vinícius José Paixão de Oliveira Júnior,Left Midfield,Central/Wide Midfield,0.0,12.035879315031258,4.403370481108997,2.6420222886653977,7.338950801848328,4.403370481108997,0.0,2.0549062245175316,2.348464256591465,2.6420222886653977,0.2935580320739331,12.035879315031258,0.23823013787442238,0.5,0.7692307692307693,2.408791208791209,7.163742690058479,51.75438596491229,74.85380116959064,0.28020893646099476,85.09010989010989,11.03956043956044,0.07692307692307693,0.14285714285714285,0.6923076923076923,82.4261744966443,12.715436241610737,3,Progressive Winger
Brazil,22600,654,8,4,274.3734495683921,167.00740596422676,7,7,152,169.3,1,172,22,2,2,3,12,6,15,4,1,2,0,6,318.76666666666665,1329.2,202,59,3,37,9,4,1,89,1,0,37,94,0.704333275,Lucas Tolentino Coelho de Lima,Right Defensive Midfield,Defensive Midfield,0.5,17.787305238941755,2.541043605563108,1.1293527135836035,0.8470145351877026,0.8470145351877026,0.28233817839590086,10.446512600648333,1.6940290703754053,0.5646763567918017,0.5646763567918017,10.446512600648333,0.19886017384711913,0.5,0.8514851485148515,6.580198019801981,51.900584795321635,84.7953216374269,27.77777777777778,0.2488340314231936,68.5519801980198,43.781188118811876,0.2079207920792079,0.13861386138613863,0.8928571428571429,71.07093596059113,45.25024630541871,0,Ball-Winner
Brazil,25104,426,5,3,409.81989274042417,136.79827818288823,6,6,104,581.0999999999999,0,89,10,7,4,8,5,1,3,3,0,3,1,5,199.3,486.40000000000003,112,38,18,11,9,7,2,45,3,0,30,57,1.2453418959999998,Rodrygo Silva de Goes,Left Midfield,Central/Wide Midfield,0.6,18.514801806322126,4.064224786753638,3.161063723030607,8.128449573507275,3.612644254892122,0.0,4.967385850476668,2.2579026593075766,3.161063723030607,1.3547415955845459,13.547415955845459,0.5623721557451078,0.2,0.7946428571428571,4.342857142857143,69.88304093567251,88.88888888888889,68.71345029239765,0.6161102390366281,81.56339285714286,26.082142857142856,0.11607142857142858,0.09821428571428571,0.5454545454545454,80.5842105263158,30.437593984962405,3,Progressive Winger
Brazil,25363,425,4,1,316.9819286482487,247.58892472669177,2,8,114,545.4,1,91,6,5,1,15,6,1,3,2,0,3,1,3,186.4666666666667,392.09999999999997,113,25,16,9,11,6,5,55,1,0,32,66,0.1545435,Antony Matheus dos Santos,Right Wing,Attacking Midfield/Wing,0.25,13.514479799785482,5.309259921344297,2.8959599570968892,7.722559885591704,7.239899892742223,0.4826599928494815,4.343939935645333,1.4479799785484446,2.4132999642474076,1.4479799785484446,15.445119771183409,0.07459196460493385,0.16666666666666666,0.8053097345132744,3.4699115044247786,26.169590643274855,64.32748538011695,88.59649122807018,0.10886082409724702,81.08938053097346,64.89646017699116,0.09734513274336283,0.07079646017699115,0.875,77.51796875,65.0140625,3,Progressive Winger
Cameroon,3141,456,7,4,187.2193094554492,121.21756824337875,6,1,105,283.70000000000005,2,115,26,1,1,3,7,1,14,6,0,6,4,0,276.65,961.9000000000001,134,57,11,35,10,1,3,67,1,0,28,71,0.046351306,André-Frank Zambo Anguissa,Left Defensive Midfield,Defensive Midfield,0.5714285714285714,20.495210554852704,3.253208024579794,0.3253208024579794,3.5785288270377738,0.9759624073739382,0.6506416049159588,11.38622808602928,0.0,0.3253208024579794,1.9519248147478765,9.108982468823424,0.015079044062895355,0.14285714285714285,0.8582089552238806,7.178358208955225,65.78947368421053,94.15204678362574,46.198830409356724,0.05704542757997469,60.65074626865672,39.235074626865675,0.23134328358208955,0.17164179104477612,0.8260869565217391,63.08,40.532,0,Ball-Winner
Cameroon,3499,277,23,13,216.72321844821846,121.95672753172752,0,2,51,257.6,1,47,5,0,2,6,12,1,2,0,1,1,1,2,269.98333333333335,553.0,69,32,8,9,8,3,4,79,0,0,29,93,0.5235422875,Jean-Eric Maxim Choupo-Moting,Left Center Forward,Forward,0.5652173913043478,11.000679054262609,2.6668312858818446,1.0000617322056917,2.6668312858818446,2.0001234644113834,0.3333539107352306,3.000185196617075,0.6667078214704611,0.0,0.3333539107352306,9.667263411321686,0.17452486897339342,0.08333333333333333,0.6811594202898551,8.014492753623188,64.32748538011695,46.198830409356724,31.57894736842105,0.18585890193839127,71.22463768115942,41.80434782608695,0.2463768115942029,0.43478260869565216,0.6,75.81612903225806,39.99677419354838,4,Target Forward
Cameroon,4935,304,17,4,228.273217088922,186.67379731743665,2,4,67,167.9,0,52,11,6,0,7,14,1,3,1,0,1,0,5,224.23333333333332,574.8000000000001,81,28,6,9,9,2,2,52,6,0,36,62,0.134345962,Bryan Mbeumo,Right Wing,Attacking Midfield/Wing,0.23529411764705882,11.639661067340569,3.612308607105694,0.8027352460234874,2.4082057380704627,2.8095733610822062,0.0,3.612308607105694,2.0068381150587187,2.4082057380704627,0.4013676230117437,14.449234428422775,0.053922119429166054,0.07142857142857142,0.6419753086419753,7.096296296296297,23.830409356725145,48.24561403508772,56.4327485380117,0.07760280918685894,79.67407407407408,61.75308641975309,0.2222222222222222,0.14814814814814814,0.5833333333333334,79.62934782608696,62.58043478260869,3,Progressive Winger
Cameroon,7426,261,6,6,75.88607038123166,114.68478005865103,4,0,63,251.3,16,63,11,3,1,1,2,1,6,1,1,6,6,1,192.45,981.6999999999999,78,20,11,25,8,1,1,31,2,1,16,34,0.8945071,Jean-Charles Castelletto,Right Center Back,Center Back,1.0,12.159002338269682,3.7412314886983635,0.46765393608729544,5.14419329696025,0.46765393608729544,7.482462977396727,11.691348402182387,0.46765393608729544,1.4029618082618862,2.8059236165237724,7.482462977396727,0.418319766173032,0.5,0.8076923076923077,12.585897435897435,98.9766081871345,52.63157894736842,60.23391812865497,0.47817946999220584,43.20384615384616,59.71282051282052,0.38461538461538464,0.21794871794871795,0.8235294117647058,41.012903225806454,60.98225806451613,1,Deep Playmaker
Cameroon,7472,303,8,4,68.302895480226,59.0897951977401,4,1,79,110.7,8,79,2,0,2,1,4,0,1,2,0,3,1,0,192.45,1088.3,93,17,2,24,11,3,1,14,2,0,14,17,0.382484566,Nicolas Alexis Julio N'Koulou Ndoubena,Left Center Back,Center Back,0.5,9.35307872174591,5.14419329696025,1.4029618082618862,0.9353078721745909,0.46765393608729544,3.7412314886983635,11.22369446609509,0.0,0.0,1.4029618082618862,6.547155105222136,0.17887041278254096,0.0,0.8494623655913979,11.702150537634408,51.900584795321635,34.7953216374269,86.54970760233918,0.21628272766952458,33.42258064516129,27.508602150537637,0.3010752688172043,0.08602150537634409,0.625,34.71772151898734,26.745569620253164,1,Deep Playmaker
Cameroon,13454,319,10,6,158.46431589021762,39.36495860764429,7,1,58,216.3,8,81,12,4,1,2,12,4,9,3,0,9,2,0,292.55,1053.0,106,38,6,21,5,0,1,28,3,0,29,35,0.0,Nouhou Tolo,Left Back,Fullback/Wingback,0.6,14.459066826183557,1.5381985985301658,0.0,1.8458383182361988,0.6152794394120663,2.4611177576482652,6.460434113826696,0.0,1.2305588788241326,2.7687574773542982,8.92155187147496,0.0,0.3333333333333333,0.7641509433962265,9.933962264150944,69.88304093567251,70.17543859649122,6.725146198830409,0.019073662621774054,61.35377358490566,10.75566037735849,0.3113207547169811,0.12264150943396226,0.5384615384615384,60.48169014084507,13.052112676056339,6,Wide Creator
Cameroon,15326,164,0,0,20.66934429291986,86.39067812441623,0,0,34,120.2,0,56,0,0,0,0,0,0,2,0,0,0,0,0,196.31666666666666,3408.3,84,0,2,38,13,0,0,14,2,0,28,18,0.0,Devis Rogers Epassy Mboka,Goalkeeper,Goalkeeper,0.0,0.0,5.9597588929450716,0.0,0.916885983530011,0.0,0.0,17.42083368707021,0.0,0.0,0.0,12.836403769420155,0.0,0.0,0.6666666666666666,40.575,7.163742690058479,3.508771929824561,93.85964912280701,0.046761185160030555,12.303571428571429,44.86309523809524,0.7023809523809523,0.11904761904761904,0.6,13.1,43.266666666666666,7,Goalkeeper
Cameroon,16346,406,4,2,170.22210664679415,209.83144561215337,5,0,89,282.6,3,103,20,11,5,0,8,4,15,6,0,7,3,2,292.55,1989.8999999999999,152,34,11,39,10,1,0,37,9,0,51,42,0.009452554,Ngoran Suiru Fai Collins,Right Back,Fullback/Wingback,0.5,13.228507947359425,3.0763971970603317,0.30763971970603315,3.3840369167663646,0.0,0.9229191591180994,11.997949068535293,0.6152794394120663,3.3840369167663646,2.153478037942232,15.68962570500769,0.0029079810630661426,0.5,0.6776315789473685,13.091447368421052,51.900584795321635,60.81871345029239,40.93567251461988,0.043208784344556495,59.51973684210526,71.56315789473685,0.3684210526315789,0.1118421052631579,0.7058823529411765,63.47628865979381,72.04432989690721,5,Holding Anchor
Canada,11846,522,10,8,126.49416995216374,142.87653500544474,6,0,136,395.5,11,160,8,0,0,0,4,1,11,7,0,4,1,0,284.9666666666667,2095.2,183,22,5,51,11,0,0,30,10,0,24,34,0.0,Steven de Sousa Vitoria,Center Back,Center Back,0.8,8.211486723593401,3.474090536904901,0.0,1.5791320622295004,0.0,3.474090536904901,16.107147034740905,0.0,0.0,1.2633056497836004,7.579833898701602,0.0,0.25,0.8743169398907104,11.449180327868852,92.2514619883041,27.485380116959064,52.92397660818714,0.05653292782781612,43.91420765027323,47.98469945355192,0.2786885245901639,0.08743169398907104,0.75,41.076551724137936,47.34827586206897,2,Sweeper CB
Canada,12365,457,9,5,237.1478602630653,108.84151666312135,6,4,110,542.6999999999999,2,82,22,4,1,22,5,1,2,4,1,5,2,4,284.9666666666667,523.5999999999999,114,48,17,6,18,4,12,91,4,2,51,106,0.928688898,Alphonso Davies,Left Midfield,Central/Wide Midfield,0.5555555555555556,16.738799859632703,5.684875424026202,1.2633056497836004,5.369049011580302,6.948181073809802,0.6316528248918002,1.8949584746754005,1.2633056497836004,1.2633056497836004,1.5791320622295004,16.107147034740905,0.29330448293367645,0.2,0.7192982456140351,4.5929824561403505,61.98830409356725,80.4093567251462,91.81286549707602,0.3068850186688502,79.2578947368421,33.77280701754386,0.11403508771929824,0.09649122807017543,0.5454545454545454,81.25083333333333,34.755833333333335,3,Progressive Winger
Canada,15958,213,0,0,38.05619047619048,123.74642857142857,0,0,54,102.1,0,75,0,1,0,0,0,0,0,0,0,0,0,0,284.9666666666667,2440.2,96,0,2,50,19,0,0,15,4,0,22,20,0.0,Milan Borjan,Goalkeeper,Goalkeeper,0.0,0.0,6.000701836472102,0.0,0.6316528248918002,0.0,0.0,15.791320622295004,0.0,0.3158264124459001,0.0,6.948181073809802,0.0,0.0,0.78125,25.41875,7.163742690058479,3.508771929824561,94.73684210526315,0.05116387881623581,13.820833333333333,42.07083333333333,0.5416666666666666,0.0625,0.16666666666666666,14.986666666666666,40.63333333333333,7,Goalkeeper
Canada,23640,256,5,3,225.77551219512196,127.59733333333332,2,0,59,118.5,0,43,6,0,1,4,3,0,8,1,0,0,0,0,201.61666666666667,550.8000000000001,59,28,3,10,9,8,1,48,2,1,29,54,0.812813505,Jonathan David,Center Forward,Forward,0.6,12.498966685955194,4.017525006199884,3.5711333388443416,1.339175002066628,1.7855666694221708,0.0,4.463916673555427,0.0,0.0,0.0,12.945358353310738,0.3628331757460527,0.0,0.7288135593220338,9.335593220338984,69.88304093567251,54.97076023391813,67.83625730994152,0.3588156507398529,66.40677966101696,45.652542372881356,0.288135593220339,0.23728813559322035,0.7857142857142857,79.06190476190476,41.78095238095238,4,Target Forward
Canada,23828,595,13,7,132.71640130861505,55.93055252635406,1,0,161,324.49999999999994,13,184,4,0,2,2,11,2,27,0,0,8,4,0,284.9666666666667,2316.4,199,15,4,72,10,0,2,39,4,0,17,41,0.0,Kamal Miller,Left Center Back,Center Back,0.5384615384615384,7.264007486255702,3.158264124459001,0.0,1.2633056497836004,0.6316528248918002,4.1057433617967005,22.739501696104806,0.0,0.0,2.5266112995672008,5.369049011580302,0.0,0.18181818181818182,0.9246231155778895,11.640201005025126,58.77192982456141,23.684210526315788,42.39766081871345,0.08906304830974383,46.7929648241206,18.01708542713568,0.33668341708542715,0.06532663316582915,0.8461538461538461,46.33448275862069,17.791954022988506,2,Sweeper CB
Canada,24024,428,4,1,221.7816109812493,125.84334233540666,5,6,111,685.9000000000001,1,61,12,10,2,23,5,2,4,6,0,3,2,4,270.08333333333337,715.6999999999999,88,43,25,15,12,5,10,73,0,0,40,91,0.714270153,Tajon Buchanan,Right Midfield,Central/Wide Midfield,0.25,15.661832767664299,3.9987658130206722,1.6661524220919468,8.330762110459734,7.664301141622955,0.3332304844183893,4.99845726627584,1.3329219376735573,3.3323048441838936,0.9996914532551681,13.329219376735574,0.23801658908978707,0.4,0.6931818181818182,8.132954545454545,26.169590643274855,77.77777777777779,66.95906432748538,0.27833747770441225,72.37045454545455,41.050000000000004,0.22727272727272727,0.09090909090909091,0.375,78.64573643410853,42.032558139534885,3,Progressive Winger
Canada,44703,516,11,8,175.21507706327236,195.30557187825525,8,5,123,388.40000000000003,8,156,15,4,7,0,7,3,17,5,0,2,2,4,284.9666666666667,1768.5,187,38,12,49,14,2,0,50,6,0,36,50,0.672354974,Alistair Johnston,Right Back,Fullback/Wingback,0.7272727272727273,12.633056497836003,4.4215697742426014,0.6316528248918002,3.789916949350801,0.0,2.5266112995672008,15.475494209849103,1.2633056497836004,1.2633056497836004,0.6316528248918002,11.369750848052403,0.2123474593285764,0.42857142857142855,0.8342245989304813,9.457219251336898,84.50292397660819,55.55555555555556,75.43859649122807,0.2830925757164581,59.39197860962567,67.25133689839572,0.2887700534759358,0.11229946524064172,1.0,60.9453125,65.028125,5,Holding Anchor
Costa Rica,5581,525,9,4,192.20510038424317,105.17914954703971,5,6,134,286.4,1,105,20,4,1,13,13,6,8,3,0,0,0,1,292.4333333333333,923.7,137,44,8,20,15,1,7,117,11,0,52,133,0.051288527,Joel Nathaniel Campbell Samuels,Center Forward,Forward,0.4444444444444444,14.157072837113875,4.6164367947110465,0.3077624529807364,2.462099623845891,4.000911888749573,0.3077624529807364,6.155249059614728,0.3077624529807364,1.2310498119229456,0.0,16.00364755499829,0.01578468287928873,0.46153846153846156,0.7664233576642335,6.742335766423358,44.29824561403509,68.42105263157895,78.3625730994152,0.020401119673999775,63.348175182481754,33.01094890510949,0.2116788321167883,0.1678832116788321,0.6086956521739131,64.85246913580247,32.46358024691358,0,Ball-Winner
Costa Rica,5582,350,5,4,147.0922354939746,154.0925550777725,10,0,76,131.99999999999997,11,94,10,3,5,2,6,3,6,2,0,3,3,1,260.04999999999995,929.5,113,33,3,33,10,0,2,56,3,0,20,60,0.0,Celso Borges Mora,Right Defensive Midfield,Defensive Midfield,0.8,12.459142472601425,3.4608729090559516,0.0,1.0382618727167854,0.6921745818111903,3.8069601999615466,11.42088059988464,0.34608729090559515,1.0382618727167854,1.0382618727167854,6.921745818111903,0.0,0.5,0.831858407079646,8.225663716814159,92.2514619883041,54.67836257309941,52.33918128654971,0.04222264949048261,51.60619469026549,53.17522123893806,0.18584070796460178,0.19469026548672566,0.8181818181818182,51.94137931034482,53.55977011494252,0,Ball-Winner
Costa Rica,5597,192,0,0,23.61741004769315,120.88051196108944,0,0,37,133.5,1,55,0,0,0,0,0,0,2,0,0,0,0,0,294.45,4181.5,101,1,4,27,19,0,0,20,4,0,46,26,0.0,Keylor Navas Gamboa,Goalkeeper,Goalkeeper,0.0,0.3056546102903719,5.807437595517066,0.0,1.2226184411614875,0.0,0.3056546102903719,8.25267447784004,0.0,0.0,0.0,14.060112073357107,0.0,0.0,0.5445544554455446,41.4009900990099,7.163742690058479,8.771929824561402,92.69005847953217,0.008558329088130402,10.527722772277228,40.37227722772277,0.6831683168316832,0.10891089108910891,0.45454545454545453,9.039393939393939,39.372727272727275,7,Goalkeeper
Costa Rica,5598,301,4,2,101.53484604368062,146.57741675617615,6,0,63,86.30000000000001,16,68,6,0,2,0,7,3,2,4,0,4,2,1,294.45,1605.2,97,27,1,20,9,0,0,12,3,2,29,18,0.0,Óscar Esau Duarte Gaitán,Center Back,Center Back,0.5,9.7809475292919,2.750891492613347,0.0,0.3056546102903719,0.0,4.89047376464595,6.113092205807438,0.3056546102903719,0.0,1.2226184411614875,8.863983698420785,0.0,0.42857142857142855,0.7010309278350515,16.548453608247424,51.900584795321635,36.84210526315789,33.04093567251462,0.01467142129393785,35.398969072164945,51.02474226804123,0.36082474226804123,0.09278350515463918,0.3333333333333333,34.63285714285715,49.10857142857143,1,Deep Playmaker
Costa Rica,5600,315,3,2,68.28316809168638,37.021871020556674,4,0,80,281.5,2,85,12,0,4,4,9,5,3,6,0,4,3,0,194.41666666666666,1247.4,101,24,12,33,8,1,4,29,4,0,20,32,0.014244432,Francisco Javier Calvo Quesada,Left Center Back,Center Back,0.6666666666666666,14.350621517359624,3.70338619802829,0.46292327475353623,5.555079297042435,1.851693099014145,0.9258465495070725,15.276468066866697,0.0,0.0,1.851693099014145,9.258465495070725,0.006594079108444064,0.5555555555555556,0.8415841584158416,12.350495049504952,78.65497076023392,69.5906432748538,58.77192982456141,0.06955164447492501,36.277227722772274,13.952475247524752,0.36633663366336633,0.0891089108910891,0.6666666666666666,32.45263157894737,14.869736842105262,1,Deep Playmaker
Costa Rica,5836,279,3,2,159.29344312257527,32.1611478031395,7,1,60,204.59999999999997,7,68,10,2,2,0,8,4,2,3,0,4,3,0,269.9,632.5,89,25,8,17,6,0,0,26,1,0,25,33,0.0,Bryan Oviedo,Left Wing Back,Fullback/Wingback,0.6666666666666666,10.337161911819193,2.0007410151908114,0.0,2.667654686921082,0.0,2.3341978510559467,5.668766209707299,0.0,0.6669136717302705,1.333827343460541,8.33642089662838,0.0,0.5,0.7640449438202247,7.106741573033708,78.65497076023392,40.643274853801174,17.543859649122805,0.016672841793256763,57.24269662921349,9.257303370786516,0.23595505617977527,0.1348314606741573,0.4166666666666667,61.65416666666667,8.854166666666666,6,Wide Creator
Costa Rica,5839,324,9,4,149.58898633567424,98.11213266917088,9,2,58,102.9,7,79,16,0,4,0,10,3,4,1,1,4,1,1,286.95,780.0,98,39,2,22,9,2,0,41,4,0,22,47,0.522077037,Yeltsin Ignacio Tejeda Valverde,Left Center Midfield,Central/Wide Midfield,0.4444444444444444,13.486670151594355,2.822791427077888,0.6272869837950863,0.6272869837950863,0.0,2.195504443282802,6.9001568217459495,0.31364349189754315,0.0,1.2545739675901726,6.9001568217459495,0.16374606492420282,0.3,0.8061224489795918,7.959183673469388,44.29824561403509,63.1578947368421,35.96491228070175,0.18664203983272346,52.52142857142857,31.14591836734694,0.22448979591836735,0.19387755102040816,0.6842105263157895,53.08850574712643,29.44137931034483,0,Ball-Winner
Costa Rica,6328,242,9,5,106.42957092399598,133.40949123533773,6,0,45,79.49999999999999,14,65,12,0,0,0,9,3,1,2,0,5,2,0,249.45,910.8,77,20,2,20,1,1,0,17,4,0,13,21,0.099276,Kendall Jamaal Waston Manley,Right Center Back,Center Back,0.5555555555555556,9.019843656043296,0.3607937462417318,0.3607937462417318,0.7215874924834637,0.0,5.051112447384246,7.215874924834637,0.0,0.0,1.8039687312086592,4.690318701142513,0.03581815995189417,0.3333333333333333,0.8441558441558441,11.828571428571427,61.98830409356725,32.45614035087719,0.29239766081871343,0.061073722188815384,33.811688311688314,41.44935064935065,0.2857142857142857,0.14285714285714285,0.6363636363636364,38.422222222222224,39.0,1,Deep Playmaker
Costa Rica,130185,249,2,1,159.70914814814813,196.24987962962965,3,1,49,153.5,9,43,7,3,4,2,5,2,1,2,1,5,2,1,267.91666666666663,494.70000000000005,61,40,4,10,5,3,1,24,1,0,22,27,0.31160433,Keysher Fuller Spence,Right Wing Back,Fullback/Wingback,0.5,15.45256609642302,1.6796267496111978,1.0077760497667188,1.3437013996889582,0.6718506998444791,3.023328149300156,3.3592534992223957,0.33592534992223955,1.0077760497667188,1.6796267496111978,7.39035769828927,0.10467579359253501,0.4,0.7049180327868853,8.109836065573772,51.900584795321635,76.60818713450293,10.818713450292398,0.1157613301399689,53.416393442622955,67.05409836065574,0.22950819672131148,0.11475409836065574,0.7142857142857143,66.65625,66.7171875,5,Holding Anchor
Croatia,3441,274,9,3,443.28665603397303,315.9468758484512,3,3,69,272.0,0,43,16,1,1,4,9,2,3,6,2,0,0,0,226.75,296.3,55,34,11,7,8,7,3,59,0,0,22,65,2.195553433,Nikola Vlašić,Right Wing,Attacking Midfield/Wing,0.3333333333333333,13.495038588754134,3.175303197353914,2.7783902976846746,4.366041896361632,1.587651598676957,0.0,2.7783902976846746,0.0,0.39691289966923926,0.0,8.732083792723264,0.8714434794707829,0.2222222222222222,0.7818181818181819,5.387272727272728,33.47953216374269,63.74269005847953,43.567251461988306,0.8781909987651599,72.68909090909091,53.35818181818181,0.16363636363636364,0.18181818181818182,0.6,75.41904761904762,55.019047619047626,4,Target Forward
Croatia,3471,1317,32,25,236.63641093197995,309.16689696715093,8,1,357,1145.5,36,407,16,1,2,0,16,6,17,3,0,7,6,1,624.1333333333333,4669.8,454,37,41,139,11,4,0,48,15,0,49,57,0.381529793,Dejan Lovren,Right Center Back,Center Back,0.78125,6.344798120059816,1.586199530014954,0.576799829096347,5.912198248237556,0.0,5.191198461867122,20.043794061098055,0.14419995727408674,0.14419995727408674,1.009399700918607,7.06579790643025,0.05501657984939115,0.375,0.8964757709251101,10.285903083700441,90.35087719298247,18.128654970760234,7.894736842105263,0.14297855378658406,40.82180616740088,53.164317180616735,0.23348017621145375,0.06607929515418502,0.7,39.463824289405686,51.51705426356589,2,Sweeper CB
Croatia,5456,1526,8,6,435.45808956560427,171.94759380925754,8,9,404,1341.2,6,416,52,3,10,14,27,15,48,3,0,8,5,9,649.9166666666667,2703.8999999999996,456,136,46,88,28,3,10,219,7,1,55,230,0.34514701999999997,Mateo Kovačić,Left Center Midfield,Central/Wide Midfield,0.75,21.187331709193483,3.8774201820746246,0.41543787665085263,6.37004744197974,1.9387100910373123,0.8308757533017053,12.186177715091677,1.246313629952558,0.41543787665085263,1.107834337735607,7.616361071932298,0.047795715040389784,0.5555555555555556,0.9122807017543859,5.929605263157894,88.01169590643275,95.90643274853801,63.450292397660824,0.12132821920759071,64.85811403508772,25.255263157894735,0.17982456140350878,0.12938596491228072,0.8813559322033898,62.87939814814815,24.018287037037037,0,Ball-Winner
Croatia,5460,654,5,1,551.6579919736372,323.4436794900884,8,5,166,419.9,0,151,10,7,1,7,6,1,3,1,2,0,0,5,478.43333333333334,451.09999999999997,173,38,13,7,12,10,3,113,6,0,36,123,1.087257213,Andrej Kramarić,Right Wing,Attacking Midfield/Wing,0.2,7.148331359297708,2.2573677976729605,1.8811398313941337,2.445481780812374,1.3167978819758934,0.0,1.3167978819758934,0.9405699156970668,1.3167978819758934,0.0,6.772103393018881,0.20452828503448756,0.16666666666666666,0.8728323699421965,2.607514450867052,20.760233918128655,22.514619883040936,23.099415204678362,0.2176962638542465,76.61271676300578,47.71271676300577,0.057803468208092484,0.1907514450867052,0.8181818181818182,81.61880341880341,46.02863247863248,4,Target Forward
Croatia,5463,1708,10,5,435.1250585802281,340.2940175929571,5,17,458,1473.2,2,463,47,18,10,10,18,7,61,15,1,17,15,6,672.6666666666666,4540.2,549,115,51,151,37,7,5,214,15,0,103,234,1.12735736,Luka Modrić,Right Center Midfield,Central/Wide Midfield,0.5,17.92864222001982,4.950445986124876,0.9365708622398414,6.823587710604559,1.337958374628345,0.267591674925669,20.203171456888008,0.802775024777007,2.408325074331021,2.2745292368681866,13.780971258671952,0.1508357221010902,0.3888888888888889,0.843351548269581,8.269945355191256,51.900584795321635,86.25730994152046,83.91812865497076,0.24114791238850347,64.02896174863388,47.90200364298725,0.25136612021857924,0.12386156648451731,0.7941176470588235,61.7686475409836,49.01434426229508,0,Ball-Winner
Croatia,5469,1638,16,10,340.3282951670484,235.72324720948134,18,2,440,980.9,8,472,31,2,15,8,18,5,39,14,1,10,8,5,569.8666666666667,3159.0,529,96,27,104,32,5,5,184,17,1,70,204,1.368818893,Marcelo Brozović,Center Defensive Midfield,Defensive Midfield,0.625,16.74075807206364,5.053813757604118,0.7896583996256434,4.264155357978474,1.2634534394010295,1.2634534394010295,16.424894712213383,0.7896583996256434,0.3158633598502574,1.5793167992512869,11.055217594759007,0.21617986728474498,0.2777777777777778,0.8922495274102079,5.9716446124763705,73.68421052631578,80.7017543859649,85.96491228070175,0.28756498661090313,58.11984877126655,38.912098298676746,0.17391304347826086,0.14177693761814744,0.7866666666666666,59.15635593220339,39.41991525423729,0,Ball-Winner
Croatia,5474,1066,30,15,515.2957347230491,110.65206378829289,12,13,227,958.5,11,214,32,28,11,17,26,8,6,11,1,11,5,9,686.8166666666666,1888.1,304,98,35,35,21,16,8,140,12,1,114,165,0.7556302262999999,Ivan Perišić,Left Wing,Attacking Midfield/Wing,0.5,14.283287631342668,2.7518260574146427,2.096629377077823,4.586376762357737,2.227668713145187,1.4414326967410034,4.586376762357737,1.1793540246062755,3.6691014098861903,1.4414326967410034,14.938484311679488,0.09901728316678395,0.3076923076923077,0.7039473684210527,6.210855263157894,51.900584795321635,68.71345029239765,33.33333333333333,0.12181812764250527,74.25263157894737,13.415131578947367,0.13815789473684212,0.16776315789473684,0.6862745098039216,79.00062111801242,15.48416149068323,6,Wide Creator
Croatia,7693,348,26,12,454.9321944914217,191.16921481405558,3,2,76,230.5,0,44,10,2,2,3,19,4,8,3,1,0,0,4,252.73333333333332,448.20000000000005,80,30,11,7,9,1,3,87,4,0,55,98,0.09977819,Bruno Petković,Center Forward,Forward,0.46153846153846156,10.683197045634397,3.2049591136903195,0.3561065681878133,3.917172250065946,1.0683197045634398,0.0,2.492745977314693,1.424426272751253,0.7122131363756266,0.0,19.585861250329728,0.035531668820891586,0.21052631578947367,0.55,5.602500000000001,45.760233918128655,44.15204678362573,44.44444444444444,0.03944884107095754,79.44,31.557499999999997,0.2375,0.325,0.5769230769230769,80.24251968503937,31.212598425196852,4,Target Forward
Croatia,11603,407,16,7,425.65185455837695,351.2808479356464,10,2,87,227.99999999999997,3,77,23,1,6,5,19,8,4,4,1,3,2,1,291.16666666666663,570.8,93,53,8,17,10,4,2,70,0,1,26,83,0.9502076909999999,Mario Pašalić,Right Wing,Attacking Midfield/Wing,0.4375,17.61877504293074,3.0910131654264457,1.2364052661705782,2.4728105323411564,1.5455065827132228,0.9273039496279337,5.2547223812249575,0.30910131654264456,0.30910131654264456,0.9273039496279337,8.036634230108758,0.2937104482770464,0.42105263157894735,0.8279569892473119,6.13763440860215,43.27485380116959,83.33333333333334,41.228070175438596,0.3125656285861477,64.87956989247311,55.034408602150535,0.23655913978494625,0.26881720430107525,0.64,69.7542372881356,57.31271186440678,0,Ball-Winner
Croatia,12625,835,11,3,297.27353774948364,45.87041194237966,8,4,212,776.5999999999999,16,222,19,18,5,7,17,4,14,4,0,4,0,2,440.4666666666667,2238.5,276,47,30,61,12,2,3,76,6,0,61,88,0.048374664,Borna Sosa,Left Back,Fullback/Wingback,0.2727272727272727,10.625094596639928,2.451944906916906,0.408657484486151,6.129862267292266,1.4303011957015286,3.269259875889208,12.464053276827606,0.408657484486151,3.677917360375359,0.817314968972302,12.464053276827606,0.009884334251551384,0.23529411764705882,0.8043478260869565,8.110507246376812,28.362573099415204,43.27485380116959,26.023391812865498,0.06096651981232028,61.98478260869565,8.098188405797101,0.2318840579710145,0.11231884057971014,0.7419354838709677,62.70862068965517,8.546551724137931,6,Wide Creator
Croatia,16527,232,1,0,453.6549864413851,80.7259887359199,4,8,52,277.40000000000003,0,42,16,2,4,3,3,2,0,4,2,0,0,5,187.31666666666666,269.7,55,29,8,6,4,10,2,30,1,1,19,35,1.0595709986,Mislav Oršić,Left Wing,Attacking Midfield/Wing,0.0,14.894563573271643,1.9218791707447282,4.80469792686182,3.8437583414894565,1.4414093780585462,0.0,2.8828187561170924,2.40234896343091,0.9609395853723641,0.0,9.12892606103746,0.5090918580336329,0.6666666666666666,0.7636363636363637,4.903636363636363,7.163742690058479,73.9766081871345,15.497076023391813,0.5499317904119584,83.55636363636364,15.012727272727274,0.12727272727272726,0.2,0.6363636363636364,83.26901408450705,13.73943661971831,4,Target Forward
Croatia,16531,498,0,0,59.749921812875954,284.1788834027466,0,0,122,258.3,0,189,0,0,1,0,0,0,6,1,0,0,0,0,720.2833333333333,5445.299999999999,228,2,1,92,33,0,0,38,10,0,39,47,0.0,Dominik Livaković,Goalkeeper,Goalkeeper,0.0,0.24990165906934772,4.123377374644237,0.0,0.12495082953467386,0.0,0.0,11.495476317189995,0.0,0.0,0.0,4.873082351852281,0.0,0.0,0.8289473684210527,23.8828947368421,7.163742690058479,7.894736842105263,69.5906432748538,0.03661059305365944,10.042105263157895,40.83771929824562,0.4517543859649123,0.07456140350877193,0.47058823529411764,9.073451327433627,40.32477876106194,7,Goalkeeper
Croatia,22041,313,13,4,489.83543139438575,223.29070217212018,2,4,55,93.80000000000001,1,35,17,3,2,4,10,1,6,7,1,1,0,2,255.53333333333333,466.0,57,48,2,9,7,7,1,48,0,2,31,58,1.773984791,Marko Livaja,Center Forward,Forward,0.3076923076923077,17.25802243673363,2.465431776676233,2.465431776676233,0.7044090790503522,1.4088181581007044,0.3522045395251761,3.169840855726585,0.7044090790503522,1.0566136185755284,0.3522045395251761,10.918340725280459,0.6248054964388208,0.1,0.6140350877192983,8.175438596491228,30.701754385964914,82.16374269005848,26.608187134502927,0.6290319509131228,79.85964912280701,35.30701754385965,0.3157894736842105,0.2807017543859649,0.5625,84.29666666666667,36.497499999999995,4,Target Forward
Croatia,29163,1160,10,4,353.6686714661504,416.0818772996099,14,14,299,1030.8,18,326,14,15,1,4,19,7,24,1,0,6,3,7,624.1333333333333,3194.2000000000003,406,50,31,83,31,1,2,72,7,0,89,78,0.041306578,Josip Juranović,Right Back,Fullback/Wingback,0.4,8.507797479171117,4.470198675496689,0.14419995727408674,4.470198675496689,0.576799829096347,2.595599230933561,11.9685964537492,1.009399700918607,2.162999359111301,0.8651997436445205,12.833796197393719,0.005956406782738731,0.3684210526315789,0.8029556650246306,7.867487684729065,39.03508771929825,29.239766081871345,76.60818713450293,0.0584451912305063,62.94261083743842,70.86945812807882,0.23645320197044334,0.06403940886699508,0.8461538461538461,63.57877813504823,70.27427652733118,5,Holding Anchor
Croatia,33018,1566,15,7,280.6278957946554,173.21313221149128,13,1,422,1416.3,43,463,36,1,5,2,23,11,29,9,1,14,8,1,720.2833333333333,5336.7,510,77,46,168,35,2,2,70,11,3,50,75,0.186105118,Joško Gvardiol,Left Center Back,Center Back,0.4666666666666667,11.870328805794017,4.373279033713585,0.24990165906934772,5.747738158594998,0.24990165906934772,5.372885669990976,20.991739361825207,0.12495082953467386,0.12495082953467386,1.749311613485434,6.247541476733693,0.023253988874748364,0.4782608695652174,0.907843137254902,10.464117647058822,46.345029239766085,50.29239766081871,73.39181286549707,0.11734196351435776,42.67,23.903529411764705,0.24313725490196078,0.054901960784313725,0.8214285714285714,41.24964705882353,24.556235294117645,2,Sweeper CB
Denmark,3043,697,8,2,202.42982810019117,108.40133582839182,8,13,187,443.6,0,193,14,9,2,6,7,1,18,4,0,3,3,9,290.8,1622.7,231,32,15,44,16,4,2,68,24,0,47,76,0.154105106,Christian Dannemann Eriksen,Left Center Midfield,Central/Wide Midfield,0.25,10.832187070151306,4.951856946354883,1.2379642365887207,4.642365887207703,1.8569463548830811,0.0,13.617606602475927,2.785419532324622,2.785419532324622,0.9284731774415406,14.546079779917468,0.04769415247592847,0.14285714285714285,0.8354978354978355,7.024675324675325,26.169590643274855,45.02923976608187,84.50292397660819,0.1306377563273728,70.62987012987013,35.874458874458874,0.18614718614718614,0.09090909090909091,0.8095238095238095,64.78669950738917,37.220197044334974,3,Progressive Winger
Denmark,3570,686,5,0,164.98103876976393,128.3589395711501,6,2,195,378.2,6,200,11,1,3,2,13,7,22,0,0,2,0,1,290.8,1929.9,224,28,8,62,18,2,1,68,13,1,30,71,0.023862642,Pierre-Emile Højbjerg,Right Center Midfield,Central/Wide Midfield,0.0,11.451169188445666,5.570839064649244,0.6189821182943603,2.4759284731774414,0.6189821182943603,1.8569463548830811,19.188445667125173,0.30949105914718017,0.30949105914718017,0.6189821182943603,9.284731774415405,0.007385274346629987,0.5384615384615384,0.8928571428571429,8.615625,7.163742690058479,47.07602339181287,91.22807017543859,0.07887770900962861,56.037053571428565,42.92901785714286,0.2544642857142857,0.08482142857142858,0.8947368421052632,57.302645502645504,42.884656084656086,0,Ball-Winner
Denmark,3815,200,0,0,31.54467105263158,123.21024436090227,0,2,53,90.9,0,72,0,0,0,0,0,0,6,0,0,0,0,0,290.8,2240.7,87,0,3,40,15,0,0,12,2,0,15,14,0.0,Kasper Schmeichel,Goalkeeper,Goalkeeper,0.0,0.0,4.642365887207703,0.0,0.9284731774415406,0.0,0.0,12.379642365887207,0.0,0.0,0.0,4.642365887207703,0.0,0.0,0.8275862068965517,25.7551724137931,7.163742690058479,3.508771929824561,78.65497076023392,0.043019257221458045,13.128735632183908,42.05747126436781,0.5057471264367817,0.06896551724137931,0.6666666666666666,13.064444444444444,42.166666666666664,7,Goalkeeper
Denmark,3959,746,13,8,135.62776217350336,91.55499224273811,7,1,217,521.4000000000001,11,236,5,0,1,1,8,1,15,2,1,6,3,0,290.8,1965.9,250,11,14,70,11,2,1,33,8,0,17,37,0.5251976599999999,Andreas Christensen,Left Center Back,Center Back,0.6153846153846154,5.261348005502063,3.404401650618982,0.6189821182943603,4.332874828060523,0.30949105914718017,3.404401650618982,21.664374140302613,0.0,0.0,1.8569463548830811,5.261348005502063,0.1625439800550206,0.125,0.944,7.8636,72.6608187134503,15.497076023391813,50.58479532163743,0.25539129779917463,46.066,29.2856,0.184,0.068,0.7647058823529411,45.4457399103139,30.195964125560536,2,Sweeper CB
Denmark,8247,722,27,18,142.89747994090897,174.29867320337166,2,1,193,666.2,17,199,11,1,2,1,13,3,28,5,0,4,3,0,290.8,3207.2,245,25,28,73,13,4,0,23,16,0,47,31,0.1448613,Joachim Andersen,Right Center Back,Center Back,0.6666666666666666,8.975240715268225,4.023383768913343,1.2379642365887207,8.665749656121045,0.30949105914718017,5.261348005502063,22.592847317744152,0.0,0.30949105914718017,1.2379642365887207,14.546079779917468,0.04483327716643741,0.23076923076923078,0.8122448979591836,13.090612244897958,78.65497076023392,31.57894736842105,68.12865497076024,0.13458568431911966,47.82448979591837,58.39387755102041,0.34285714285714286,0.05714285714285714,0.5,47.86975609756097,57.61317073170732,1,Deep Playmaker
Denmark,16190,512,6,3,200.1733496058988,210.1901953724892,2,4,129,323.20000000000005,7,139,9,3,6,4,12,4,8,3,0,3,0,1,234.21666666666664,1534.9,178,23,10,44,3,0,1,32,2,0,43,37,0.0,Rasmus Nissen Kristensen,Right Wing Back,Fullback/Wingback,0.5,10.375008894897888,1.1527787660997653,0.0,3.842595886999218,1.537038354799687,2.6898171208994524,16.907421902796557,0.3842595886999218,1.1527787660997653,1.1527787660997653,16.523162314096638,0.0,0.3333333333333333,0.7808988764044944,8.623033707865169,51.900584795321635,40.93567251461988,4.385964912280701,0.05418060200668898,69.77078651685393,71.86067415730338,0.2640449438202247,0.03932584269662921,0.7142857142857143,70.306,70.812,5,Holding Anchor
Denmark,16554,479,11,2,204.4935679761039,32.152752228424845,7,2,120,248.00000000000006,5,120,18,3,8,6,20,2,8,1,0,3,3,1,264.1,837.5999999999999,145,31,8,25,10,2,0,58,0,0,33,66,0.042316963,Joakim Mæhle,Left Wing Back,Fullback/Wingback,0.18181818181818182,11.586520257478227,3.40780007572889,0.681560015145778,2.726240060583112,2.044680045437334,1.703900037864445,8.519500189322226,0.340780007572889,1.022340022718667,1.022340022718667,11.245740249905339,0.014420774971601664,0.1,0.8275862068965517,5.7765517241379305,19.005847953216374,47.953216374269005,50.877192982456144,0.0413423955698599,67.32896551724139,9.524827586206897,0.1793103448275862,0.11724137931034483,0.8823529411764706,72.20542635658914,9.427131782945736,6,Wide Creator
Denmark,27569,288,6,1,224.66989195989197,150.45533799533797,5,2,71,255.1,1,38,10,5,4,13,7,1,1,4,0,5,3,0,213.45,234.0,54,37,10,3,2,3,6,42,0,1,24,52,0.33418314800000004,Jesper Lindstrøm,Left Wing,Attacking Midfield/Wing,0.16666666666666666,17.70906535488405,0.8432888264230499,1.264933239634575,4.2164441321152495,5.481377371749825,0.42164441321152496,1.264933239634575,0.0,2.1082220660576247,2.1082220660576247,10.1194659170766,0.14090645734364024,0.14285714285714285,0.7037037037037037,4.333333333333333,17.83625730994152,84.50292397660819,2.046783625730994,0.14259303499648632,80.6148148148148,41.779629629629625,0.12962962962962962,0.1111111111111111,0.5,83.39651162790697,39.94186046511628,3,Progressive Winger
Ecuador,23830,417,4,2,93.00976715250621,90.21855225737646,4,0,108,116.1,0,130,12,0,1,1,5,3,5,4,0,1,1,2,191.45,856.7,141,28,0,29,13,0,0,29,1,0,13,31,0.0,Jhegson Sebastián Méndez Carabalí,Right Defensive Midfield,Defensive Midfield,0.5,14.102898929224342,6.111256202663881,0.0,0.0,0.4700966309741447,0.0,13.632802298250196,0.9401932619482894,0.0,0.4700966309741447,6.111256202663881,0.0,0.6,0.9219858156028369,6.075886524822695,51.900584795321635,67.83625730994152,95.32163742690058,0.05735178897884566,46.45531914893617,44.71914893617021,0.12056737588652482,0.0851063829787234,0.9166666666666666,45.52413793103448,43.356896551724134,0,Ball-Winner
Ecuador,24085,558,7,4,185.3797183431002,32.93127844480264,8,9,133,432.9,4,146,15,10,5,8,10,4,10,7,0,5,3,4,288.3833333333333,1459.6,187,36,13,34,17,2,3,66,6,0,49,78,0.27007267,Pervis Josué Estupiñán Tenorio,Left Back,Fullback/Wingback,0.5714285714285714,12.795468993816101,5.305438363289603,0.6241692192105416,4.0570999248685204,2.4966768768421663,1.2483384384210832,10.610876726579207,1.2483384384210832,3.120846096052708,1.560423048026354,15.292145870658267,0.08428552378200313,0.4,0.7807486631016043,7.805347593582887,65.78947368421053,57.30994152046783,88.30409356725146,0.13016196139397795,63.926737967914434,9.189304812834225,0.20855614973262032,0.11229946524064172,0.7142857142857143,65.80135135135136,11.28581081081081,6,Wide Creator
Ecuador,28559,333,17,3,237.5348199942628,93.08909471218206,6,3,74,266.79999999999995,2,39,16,2,0,7,15,1,1,3,3,2,0,3,261.9166666666667,193.8,51,37,7,3,10,9,3,70,0,0,35,79,1.924592276,Enner Remberto Valencia Lastra,Left Wing,Attacking Midfield/Wing,0.17647058823529413,13.40120903595291,3.4362074451161306,3.092586700604518,2.4053452115812917,2.4053452115812917,0.6872414890232261,1.0308622335348392,1.0308622335348392,0.6872414890232261,0.6872414890232261,12.026726057906458,0.66132983076042,0.06666666666666667,0.7647058823529411,3.8000000000000003,18.71345029239766,62.57309941520468,51.16959064327485,0.6654532796945594,75.6313725490196,26.335294117647056,0.058823529411764705,0.3137254901960784,0.75,80.07008547008547,30.03846153846154,4,Target Forward
Ecuador,30111,540,15,12,116.11170995259661,150.0563335008323,4,0,135,505.7,17,159,8,0,2,1,4,1,5,1,0,3,1,0,288.3833333333333,2554.1,199,12,16,61,6,1,0,16,6,0,40,20,0.15397952,Felix Eduardo Torres Caicedo,Right Center Back,Center Back,0.8,4.681269144079062,1.8725076576316246,0.3120846096052708,4.993353753684333,0.3120846096052708,5.305438363289603,19.037161185921516,0.0,0.0,0.9362538288158123,12.483384384210831,0.048054638386406986,0.25,0.7989949748743719,12.83467336683417,92.2514619883041,12.865497076023392,14.035087719298245,0.116089083280356,40.53316582914573,49.96030150753769,0.3165829145728643,0.05025125628140704,0.7,38.60379746835443,50.12088607594937,1,Deep Playmaker
Ecuador,31152,421,12,5,214.81692958776478,159.11159745785142,5,5,83,345.29999999999995,0,78,27,4,5,10,11,3,2,4,0,3,2,2,281.4,665.5,104,72,12,12,8,2,5,72,5,0,40,83,0.105323937,Gonzalo Jordy Plata Jiménez,Right Midfield,Central/Wide Midfield,0.4166666666666667,23.98720682302772,2.55863539445629,0.6396588486140725,3.8379530916844353,3.1982942430703627,0.0,3.8379530916844353,0.6396588486140725,1.279317697228145,0.9594882729211088,12.79317697228145,0.03368569413646056,0.2727272727272727,0.75,6.399038461538462,40.643274853801174,99.12280701754386,28.07017543859649,0.046478871108742006,72.8798076923077,54.364423076923075,0.20192307692307693,0.18269230769230768,0.6842105263157895,74.5219512195122,50.34390243902439,3,Progressive Winger
Ecuador,34396,250,28,9,234.8647989996051,122.32934763722523,8,2,42,93.09999999999998,1,30,15,0,1,2,20,1,7,6,0,0,0,1,225.81666666666666,345.30000000000007,43,36,2,8,4,3,2,52,2,1,25,60,0.246376532,Michael Steveen Estrada Martínez,Left Center Forward,Forward,0.32142857142857145,14.347922355893424,1.5942135950992693,1.195660196324452,0.7971067975496346,0.7971067975496346,0.3985533987748173,3.1884271901985386,0.3985533987748173,0.0,0.0,9.963834969370433,0.09819420420695256,0.05,0.6976744186046512,8.030232558139536,31.28654970760234,69.2982456140351,8.187134502923977,0.099389864403277,71.66976744186047,37.93488372093023,0.3488372093023256,0.4186046511627907,0.6111111111111112,80.175,40.925,4,Target Forward
Ecuador,37522,153,0,0,30.188105603636686,120.82975784596556,0,0,33,99.69999999999999,0,44,0,0,0,0,0,0,1,0,0,0,0,0,288.3833333333333,3177.0,77,0,3,20,13,0,0,4,1,0,33,5,0.0,Hernán Ismael Galíndez,Goalkeeper,Goalkeeper,0.0,0.0,4.0570999248685204,0.0,0.9362538288158123,0.0,0.0,6.241692192105416,0.0,0.0,0.0,10.298792116973935,0.0,0.0,0.5714285714285714,41.25974025974026,7.163742690058479,3.508771929824561,68.42105263157895,0.007177946020921231,11.67922077922078,40.54935064935065,0.6103896103896104,0.025974025974025976,0.5,11.706666666666667,41.693333333333335,7,Goalkeeper
Ecuador,37726,480,5,4,175.94672187715668,94.52596461509503,8,1,105,238.59999999999997,4,128,21,1,4,1,9,6,7,4,1,2,2,0,282.9666666666667,1043.9,154,43,7,28,15,3,1,84,0,1,30,94,0.653325549,Moisés Isaac Caicedo Corozo,Left Defensive Midfield,Defensive Midfield,0.8,14.948757215219695,4.770879962304158,0.9541759924608315,2.2264106490752735,0.3180586641536105,1.272234656614442,8.905642596301094,0.0,0.3180586641536105,0.636117328307221,9.541759924608316,0.2077958513723642,0.6666666666666666,0.8311688311688312,6.778571428571429,92.2514619883041,74.26900584795322,80.4093567251462,0.2322863685121922,60.79220779220779,33.01168831168831,0.16883116883116883,0.22077922077922077,0.7058823529411765,59.33925925925926,32.31111111111111,0,Ball-Winner
Ecuador,37737,390,7,3,188.21464653283675,210.37066543359305,4,7,81,191.10000000000005,6,97,19,6,1,1,13,5,7,8,0,5,1,3,276.2166666666667,1264.2,129,40,4,27,16,4,0,33,4,0,39,39,0.0708458504,Angelo Smit Preciado Quiñónez,Right Wing Back,Fullback/Wingback,0.42857142857142855,15.314065045556022,5.213298738912688,1.303324684728172,1.303324684728172,0.325831171182043,1.9549870270922582,8.797441621915162,0.9774935135461291,1.9549870270922582,1.6291558559102153,12.707415676099679,0.02308378640921981,0.38461538461538464,0.751937984496124,9.8,42.251461988304094,76.31578947368422,87.42690058479532,0.054689410013878,63.812403100775185,71.53178294573644,0.27906976744186046,0.10077519379844961,0.6923076923076923,63.67640449438202,69.55168539325842,5,Holding Anchor
Ecuador,38004,590,11,9,120.71333081840379,59.93870517709677,4,1,151,361.40000000000003,10,171,12,1,1,0,10,3,8,5,0,5,4,0,288.3833333333333,2117.6,199,33,9,49,7,0,0,10,9,0,29,16,0.0,Piero Martín Hincapié Reyna,Left Center Back,Center Back,0.8181818181818182,11.85921516500029,2.1845922672368956,0.0,2.808761486447437,0.0,3.120846096052708,15.292145870658267,0.0,0.3120846096052708,1.560423048026354,9.050453678552852,0.0,0.3,0.8592964824120602,10.641206030150753,93.71345029239765,50.0,20.760233918128655,0.054614806680922376,41.33366834170854,20.47035175879397,0.2663316582914573,0.04522613065326633,0.4444444444444444,40.02117647058824,20.097058823529412,1,Deep Playmaker
England,3205,497,9,5,164.01290544099942,198.49577223273417,4,3,134,238.89999999999998,4,159,8,1,5,3,5,1,10,3,0,7,4,0,251.51666666666665,1302.8,177,17,10,38,8,0,2,41,5,0,20,44,0.0,Kyle Walker,Right Back,Fullback/Wingback,0.5555555555555556,8.587900072891127,2.8626333576303757,0.0,3.5782916970379697,1.073487509111391,1.4313166788151879,13.597508448744286,0.0,0.35782916970379697,2.5048041879265788,7.156583394075939,0.0,0.2,0.8983050847457628,7.36045197740113,61.98830409356725,29.82456140350877,37.13450292397661,0.05582135047379233,56.81694915254238,67.25310734463277,0.1977401129943503,0.0903954802259887,0.875,55.72826086956522,65.90289855072464,5,Holding Anchor
England,3244,1300,15,11,206.32639046749006,251.74899101221087,6,1,380,1393.8000000000002,10,430,9,0,1,1,7,2,20,4,0,2,2,1,464.8833333333333,3896.8,450,14,47,148,10,4,1,73,14,0,20,78,0.587418711,John Stones,Right Center Back,Center Back,0.7333333333333333,3.0975513569712834,1.935969598107052,0.7743878392428208,9.099057111103145,0.1935969598107052,1.935969598107052,28.65235005198437,0.1935969598107052,0.0,0.3871939196214104,3.871939196214104,0.11372247658552324,0.2857142857142857,0.9555555555555556,8.659555555555556,85.67251461988305,9.941520467836257,16.374269005847953,0.2515635119707454,43.26155555555556,51.08422222222222,0.21777777777777776,0.07555555555555556,0.8529411764705882,40.47235576923077,50.40865384615385,2,Sweeper CB
England,3308,508,5,4,166.3533230815538,142.5541855850953,3,7,118,129.5,3,165,11,3,1,1,8,5,12,2,0,1,0,3,226.81666666666666,1155.3000000000002,195,28,2,29,8,1,1,23,4,0,32,28,0.042866398,Kieran Trippier,Right Back,Fullback/Wingback,0.8,11.903887133514585,3.1743699022705565,0.39679623778381956,0.7935924755676391,0.39679623778381956,1.1903887133514586,11.507090895730766,1.1903887133514586,1.1903887133514586,0.39679623778381956,12.697479609082226,0.017009225453743847,0.625,0.8461538461538461,5.924615384615386,92.2514619883041,50.877192982456144,43.27485380116959,0.05867283042104489,62.06461538461539,62.719487179487174,0.21025641025641026,0.05641025641025641,0.5454545454545454,61.6177304964539,63.92765957446808,5,Holding Anchor
England,3336,1178,29,22,212.89497074677652,115.6454418731785,5,2,325,1269.9,21,353,13,2,2,3,13,4,27,6,0,5,2,1,453.71666666666664,4602.7,408,17,43,127,15,6,3,51,21,0,55,63,0.48995566299999993,Harry Maguire,Left Center Back,Center Back,0.7586206896551724,4.363956948168828,2.975425191933292,1.1901700767733168,8.529552216875437,0.5950850383866584,4.165595268706609,25.191933291701872,0.19836167946221947,0.39672335892443894,0.9918083973110973,10.909892370422071,0.0971884281747052,0.3076923076923077,0.8651960784313726,11.281127450980392,89.76608187134502,11.403508771929824,39.473684210526315,0.20668407523785037,43.244362745098044,23.386764705882353,0.28431372549019607,0.07107843137254902,0.5862068965517241,42.35805555555555,22.528888888888886,2,Sweeper CB
England,3382,1099,14,6,322.0124261499829,49.98197517666639,4,16,302,710.6,6,339,15,14,2,1,10,2,23,5,0,3,2,8,457.16666666666663,2627.7,402,31,19,79,14,3,1,111,8,0,69,122,0.084394449,Luke Shaw,Left Back,Fullback/Wingback,0.42857142857142855,6.693401385344514,2.7561064527889174,0.5905942398833395,3.7404301859278166,0.1968647466277798,1.181188479766679,15.552314983594606,1.5749179730222385,2.7561064527889174,0.5905942398833395,13.583667517316808,0.016614291819176084,0.2,0.8432835820895522,6.536567164179104,42.251461988304094,20.175438596491226,33.91812865497076,0.08768246535180461,64.3455223880597,9.869651741293533,0.2064676616915423,0.11442786069651742,0.7608695652173914,64.20496894409938,10.053416149068322,6,Wide Creator
England,3468,383,0,0,57.830548474785616,195.0127623825022,0,0,104,277.50000000000006,0,126,0,0,0,0,0,0,6,0,0,0,0,0,486.3333333333333,4448.2,161,0,3,55,16,0,0,25,4,0,35,32,0.0,Jordan Pickford,Goalkeeper,Goalkeeper,0.0,0.0,2.9609321453050037,0.0,0.5551747772446881,0.0,0.0,10.17820424948595,0.0,0.0,0.0,6.477039067854696,0.0,0.0,0.782608695652174,27.628571428571426,7.163742690058479,3.508771929824561,38.30409356725146,0.029424263193968472,13.006211180124224,38.63478260869565,0.45962732919254656,0.09316770186335403,0.5333333333333333,12.639215686274511,39.490196078431374,7,Goalkeeper
England,3532,519,5,2,281.8911599656698,224.45533438964813,5,6,133,279.5,0,141,10,8,0,2,6,3,7,6,1,1,1,4,280.23333333333335,928.3999999999999,166,35,9,24,6,2,0,48,1,2,30,53,0.148950994,Jordan Brian Henderson,Right Center Midfield,Central/Wide Midfield,0.4,11.882954680623289,1.9269656238848578,0.6423218746282859,2.890448435827287,0.6423218746282859,0.0,7.707862495539431,1.2846437492565719,2.5692874985131438,0.32116093731414297,9.634828119424288,0.047837240846913286,0.5,0.8493975903614458,5.592771084337349,39.03508771929825,50.58479532163743,15.789473684210526,0.08798235801118116,70.19036144578314,58.236746987951804,0.1566265060240964,0.09036144578313253,0.8666666666666667,69.47865853658537,59.47195121951219,5,Holding Anchor
England,3943,949,9,5,276.9285205362242,184.35808898714512,6,2,249,531.7,3,306,27,3,1,3,11,4,23,3,0,12,6,1,449.54999999999995,1901.8000000000002,327,38,16,69,19,0,0,90,11,0,27,97,0.0,Declan Rice,Left Defensive Midfield,Defensive Midfield,0.5555555555555556,10.010010010010012,3.8038038038038042,0.0,3.2032032032032034,0.6006006006006006,0.6006006006006006,13.813813813813816,0.2002002002002002,0.6006006006006006,2.4024024024024024,5.405405405405406,0.0,0.36363636363636365,0.9357798165137615,5.815902140672783,61.98830409356725,38.01169590643275,61.111111111111114,0.06186186186186188,55.52324159021406,37.058409785932724,0.18654434250764526,0.09174311926605505,0.8666666666666667,55.11035714285714,37.41178571428571,0,Ball-Winner
England,4354,433,10,3,311.00531876113,133.19971969372625,6,9,104,273.20000000000005,0,93,10,3,1,5,8,1,4,3,1,2,2,6,275.5333333333333,413.30000000000007,118,31,9,10,7,6,4,90,12,0,32,95,1.251350594,Phil Foden,Right Wing,Attacking Midfield/Wing,0.3,10.779095088313575,2.2864747157028793,1.959835470602468,2.939753205903702,1.633196225502057,0.0,3.266392451004114,1.959835470602468,0.979917735301234,0.6532784902008227,10.452455843213164,0.40874021338011135,0.125,0.788135593220339,3.5025423728813565,30.116959064327485,44.73684210526316,23.391812865497073,0.4404242201548513,83.64406779661017,35.367796610169485,0.06779661016949153,0.19491525423728814,0.8260869565217391,80.46551724137932,32.36827586206896,4,Target Forward
England,7843,305,7,1,293.1148437692062,151.07261070664714,3,3,65,208.5,0,64,13,2,1,4,8,1,5,8,0,1,1,1,205.0,408.5999999999999,74,43,6,14,6,4,3,40,3,0,15,43,0.18183271299999998,Mason Mount,Center Attacking Midfield,Attacking Midfield/Wing,0.14285714285714285,19.317073170731707,2.6341463414634148,1.7560975609756098,2.6341463414634148,1.7560975609756098,0.0,6.146341463414634,0.43902439024390244,0.8780487804878049,0.43902439024390244,6.585365853658536,0.0798289959512195,0.125,0.8648648648648649,5.5216216216216205,16.08187134502924,90.93567251461988,30.701754385964914,0.10660948375609756,72.96081081081081,26.62702702702703,0.17567567567567569,0.0945945945945946,0.7142857142857143,75.640625,28.4375,4,Target Forward
England,10955,473,29,14,393.6864342175349,197.0488578384374,5,5,105,331.5,5,64,8,5,1,7,17,2,11,1,2,0,0,5,421.51666666666665,780.3,97,31,10,20,12,12,3,101,5,1,48,120,2.330979943,Harry Kane,Center Forward,Forward,0.4827586206896552,6.618955359614092,2.562176268237713,2.562176268237713,2.135146890198094,1.4946028231386659,1.067573445099047,4.270293780396188,1.067573445099047,1.067573445099047,0.0,10.248705072950852,0.49769845764105813,0.11764705882352941,0.6597938144329897,8.044329896907216,47.07602339181287,19.5906432748538,28.362573099415204,0.5167012649638212,78.95154639175257,41.697938144329896,0.25773195876288657,0.25773195876288657,0.48,79.96373626373627,38.97802197802198,4,Target Forward
England,22084,455,3,1,314.44733366198795,251.9095417779266,5,8,110,431.5000000000001,2,84,32,6,1,5,11,6,6,7,3,2,1,5,291.31666666666666,447.4999999999999,111,49,16,11,9,7,2,98,4,0,36,108,0.579455465,Bukayo Saka,Right Wing,Attacking Midfield/Wing,0.3333333333333333,17.300760913095715,2.7804794324618114,2.1625951141369644,4.943074546598775,1.5447107958121173,0.6178843183248469,3.3983637507866584,1.5447107958121173,1.8536529549745409,0.6178843183248469,11.121917729847246,0.1790182224955661,0.5454545454545454,0.7567567567567568,4.03153153153153,33.47953216374269,82.45614035087719,35.08771929824561,0.20960349625264602,78.62972972972973,63.08108108108108,0.13513513513513514,0.26126126126126126,0.7586206896551724,83.89305555555556,63.22569444444444,3,Progressive Winger
England,30714,937,18,8,334.57914055314905,168.97771738887468,11,8,232,597.6,1,242,45,6,1,11,25,7,22,5,1,4,1,4,441.76666666666665,1401.1000000000001,275,70,18,48,30,5,4,126,9,0,47,142,0.841256374,Jude Bellingham,Right Defensive Midfield,Defensive Midfield,0.4444444444444444,15.075831887119898,6.11182373802158,1.0186372896702633,3.667094242812948,2.2410020372745794,0.20372745793405267,9.778917980834528,0.8149098317362107,1.222364747604316,0.8149098317362107,9.575190522900476,0.17138702254583868,0.28,0.88,5.094909090909091,44.29824561403509,75.14619883040936,95.6140350877193,0.21620706329133027,64.48072727272728,34.98618181818182,0.16,0.13818181818181818,0.8157894736842105,68.32407407407408,34.27074074074074,0,Ball-Winner
France,3009,1050,8,2,584.8418698878094,127.84546065473467,2,22,298,1701.4,0,180,8,27,1,50,6,0,14,8,9,1,1,11,654.3000000000001,1182.8,233,37,55,32,29,32,30,213,7,1,91,238,5.016751877,Kylian Mbappé Lottin,Left Center Forward,Forward,0.25,5.226960110041265,3.988995873452544,4.401650618982118,7.565337001375515,6.877579092159559,0.0,4.401650618982118,1.513067400275103,3.713892709766162,0.1375515818431912,12.517193947730398,0.6900621563961484,0.0,0.7725321888412017,5.076394849785408,26.169590643274855,14.912280701754385,66.66666666666666,0.7283014961485557,85.98283261802575,17.385836909871244,0.15879828326180256,0.11158798283261803,0.8461538461538461,83.33351800554017,18.810803324099723,3,Progressive Winger
France,3026,949,24,16,389.39052187941115,163.76038166748853,17,3,220,635.6,7,246,38,6,6,3,19,9,26,9,1,10,6,2,529.25,1758.3000000000002,285,84,16,53,21,9,1,91,2,0,53,104,0.728120058,Adrien Rabiot,Left Defensive Midfield,Defensive Midfield,0.6666666666666666,15.984884270193671,3.5710911667453944,1.5304676428908832,2.720831365139348,0.5101558809636277,1.1903637222484649,9.01275389702409,0.3401039206424185,1.0203117619272555,1.7005196032120926,9.01275389702409,0.12381824321209259,0.47368421052631576,0.8631578947368421,6.169473684210527,78.65497076023392,78.3625730994152,54.385964912280706,0.15850884311761929,65.9298245614035,28.031228070175437,0.1824561403508772,0.12982456140350876,0.7027027027027027,69.31254612546125,29.77380073800738,0,Ball-Winner
France,3099,345,0,0,56.576874918027414,235.74603195291496,0,1,73,181.2,0,111,0,0,0,0,0,0,5,0,0,0,0,0,614.2,7450.9,182,0,3,81,16,0,0,20,4,0,71,29,0.0,Hugo Lloris,Goalkeeper,Goalkeeper,0.0,0.0,2.344513187886682,0.0,0.4395962227287528,0.0,0.0,11.869098013676327,0.0,0.0,0.0,10.40377727124715,0.0,0.0,0.6098901098901099,40.93901098901099,7.163742690058479,3.508771929824561,24.561403508771928,0.027987626180397265,11.229670329670329,39.01758241758242,0.7252747252747253,0.06043956043956044,0.18181818181818182,11.604054054054055,39.4081081081081,7,Goalkeeper
France,3604,352,43,24,449.14148303104895,258.3041753746501,3,3,37,102.9,5,49,14,0,4,0,21,0,6,4,4,1,1,2,432.6166666666666,446.30000000000007,75,60,3,9,3,17,0,40,1,1,34,53,3.035955272,Olivier Giroud,Center Forward,Forward,0.5581395348837209,12.690218438186232,0.6241091035173557,3.5366182532650154,0.6241091035173557,0.0,1.0401818391955928,1.872327310552067,0.4160727356782371,0.0,0.20803636783911855,7.073236506530031,0.6315891077089032,0.0,0.6533333333333333,5.950666666666668,63.74269005847953,56.4327485380117,0.8771929824561403,0.6334614350194553,68.87866666666666,41.92133333333333,0.21333333333333335,0.3333333333333333,0.48,78.95307692307692,44.17923076923077,4,Target Forward
France,4445,863,19,12,343.4179055892229,413.2401735349252,13,1,207,532.4,13,258,17,3,6,4,16,7,22,5,0,3,3,2,514.4166666666666,2483.7,308,52,15,71,15,4,3,69,0,0,57,85,0.169605826,Jules Koundé,Right Back,Fullback/Wingback,0.631578947368421,9.622549813704845,2.6243317673740485,0.6998218046330796,2.6243317673740485,0.6998218046330796,2.274420865057509,12.421837032237162,0.3499109023165398,0.5248663534748097,0.5248663534748097,9.972460716021384,0.029673463806901022,0.4375,0.8376623376623377,8.063961038961038,74.56140350877193,36.25730994152047,30.409356725146196,0.07358728204762677,54.05844155844156,70.07045454545455,0.2564935064935065,0.1038961038961039,0.53125,57.27324561403508,68.125,5,Holding Anchor
France,5477,753,6,3,537.6134064535473,473.25140144641125,4,18,193,963.0,0,149,21,20,4,18,12,4,4,8,0,3,3,12,448.0,905.1,191,90,32,17,21,8,8,95,6,1,60,107,0.362467341,Ousmane Dembélé,Right Wing,Attacking Midfield/Wing,0.5,18.883928571428573,4.21875,1.6071428571428572,6.428571428571429,3.6160714285714284,0.0,3.4151785714285716,2.4107142857142856,4.017857142857143,0.6026785714285714,12.053571428571429,0.07281709975446428,0.3333333333333333,0.7801047120418848,4.738743455497382,51.900584795321635,89.18128654970761,71.34502923976608,0.11902245689732141,82.21047120418848,66.65706806282722,0.13612565445026178,0.1099476439790576,0.9047619047619048,79.55943396226414,69.07688679245283,3,Progressive Winger
France,5485,808,13,7,264.69880045405745,317.66176756712434,7,1,218,968.9000000000001,19,251,11,0,1,1,7,1,17,1,0,6,2,0,544.6,2474.1,280,16,43,68,10,3,1,36,6,0,30,41,0.26440085,Raphaël Varane,Right Center Back,Center Back,0.5384615384615384,3.6356959236136612,1.6525890561880279,0.49577671685640834,7.10613294160852,0.16525890561880277,3.139919206757253,11.23760558207859,0.0,0.0,0.9915534337128167,4.957767168564083,0.04369459511568124,0.14285714285714285,0.8964285714285715,8.836071428571428,58.77192982456141,10.526315789473683,10.23391812865497,0.10203098879911862,45.29071428571429,55.129999999999995,0.20714285714285716,0.05714285714285714,0.6875,44.977593360995854,51.98921161825726,2,Sweeper CB
France,5487,1047,14,9,482.13238417556516,329.3128408633471,10,24,225,758.6,8,255,42,10,3,8,18,6,25,3,0,11,9,20,586.0500000000001,2107.5,323,125,26,62,25,6,3,106,21,2,87,116,0.49632007100000003,Antoine Griezmann,Center Attacking Midfield,Attacking Midfield/Wing,0.6428571428571429,20.885589966726386,3.8392628615305857,0.9214230867673405,3.9928333759918093,1.2285641156897875,1.2285641156897875,9.521371896595852,3.0714102892244686,1.5357051446122343,1.6892756590734577,13.360634758126437,0.07622012864090094,0.3333333333333333,0.7894736842105263,6.524767801857585,75.29239766081871,95.02923976608187,62.57309941520468,0.14901255249552087,75.16625386996904,45.48885448916408,0.22910216718266255,0.0804953560371517,0.8461538461538461,70.76666666666667,48.32743055555555,0,Ball-Winner
France,6704,996,15,9,353.64805803376544,57.67814019466334,11,11,255,872.6,8,290,18,12,6,6,25,10,28,6,1,7,3,12,548.5,2264.7,332,69,28,73,24,5,5,83,3,0,54,91,0.25930968399999993,Theo Bernard François Hernández,Left Back,Fullback/Wingback,0.6,12.634457611668186,3.9380127620783956,0.8204193254329991,4.594348222424795,0.9845031905195989,1.3126709206927984,11.978122151321786,1.9690063810391978,1.9690063810391978,1.1485870556061988,8.86052871467639,0.04254853520510482,0.4,0.8734939759036144,6.821385542168674,69.88304093567251,55.84795321637427,65.2046783625731,0.1183552808751139,63.31174698795181,8.142168674698794,0.21686746987951808,0.08132530120481928,0.7407407407407407,66.45590551181103,9.030314960629921,6,Wide Creator
France,8217,322,7,1,409.35108079374623,387.99824227649594,4,4,89,375.6,1,54,11,6,1,12,9,2,2,1,0,3,2,1,205.56666666666666,169.59999999999997,70,40,13,3,8,2,11,69,3,0,33,72,0.8713631399999999,Kingsley Coman,Right Wing,Attacking Midfield/Wing,0.14285714285714285,19.263823577103942,3.502513377655262,0.8756283444138155,5.691584238689801,5.253770066482893,0.43781417220690777,1.3134425166207233,0.43781417220690777,2.6268850332414466,1.3134425166207233,14.447867682827955,0.3814951318307118,0.2222222222222222,0.7714285714285715,2.422857142857142,16.08187134502924,90.64327485380117,53.50877192982456,0.38412201686395325,79.29285714285714,64.69714285714286,0.05714285714285714,0.07142857142857142,0.6,75.9144578313253,67.61686746987952,3,Progressive Winger
France,8519,1060,18,6,216.60499331385228,131.41289316816676,15,0,283,875.1,13,305,20,0,0,1,25,8,26,4,0,13,8,1,518.2333333333333,3816.2,345,54,31,102,16,0,0,57,16,1,40,65,0.0,Dayotchanculle Upamecano,Left Center Back,Center Back,0.3333333333333333,11.983019232006175,2.778671126262301,0.0,5.383675307133209,0.17366694539139382,2.25767029008812,17.71402842992217,0.17366694539139382,0.0,2.25767029008812,6.946677815655753,0.0,0.32,0.8840579710144928,11.061449275362317,33.47953216374269,51.461988304093566,34.7953216374269,0.08023412877082395,47.31072463768116,25.204637681159422,0.2898550724637681,0.06956521739130435,0.7083333333333334,46.672108843537416,25.93673469387755,2,Sweeper CB
France,10481,1420,12,9,403.9217715878582,290.90474294581725,7,5,390,912.1999999999999,8,431,31,1,4,3,12,4,43,8,1,15,9,6,662.2166666666667,3206.3,470,64,22,100,36,7,2,127,11,2,49,138,1.182897098,Aurélien Djani Tchouaméni,Right Defensive Midfield,Defensive Midfield,0.75,10.736667253919915,4.892658495457177,0.9513502630055621,2.9899579694460523,0.407721541288098,1.087257443434928,13.5907180429366,0.815443082576196,0.135907180429366,2.0386077064404904,6.659451841038934,0.16076420932725946,0.3333333333333333,0.9170212765957447,6.821914893617022,88.01169590643275,44.44444444444444,81.87134502923976,0.22708691337679007,58.50872340425531,41.572978723404255,0.2127659574468085,0.10851063829787234,0.8235294117647058,58.93783783783784,40.9034398034398,0,Ball-Winner
France,11135,706,10,9,234.65216049382715,208.84154461279462,6,2,195,628.7,15,209,14,0,1,0,14,7,20,2,0,9,4,2,330.8166666666667,2163.4,228,16,20,63,13,2,0,26,9,1,23,28,0.17601235,Ibrahima Konaté,Left Center Back,Center Back,0.9,6.8013501939644305,3.5367021008615036,0.5441080155171544,5.441080155171544,0.0,4.080810116378658,17.139402488790363,0.5441080155171544,0.0,2.448486069827195,6.257242178447276,0.04788486523250541,0.5,0.9166666666666666,9.488596491228071,97.36842105263158,21.052631578947366,53.80116959064327,0.13330982366869865,47.52105263157895,38.29692982456141,0.25,0.04824561403508772,0.8181818181818182,46.92038834951457,38.443203883495144,2,Sweeper CB
France,11990,404,2,1,351.0738977860768,239.59963872491485,7,1,92,432.09999999999997,0,95,13,1,1,2,9,6,11,4,0,3,1,1,256.7833333333333,814.0,112,65,11,24,11,4,1,26,1,0,23,29,0.16560118299999999,Youssouf Fofana,Left Defensive Midfield,Defensive Midfield,0.5,25.585772700720455,3.8553904069578766,1.4019601479846824,3.8553904069578766,0.7009800739923412,0.0,8.411760887908095,0.3504900369961706,0.3504900369961706,1.0514701109885118,8.061270850911924,0.05804156475627961,0.6666666666666666,0.8482142857142857,7.267857142857143,51.900584795321635,99.41520467836257,62.86549707602339,0.09449252860388134,61.52946428571429,40.88928571428572,0.22321428571428573,0.0625,0.7142857142857143,61.26494845360825,41.45876288659794,0,Ball-Winner
France,22097,229,15,8,221.82888357705286,150.61180399325082,2,1,45,190.20000000000002,1,25,18,2,1,7,16,4,1,5,2,1,0,0,204.11666666666667,114.79999999999998,36,51,7,1,5,5,3,49,0,0,29,59,2.050369225,Randal Kolo Muani,Center Forward,Forward,0.5333333333333333,22.928064015677307,2.2046215399689717,2.2046215399689717,3.086470155956561,3.086470155956561,0.4409243079937944,0.4409243079937944,0.0,0.8818486159875888,0.4409243079937944,12.786804931820036,0.9040576316648974,0.25,0.6944444444444444,3.188888888888888,57.60233918128655,98.24561403508771,21.34502923976608,0.8903889781170898,79.33888888888889,45.16388888888889,0.05555555555555555,0.3055555555555556,0.45454545454545453,77.6457627118644,45.13728813559322,4,Target Forward
Germany,3167,712,9,6,139.20018322411534,98.83602219309742,5,0,193,409.1,9,227,6,0,0,0,4,1,24,0,0,0,0,0,294.0,2392.8,247,14,9,77,15,6,0,45,3,0,20,48,0.6597156826999999,Antonio Rüdiger,Left Center Back,Center Back,0.6666666666666666,4.285714285714286,4.591836734693878,1.836734693877551,2.7551020408163267,0.0,2.7551020408163267,23.571428571428573,0.0,0.0,0.0,6.122448979591836,0.2019537804183673,0.25,0.9190283400809717,9.687449392712551,78.65497076023392,11.11111111111111,77.77777777777779,0.29225990286734693,46.030364372469634,34.66801619433198,0.24696356275303644,0.10121457489878542,0.88,48.86880733944954,36.519724770642206,2,Sweeper CB
Germany,5562,291,10,2,246.11227915495357,145.16550515376096,5,5,38,123.8,1,54,13,5,1,0,10,2,2,0,0,1,1,6,201.71666666666664,293.99999999999994,72,51,4,7,1,3,0,30,0,0,24,36,0.270048914,Thomas Müller,Center Forward,Forward,0.2,23.200859291084857,0.44617037098240114,1.3385111129472034,1.7846814839296046,0.0,0.44617037098240114,3.123192596876808,2.6770222258944067,2.2308518549120055,0.44617037098240114,10.708088903577627,0.12048782414277452,0.2,0.75,4.083333333333332,20.760233918128655,98.53801169590643,0.5847953216374269,0.15796613530529624,80.72083333333333,52.47361111111111,0.1111111111111111,0.19444444444444445,0.5714285714285714,82.01792452830189,47.53962264150943,4,Target Forward
Germany,5570,300,0,0,33.18224583086969,118.92585496576322,1,0,78,168.4,0,111,0,0,0,0,0,0,0,0,0,0,0,0,294.0,2290.8999999999996,123,0,1,71,9,0,0,18,6,0,12,21,0.0,Manuel Neuer,Goalkeeper,Goalkeeper,0.0,0.0,2.7551020408163267,0.0,0.30612244897959184,0.0,0.0,21.73469387755102,0.0,0.0,0.0,3.673469387755102,0.0,0.0,0.9024390243902439,18.625203252032517,7.163742690058479,3.508771929824561,33.62573099415205,0.08051020408163265,13.308130081300813,39.08617886178862,0.4878048780487805,0.06504065040650407,0.625,11.676404494382023,39.50112359550562,7,Goalkeeper
Germany,5579,757,7,5,193.05288912594062,136.11360124038703,5,12,180,457.0,3,229,18,5,1,3,6,0,27,3,0,7,5,8,294.0,1983.6000000000001,271,35,11,63,16,7,1,76,13,3,47,84,0.33451819800000004,Joshua Kimmich,Right Back,Fullback/Wingback,0.7142857142857143,12.857142857142858,4.8979591836734695,2.142857142857143,3.36734693877551,0.9183673469387755,0.9183673469387755,19.285714285714285,2.4489795918367347,1.530612244897959,2.142857142857143,14.387755102040817,0.10240353,0.0,0.8450184501845018,7.3195571955719565,83.47953216374269,58.187134502923975,82.16374269005848,0.20189332591836734,67.49630996309963,47.033948339483395,0.2177121771217712,0.11070110701107011,0.8333333333333334,64.48251121076234,47.79461883408072,0,Ball-Winner
Germany,6322,710,6,5,152.4663943039739,174.6315447633282,4,2,189,592.7,8,233,6,1,0,0,6,3,25,0,0,1,0,0,287.5833333333333,2221.8,252,24,21,86,13,1,0,42,6,1,19,45,0.07610536,Niklas Süle,Right Back,Fullback/Wingback,0.8333333333333334,7.823819182845552,4.068385975079687,0.3129527673138221,6.572008113590264,0.0,2.503622138510577,26.9139379889887,0.0,0.3129527673138221,0.3129527673138221,5.94610257896262,0.023817383019414662,0.5,0.9246031746031746,8.816666666666668,94.73684210526315,25.730994152046783,69.00584795321637,0.13992285969284265,54.53174603174603,60.05793650793651,0.2698412698412698,0.07142857142857142,0.8333333333333334,54.277830188679246,59.757547169811325,2,Sweeper CB
Germany,8400,437,4,0,243.61880350653314,145.12415411361093,4,8,101,285.0,2,85,19,10,1,6,10,3,0,2,1,5,4,6,273.3333333333333,345.7,113,34,8,11,15,12,3,56,2,1,37,61,0.7280189539999999,Serge Gnabry,Left Wing,Attacking Midfield/Wing,0.0,13.829268292682928,4.939024390243903,3.9512195121951224,2.6341463414634148,1.9756097560975612,0.6585365853658537,3.6219512195121952,1.9756097560975612,3.2926829268292686,1.6463414634146343,12.182926829268293,0.23971355802439026,0.3,0.7522123893805309,3.05929203539823,7.163742690058479,66.66666666666666,83.04093567251462,0.2706647775365854,83.54690265486725,47.689380530973445,0.05309734513274336,0.1504424778761062,0.8823529411764706,85.03206106870229,46.53358778625954,3,Progressive Winger
Germany,10287,501,5,1,202.10046498111012,111.28187196413003,3,5,128,403.20000000000005,1,148,14,0,0,4,8,3,17,3,1,1,0,1,190.04999999999998,1156.3,163,18,12,42,17,6,2,53,3,0,20,57,1.128953889,İlkay Gündoğan,Center Attacking Midfield,Attacking Midfield/Wing,0.2,9.94475138121547,8.050513022888714,2.8413575374901345,5.682715074980269,1.8942383583267564,0.4735595895816891,19.88950276243094,0.4735595895816891,0.0,0.4735595895816891,9.471191791633782,0.5346269403314917,0.375,0.9079754601226994,7.093865030674847,20.760233918128655,37.42690058479532,99.70760233918129,0.6203412260457775,65.90674846625767,35.492638036809815,0.2147239263803681,0.1165644171779141,0.8947368421052632,65.87019867549668,35.942384105960265,0,Ball-Winner
Germany,12034,550,10,8,203.00372416229186,28.511718047722866,14,11,117,415.19999999999993,3,151,22,16,5,3,11,5,13,5,0,6,6,8,250.3,1188.8000000000002,193,43,15,22,9,0,2,33,10,2,49,38,0.0,David Raum,Left Back,Fullback/Wingback,0.8,17.618857371154615,3.2361166600079905,0.0,5.393527766679984,1.0787055533359968,1.0787055533359968,7.9105073911306425,2.876548142229325,5.75309628445865,2.1574111066719937,17.618857371154615,0.0,0.45454545454545453,0.7823834196891192,6.15958549222798,92.2514619883041,83.62573099415205,45.90643274853801,0.06004794246903715,73.52538860103627,8.4,0.18134715025906736,0.05699481865284974,0.7272727272727273,71.98266666666666,10.241999999999999,6,Wide Creator
Germany,39565,563,5,1,243.8084344245877,88.6108844073795,7,9,160,881.8000000000001,0,94,17,2,3,33,6,1,2,1,0,3,3,7,274.06666666666666,519.9,117,40,30,17,18,11,22,157,1,3,48,174,1.152516099,Jamal Musiala,Center Attacking Midfield,Attacking Midfield/Wing,0.2,14.120651909511068,5.910970566772075,3.612259790805157,9.851617611286791,10.83677937241547,0.0,5.582583313062515,2.298710775966918,0.6567745074191195,0.9851617611286791,15.762588178058866,0.3784715966066651,0.16666666666666666,0.8034188034188035,4.443589743589744,20.760233918128655,68.12865497076024,93.27485380116958,0.43528259149841886,83.43504273504273,30.009401709401708,0.07692307692307693,0.1623931623931624,0.6842105263157895,80.89268292682927,28.27560975609756,3,Progressive Winger
Ghana,3347,208,17,4,201.95697509903792,129.6995755517827,3,0,36,85.30000000000003,3,31,14,1,1,2,18,4,0,2,1,0,0,0,199.14999999999998,119.79999999999998,37,31,1,2,4,2,0,37,0,0,14,41,1.2687446599999999,André Ayew Pelé,Center Attacking Midfield,Attacking Midfield/Wing,0.23529411764705882,14.009540547326138,1.8076826512678887,0.9038413256339444,0.4519206628169722,0.9038413256339444,1.3557619884509164,0.9038413256339444,0.0,0.4519206628169722,0.0,6.32688927943761,0.573371927692694,0.2222222222222222,0.8378378378378378,3.237837837837837,23.830409356725145,67.54385964912281,12.280701754385964,0.5656892764248055,61.475675675675674,40.28918918918919,0.08108108108108109,0.24324324324324326,0.7777777777777778,72.40704225352113,41.95211267605634,4,Target Forward
Ghana,3709,437,11,6,119.46237074938706,172.7013833051609,7,0,113,297.20000000000005,12,129,11,0,1,1,12,4,9,4,0,2,1,3,301.20000000000005,1439.0,140,23,12,48,12,0,1,25,6,0,12,31,0.0,Daniel Amartey,Right Center Back,Center Back,0.5454545454545454,7.470119521912349,3.5856573705179278,0.0,3.5856573705179278,0.298804780876494,3.5856573705179278,14.342629482071711,0.8964143426294819,0.0,0.597609561752988,3.5856573705179278,0.0,0.3333333333333333,0.9214285714285714,10.278571428571428,59.7953216374269,24.269005847953213,54.824561403508774,0.07559760956175299,41.54357142857143,57.77285714285714,0.2642857142857143,0.07142857142857142,0.4,40.98956521739131,58.81217391304347,2,Sweeper CB
Ghana,6383,568,13,9,163.4020186499097,134.19752770673486,6,2,135,408.80000000000007,6,153,18,0,1,5,16,6,21,3,0,3,2,2,301.20000000000005,1700.7,181,40,10,49,12,2,4,57,3,0,38,63,0.23574545500000002,Thomas Teye Partey,Right Defensive Midfield,Defensive Midfield,0.6923076923076923,12.848605577689241,3.5856573705179278,0.597609561752988,2.98804780876494,1.49402390438247,1.7928286852589639,14.641434262948206,0.597609561752988,0.0,0.8964143426294819,11.354581673306772,0.07044186902390438,0.375,0.8453038674033149,9.396132596685083,82.01754385964912,57.89473684210527,54.824561403508774,0.12601955826693226,56.12265193370166,46.02265193370166,0.2983425414364641,0.11049723756906077,0.75,55.970000000000006,46.083125,0,Ball-Winner
Ghana,6393,243,10,2,225.27571590194844,127.66734632306725,5,0,40,171.49999999999994,2,33,13,1,1,4,12,1,0,4,0,0,0,1,272.78333333333336,126.60000000000001,44,32,5,2,10,2,4,38,0,0,20,40,0.126027007,Iñaki Williams Arthuer,Center Forward,Forward,0.2,10.557829779434226,3.2993218060731957,0.6598643612146391,1.6496609030365978,1.3197287224292782,0.6598643612146391,0.6598643612146391,0.32993218060731955,0.32993218060731955,0.0,6.598643612146391,0.04158036523492392,0.08333333333333333,0.75,2.8772727272727274,20.760233918128655,42.69005847953216,47.953216374269005,0.040920500873709284,69.76136363636364,42.71363636363637,0.06818181818181818,0.25,0.8181818181818182,80.52197802197803,38.54725274725275,4,Target Forward
Ghana,8108,132,0,0,24.068224043715844,122.1682786885246,0,1,24,81.5,0,51,0,0,0,0,0,0,2,0,0,0,0,0,301.20000000000005,2551.2,76,0,2,24,8,0,0,11,0,0,25,13,0.0,Lawrence Ati-Zigi,Goalkeeper,Goalkeeper,0.0,0.0,2.390438247011952,0.0,0.597609561752988,0.0,0.0,7.1713147410358555,0.0,0.0,0.0,7.470119521912349,0.0,0.0,0.6710526315789473,33.56842105263158,7.163742690058479,3.508771929824561,25.730994152046783,0.015537848605577689,10.272368421052631,41.26447368421052,0.5263157894736842,0.039473684210526314,0.3333333333333333,11.241666666666667,39.237500000000004,7,Goalkeeper
Ghana,12325,320,9,3,166.30891812865497,36.28260233918129,4,3,71,220.0,6,70,7,6,0,5,11,3,9,8,0,1,1,2,213.68333333333334,1017.7,103,28,6,22,5,0,1,27,3,0,37,37,0.0,Abdul Rahman Baba,Left Back,Fullback/Wingback,0.3333333333333333,12.2143358552375,2.1059199750409485,0.0,2.5271039700491382,2.1059199750409485,2.5271039700491382,9.266047890180173,0.8423679900163794,2.5271039700491382,0.4211839950081897,15.583807815303018,0.0,0.2727272727272727,0.6796116504854369,9.880582524271846,33.47953216374269,53.216374269005854,19.005847953216374,0.026955775680524145,67.43203883495146,7.728155339805825,0.32038834951456313,0.08737864077669903,0.4444444444444444,68.83764705882352,10.884705882352941,6,Wide Creator
Ghana,17033,410,6,1,199.4883124921056,138.37243751140304,6,1,100,453.9,0,61,21,2,2,15,11,6,2,3,2,1,1,0,254.93333333333334,499.8,82,50,15,13,24,8,11,104,3,1,35,113,0.6585708079999999,Mohammed Kudus,Center Attacking Midfield,Attacking Midfield/Wing,0.16666666666666666,19.769874476987447,8.472803347280335,2.8242677824267783,5.295502092050209,5.295502092050209,0.0,4.589435146443514,0.0,0.7060669456066946,0.3530334728033473,12.356171548117155,0.2324975394351464,0.5454545454545454,0.7439024390243902,6.095121951219513,17.83625730994152,92.10526315789474,100.0,0.24273551014644346,70.40609756097561,45.43170731707317,0.15853658536585366,0.25609756097560976,0.8095238095238095,71.6862385321101,42.01559633027523,3,Progressive Winger
Ghana,30519,446,17,9,126.75754515530387,65.22971572206491,8,0,102,416.79999999999995,22,106,15,0,1,0,13,4,12,6,1,3,3,0,301.20000000000005,2274.9,149,20,14,44,7,2,0,30,1,2,44,39,0.42841392,Mohamed Salisu,Left Center Back,Center Back,0.5294117647058824,6.872509960159362,2.0916334661354576,0.597609561752988,4.183266932270915,0.0,6.573705179282867,13.147410358565734,0.0,0.0,0.8964143426294819,13.147410358565734,0.12801212749003982,0.3076923076923077,0.7114093959731543,15.26778523489933,56.72514619883041,21.34502923976608,18.128654970760234,0.168649577689243,45.16711409395973,19.251006711409396,0.3825503355704698,0.10738255033557047,0.4375,45.688235294117646,21.74957983193277,1,Deep Playmaker
Ghana,31029,491,3,0,158.43816177742502,108.29369028358619,8,0,124,288.90000000000003,11,130,14,1,1,5,6,3,9,5,0,7,5,1,264.95000000000005,840.1,142,44,8,25,14,1,5,56,3,1,17,57,0.026676558,Salis Abdul Samed,Left Defensive Midfield,Defensive Midfield,0.0,18.34308360067937,4.7556142668428,0.33968673334591426,2.717493866767314,1.6984336667295714,3.736554066805057,8.492168333647857,0.33968673334591426,0.33968673334591426,2.3778071334214,5.774674466880542,0.009061672843932816,0.5,0.9154929577464789,5.916197183098592,7.163742690058479,87.71929824561403,80.11695906432749,0.04948439411209661,55.39014084507042,36.50211267605634,0.15492957746478872,0.1056338028169014,1.0,54.040625,36.66875,0,Ball-Winner
Iran,5220,360,16,12,121.56974552629788,103.44141865686873,5,1,75,214.7,9,93,15,2,1,0,6,1,4,6,0,8,4,2,305.1,1654.5,128,28,5,41,8,2,0,10,7,0,35,21,0.26883789,Morteza Pouraliganji,Right Center Back,Center Back,0.75,10.619469026548671,2.359882005899705,0.5899705014749262,1.4749262536873156,0.0,2.654867256637168,12.094395280235988,0.5899705014749262,0.5899705014749262,2.359882005899705,10.324483775811208,0.07930321238938054,0.16666666666666666,0.7265625,12.92578125,88.01169590643275,42.98245614035088,24.853801169590643,0.12502592625368733,40.89375,31.21484375,0.3515625,0.1171875,0.26666666666666666,42.45934065934066,29.045054945054943,1,Deep Playmaker
Iran,5226,391,18,7,216.75824008792546,110.06318285453716,10,2,71,461.0,3,61,13,0,3,5,13,2,8,5,2,2,1,7,305.1,448.59999999999997,82,64,17,11,12,6,1,79,1,1,34,90,1.37814372,Mehdi Taremi,Center Forward,Forward,0.3888888888888889,19.469026548672566,3.5398230088495573,1.7699115044247786,5.014749262536872,1.4749262536873156,0.8849557522123893,3.244837758112094,2.0648967551622417,0.0,0.5899705014749262,10.029498525073745,0.40653207079646014,0.15384615384615385,0.7439024390243902,5.470731707317073,37.719298245614034,91.81286549707602,54.09356725146199,0.4466500648967551,71.40243902439025,35.89756097560976,0.18292682926829268,0.2804878048780488,0.6956521739130435,73.199173553719,34.43388429752066,4,Target Forward
Iran,5228,327,12,5,93.20046228413163,125.21330441511893,4,0,72,179.7,8,87,5,0,4,1,14,4,6,5,0,4,2,0,305.1,1211.7,108,31,6,28,18,0,0,27,2,0,24,31,0.0,Seyed Majid Hosseini,Left Center Back,Center Back,0.4166666666666667,10.324483775811208,5.309734513274336,0.0,1.7699115044247786,0.2949852507374631,2.359882005899705,8.259587020648967,0.0,0.0,1.1799410029498525,7.0796460176991145,0.0,0.2857142857142857,0.8055555555555556,11.219444444444445,40.643274853801174,40.058479532163744,88.88888888888889,0.02654867256637168,34.78425925925926,47.99444444444444,0.28703703703703703,0.10185185185185185,0.7272727272727273,35.19846153846154,45.778461538461535,1,Deep Playmaker
Iran,5230,303,2,2,173.9826034217914,48.738650087398696,4,2,65,293.2,2,64,13,8,2,2,7,2,8,2,0,2,2,2,249.9333333333333,1164.5,99,36,9,24,7,1,0,40,5,2,38,46,0.068153165,Ehsan Hajsafi,Left Wing Back,Fullback/Wingback,1.0,13.683648973059483,2.5206721792477995,0.3600960256068285,3.2408642304614568,0.720192051213657,0.720192051213657,8.642304614563885,0.720192051213657,2.880768204854628,0.720192051213657,13.683648973059483,0.02454168384902641,0.2857142857142857,0.6464646464646465,11.762626262626263,98.9766081871345,65.78947368421053,27.192982456140353,0.053709461923179526,61.196969696969695,14.183838383838385,0.37373737373737376,0.13131313131313133,0.6923076923076923,58.98831168831169,14.933766233766235,6,Wide Creator
Iran,5235,323,7,1,107.46629629629629,137.46487654320987,3,5,76,361.99999999999994,2,71,5,11,4,3,15,7,5,4,1,5,4,3,202.01666666666668,1497.8000000000002,105,29,12,31,6,2,2,33,7,0,41,39,0.230377999,Ramin Rezaeian,Right Back,Fullback/Wingback,0.14285714285714285,17.82031185545747,2.6730467783186205,0.8910155927728735,5.346093556637241,1.3365233891593102,0.8910155927728735,13.810741687979538,1.3365233891593102,4.900585760250804,2.2275389819321836,18.265819651843906,0.10263519467040673,0.4666666666666667,0.6761904761904762,14.264761904761906,16.08187134502924,85.67251461988305,32.16374269005848,0.16188773158980285,58.2552380952381,70.59238095238095,0.37142857142857144,0.10476190476190476,0.5454545454545454,60.83552631578947,70.96447368421053,5,Holding Anchor
Iran,5720,226,7,4,148.72054945054944,29.089761904761904,8,1,37,200.5,4,45,15,2,2,3,10,3,2,3,0,3,3,0,211.98333333333335,729.0,66,51,6,15,3,0,1,17,3,0,23,21,0.0,Milad Mohammadi,Left Back,Fullback/Wingback,0.5714285714285714,22.926330686374712,1.2736850381319285,0.0,2.547370076263857,1.2736850381319285,1.698246717509238,6.368425190659643,0.0,0.849123358754619,1.2736850381319285,9.764918625678119,0.0,0.3,0.6818181818181818,11.045454545454545,65.78947368421053,97.953216374269,4.678362573099415,0.01613334381633776,53.52272727272727,9.092424242424244,0.3939393939393939,0.10606060606060606,0.7142857142857143,55.657500000000006,8.629999999999999,6,Wide Creator
Iran,5722,290,13,8,167.71541816776403,109.12650765387112,5,4,58,181.39999999999998,4,71,10,3,4,0,9,1,14,2,0,1,0,2,240.15,1181.2,93,38,4,28,8,3,0,39,4,1,25,45,0.0612828607,Saeid Ezatolahi Afagh,Left Defensive Midfield,Defensive Midfield,0.6153846153846154,14.615865084322298,2.9981261711430354,1.1242973141786383,1.4990630855715177,0.0,1.4990630855715177,10.493441599000624,0.7495315427857588,1.1242973141786383,0.3747657713928794,9.369144284821987,0.022966718563397874,0.1111111111111111,0.7634408602150538,12.701075268817204,72.6608187134503,72.80701754385966,40.058479532163744,0.0626918903310431,57.04086021505377,38.56021505376344,0.3548387096774194,0.1935483870967742,0.6666666666666666,57.957142857142856,38.511428571428574,0,Ball-Winner
Iran,23874,265,2,0,194.75018055315968,149.3974716807544,3,3,67,177.89999999999998,0,47,7,3,1,7,4,1,5,3,0,5,4,2,210.73333333333335,635.8000000000002,73,28,6,12,14,1,4,35,3,2,30,39,0.04282673,Ali Gholizadeh,Right Midfield,Central/Wide Midfield,0.0,14.52072129073078,5.97912053147738,0.42708003796267,2.56248022777602,2.98956026573869,0.0,5.12496045555204,0.85416007592534,1.28124011388801,2.13540018981335,12.8124011388801,0.018290441474217017,0.25,0.6438356164383562,8.709589041095892,7.163742690058479,70.76023391812866,94.44444444444444,0.037936123220499836,67.13972602739726,54.50821917808219,0.2054794520547945,0.0821917808219178,0.8333333333333334,72.23064516129033,50.438709677419354,5,Holding Anchor
Iran,124167,229,2,2,180.58833962450757,137.95021057576605,2,0,49,188.3,7,39,13,3,2,4,4,2,2,3,0,5,2,0,224.7,575.3,55,36,6,10,16,5,2,27,4,0,21,31,0.0804267816,Ahmad Nourollahi,Left Defensive Midfield,Defensive Midfield,1.0,16.421895861148197,6.408544726301736,2.0026702269692924,2.403204272363151,1.602136181575434,2.8037383177570097,4.005340453938585,0.0,1.2016021361815754,2.0026702269692924,8.411214953271028,0.032213664192256346,0.5,0.7090909090909091,10.459999999999999,98.9766081871345,79.53216374269006,97.36842105263158,0.04262754937249667,58.839999999999996,47.7490909090909,0.23636363636363636,0.12727272727272726,0.8571428571428571,65.37555555555556,47.77333333333334,0,Ball-Winner
Iran,125823,100,0,0,18.798305084745763,77.81156530408774,0,0,26,94.20000000000002,0,22,0,0,0,0,0,0,0,0,0,0,0,0,186.01666666666665,2109.8,48,0,6,17,10,0,0,8,1,0,26,10,0.0,Seyed Hossein Hosseini,Goalkeeper,Goalkeeper,0.0,0.0,4.838276140130813,0.0,2.9029656840784877,0.0,0.0,8.225069438222382,0.0,0.0,0.0,12.579517964340114,0.0,0.0,0.4583333333333333,43.95416666666667,7.163742690058479,3.508771929824561,81.57894736842105,0.016450138876444764,11.94375,39.081250000000004,0.8125,0.0625,0.3333333333333333,12.1625,39.35625,7,Goalkeeper
Japan,3300,668,20,12,149.04980088498766,157.11693380141023,10,0,163,358.20000000000005,26,201,11,0,0,3,12,2,12,4,0,9,7,0,412.51666666666665,2443.6000000000004,227,22,6,65,9,1,2,49,2,0,28,56,0.7835,Maya Yoshida,Center Back,Center Back,0.6,6.763363096440548,1.9635570279988688,0.21817300311098542,1.3090380186659125,0.6545190093329563,5.672498080885621,14.181245202214052,0.0,0.0,1.9635570279988688,6.108844087107592,0.17093854793745708,0.16666666666666666,0.8854625550660793,10.764757709251104,69.88304093567251,20.760233918128655,16.95906432748538,0.2233000686840936,42.91277533039648,36.4784140969163,0.24669603524229075,0.1013215859030837,0.7391304347826086,42.97688172043011,34.66559139784946,2,Sweeper CB
Japan,5690,318,3,2,226.6076951197164,38.53005575074724,2,3,74,262.9,4,81,8,7,0,4,8,4,7,6,0,3,1,1,209.83333333333331,1096.1,108,29,9,23,9,0,4,36,2,0,28,42,0.0,Yuto Nagatomo,Left Wing Back,Fullback/Wingback,0.6666666666666666,14.583002382843528,3.8602065131056396,0.0,3.8602065131056396,1.715647339158062,1.715647339158062,9.864972200158856,0.4289118347895155,3.002382843526609,1.2867355043685467,12.009531374106436,0.0,0.5,0.75,10.149074074074074,78.65497076023392,71.6374269005848,63.1578947368421,0.036028594122319305,61.979629629629635,9.699074074074074,0.2962962962962963,0.12962962962962962,0.6428571428571429,63.03506493506493,8.32077922077922,6,Wide Creator
Japan,8361,290,5,1,283.1064075630252,238.907809714795,9,4,54,196.3,3,37,17,6,3,10,10,4,4,4,2,5,2,2,231.86666666666667,330.20000000000005,57,44,5,9,10,4,6,56,4,0,28,71,0.577215802,Ritsu Doan,Right Wing,Attacking Midfield/Wing,0.2,20.18401380103508,3.8815411155836688,1.5526164462334675,1.9407705577918344,3.8815411155836688,1.1644623346751006,3.4933870040253017,0.7763082231167338,2.3289246693502013,1.9407705577918344,10.868315123634272,0.2240486868027602,0.4,0.6491228070175439,5.792982456140352,20.760233918128655,92.98245614035088,63.74269005847953,0.237634080707303,80.2438596491228,58.189473684210526,0.15789473684210525,0.22807017543859648,0.3076923076923077,78.45555555555555,58.76913580246914,3,Progressive Winger
Japan,9411,445,5,3,263.59037716813884,119.62318188949959,6,2,96,297.79999999999995,2,83,13,0,3,7,9,5,6,2,0,1,0,1,337.2166666666667,607.8,104,74,9,22,6,6,5,54,6,0,32,63,0.42129175,Daichi Kamada,Center Attacking Midfield,Attacking Midfield/Wing,0.6,20.550585676864525,1.601344338456976,1.601344338456976,2.402016507685464,1.8682350615331387,0.5337814461523254,5.871595907675579,0.2668907230761627,0.0,0.2668907230761627,8.540503138437206,0.11243885978352196,0.5555555555555556,0.7980769230769231,5.8442307692307685,69.88304093567251,94.44444444444444,8.771929824561402,0.130587428952701,69.59903846153847,32.98461538461539,0.14423076923076922,0.15384615384615385,0.5625,69.27894736842106,31.16766917293233,0,Ball-Winner
Japan,23527,375,11,4,269.8152652627557,253.29139681074537,9,5,78,509.9000000000001,6,63,10,7,4,6,12,3,3,1,0,5,3,4,346.33333333333337,764.5,98,46,19,7,14,2,3,53,1,0,50,65,0.11059656,Junya Ito,Right Wing Back,Fullback/Wingback,0.36363636363636365,13.25312800769971,3.6381135707410968,0.519730510105871,4.937439846005774,1.559191530317613,1.559191530317613,1.8190567853705484,1.039461020211742,1.8190567853705484,1.2993262752646775,12.993262752646775,0.02874020327237728,0.25,0.6428571428571429,7.801020408163265,35.8187134502924,61.111111111111114,57.01754385964912,0.04303279230028871,69.92857142857143,65.23877551020408,0.20408163265306123,0.1836734693877551,0.5555555555555556,73.0030612244898,65.00102040816327,5,Holding Anchor
Japan,23721,635,17,9,228.28013522506834,205.01953707243626,10,3,150,340.0,11,153,28,0,4,3,13,2,15,7,0,4,4,4,326.01666666666665,1522.3,187,70,10,37,23,6,1,81,0,1,41,92,0.1814009069999999,Wataru Endo,Right Defensive Midfield,Defensive Midfield,0.5294117647058824,20.428403455856042,6.349368641684986,1.6563570369613005,2.7605950616021677,0.8281785184806503,3.0366545677623846,10.214201727928021,1.1042380246408672,0.0,1.1042380246408672,11.318439752568887,0.05007744480343538,0.15384615384615385,0.8181818181818182,8.140641711229947,56.72514619883041,93.56725146198829,96.78362573099415,0.09535120381371093,60.42245989304813,46.252941176470586,0.24064171122994651,0.17647058823529413,0.7272727272727273,62.042948717948725,46.08141025641026,0,Ball-Winner
Japan,23730,272,10,5,113.50673107890499,148.95309178743963,8,2,58,116.60000000000002,7,73,7,0,1,0,6,1,5,1,0,4,2,3,202.35000000000002,1265.2,98,14,2,25,5,0,0,11,0,0,26,16,0.0,Takehiro Tomiyasu,Right Center Back,Center Back,0.5,8.005930318754633,2.223869532987398,0.0,0.8895478131949591,0.0,3.113417346182357,11.119347664936988,1.3343217197924386,0.0,1.7790956263899182,11.564121571534468,0.0,0.16666666666666666,0.7448979591836735,12.910204081632653,51.900584795321635,26.900584795321635,21.929824561403507,0.04759080800593031,49.987755102040815,55.30816326530612,0.336734693877551,0.07142857142857142,0.42857142857142855,48.09722222222222,53.77777777777778,1,Deep Playmaker
Japan,25719,227,0,0,39.74970666744094,164.28998451458048,0,0,48,73.90000000000002,0,69,0,0,0,0,0,0,4,1,0,0,0,0,412.51666666666665,4093.1000000000004,113,1,1,38,14,0,0,24,4,0,44,27,0.0,Shūichi Gonda,Goalkeeper,Goalkeeper,0.0,0.21817300311098542,3.054422043553796,0.0,0.21817300311098542,0.0,0.0,8.290574118217446,0.0,0.0,0.0,9.599612136883358,0.0,0.0,0.6106194690265486,36.22212389380531,7.163742690058479,7.602339181286549,40.643274853801174,0.014617591208436025,11.932743362831859,41.690265486725664,0.6371681415929203,0.07079646017699115,0.625,11.841176470588234,40.4156862745098,7,Goalkeeper
Japan,29595,365,6,1,133.4484967056609,168.04616599039778,4,0,85,314.70000000000005,13,102,3,0,1,3,13,4,12,5,0,4,2,1,291.51666666666665,836.6999999999999,111,32,11,27,5,3,0,24,0,2,12,30,0.162244075,Ko Itakura,Right Center Back,Center Back,0.16666666666666666,12.040477960093764,1.5436510205248415,0.9261906123149048,3.396032245154651,0.9261906123149048,4.013492653364588,8.335715510834143,0.30873020410496826,0.0,1.234920816419873,3.7047624492596194,0.05008964638957178,0.3076923076923077,0.918918918918919,7.537837837837837,17.83625730994152,52.046783625730995,7.017543859649122,0.09331187496426735,48.93423423423423,56.585585585585584,0.21621621621621623,0.0990990990990991,0.7272727272727273,51.075824175824174,55.19230769230769,2,Sweeper CB
Japan,37215,238,12,8,90.95112528132033,37.843053263315824,3,0,58,82.2,11,76,2,0,0,0,5,0,9,3,0,1,0,0,218.01666666666668,830.6000000000001,86,7,3,36,2,2,0,13,4,0,10,17,0.17448755,Shogo Taniguchi,Left Center Back,Center Back,0.6666666666666666,3.3024998088831126,0.8256249522207781,0.8256249522207781,1.2384374283311672,0.0,4.54093723721428,14.861249139974007,0.0,0.0,0.41281247611038907,4.128124761103891,0.07203063756593532,0.0,0.8837209302325582,9.658139534883723,78.65497076023392,10.23391812865497,1.7543859649122806,0.12776032184083785,47.22906976744186,19.38720930232558,0.3372093023255814,0.11627906976744186,0.6,53.00476190476191,18.926984126984127,2,Sweeper CB
Japan,37221,538,14,7,174.7045596311567,96.86136203014661,11,2,124,280.9,8,128,8,2,1,3,7,0,11,4,0,3,1,3,298.3666666666667,1323.6000000000001,161,56,8,37,19,3,0,84,3,0,40,96,0.190594476,Hidemasa Morita,Left Defensive Midfield,Defensive Midfield,0.5,17.796894201765166,5.731203217517596,0.9049268238185677,2.413138196849514,0.9049268238185677,2.413138196849514,11.160764160429002,0.9049268238185677,0.6032845492123785,0.9049268238185677,12.06569098424757,0.05749135126801475,0.0,0.7950310559006211,8.22111801242236,51.900584795321635,85.38011695906432,92.10526315789474,0.10062619653669982,61.406211180124224,32.8416149068323,0.2546583850931677,0.2360248447204969,0.7631578947368421,61.75915492957746,32.024647887323944,0,Ball-Winner
Mexico,5567,331,16,11,100.51034090909091,88.9998106060606,4,1,76,361.7,8,85,14,0,1,1,9,3,6,4,0,4,2,1,183.23333333333335,1120.3000000000002,109,32,17,18,8,1,1,34,1,0,28,42,0.013687578,Edson Omar Álvarez Velázquez,Center Defensive Midfield,Defensive Midfield,0.6875,17.682372203019828,3.9294160451155173,0.49117700563943967,8.350009095870474,0.49117700563943967,3.9294160451155173,8.841186101509914,0.49117700563943967,0.0,1.9647080225577587,13.752956157904311,0.00672302357649627,0.3333333333333333,0.7798165137614679,10.277981651376148,81.57894736842105,83.91812865497076,64.91228070175438,0.05092895408404584,52.841284403669725,43.960550458715595,0.26605504587155965,0.1743119266055046,0.5789473684210527,49.41392405063291,42.040506329113924,1,Deep Playmaker
Mexico,5571,402,15,1,236.54085257846458,143.5037446621091,4,9,94,631.3,1,41,14,15,1,6,21,3,3,7,0,1,1,8,267.31666666666666,654.0,74,48,20,12,16,6,5,62,4,3,52,67,0.24040568040000002,Hirving Rodrigo Lozano Bahena,Right Wing,Attacking Midfield/Wing,0.06666666666666667,17.17064654903672,5.386869505580148,2.0200760645925557,6.733586881975185,2.0200760645925557,0.33667934409875927,4.0401521291851115,2.693434752790074,5.050190161481389,0.33667934409875927,17.507325893135484,0.08093962679468795,0.14285714285714285,0.5540540540540541,8.837837837837839,14.327485380116958,81.87134502923976,90.05847953216374,0.1233612241511316,86.26081081081081,51.648648648648646,0.2702702702702703,0.10810810810810811,0.5,83.15846153846154,48.033076923076926,3,Progressive Winger
Mexico,5573,533,12,5,131.9187094485902,64.16717333586547,5,0,140,716.5,7,166,6,1,1,0,8,1,22,3,0,2,1,1,291.5,2100.4,191,15,24,59,11,1,0,15,5,0,25,17,0.1766503,Héctor Alfredo Moreno Herrera,Left Center Back,Center Back,0.4166666666666667,5.248713550600343,3.3962264150943398,0.30874785591766724,7.409948542024014,0.0,2.1612349914236706,18.216123499142366,0.30874785591766724,0.30874785591766724,0.6174957118353345,7.718696397941681,0.0545404013722127,0.125,0.8691099476439791,10.996858638743456,40.643274853801174,15.204678362573098,50.29239766081871,0.14006355746140656,46.86230366492147,20.179057591623035,0.27225130890052357,0.02617801047120419,0.6,42.967973856209156,21.04967320261438,2,Sweeper CB
Mexico,5576,407,1,1,180.59395925200064,35.512600324304145,5,4,83,211.70000000000002,7,97,15,8,6,2,11,3,8,4,0,4,2,2,291.5,1223.6,138,56,7,21,13,1,2,31,1,0,45,34,0.06430086,Jesús Daniel Gallardo Vasconcelos,Left Back,Fullback/Wingback,1.0,19.142367066895368,4.013722126929674,0.30874785591766724,2.1612349914236706,0.6174957118353345,2.1612349914236706,6.483704974271012,0.6174957118353345,2.469982847341338,1.234991423670669,13.893653516295025,0.019852752658662095,0.2727272727272727,0.7028985507246377,8.866666666666665,98.9766081871345,89.76608187134502,67.39766081871345,0.036216389022298456,61.04347826086956,10.782608695652174,0.2898550724637681,0.07971014492753623,0.7272727272727273,71.81860465116279,10.124418604651163,6,Wide Creator
Mexico,5577,238,0,0,37.549518554901866,124.44564706688233,0,0,59,150.70000000000002,0,90,0,0,0,0,0,0,0,0,0,0,0,0,291.5,2591.2,108,0,3,51,17,0,0,10,3,0,18,12,0.0,Francisco Guillermo Ochoa Magaña,Goalkeeper,Goalkeeper,0.0,0.0,5.248713550600343,0.0,0.9262435677530018,0.0,0.0,15.74614065180103,0.0,0.0,0.0,5.55746140651801,0.0,0.0,0.8333333333333334,23.99259259259259,7.163742690058479,3.508771929824561,88.01169590643275,0.054648370497427094,13.552777777777779,41.06574074074074,0.46296296296296297,0.027777777777777776,0.3333333333333333,15.266666666666666,41.37407407407407,7,Goalkeeper
Mexico,26301,261,7,1,213.00581639566394,79.7881876693767,1,2,57,186.8,1,38,6,2,0,3,9,2,2,2,0,3,1,1,194.16666666666666,426.6,54,29,7,8,16,9,1,48,2,0,30,54,0.6920090567,Ernesto Alexis Vega Rojas,Left Wing,Attacking Midfield/Wing,0.14285714285714285,15.296137339055795,7.416309012875537,4.171673819742489,3.2446351931330475,1.3905579399141632,0.46351931330472107,3.7081545064377686,0.46351931330472107,0.9270386266094421,1.3905579399141632,13.905579399141631,0.3207595627622318,0.2222222222222222,0.7037037037037037,7.9,16.08187134502924,76.0233918128655,98.83040935672514,0.32724883314849784,75.24259259259259,30.68888888888889,0.25925925925925924,0.09259259259259259,0.4,73.74430379746836,26.38607594936709,3,Progressive Winger
Mexico,26368,559,18,11,126.33496367493893,157.5819390867658,0,2,148,591.1,17,163,11,1,3,2,12,4,15,4,0,1,0,2,291.5,2150.0,192,18,18,50,6,1,2,27,10,0,31,34,0.0988946,César Jasib Montes Castro,Right Center Back,Center Back,0.6111111111111112,5.866209262435677,1.8524871355060035,0.30874785591766724,5.55746140651801,0.6174957118353345,5.248713550600343,15.437392795883362,0.6174957118353345,0.30874785591766724,0.30874785591766724,9.571183533447684,0.03053349571183533,0.3333333333333333,0.8489583333333334,11.197916666666666,71.9298245614035,16.08187134502924,13.742690058479532,0.09969301543739278,43.77708333333334,52.9125,0.28125,0.078125,0.5333333333333333,41.67716049382716,52.901234567901234,2,Sweeper CB
Mexico,26406,251,3,2,130.4536738036738,136.9809582309582,7,1,57,80.4,5,72,8,1,0,4,3,0,6,5,0,5,2,0,183.10000000000002,855.5,86,15,1,25,5,1,2,31,1,0,19,35,0.0069717234,Jorge Eduardo Sánchez Ramos,Right Back,Fullback/Wingback,0.6666666666666666,9.830693610049153,2.457673402512288,0.49153468050245763,0.49153468050245763,1.9661387220098305,2.457673402512288,12.28836701256144,0.0,0.49153468050245763,2.457673402512288,9.339158929546695,0.0034268438339705074,0.0,0.8372093023255814,9.94767441860465,78.65497076023392,37.13450292397661,26.31578947368421,0.04029194487165483,65.15581395348836,71.13023255813954,0.3372093023255814,0.08139534883720931,0.7142857142857143,70.75714285714285,67.91587301587302,5,Holding Anchor
Mexico,28825,464,13,6,200.7321296991216,124.52379016174714,6,7,107,334.20000000000005,3,104,12,6,3,3,10,2,14,3,1,4,2,4,291.5,1387.1999999999998,144,40,10,33,13,10,3,63,9,0,47,70,0.2156515785,Luis Gerardo Chávez Magallón,Left Defensive Midfield,Defensive Midfield,0.46153846153846156,13.584905660377359,4.013722126929674,3.0874785591766725,3.0874785591766725,0.9262435677530018,0.9262435677530018,10.18867924528302,1.234991423670669,1.8524871355060035,1.234991423670669,14.51114922813036,0.06658196248713551,0.2,0.7222222222222222,9.633333333333333,45.760233918128655,64.61988304093568,67.39766081871345,0.10857167089193825,69.05486111111111,40.113194444444446,0.2708333333333333,0.14583333333333334,0.7142857142857143,67.1910569105691,38.952845528455285,3,Progressive Winger
Morocco,3625,653,12,3,473.93714343784893,164.62529688602058,12,8,160,923.0,1,107,29,7,5,20,20,6,9,12,0,2,1,4,476.66666666666663,1066.9,134,93,35,32,17,7,12,125,9,0,51,140,0.31647403,Sofiane Boufal,Left Midfield,Central/Wide Midfield,0.25,18.503496503496503,3.20979020979021,1.3216783216783219,6.608391608391609,3.7762237762237767,0.18881118881118883,6.0419580419580425,0.7552447552447553,1.3216783216783219,0.37762237762237766,9.62937062937063,0.05975383783216784,0.3,0.7985074626865671,7.961940298507463,26.169590643274855,88.59649122807018,45.02923976608187,0.09657201965034966,70.19850746268656,25.27910447761194,0.20149253731343283,0.13432835820895522,0.6111111111111112,73.01336898395722,24.494652406417114,3,Progressive Winger
Morocco,3634,225,4,3,287.11421588846724,149.82729623824451,6,1,47,94.30000000000003,5,46,9,1,4,1,3,1,4,3,1,5,2,3,194.33333333333331,362.6,58,29,4,4,2,4,0,30,3,0,16,35,0.9068839989999999,Abdelhamid Sabiri,Left Center Midfield,Central/Wide Midfield,0.75,15.746140651801031,0.9262435677530018,1.8524871355060035,1.8524871355060035,0.4631217838765009,2.3156089193825045,1.8524871355060035,1.3893653516295028,0.4631217838765009,2.3156089193825045,7.409948542024014,0.4199977353859348,0.3333333333333333,0.7931034482758621,6.251724137931035,88.01169590643275,78.0701754385965,3.216374269005848,0.4436169463636364,60.57586206896552,26.772413793103446,0.1896551724137931,0.1896551724137931,0.6363636363636364,61.2578125,28.575,0,Ball-Winner
Morocco,5219,565,10,8,189.85676603652837,167.93856804649704,7,1,128,440.0,30,158,17,1,2,1,12,8,11,5,1,6,3,0,485.7833333333333,2856.0,193,35,15,62,12,1,0,19,12,2,35,24,0.56495196,Romain Saïss,Left Center Back,Center Back,0.8,7.59597900298487,2.223213366727279,0.18526778056060658,2.779016708409099,0.18526778056060658,5.558033416818198,11.48660239475761,0.0,0.18526778056060658,1.1116066833636395,6.48437231962123,0.10466739575256459,0.6666666666666666,0.8186528497409327,14.797927461139896,92.2514619883041,24.561403508771928,21.637426900584796,0.14820532418430712,34.200518134715026,25.275129533678758,0.3626943005181347,0.05181347150259067,0.6,34.114285714285714,26.262142857142855,1,Deep Playmaker
Morocco,5234,1051,16,4,312.2940142608415,300.1785367585678,12,1,247,1051.9,12,274,42,2,7,1,28,13,18,16,0,9,7,2,698.3833333333333,2693.6,323,123,43,83,39,1,0,89,13,2,60,96,0.020691318,Sofyan Amrabat,Center Defensive Midfield,Defensive Midfield,0.25,18.170536715748277,5.02589313414314,0.12886905472161897,5.541369353029616,0.12886905472161897,1.5464286566594276,10.696131541894376,0.25773810944323794,0.25773810944323794,1.159821492494571,7.732143283297138,0.0026664705916044197,0.4642857142857143,0.848297213622291,8.339318885448916,26.169590643274855,87.13450292397661,85.67251461988305,0.052796532878314206,48.94334365325078,42.33653250773994,0.21981424148606812,0.07430340557275542,0.75,46.14940239043825,40.24860557768924,0,Ball-Winner
Morocco,5237,1155,12,4,451.41423084135283,457.28527270334496,12,11,278,929.3,2,210,47,18,8,30,22,5,20,11,2,14,8,7,662.6333333333333,2765.2000000000003,300,137,30,50,24,11,12,193,24,3,116,220,1.0958165259999997,Hakim Ziyech,Right Wing,Attacking Midfield/Wing,0.3333333333333333,20.644901655012827,3.259721313949394,1.494038935560139,4.074651642436742,4.074651642436742,0.2716434428291162,6.7910860707279035,0.9507520499019065,2.4447909854620455,1.901504099803813,15.755319684088738,0.1488356869158408,0.22727272727272727,0.7,9.217333333333334,33.47953216374269,94.73684210526315,46.49122807017544,0.1747776357060214,67.717,63.961999999999996,0.28,0.10333333333333333,0.7419354838709677,67.3644859813084,65.72367601246106,5,Holding Anchor
Morocco,5245,1198,14,8,375.5692413212506,480.4930379249191,14,7,283,911.5,12,314,33,10,11,8,31,12,14,10,1,11,8,7,660.8,3025.2000000000003,380,104,26,76,36,5,3,134,10,1,87,149,0.919596872,Achraf Hakimi Mouh,Right Back,Fullback/Wingback,0.5714285714285714,16.20762711864407,4.90314769975787,0.6809927360774819,3.5411622276029058,1.089588377723971,1.6343825665859566,10.351089588377725,0.9533898305084746,1.3619854721549638,1.49818401937046,11.849273607748184,0.12524775799031476,0.3870967741935484,0.8263157894736842,7.961052631578948,65.78947368421053,78.94736842105263,82.45614035087719,0.17087427130750604,56.60526315789474,70.305,0.19210526315789472,0.11842105263157894,0.8,61.150488599348535,69.34951140065147,5,Holding Anchor
Morocco,6301,466,41,22,478.89423958706715,269.55495911295907,9,1,57,96.80000000000001,12,48,22,0,3,9,21,1,2,3,2,0,0,1,553.8166666666667,414.6,76,113,1,4,12,11,6,54,3,0,39,67,1.045874203,Youssef En-Nesyri,Center Forward,Forward,0.5365853658536586,18.363477685154532,1.9501038249721627,1.7875951728911492,0.16250865208101356,1.462577868729122,1.9501038249721627,0.6500346083240542,0.16250865208101356,0.0,0.0,6.337837431159529,0.16996360697583435,0.047619047619047616,0.631578947368421,5.455263157894737,58.187134502923975,88.01169590643275,16.666666666666664,0.16281322628426975,58.538157894736834,37.560526315789474,0.15789473684210525,0.25,0.47368421052631576,76.33076923076922,39.67272727272727,4,Target Forward
Morocco,6785,445,0,0,58.05718097136908,243.34242521862416,0,0,107,225.7,0,156,0,0,0,0,0,0,4,0,0,0,0,0,603.15,6269.2,210,1,6,91,25,0,0,62,6,0,54,71,0.0,Yassine Bounou,Goalkeeper,Goalkeeper,0.0,0.14921661278288983,3.730415319572246,0.0,0.895299676697339,0.0,0.0,13.578711763242975,0.0,0.0,0.0,8.05769709027605,0.0,0.0,0.7428571428571429,29.85333333333333,7.163742690058479,7.017543859649122,59.94152046783626,0.040885351902511816,11.238571428571428,40.06285714285715,0.5333333333333333,0.12380952380952381,0.6538461538461539,10.141176470588237,41.52647058823529,7,Goalkeeper
Morocco,7459,478,5,5,185.11959940080084,302.2207964739435,8,0,123,305.5,20,143,3,0,0,0,4,2,5,2,0,5,0,0,335.56666666666666,1451.8,160,18,10,43,11,1,0,29,5,0,17,34,0.06408756,Jawad El Yamiq,Right Center Back,Center Back,1.0,6.168669911592332,2.9502334359789413,0.2682030396344492,2.682030396344492,0.0,5.364060792688984,11.532730704281315,0.0,0.0,1.341015198172246,4.559451673785636,0.017188478394755142,0.5,0.89375,9.07375,98.9766081871345,16.95906432748538,37.719298245614034,0.06492861944968709,37.919375,37.030625,0.1875,0.09375,0.6666666666666666,36.6063492063492,36.32222222222222,2,Sweeper CB
Morocco,12149,446,8,6,123.84143546376103,223.27270196212055,3,0,116,296.90000000000003,16,133,2,0,0,0,8,3,6,2,0,4,4,1,369.18333333333334,1967.5,154,16,11,48,6,1,0,14,9,0,22,20,0.25141555,Nayef Aguerd,Right Center Back,Center Back,0.75,4.875626382556092,1.4626879147668277,0.24378131912780462,2.6815945104058505,0.0,3.900501106044874,11.701503318134622,0.24378131912780462,0.0,0.9751252765112185,5.363189020811701,0.06129041442824251,0.375,0.8636363636363636,12.775974025974026,88.01169590643275,14.035087719298245,5.847953216374268,0.11102180353031466,32.51623376623377,56.88051948051948,0.2727272727272727,0.05194805194805195,0.25,31.46639344262295,57.28770491803279,1,Deep Playmaker
Morocco,15890,407,5,2,245.61420448777665,68.05393449236226,10,1,85,202.20000000000002,16,103,16,2,6,2,18,8,4,3,0,1,0,1,376.8333333333333,1080.8,121,44,6,32,13,4,0,46,3,0,25,51,0.151342469,Noussair Mazraoui,Left Back,Fullback/Wingback,0.4,12.18045112781955,3.104820875718709,0.9553295002211412,1.4329942503317117,0.4776647501105706,3.8213180008845646,7.642636001769129,0.2388323750552853,0.4776647501105706,0.2388323750552853,5.970809376382132,0.03614548131800089,0.4444444444444444,0.8512396694214877,8.932231404958678,39.03508771929825,52.92397660818714,41.52046783625731,0.06313353969924813,50.60909090909091,10.88099173553719,0.24793388429752067,0.09917355371900827,0.75,55.404347826086955,11.93695652173913,0,Ball-Winner
Morocco,23774,472,14,0,415.7183592187139,254.7115624855079,7,2,94,228.79999999999998,4,70,39,1,5,10,27,9,5,16,0,11,4,3,423.7,589.5,88,104,8,10,14,2,5,85,1,0,37,94,0.11463773599999999,Selim Amallah,Left Center Midfield,Central/Wide Midfield,0.0,26.339391078593344,2.9738022185508615,0.4248288883644088,1.6993155534576352,2.124144441822044,0.8496577767288176,2.124144441822044,0.6372433325466131,0.2124144441822044,2.3365588860042483,7.859334434741562,0.02435071097474628,0.3333333333333333,0.7954545454545454,6.698863636363637,7.163742690058479,99.70760233918129,38.88888888888889,0.03645833429313193,61.08068181818182,39.59886363636363,0.17045454545454544,0.2159090909090909,0.8947368421052632,65.03818181818181,37.86636363636364,0,Ball-Winner
Morocco,31295,434,10,2,286.55704565296014,63.81640199269847,7,4,98,438.19999999999993,11,97,20,7,5,2,12,3,8,9,0,1,0,4,350.18333333333334,1644.6,138,42,14,34,20,2,2,35,0,0,46,39,0.331586645,Yahia Attiyat allah,Left Back,Fullback/Wingback,0.2,11.308362286421398,5.14016467564609,0.5140164675646091,3.598115272952263,0.5140164675646091,2.8270905716053494,8.738279948598354,1.0280329351292181,1.7990576364761315,0.25700823378230453,11.822378753986007,0.08522049797725002,0.25,0.7028985507246377,11.917391304347825,20.760233918128655,46.49122807017544,86.25730994152046,0.1232577165770311,52.086231884057966,9.376086956521739,0.35507246376811596,0.07971014492753623,0.6363636363636364,59.68484848484849,9.872727272727273,6,Wide Creator
Morocco,46258,984,7,2,405.6533908357843,337.9975470754289,8,7,251,954.1,2,221,41,1,4,12,14,5,20,3,0,11,10,6,589.25,1708.5,267,91,31,43,31,6,10,173,6,2,71,188,0.244700479,Azzedine Ounahi,Right Center Midfield,Central/Wide Midfield,0.2857142857142857,16.03733559609673,4.7348324140857025,0.9164191769198133,4.7348324140857025,1.8328383538396267,0.3054730589732711,6.567670767925329,0.9164191769198133,0.15273652948663555,1.680101824352991,10.844293593551125,0.037374701926177346,0.35714285714285715,0.8277153558052435,6.398876404494382,29.093567251461987,78.65497076023392,79.53216374269006,0.07326778635553671,58.68651685393258,48.05205992509363,0.20599250936329588,0.1647940074906367,0.7045454545454546,60.688541666666666,48.384375000000006,0,Ball-Winner
Morocco,139016,327,10,6,90.79574802029097,138.72135448929367,7,0,79,171.5,15,96,4,0,1,0,5,1,5,3,1,3,2,0,200.45000000000002,1246.3000000000002,107,17,5,44,8,1,0,1,5,1,12,4,0.4178385,Achraf Dari,Right Center Back,Center Back,0.6,8.979795460214516,3.5919181840858068,0.44898977301072585,2.244948865053629,0.0,6.734846595160888,19.755550012471936,0.0,0.0,1.3469693190321774,5.38787727612871,0.18760521327014218,0.2,0.897196261682243,11.647663551401871,69.88304093567251,31.871345029239766,55.26315789473685,0.2652804440009977,39.19345794392523,47.07757009345794,0.27102803738317754,0.028037383177570093,0.0,35.11529411764706,45.080000000000005,1,Deep Playmaker
Netherlands,2988,539,10,2,398.240627041514,140.52517263375475,4,4,111,334.1,1,96,17,2,1,13,8,0,5,4,1,1,0,3,315.58333333333337,578.8,127,45,8,9,7,10,3,112,2,3,50,134,1.181855992,Memphis Depay,Left Center Forward,Forward,0.2,13.11856350673356,1.99630314232902,2.8518616318986,2.28148930551888,3.7074201214681803,0.28518616318986,2.5666754687087403,0.85555848956958,0.57037232637972,0.28518616318986,14.259308159493001,0.3370489758014259,0.0,0.7559055118110236,4.55748031496063,20.760233918128655,59.64912280701754,17.251461988304094,0.33904527894375497,73.69291338582677,26.61259842519685,0.14960629921259844,0.2125984251968504,0.6296296296296297,78.94644549763034,27.919431279620852,4,Target Forward
Netherlands,3306,1048,22,11,215.59939405545393,103.53204767107083,14,1,276,1236.0,17,319,14,1,1,0,17,4,30,5,0,10,4,0,506.26666666666665,3181.1,352,49,46,99,12,0,0,42,6,0,34,51,0.0,Nathan Aké,Left Center Back,Center Back,0.5,10.488543587042402,2.1332631024493023,0.0,8.177508559388992,0.0,3.022122728469845,17.59942059520674,0.0,0.1777719252041085,1.7777192520410852,6.04424545693969,0.0,0.23529411764705882,0.90625,9.037215909090909,51.900584795321635,42.10526315789473,19.883040935672515,0.08639715564919674,48.24517045454545,19.435511363636365,0.23011363636363635,0.07670454545454546,0.6666666666666666,45.91495016611296,20.14750830564784,2,Sweeper CB
Netherlands,3311,917,14,6,306.77589966282756,49.36987578731851,10,8,208,334.5,6,260,18,8,5,2,20,7,26,4,1,5,3,2,452.48333333333335,2443.5,304,83,7,68,13,5,1,60,6,0,49,65,0.521673045,Daley Blind,Left Wing Back,Fullback/Wingback,0.42857142857142855,17.702309477328814,2.585730597812074,0.9945117683892593,1.3923164757449629,0.39780470735570367,1.193414122067111,13.525360050093926,0.39780470735570367,1.5912188294228147,0.9945117683892593,9.74621533021474,0.10376199650079192,0.35,0.8552631578947368,8.037828947368421,42.251461988304094,84.21052631578947,29.239766081871345,0.15050404961508712,64.19802631578948,8.112828947368422,0.24342105263157895,0.09210526315789473,0.8571428571428571,66.82222222222222,8.683141762452108,6,Wide Creator
Netherlands,3669,974,28,18,190.87771157460602,220.95322054646823,8,1,251,703.8000000000001,30,305,3,0,1,1,13,2,14,5,0,5,3,2,509.51666666666665,4121.2,343,29,20,116,8,4,1,27,10,1,40,33,0.977948796,Virgil van Dijk,Center Back,Center Back,0.6428571428571429,6.005691668574793,1.4131039220175985,0.7065519610087992,3.532759805043996,0.1766379902521998,5.2991397075659945,20.490006869255176,0.3532759805043996,0.0,0.883189951260999,7.065519610087992,0.17274290989499852,0.15384615384615385,0.8892128279883382,12.015160349854227,75.29239766081871,16.374269005847953,5.555555555555555,0.2582356971770632,40.60495626822158,43.775510204081634,0.27988338192419826,0.05539358600583091,0.6842105263157895,40.1436170212766,43.20248226950355,2,Sweeper CB
Netherlands,4318,249,5,2,263.94525933004195,161.36627382279556,2,0,48,64.19999999999999,1,60,9,1,1,0,5,2,5,1,1,1,1,3,201.36666666666667,422.0,81,22,0,9,6,2,0,44,0,1,28,52,0.43179539,Davy Klaassen,Center Attacking Midfield,Attacking Midfield/Wing,0.4,10.279755007449097,2.6816752193345472,0.8938917397781824,0.0,0.0,0.4469458698890912,4.022512829001821,1.3408376096672736,0.4469458698890912,0.4469458698890912,12.514484356894554,0.1929891661976494,0.4,0.7407407407407407,5.209876543209877,39.03508771929825,39.76608187134503,32.45614035087719,0.20505670468465487,68.11851851851853,40.43827160493827,0.14814814814814814,0.2716049382716049,0.6818181818181818,73.05555555555556,39.37530864197531,4,Target Forward
Netherlands,6994,378,8,5,255.75342013800153,236.52875364170714,4,0,77,60.70000000000003,7,99,13,0,5,0,11,6,5,3,0,1,0,0,195.8,791.0,122,50,1,18,3,0,0,20,1,2,24,22,0.0,Marten de Roon,Right Defensive Midfield,Defensive Midfield,0.625,23.901940755873337,1.378958120531154,0.0,0.45965270684371806,0.0,3.2175689479060265,8.273748723186925,0.0,0.0,0.45965270684371806,11.031664964249233,0.0,0.5454545454545454,0.8114754098360656,6.483606557377049,73.68421052631578,98.83040935672514,4.970760233918129,0.01332992849846782,57.826229508196725,40.24590163934426,0.20491803278688525,0.09836065573770492,0.8333333333333334,59.66504854368932,39.07669902912622,0,Ball-Winner
Netherlands,7745,414,4,1,286.13959135313644,212.71418933049534,1,3,108,307.0,1,98,5,9,1,5,5,0,17,4,0,0,0,3,212.13333333333333,1066.0,128,31,11,29,9,6,2,54,4,1,32,61,0.975530951,Steven Berghuis,Right Defensive Midfield,Defensive Midfield,0.25,13.15210559396606,3.818353236957888,2.5455688246385924,4.6668761785040855,2.1213073538654936,0.42426147077309867,12.303582652419863,1.2727844123192962,3.818353236957888,0.0,13.576367064739157,0.4138801960559397,0.0,0.765625,8.328125,26.169590643274855,60.23391812865497,61.69590643274854,0.46903418725644247,73.21328125,53.88203125,0.2890625,0.1171875,0.7333333333333333,72.1625,53.416666666666664,3,Progressive Winger
Netherlands,7891,419,10,5,298.80692094101187,221.28481459617822,7,2,99,252.2,3,95,22,2,5,1,8,1,10,6,1,4,3,2,242.01666666666665,1079.5,120,55,5,27,10,3,1,54,2,1,33,60,0.87343067,Teun Koopmeiners,Right Defensive Midfield,Defensive Midfield,0.5,21.9406376971283,3.718752152055644,1.115625645616693,1.859376076027822,0.3718752152055644,1.115625645616693,10.040630810550239,0.7437504304111288,0.7437504304111288,1.4875008608222575,12.271882101783625,0.32480721837339027,0.125,0.7916666666666666,8.995833333333334,51.900584795321635,97.07602339181285,59.64912280701754,0.36013536381791883,59.9875,47.18083333333333,0.23333333333333334,0.18333333333333332,0.7272727272727273,61.32710280373832,47.71869158878504,0,Ball-Winner
Netherlands,8118,1112,14,12,282.141184975679,166.66676832827625,13,2,272,983.5,6,327,31,2,4,11,15,7,31,6,1,3,2,4,499.45000000000005,2030.4,364,80,29,73,20,2,7,187,7,3,45,205,0.720993446,Frenkie de Jong,Left Defensive Midfield,Defensive Midfield,0.8571428571428571,14.956452097307036,3.6039643607968763,0.36039643607968763,5.225748323155471,1.982180398438282,1.081189308239063,13.154469916908598,0.7207928721593753,0.36039643607968763,0.5405946541195314,8.10891981179297,0.12992173418760639,0.4666666666666667,0.8983516483516484,5.578021978021979,96.05263157894737,74.56140350877193,55.84795321637427,0.19389210159175094,60.36043956043956,33.62362637362637,0.17857142857142858,0.20054945054945056,0.8082191780821918,57.64660493827161,32.01481481481481,0,Ball-Winner
Netherlands,8125,723,21,10,351.23302911415817,354.17614428945075,13,8,157,520.8000000000001,7,148,24,13,1,6,20,7,9,19,1,5,1,2,509.51666666666665,1730.0,218,69,16,27,10,2,0,63,1,0,88,81,0.283319202,Denzel Dumfries,Right Wing Back,Fullback/Wingback,0.47619047619047616,13.071211278662785,1.766379902521998,0.3532759805043996,2.826207844035197,1.0598279415131988,1.2364659317653985,4.769225736809394,0.3532759805043996,2.2962938732785974,0.883189951260999,15.544143142193583,0.05004493444113703,0.35,0.6788990825688074,7.935779816513762,46.783625730994146,59.06432748538012,11.403508771929824,0.05357769424618102,71.04128440366972,73.65137614678899,0.23853211009174313,0.11009174311926606,0.5416666666666666,75.30694444444444,71.24027777777778,5,Holding Anchor
Netherlands,8259,278,2,0,308.1192983031274,162.14756511656796,1,1,67,150.40000000000003,1,65,8,1,1,4,4,1,3,2,0,0,0,0,219.25,205.29999999999998,71,20,4,5,4,2,2,74,0,0,13,78,0.33993796000000004,Steven Bergwijn,Left Center Forward,Forward,0.0,8.62029646522235,1.6419612314709235,0.8209806157354618,1.6419612314709235,1.6419612314709235,0.4104903078677309,2.0524515393386547,0.0,0.4104903078677309,0.0,5.336374002280501,0.1395412378563284,0.25,0.9154929577464789,2.891549295774648,7.163742690058479,30.116959064327485,9.649122807017543,0.1420041797035348,75.46338028169014,41.852112676056336,0.08450704225352113,0.23943661971830985,0.9411764705882353,78.27961165048544,39.39611650485437,4,Target Forward
Netherlands,8326,409,0,0,42.99407239836252,192.63548805518965,0,0,93,192.3,0,157,0,0,0,0,0,0,2,0,0,0,0,0,509.51666666666665,4729.6,191,0,1,114,26,0,0,23,4,0,34,32,0.0,Andries Noppert,Goalkeeper,Goalkeeper,0.0,0.0,4.592587746557195,0.0,0.1766379902521998,0.0,0.0,20.136730888750776,0.0,0.0,0.0,6.005691668574793,0.0,0.0,0.8219895287958116,24.76230366492147,7.163742690058479,3.508771929824561,78.0701754385965,0.06906545418861011,10.458115183246074,38.294240837696336,0.5497382198952879,0.07329842931937172,0.35714285714285715,9.737373737373737,38.217171717171716,7,Goalkeeper
Netherlands,20750,606,10,5,391.96034559463584,242.79129192667085,8,11,134,549.0,7,98,29,11,4,13,13,5,8,10,3,9,4,10,460.2166666666667,1001.5,154,52,18,19,19,5,5,113,4,2,76,134,0.562367031,Cody Mathès Gakpo,Center Attacking Midfield,Attacking Midfield/Wing,0.5,11.92916379965958,3.7156411835005247,0.9778003114475066,3.5200811212110237,2.542280809763517,1.3689204360265093,3.7156411835005247,1.9556006228950131,2.1511606851845144,1.7600405606055118,14.862564734002099,0.1099765316119219,0.38461538461538464,0.6363636363636364,6.503246753246753,51.900584795321635,51.16959064327485,59.06432748538012,0.13852830070618907,84.67922077922078,45.66688311688311,0.22727272727272727,0.18181818181818182,0.6428571428571429,82.32433862433862,46.57777777777778,3,Progressive Winger
Netherlands,21809,987,15,8,184.31642700543688,245.28972859472566,8,0,261,714.8,18,286,20,0,1,5,21,9,26,16,0,5,3,0,409.40000000000003,2452.3999999999996,316,73,24,80,15,0,4,56,1,1,36,65,0.0,Jurriën David Norman Timber,Right Center Back,Center Back,0.5333333333333333,17.36687835857352,3.297508549096238,0.0,5.276013678553981,1.0991695163654127,3.957010258915486,17.586712261846603,0.0,0.0,1.0991695163654127,7.914020517830972,0.0,0.42857142857142855,0.9050632911392406,7.760759493670885,57.60233918128655,82.7485380116959,47.66081871345029,0.07254518808011724,50.15221518987342,62.072468354430384,0.21518987341772153,0.06645569620253164,0.6666666666666666,49.968421052631584,62.111278195488715,2,Sweeper CB
Poland,3034,403,10,7,150.33703222014393,205.97389249344036,7,0,95,113.99999999999997,26,122,6,0,1,0,7,1,3,2,0,4,2,0,389.75,972.7,130,15,2,24,7,3,0,6,1,0,8,8,0.150632187,Kamil Glik,Right Center Back,Center Back,0.7,4.3874278383579215,1.6164207825529184,0.6927517639512508,0.46183450930083386,0.0,6.003848620910841,5.542014111610007,0.0,0.0,0.9236690186016677,1.8473380372033354,0.03478357108402822,0.14285714285714285,0.9384615384615385,7.4823076923076925,82.45614035087719,11.695906432748536,9.35672514619883,0.05648979302116741,38.597692307692306,52.43615384615384,0.14615384615384616,0.038461538461538464,0.6,41.28165137614679,52.03577981651376,2,Sweeper CB
Poland,3637,419,8,6,220.79477967099862,179.27439577729626,8,2,88,201.50000000000006,10,97,23,1,9,1,9,5,12,9,0,7,4,2,347.8833333333333,1394.0,127,49,5,26,17,1,1,48,4,0,36,54,0.02170277,Grzegorz Krychowiak,Center Defensive Midfield,Defensive Midfield,0.75,14.487615579935802,4.3980261581947975,0.25870742107028216,1.2935371053514109,0.25870742107028216,2.5870742107028217,6.726392947827337,0.5174148421405643,0.25870742107028216,1.8109519474919753,9.313467158530159,0.005614667656781488,0.5555555555555556,0.7637795275590551,10.976377952755906,88.01169590643275,70.46783625730994,74.26900584795322,0.029157042974177167,59.0,43.811023622047244,0.2992125984251969,0.15748031496062992,0.7,60.324,43.103,0,Ball-Winner
Poland,4734,468,4,2,235.57123786609833,275.06742661382975,12,3,99,425.5,14,121,12,7,6,1,10,3,12,7,0,2,1,2,389.75,1282.2,156,41,14,28,6,1,0,29,4,0,38,38,0.023505978,Matty Cash,Right Back,Fullback/Wingback,0.5,10.160359204618345,1.3855035279025016,0.23091725465041693,3.232841565105837,0.23091725465041693,3.232841565105837,6.465683130211674,0.46183450930083386,1.6164207825529184,0.46183450930083386,8.774855676715843,0.005427935907633099,0.3,0.7756410256410257,8.21923076923077,51.900584795321635,38.88888888888889,5.263157894736842,0.0312906684284798,65.09551282051282,71.3,0.25,0.08974358974358974,0.42857142857142855,66.41290322580646,69.73629032258064,5,Holding Anchor
Poland,5660,479,4,2,265.41465224226204,180.25780569540925,4,8,102,425.9,4,124,15,5,3,4,9,4,15,3,1,2,2,7,344.4166666666667,1350.5,153,47,16,31,15,3,3,60,8,0,34,66,0.5838947800000001,Piotr Zieliński,Right Center Midfield,Central/Wide Midfield,0.5,13.326881200096782,3.9196709412049358,0.7839341882409872,4.180982337285265,1.0452455843213162,1.0452455843213162,8.100653278490201,1.8291797725623034,1.3065569804016453,0.5226227921606581,8.884587466731187,0.1525783601258166,0.4444444444444444,0.8104575163398693,8.826797385620916,51.900584795321635,62.28070175438597,64.61988304093568,0.2082376874909267,68.89281045751635,46.523529411764706,0.28104575163398693,0.12418300653594772,0.7894736842105263,68.84779411764706,45.629411764705885,0,Ball-Winner
Poland,5668,489,38,17,303.75510490216993,158.99913386980262,5,3,95,297.90000000000003,9,65,21,3,2,10,25,3,10,6,2,3,3,5,389.75,709.2,91,39,9,11,12,12,4,105,2,1,52,122,3.125917802,Robert Lewandowski,Center Forward,Forward,0.4473684210526316,9.698524695317511,2.7710070558050033,2.7710070558050033,2.0782552918537522,2.3091725465041693,2.0782552918537522,2.5400898011545863,1.1545862732520846,0.6927517639512508,0.6927517639512508,12.007697241821681,0.7218283571007056,0.12,0.7142857142857143,7.793406593406594,45.32163742690059,36.54970760233918,34.50292397660819,0.7329123853239256,74.76703296703297,38.918681318681315,0.27472527472527475,0.31868131868131866,0.6206896551724138,79.26595744680851,39.727127659574464,4,Target Forward
Poland,5669,287,0,0,37.176830521866215,160.3916280323237,0,0,65,318.2,0,88,0,0,0,1,0,0,10,1,0,0,0,0,389.75,6271.200000000001,146,0,13,62,18,0,1,15,8,0,58,17,0.0,Wojciech Szczęsny,Goalkeeper,Goalkeeper,0.0,0.0,4.1565105837075045,0.0,3.0019243104554203,0.23091725465041693,0.0,14.31686978832585,0.0,0.0,0.0,13.393200769724181,0.0,0.0,0.6027397260273972,42.95342465753425,7.163742690058479,3.508771929824561,69.88304093567251,0.0394868505452213,12.505479452054795,40.50753424657535,0.7328767123287672,0.0273972602739726,0.5,10.608771929824563,39.857894736842105,7,Goalkeeper
Poland,5673,437,6,5,224.8523958687608,43.99985362605725,11,3,94,177.10000000000002,15,121,11,4,4,7,9,4,5,5,0,4,1,0,365.73333333333335,1101.7,150,38,5,25,14,0,3,67,1,0,39,75,0.0,Bartosz Bereszyński,Left Back,Fullback/Wingback,0.8333333333333334,10.33539919795844,3.4451330659861465,0.0,1.2304046664236237,1.7225665329930733,3.6912139992708712,6.152023332118119,0.0,0.984323733138899,0.984323733138899,9.597156398104264,0.0,0.4444444444444444,0.8066666666666666,7.344666666666667,94.73684210526315,40.35087719298245,51.461988304093566,0.011073641997812616,58.22533333333333,9.028,0.22666666666666666,0.15333333333333332,0.8260869565217391,64.98404255319149,8.998936170212765,6,Wide Creator
Poland,7979,289,3,1,268.66186755503054,82.71947726775014,3,2,59,151.29999999999998,5,51,18,2,6,1,9,3,3,2,0,3,1,1,254.5333333333333,472.0,73,39,4,13,11,1,1,34,3,0,29,39,0.043646414,Przemysław Frankowski,Left Midfield,Central/Wide Midfield,0.3333333333333333,15.557883708748037,3.889470927187009,0.35358826610790994,1.4143530644316398,0.35358826610790994,1.7679413305395497,4.5966474594028295,0.35358826610790994,0.7071765322158199,1.0607647983237298,10.254059717129389,0.015432859848088006,0.3333333333333333,0.6986301369863014,6.465753424657534,33.47953216374269,77.48538011695906,64.03508771929825,0.024979743033001583,69.31643835616438,25.127397260273973,0.1643835616438356,0.1506849315068493,0.5454545454545454,78.40588235294118,24.161176470588234,6,Wide Creator
Poland,11737,340,12,7,205.68812113674053,145.0404579375848,5,2,72,197.60000000000002,10,90,15,0,4,4,10,2,12,6,0,5,4,0,240.01666666666665,775.1999999999999,98,40,7,23,6,2,1,42,5,0,12,47,0.136828873,Krystian Bielik,Right Defensive Midfield,Defensive Midfield,0.5833333333333334,16.873828206374558,2.249843760849941,0.7499479202833137,2.624817720991598,1.4998958405666274,3.7497396014165685,8.624401083258107,0.0,0.0,1.8748698007082842,4.499687521699882,0.05130726437052983,0.2,0.9183673469387755,7.910204081632652,67.39766081871345,80.99415204678363,22.514619883040936,0.08842968642455386,54.01734693877551,36.76020408163265,0.2857142857142857,0.12244897959183673,0.9166666666666666,53.51839080459771,36.45977011494253,0,Ball-Winner
Poland,31955,266,5,1,286.3024976204074,207.0150770988007,6,3,55,274.6,1,35,11,5,4,6,7,1,1,5,0,1,1,2,253.63333333333333,375.0,59,36,8,5,16,4,4,51,0,0,36,56,0.26249409,Jakub Kamiński,Right Midfield,Central/Wide Midfield,0.2,13.12918911814956,5.677487186226837,1.4193717965567092,2.8387435931134184,2.1290576948350637,0.3548429491391773,1.7742147456958866,0.7096858982783546,1.7742147456958866,0.3548429491391773,12.774346169010382,0.09314417702720464,0.14285714285714285,0.5932203389830508,6.3559322033898304,20.760233918128655,59.94152046783626,91.52046783625731,0.09456354882376135,72.38983050847457,57.56440677966102,0.22033898305084745,0.1694915254237288,0.7,84.2,55.364000000000004,3,Progressive Winger
Poland,44166,567,7,4,139.4685897961436,106.9556323082704,5,1,140,523.9,14,169,4,0,1,0,6,2,11,1,0,4,0,0,376.7,2794.7,201,15,16,55,7,1,0,9,6,0,34,13,0.12449861,Jakub Piotr Kiwior,Left Center Back,Center Back,0.5714285714285714,4.5394212901513145,1.6724183700557473,0.23891691000796392,3.8226705601274227,0.0,3.3448367401114947,13.140430050438015,0.0,0.0,0.9556676400318557,8.123174940270772,0.029744823201486595,0.3333333333333333,0.8407960199004975,13.903980099502487,65.78947368421053,11.988304093567251,10.526315789473683,0.07943954048314308,38.30049751243781,26.348756218905475,0.2736318407960199,0.029850746268656716,0.3333333333333333,35.59595375722544,26.342196531791906,1,Deep Playmaker
Portugal,3193,911,8,1,348.73343356897203,201.81822754735182,3,3,238,1035.7,1,259,27,4,1,5,14,4,23,2,0,2,1,5,382.1,1593.6,292,57,41,40,21,1,1,88,6,0,41,98,0.10927713,Bernardo Mota Veiga de Carvalho e Silva,Right Center Midfield,Central/Wide Midfield,0.125,14.603506935357235,4.9463491232661605,0.23554043444124573,9.657157812091075,1.1777021722062286,0.23554043444124573,9.421617377649829,1.1777021722062286,0.9421617377649829,0.47108086888249145,9.657157812091075,0.02573918267469249,0.2857142857142857,0.886986301369863,5.457534246575342,15.204678362573098,72.51461988304094,83.33333333333334,0.09169050431824129,67.2904109589041,38.09006849315068,0.16095890410958905,0.1095890410958904,0.84375,67.00220588235294,37.70955882352941,0,Ball-Winner
Portugal,5204,768,14,3,282.62307120734346,198.39636286372135,9,14,184,594.5000000000001,4,186,20,5,4,6,17,5,25,4,2,1,1,9,384.95,1796.9,231,62,15,49,14,8,3,78,29,5,57,87,1.0313368613,Bruno Miguel Borges Fernandes,Center Attacking Midfield,Attacking Midfield/Wing,0.21428571428571427,15.196778802441877,3.2731523574490193,1.870372775685154,3.5069489544096637,1.4027795817638655,0.935186387842577,11.456033251071569,2.1041693726457984,1.1689829848032212,0.23379659696064425,13.326406026756722,0.24112304849201197,0.29411764705882354,0.8051948051948052,7.778787878787879,22.514619883040936,75.43859649122807,46.783625730994146,0.3028453500896221,74.77359307359308,49.96623376623377,0.21645021645021645,0.09956709956709957,0.7391304347826086,73.43636363636364,49.24285714285715,3,Progressive Winger
Portugal,5206,766,15,11,160.22856272155724,129.64146202845413,1,0,216,560.5,15,246,13,0,1,0,10,5,14,4,0,3,2,0,392.41666666666663,2486.0,266,17,10,85,13,1,0,31,2,0,22,40,0.03750256,Rúben Santos Gato Alves Dias,Left Center Back,Center Back,0.7333333333333333,4.586961138245912,2.981524739859843,0.22934805691229562,2.293480569122956,0.0,3.4402208536844343,19.49458483754513,0.0,0.0,0.6880441707368868,5.045657252070503,0.008601139265236781,0.5,0.924812030075188,9.345864661654135,85.67251461988305,12.280701754385964,39.76608187134503,0.08474469416011894,42.69323308270677,32.428195488721805,0.22180451127819548,0.07518796992481203,0.55,40.861434977578476,32.73228699551569,2,Sweeper CB
Portugal,5207,347,10,5,406.65356391345773,192.87675655269118,4,3,66,191.89999999999998,1,67,9,3,0,3,5,0,2,2,1,0,0,4,302.8,310.5,90,21,7,5,5,11,0,47,1,1,33,55,1.9392592669999997,Cristiano Ronaldo dos Santos Aveiro,Center Forward,Forward,0.5,6.241743725231175,1.486129458388375,3.2694848084544255,2.080581241743725,0.8916776750330251,0.29722589167767505,1.486129458388375,1.1889035667107002,0.8916776750330251,0.0,9.808454425363276,0.5763980648282694,0.0,0.7444444444444445,3.45,51.900584795321635,17.251461988304094,6.140350877192982,0.5868009710369881,75.09,34.571111111111115,0.1,0.14444444444444443,0.6153846153846154,81.13071428571428,36.24142857142857,4,Target Forward
Portugal,5209,514,3,2,261.8062437350168,40.16022215679284,5,5,120,551.2000000000002,3,163,10,12,3,1,3,1,10,2,1,2,2,6,303.6166666666667,1013.6,191,26,22,36,8,3,0,40,2,0,31,47,0.399528818,Raphaël Adelino José Guerreiro,Left Back,Fullback/Wingback,0.6666666666666666,8.299939616841412,2.3714113190975463,0.8892792446615798,6.521381127518252,0.2964264148871933,0.8892792446615798,10.671350935938959,1.7785584893231596,3.5571169786463193,0.5928528297743866,9.189218861502992,0.11843089516385792,0.3333333333333333,0.8534031413612565,5.306806282722513,78.65497076023392,28.07017543859649,25.146198830409354,0.1901660875665587,68.56596858638744,9.29738219895288,0.16230366492146597,0.10471204188481675,0.7,69.59867549668874,10.195364238410596,6,Wide Creator
Portugal,5214,517,7,5,230.21515180884992,157.04495949100107,3,0,140,196.0,6,153,10,0,1,1,7,3,11,4,0,2,2,0,236.23333333333332,1200.3,165,38,5,43,5,1,1,38,3,1,14,43,0.048683427,William Silva de Carvalho,Center Defensive Midfield,Defensive Midfield,0.7142857142857143,15.239170311838578,1.9048962889798222,0.3809792577959645,1.9048962889798222,0.3809792577959645,2.2858755467757867,16.382108085226474,0.0,0.0,0.761958515591929,5.333709609143503,0.018547375885424017,0.42857142857142855,0.9272727272727272,7.274545454545454,83.47953216374269,75.73099415204678,15.204678362573098,0.08064699490616624,56.34666666666667,40.35333333333333,0.20606060606060606,0.11515151515151516,0.7368421052631579,57.12080536912752,40.29530201342282,0,Ball-Winner
Portugal,7005,808,14,13,264.9940716280218,164.71158926087594,9,8,226,637.6,11,224,15,10,1,12,10,4,14,2,0,3,3,1,344.54999999999995,1731.5,269,20,15,47,22,2,6,75,12,1,53,93,0.054823571,João Pedro Cavaco Cancelo,Right Back,Fullback/Wingback,0.9285714285714286,6.007836308228124,5.7466260339573365,0.522420548541576,3.9181541140618203,3.1345232912494563,2.8733130169786683,12.276882890727038,0.261210274270788,2.6121027427078802,0.7836308228123641,13.844144536351765,0.014320480017414022,0.4,0.8327137546468402,6.436802973977695,97.6608187134503,16.666666666666664,92.39766081871345,0.052979600609490654,66.30557620817844,39.659107806691445,0.20446096654275092,0.10037174721189591,0.5555555555555556,69.00226244343891,41.66108597285068,6,Wide Creator
Portugal,9927,772,8,4,264.2292408219548,207.36559772965862,4,2,212,417.20000000000005,6,238,18,1,8,0,5,1,24,5,0,2,2,3,274.6333333333333,1940.8999999999999,259,37,8,61,11,2,0,56,13,0,22,61,0.087037176,Rúben Diogo Da Silva Neves,Center Defensive Midfield,Defensive Midfield,0.5,12.780677266658575,3.6048064085447264,0.6554193470081321,2.6216773880325284,0.0,1.9662580410243962,19.99029008374803,0.9831290205121981,0.32770967350406605,0.6554193470081321,7.209612817089453,0.028522924529675933,0.2,0.918918918918919,7.493822393822393,51.900584795321635,57.01754385964912,56.14035087719298,0.11798766539628597,55.1972972972973,41.245173745173744,0.20463320463320464,0.10810810810810811,0.8214285714285714,55.05364806866953,40.404721030042914,0,Ball-Winner
Portugal,11184,423,6,5,193.9953366576023,106.94960606206776,1,7,104,310.1,1,101,22,4,3,2,8,6,7,6,0,0,0,4,197.36666666666667,1056.0,131,45,9,19,8,3,0,62,0,2,35,70,0.1035403,Otávio Edmilson da Silva Monteiro,Left Center Midfield,Central/Wide Midfield,0.8333333333333334,20.97618645499071,3.6480324269549063,1.36801216010809,4.104036480324269,0.9120081067387266,0.4560040533693633,8.664077014017902,1.8240162134774531,1.8240162134774531,0.0,15.960141867927714,0.04721479648707988,0.75,0.7709923664122137,8.061068702290076,94.73684210526315,95.6140350877193,57.30994152046783,0.08962317345043067,67.05343511450381,35.65801526717557,0.21374045801526717,0.183206106870229,0.75,65.4344537815126,36.483193277310924,0,Ball-Winner
Portugal,12041,482,6,3,306.0069147955586,100.82839542396208,4,6,125,349.30000000000007,2,94,11,4,4,9,6,3,4,8,1,1,0,3,340.23333333333335,639.5,122,33,12,12,9,11,5,73,3,3,35,81,0.669207472,João Félix Sequeira,Left Wing,Attacking Midfield/Wing,0.5,8.993827765259136,2.3807191143333006,2.9097678064073675,3.1742921524444005,2.3807191143333006,0.5290486920740668,3.1742921524444005,0.7935730381111001,1.0580973841481336,0.2645243460370334,9.258352111296169,0.17702166889389634,0.5,0.7704918032786885,5.241803278688525,51.900584795321635,32.16374269005848,25.438596491228072,0.1931576540021554,74.35409836065574,24.712295081967213,0.14754098360655737,0.1557377049180328,0.7894736842105263,77.55,24.804375,4,Target Forward
Portugal,16028,420,10,6,193.53489583333334,205.4131810897436,10,4,97,291.80000000000007,6,115,13,7,0,4,12,5,8,1,0,3,2,4,269.7833333333333,1167.0,142,25,10,28,6,1,2,43,6,0,31,51,0.036435805,José Diogo Dalot Teixeira,Right Back,Fullback/Wingback,0.6,9.340829060357077,2.0016062272193738,0.33360103786989564,3.336010378698956,1.3344041514795826,2.0016062272193738,9.340829060357077,1.3344041514795826,2.3352072650892692,1.0008031136096869,10.341632173966765,0.012155022363625133,0.4166666666666667,0.8098591549295775,8.21830985915493,69.88304093567251,34.50292397660819,17.83625730994152,0.0608607738926299,65.58661971830985,69.27816901408451,0.23943661971830985,0.1267605633802817,0.6666666666666666,70.03421052631579,68.97368421052632,5,Holding Anchor
Portugal,20016,851,17,11,174.7371762756262,222.24230055765145,4,1,235,588.6,19,252,11,2,3,1,10,1,22,3,1,3,3,0,389.2833333333333,3510.7,295,18,11,83,18,3,1,44,8,3,45,50,0.33506425,Kléper Laveran Lima Ferreira,Right Center Back,Center Back,0.6470588235294118,4.855075566211415,4.161493342466927,0.6935822237444877,2.5431348203964554,0.23119407458149593,4.392687417048423,19.18910819026416,0.0,0.46238814916299187,0.6935822237444877,10.403733356167317,0.077464869204093,0.1,0.8542372881355932,11.900677966101695,75.73099415204678,13.742690058479532,70.76023391812866,0.14243040416149338,45.238644067796606,56.00677966101695,0.2542372881355932,0.061016949152542375,0.6666666666666666,46.12764227642276,55.08089430894309,2,Sweeper CB
Portugal,32975,350,0,0,46.55059943731581,205.25541569696526,0,0,86,112.4,0,111,2,0,1,0,0,0,4,0,0,0,0,1,489.4,4785.9,159,1,0,71,15,0,0,38,1,0,49,49,0.0,Diogo Meireles Costa,Goalkeeper,Goalkeeper,0.0,0.18389865140988967,2.758479771148345,0.0,0.0,0.0,0.0,13.056804250102166,0.18389865140988967,0.0,0.0,9.011033919084595,0.0,0.0,0.6981132075471698,30.099999999999998,7.163742690058479,7.309941520467836,34.21052631578947,0.036963628933387824,10.233333333333333,41.183647798742136,0.559748427672956,0.12578616352201258,0.5,9.398863636363636,41.47386363636363,7,Goalkeeper
Qatar,40784,549,2,1,201.46713703049568,95.46357417481063,2,8,143,425.6,0,141,2,6,1,7,1,0,10,2,0,0,0,5,287.4,994.5,166,23,15,31,17,2,3,103,10,1,35,111,0.029100373,Akram Hassan Afif,Left Center Forward,Forward,0.5,7.202505219206681,5.323590814196242,0.6263048016701462,4.697286012526097,2.1920668058455117,0.0,9.707724425887266,1.5657620041753655,1.8789144050104385,0.0,10.960334029227559,0.009112851670146138,0.0,0.8493975903614458,5.990963855421687,51.900584795321635,22.807017543859647,89.18128654970761,0.06360136941544885,68.11746987951807,34.19759036144578,0.1746987951807229,0.18674698795180722,0.9032258064516129,66.82606382978723,31.539361702127657,3,Progressive Winger
Qatar,124488,318,4,0,178.76725340014315,124.25478668575519,2,2,73,301.7,2,63,17,3,5,6,6,2,5,4,0,1,1,2,209.08333333333331,547.1,77,50,11,14,11,1,2,31,1,0,24,36,0.015712837,Hassan Khalid Al Heidos,Left Center Midfield,Central/Wide Midfield,0.0,22.81387006775608,4.734954165005979,0.43045037863690716,4.734954165005979,2.582702271821443,0.8609007572738143,6.0263053009167,0.8609007572738143,1.2913511359107215,0.43045037863690716,10.330809087285772,0.006763596636110005,0.3333333333333333,0.8181818181818182,7.105194805194805,7.163742690058479,97.6608187134503,79.82456140350878,0.038186474276604224,63.55324675324676,41.82727272727273,0.2077922077922078,0.05194805194805195,0.75,64.76590909090909,43.35227272727273,0,Ball-Winner
Qatar,124492,342,13,9,160.56181033670038,138.37350959219674,3,0,87,215.1,4,94,7,0,2,2,5,1,14,3,0,0,0,0,195.86666666666665,698.9,107,29,7,31,7,0,1,41,5,0,20,49,0.0,Karim Boudiaf,Center Defensive Midfield,Defensive Midfield,0.6923076923076923,13.325391422736557,3.216473791695031,0.0,3.216473791695031,0.918992511912866,1.837985023825732,14.244383934649424,0.0,0.0,0.0,9.18992511912866,0.0,0.2,0.8785046728971962,6.531775700934579,82.01754385964912,61.98830409356725,45.32163742690059,0.048247106875425466,55.705607476635514,46.185981308411215,0.22429906542056074,0.14018691588785046,0.5333333333333333,59.18163265306123,46.66224489795918,0,Ball-Winner
Qatar,124493,573,11,6,103.27277121500624,122.96882110439428,8,2,146,478.59999999999997,22,167,7,1,1,1,9,4,3,1,0,3,2,0,287.4,2219.3,194,17,12,62,16,0,0,34,5,0,29,40,0.0,Boualem Khoukhi,Center Back,Center Back,0.5454545454545454,6.263048016701462,5.01043841336117,0.0,3.757828810020877,0.3131524008350731,6.889352818371608,19.41544885177453,0.0,0.3131524008350731,0.9394572025052192,9.08141962421712,0.0,0.4444444444444444,0.8608247422680413,11.439690721649486,59.7953216374269,17.543859649122805,85.08771929824562,0.07265135699373695,34.91804123711341,40.40721649484536,0.25257731958762886,0.09278350515463918,0.7222222222222222,35.466242038216556,41.343312101910826,2,Sweeper CB
Qatar,124494,513,6,3,135.64351493140722,49.431175604713,9,1,132,863.4,7,125,8,3,3,3,9,3,10,2,0,3,2,1,287.4,1822.2000000000003,158,29,34,41,10,6,2,58,17,0,34,63,0.2749146245,Abdelkarim Hassan Al Haj Fadlalla,Left Center Back,Center Back,0.5,10.02087682672234,3.131524008350731,1.8789144050104385,10.647181628392484,0.9394572025052192,2.1920668058455117,12.839248434237996,0.3131524008350731,0.9394572025052192,0.9394572025052192,10.647181628392484,0.0860901746868476,0.3333333333333333,0.7911392405063291,11.532911392405065,51.900584795321635,38.30409356725146,42.10526315789473,0.1546705504697286,46.314556962025314,14.49620253164557,0.25949367088607594,0.13291139240506328,0.8095238095238095,46.073103448275866,15.577241379310344,2,Sweeper CB
Qatar,124495,259,13,2,209.39311325147662,134.22455701786635,3,0,42,76.89999999999996,1,36,13,0,2,4,14,1,1,2,0,0,0,0,231.39999999999998,144.40000000000003,46,42,4,3,6,3,3,36,1,0,19,41,0.483816448,Almoez Ali Zainalabiddin Abdulla,Right Center Forward,Forward,0.15384615384615385,16.335350043215215,2.3336214347450306,1.1668107173725153,1.5557476231633536,1.5557476231633536,0.3889369057908384,1.1668107173725153,0.0,0.0,0.0,7.38980121002593,0.18817407225583407,0.07142857142857142,0.782608695652174,3.1391304347826092,16.95906432748538,79.23976608187134,24.269005847953213,0.18272895557476232,63.59347826086957,45.20869565217391,0.10869565217391304,0.2391304347826087,0.6363636363636364,74.72244897959183,45.25816326530612,4,Target Forward
Qatar,124506,357,3,2,146.30851910753103,197.2386724006512,4,2,81,252.9,2,83,12,3,1,3,9,4,5,4,0,6,2,0,273.6,1639.9,115,28,7,18,10,2,2,35,4,1,38,48,0.037067295,Pedro Miguel Correia,Right Center Back,Center Back,0.6666666666666666,11.842105263157894,3.289473684210526,0.6578947368421052,2.302631578947368,0.9868421052631579,0.6578947368421052,5.921052631578947,0.0,0.9868421052631579,1.9736842105263157,12.499999999999998,0.01219318914473684,0.4444444444444444,0.7217391304347827,14.260000000000002,78.65497076023392,49.41520467836257,47.368421052631575,0.021732662828947365,48.99739130434782,67.11652173913043,0.3130434782608696,0.1391304347826087,0.3125,52.869072164948456,66.73505154639176,1,Deep Playmaker
Qatar,124510,131,0,0,19.962841864018337,83.40229182582124,0,0,29,65.89999999999999,0,44,0,0,0,0,0,0,0,0,0,0,0,1,192.08333333333331,1467.9,63,0,2,16,7,0,0,14,1,0,19,15,0.0,Meshaal Aissa Barsham,Goalkeeper,Goalkeeper,0.0,0.0,3.2798264642082433,0.0,0.9370932754880695,0.0,0.0,7.496746203904556,0.46854663774403477,0.0,0.0,8.902386117136661,0.0,0.0,0.6984126984126984,23.3,7.163742690058479,3.508771929824561,47.07602339181287,0.022021691973969634,11.507936507936508,40.855555555555554,0.5238095238095238,0.07936507936507936,0.8,12.641935483870967,43.97741935483871,7,Goalkeeper
Qatar,124514,296,3,1,182.44567878116013,132.32974367809206,1,0,75,247.5,0,72,10,0,2,1,3,1,4,4,0,2,2,1,207.5,629.9000000000001,91,20,8,16,2,1,1,48,2,0,21,54,0.024495702,Abdulaziz Hatem Mohammed Abdullah,Left Center Midfield,Central/Wide Midfield,0.3333333333333333,9.542168674698795,0.8674698795180723,0.43373493975903615,3.4698795180722892,0.43373493975903615,0.0,6.9397590361445785,0.43373493975903615,0.0,0.8674698795180723,9.108433734939759,0.010624641831325301,0.3333333333333333,0.7912087912087912,6.921978021978023,33.47953216374269,35.96491228070175,2.631578947368421,0.03881741291566265,59.14725274725274,39.251648351648356,0.16483516483516483,0.1978021978021978,0.6666666666666666,59.56262626262626,40.905050505050504,0,Ball-Winner
Qatar,124900,317,7,5,194.30770277273436,29.21662937554587,0,1,73,304.4,2,77,8,4,2,6,5,2,2,5,0,2,1,2,273.5,563.5,103,30,14,10,7,0,3,47,3,0,30,56,0.0,Homam Alamin Ahmed,Left Wing Back,Fullback/Wingback,0.7142857142857143,10.530164533820841,2.303473491773309,0.0,4.606946983546618,1.9744058500914077,0.6581352833638026,3.290676416819013,0.6581352833638026,1.3162705667276051,0.6581352833638026,9.872029250457038,0.0,0.4,0.7475728155339806,5.470873786407767,83.47953216374269,42.39766081871345,23.684210526315788,0.018427787934186472,65.83203883495146,7.694174757281553,0.13592233009708737,0.14563106796116504,0.6,71.25862068965517,9.77471264367816,6,Wide Creator
Saudi Arabia,5187,451,2,1,217.9854887749034,74.22242082961641,4,8,112,452.6,1,92,12,3,2,7,8,2,10,3,2,0,0,6,298.54999999999995,679.0,117,42,14,19,15,7,5,65,3,0,38,72,1.5640553449999999,Salem Mohammed Al Dawsari,Left Midfield,Central/Wide Midfield,0.5,12.96265282197287,4.5218556355719315,2.1101992966002348,4.2203985932004695,2.1101992966002348,0.3014570423714621,5.72768380505778,1.8087422542287728,0.9043711271143864,0.0,11.45536761011556,0.47149549840897675,0.25,0.7863247863247863,5.803418803418803,51.900584795321635,58.77192982456141,77.046783625731,0.5112878280020098,77.71709401709401,24.594017094017094,0.19658119658119658,0.13675213675213677,0.6875,76.32573529411764,21.94779411764706,3,Progressive Winger
Saudi Arabia,5713,495,16,9,192.01446898538416,135.36299989070756,4,2,110,328.6,10,118,11,0,1,8,13,2,7,8,0,2,0,0,298.54999999999995,1176.8,145,36,11,38,16,6,5,62,6,0,33,75,0.319447288,Mohammed Kanoo,Left Center Midfield,Central/Wide Midfield,0.5625,11.45536761011556,4.8233126779433935,1.8087422542287728,3.316027466086083,2.4116563389716967,3.014570423714621,11.45536761011556,0.0,0.0,0.6029140847429242,9.948082398258249,0.09629963463406466,0.15384615384615385,0.8137931034482758,8.115862068965518,64.03508771929825,47.368421052631575,81.28654970760235,0.13337885084575452,65.31931034482758,47.59517241379311,0.2413793103448276,0.18620689655172415,0.6296296296296297,68.7944055944056,47.45104895104895,0,Ball-Winner
Saudi Arabia,5714,169,0,0,30.27666204345816,120.10619888202413,0,0,31,53.900000000000006,0,53,0,0,1,0,0,0,2,0,0,0,0,0,298.54999999999995,3983.0,98,1,1,29,15,0,0,5,7,0,45,7,0.0,Mohammed Khalil Al Owais,Goalkeeper,Goalkeeper,0.0,0.3014570423714621,4.5218556355719315,0.0,0.3014570423714621,0.0,0.0,8.742254228772401,0.0,0.0,0.0,13.565566906715794,0.0,0.0,0.5408163265306123,40.642857142857146,7.163742690058479,8.187134502923977,77.046783625731,0.008742254228772405,12.494897959183673,39.47653061224489,0.673469387755102,0.02040816326530612,0.0,13.129166666666668,42.44583333333333,7,Goalkeeper
Saudi Arabia,5715,254,6,3,121.86512312549328,55.572633780584056,2,0,59,310.29999999999995,7,71,4,0,1,0,8,4,2,1,0,2,1,0,236.94999999999996,843.8,89,16,13,20,7,0,0,14,2,0,20,18,0.0,Ali Albulayhi,Left Center Back,Center Back,0.5,7.216712386579449,2.6587887740029545,0.0,4.937750580291201,0.0,2.6587887740029545,7.596539354294156,0.0,0.0,0.7596539354294156,7.596539354294156,0.0,0.5,0.797752808988764,9.480898876404494,51.900584795321635,23.391812865497073,31.28654970760234,0.03152563832032075,42.375280898876404,18.579775280898875,0.21348314606741572,0.11235955056179775,0.6,37.5046875,23.371875,2,Sweeper CB
Saudi Arabia,51094,297,17,12,135.26503959012575,177.89716581276198,6,0,65,390.00000000000006,17,76,9,1,2,0,8,1,12,4,0,4,3,0,210.81666666666666,1908.0,101,16,12,41,14,1,0,13,10,0,26,18,0.037819926,Abdulelah Al Amri,Right Center Back,Center Back,0.7058823529411765,8.538224365562495,5.976757055893747,0.4269112182781248,5.122934619337497,0.0,7.257490710728121,17.503359949403116,0.0,0.4269112182781248,1.7076448731124991,11.099691675231243,0.016145750683848523,0.125,0.7524752475247525,18.89108910891089,82.7485380116959,29.53216374269006,94.15204678362574,0.08274390073523599,45.11782178217821,59.146534653465345,0.5247524752475248,0.09900990099009901,0.5,43.859375,57.70625,1,Deep Playmaker
Saudi Arabia,51099,306,16,6,225.7176896588108,163.5221782586592,3,4,59,347.30000000000007,2,46,11,0,2,5,13,0,0,2,0,2,1,1,283.1333333333333,305.29999999999995,69,30,11,5,10,2,2,55,1,0,32,66,0.124001969,Firas Tariq Nasser Al Albirakan,Right Midfield,Central/Wide Midfield,0.375,10.171886037202732,3.178714386625854,0.6357428773251708,3.496585825288439,1.589357193312927,0.6357428773251708,1.589357193312927,0.3178714386625854,0.0,0.6357428773251708,10.171886037202732,0.039416684283023314,0.0,0.6666666666666666,4.424637681159419,36.84210526315789,39.473684210526315,43.859649122807014,0.041959655792324,82.66521739130434,54.2463768115942,0.11594202898550725,0.30434782608695654,0.6666666666666666,82.7009090909091,55.197272727272725,4,Target Forward
Saudi Arabia,51469,259,15,7,242.04271823681935,117.76585998271392,5,2,44,154.40000000000006,1,32,17,1,0,5,11,3,3,7,1,1,1,1,223.39999999999998,194.79999999999995,46,51,6,3,7,3,2,47,2,0,23,57,0.14703033799999998,Saleh Khalid Al Shehri,Center Forward,Forward,0.4666666666666667,20.948970456580128,2.8200537153088634,1.2085944494180842,2.4171888988361685,2.0143240823634736,0.4028648164726948,1.2085944494180842,0.4028648164726948,0.4028648164726948,0.4028648164726948,9.265890778871979,0.05923335013428827,0.2727272727272727,0.6956521739130435,4.234782608695651,46.345029239766085,95.32163742690058,35.67251461988304,0.05963621495076096,76.0391304347826,43.267391304347825,0.13043478260869565,0.32608695652173914,0.5333333333333333,86.77142857142857,38.385714285714286,4,Target Forward
Saudi Arabia,51546,162,3,0,70.68313287514319,88.92647479954181,5,0,31,112.5,6,37,6,0,0,0,9,4,3,2,0,6,4,0,201.46666666666664,714.6,49,18,5,12,4,0,0,9,1,0,12,13,0.0,Hassan Mohammed Al-Tambakti,Right Center Back,Center Back,0.0,12.508272667107878,1.7868960953011253,0.0,2.2336201191264067,0.0,2.680344142951688,5.360688285903376,0.0,0.0,2.680344142951688,5.360688285903376,0.0,0.4444444444444444,0.7551020408163265,14.583673469387756,7.163742690058479,55.26315789473685,11.695906432748536,0.02278292521508935,41.587755102040816,48.85918367346939,0.3877551020408163,0.12244897959183673,0.3333333333333333,40.07647058823529,49.25,1,Deep Playmaker
Saudi Arabia,51710,388,10,3,195.4050974451053,122.64316738675046,6,9,84,437.09999999999997,8,91,12,8,1,4,12,1,11,7,0,4,3,2,298.54999999999995,1076.0,119,38,13,32,12,1,3,38,1,0,34,42,0.005913877,Saud Abdullah Abdul Hamid,Right Back,Fullback/Wingback,0.3,12.661195779601409,3.6174845084575455,0.3014570423714621,3.9189415508290075,1.2058281694858484,2.4116563389716967,9.646625355886787,0.6029140847429242,2.4116563389716967,1.2058281694858484,10.249539440629713,0.001782779869368615,0.08333333333333333,0.7647058823529411,9.042016806722689,30.116959064327485,56.14035087719298,56.72514619883041,0.04308239467425892,71.85378151260504,42.66974789915966,0.31092436974789917,0.08403361344537816,0.7,75.89803921568628,43.84117647058824,5,Holding Anchor
Saudi Arabia,56755,276,3,1,110.19461992046442,73.11623622983043,5,0,57,58.70000000000002,5,71,12,1,4,0,3,0,6,8,0,3,2,0,188.76666666666665,697.9,86,37,1,18,11,2,0,23,3,0,19,26,0.13939861,Abdulelah Saad Hameed Al-Malki,Center Defensive Midfield,Defensive Midfield,0.3333333333333333,19.071163694155043,5.244570015892637,0.9535581847077521,0.47677909235387606,0.0,2.3838954617693804,8.58202366236977,0.0,0.47677909235387606,1.4303372770616283,9.058802754723645,0.06646234275119196,0.0,0.8255813953488372,8.115116279069767,33.47953216374269,89.47368421052632,87.71929824561403,0.08696384372240862,56.35232558139535,38.740697674418605,0.23255813953488372,0.11627906976744186,0.7,57.71791044776119,37.56716417910448,0,Ball-Winner
Senegal,2941,443,16,8,324.33317306266997,111.95793440797281,4,10,102,537.1999999999999,1,57,15,7,2,13,13,4,1,3,1,3,1,6,365.2,508.9,81,51,18,9,16,10,9,95,1,0,42,109,1.848790219,Ismaïla Sarr,Left Wing,Attacking Midfield/Wing,0.5,13.307776560788609,3.9430449069003286,2.4644030668127055,4.43592552026287,3.203723986856517,0.24644030668127054,2.217962760131435,1.4786418400876233,1.7250821467688937,0.7393209200438117,10.350492880613363,0.4556164285596933,0.3076923076923077,0.7037037037037037,6.282716049382715,51.900584795321635,61.69590643274854,65.78947368421053,0.48075333984118296,83.98765432098766,26.39012345679012,0.14814814814814814,0.24691358024691357,0.55,83.98108108108109,25.544594594594592,3,Progressive Winger
Senegal,3404,688,7,3,245.19490872500603,273.4761893198884,5,8,169,743.4,15,192,11,8,1,4,8,2,14,3,0,4,3,8,387.2833333333333,1778.1,222,47,31,46,26,2,3,74,4,1,39,78,0.0178921875,Youssouf Sabaly,Right Back,Fullback/Wingback,0.42857142857142855,11.851788096570127,6.042088049231829,0.4647760037870638,7.204028058699488,0.9295520075741276,3.485820028402978,10.689848087102467,1.8591040151482552,1.8591040151482552,0.9295520075741276,9.063132073847743,0.004157929702629427,0.25,0.8648648648648649,8.009459459459459,42.251461988304094,49.707602339181285,95.02923976608187,0.08014880632181437,65.41531531531533,70.50765765765766,0.22072072072072071,0.09009009009009009,0.85,67.05828877005348,69.64973262032086,5,Holding Anchor
Senegal,3436,465,7,2,213.89447580716924,108.1387999562696,7,2,107,251.00000000000006,2,106,11,6,1,2,7,2,14,3,0,4,2,1,293.0833333333333,711.0999999999999,131,67,8,20,18,4,1,60,2,0,34,67,0.332398158,Idrissa Gana Gueye,Center Attacking Midfield,Attacking Midfield/Wing,0.2857142857142857,21.802672732442424,5.527438157520614,1.2283195905601365,2.456639181120273,0.6141597952800683,0.6141597952800683,6.141597952800683,0.3070798976400341,1.8424793858402049,1.2283195905601365,10.44071651976116,0.1020727923343759,0.2857142857142857,0.8091603053435115,5.42824427480916,29.093567251461987,96.78362573099415,90.93567251461988,0.12019050629513793,75.39999999999999,32.28854961832061,0.183206106870229,0.19083969465648856,0.76,75.97586206896553,35.0551724137931,0,Ball-Winner
Senegal,4506,487,2,0,235.34257585884154,165.03192987196408,5,2,116,284.2,4,145,16,0,1,3,6,2,9,5,0,1,1,1,294.3666666666667,1201.8,162,39,10,32,17,2,2,28,15,0,18,32,0.0933705079999999,Nampalys Mendy,Left Defensive Midfield,Defensive Midfield,0.0,12.841127845091156,5.1975993658702295,0.6114822783376741,3.0574113916883703,0.9172234175065112,1.2229645566753482,9.783716453402786,0.30574113916883705,0.0,0.30574113916883705,5.503340505039067,0.028547205480692978,0.3333333333333333,0.8950617283950617,7.4185185185185185,7.163742690058479,57.60233918128655,87.13450292397661,0.07104522382516133,60.660493827160494,41.02962962962963,0.19753086419753085,0.06172839506172839,0.7,63.01846153846154,41.543076923076924,0,Ball-Winner
Senegal,5675,600,15,12,149.65539781629457,214.2882941310876,7,0,141,429.3,37,152,11,0,5,1,13,7,12,3,1,6,4,1,387.2833333333333,3183.5,196,34,12,69,20,1,1,34,9,0,46,42,0.23427999,Kalidou Koulibaly,Right Center Back,Center Back,0.8,9.295520075741276,4.647760037870638,0.2323880018935319,2.7886560227223827,0.2323880018935319,8.59835607006068,16.0347721306537,0.2323880018935319,0.0,1.3943280113611913,10.689848087102467,0.05444385875973663,0.5384615384615384,0.7755102040816326,16.242346938775512,92.2514619883041,33.62573099415205,78.94736842105263,0.111843695227439,39.83826530612245,54.30255102040816,0.4030612244897959,0.09183673469387756,0.5555555555555556,37.94097222222222,54.77638888888889,1,Deep Playmaker
Senegal,7379,246,0,0,40.567517135642134,160.57221951659454,1,0,53,116.60000000000001,0,90,0,0,0,0,0,0,5,0,0,0,0,0,387.2833333333333,3192.9,117,0,3,43,16,0,0,17,6,0,27,22,0.0,Edouard Mendy,Goalkeeper,Goalkeeper,0.0,0.0,3.7182080302965104,0.0,0.6971640056805957,0.0,0.0,9.99268408142187,0.0,0.0,0.0,6.274476051125361,0.0,0.0,0.7692307692307693,27.28974358974359,7.163742690058479,3.508771929824561,59.356725146198826,0.029513276240478545,11.398290598290597,41.01794871794872,0.5470085470085471,0.07692307692307693,0.4444444444444444,11.73728813559322,41.03050847457627,7,Goalkeeper
Senegal,8553,520,12,7,173.41007892625998,77.33777138191668,5,1,130,607.9000000000001,13,142,11,2,1,0,8,2,14,4,0,1,1,1,348.5833333333333,2988.4,183,25,21,67,3,1,0,27,9,0,45,34,0.035411544,Abdou Diallo,Left Center Back,Center Back,0.5833333333333334,6.712885488883577,0.7745637102557973,0.2581879034185991,5.421945971790581,0.0,3.3564427444417886,17.29858952904614,0.2581879034185991,0.5163758068371982,0.2581879034185991,11.61845565383696,0.009142832302175474,0.25,0.7759562841530054,16.330054644808744,67.39766081871345,20.46783625730994,1.461988304093567,0.07575531138417405,45.53224043715847,17.639890710382513,0.4098360655737705,0.08743169398907104,0.5625,44.1744966442953,19.806711409395973,1,Deep Playmaker
Senegal,20611,285,11,4,333.82432237696344,153.83991940694096,3,1,57,208.39999999999998,3,39,9,1,1,6,7,0,1,4,1,1,1,1,330.05,114.99999999999999,53,31,9,2,8,8,4,66,0,1,28,71,0.6622403509999999,Boulaye Dia,Center Attacking Midfield,Attacking Midfield/Wing,0.36363636363636365,8.725950613543402,2.1814876533858505,2.1814876533858505,2.454173610059082,1.636115740039388,0.818057870019694,0.5453719133464626,0.2726859566732313,0.2726859566732313,0.2726859566732313,7.635206786850477,0.18058364366005147,0.0,0.7358490566037735,2.1698113207547167,35.8187134502924,30.409356725146196,20.46783625730994,0.17949289983335856,86.24150943396226,36.01132075471698,0.03773584905660377,0.2641509433962264,0.7857142857142857,87.69626168224299,36.30467289719626,4,Target Forward
Senegal,20758,318,5,3,222.11285935426804,139.61080274214947,3,4,76,406.3,0,62,7,4,0,5,3,1,2,4,0,1,1,3,181.91666666666669,410.3999999999999,76,42,14,8,10,3,1,58,3,1,25,65,0.12899418299999998,Krépin Diatta,Right Wing,Attacking Midfield/Wing,0.6,21.273476866697205,4.947320201557489,1.4841960604672468,6.9262482821804845,2.4736601007787447,0.0,3.9578561612459913,1.4841960604672468,1.9789280806229956,0.4947320201557489,12.368300503893723,0.06381755274393036,0.3333333333333333,0.8157894736842105,5.399999999999999,69.88304093567251,96.19883040935673,83.62573099415205,0.09894352617498853,83.51973684210526,45.41184210526316,0.15789473684210525,0.25,0.8421052631578947,80.1979381443299,44.13505154639176,3,Progressive Winger
Senegal,32915,402,14,11,231.24565529949004,39.035895321348065,2,8,81,320.29999999999995,14,105,3,8,1,1,8,1,10,2,0,3,2,5,296.48333333333335,1852.1,157,28,12,35,10,1,1,25,5,0,58,30,0.014392905,Ismail Jakobs,Left Back,Fullback/Wingback,0.7857142857142857,9.410309741975377,3.0355837877339926,0.30355837877339925,3.6427005452807912,0.30355837877339925,4.24981730282759,10.624543257068975,1.5177918938669963,2.428467030187194,0.9106751363201978,17.606385968857158,0.004369086907639552,0.125,0.6687898089171974,11.796815286624204,90.78947368421053,35.38011695906433,40.35087719298245,0.04717081831468886,64.55414012738854,8.82547770700637,0.3630573248407643,0.08917197452229299,0.6428571428571429,64.82268041237114,7.612371134020618,6,Wide Creator
Serbia,3831,472,3,0,236.76796238244515,101.86978748388043,7,12,121,468.40000000000003,0,88,10,10,1,8,6,2,9,7,0,2,2,9,270.93333333333334,810.6,125,36,17,21,8,1,4,76,7,1,48,84,0.061684445,Dušan Tadić,Right Attacking Midfield,Attacking Midfield/Wing,0.0,13.28740157480315,2.65748031496063,0.33218503937007876,5.647145669291339,2.65748031496063,0.0,6.975885826771654,2.989665354330709,3.3218503937007875,0.6643700787401575,15.94488188976378,0.020490649790846454,0.3333333333333333,0.704,6.4848,7.163742690058479,61.40350877192983,30.994152046783626,0.07961958679872047,84.8832,35.6224,0.168,0.112,0.7142857142857143,79.6120253164557,33.3993670886076,3,Progressive Winger
Serbia,4269,321,27,6,229.12550046746964,106.76089066710664,3,1,50,119.2,1,52,8,1,0,1,23,2,3,2,2,0,0,1,279.4166666666667,267.3,67,24,2,8,7,10,1,43,2,0,24,48,1.5016422139999999,Aleksandar Mitrović,Left Center Forward,Forward,0.2222222222222222,7.730390694900089,2.254697286012526,3.2209961228750372,0.6441992245750074,0.3220996122875037,0.3220996122875037,2.57679689830003,0.3220996122875037,0.3220996122875037,0.0,7.730390694900089,0.48367837492394866,0.08695652173913043,0.7761194029850746,3.9895522388059703,22.953216374269005,25.438596491228072,22.807017543859647,0.4852888729853862,69.41791044776119,35.47014925373134,0.13432835820895522,0.19402985074626866,0.6153846153846154,81.08592592592593,34.687407407407406,4,Target Forward
Serbia,5589,427,9,5,190.09460057281342,105.34267459792906,11,2,107,228.40000000000003,2,90,10,1,2,3,8,3,7,2,1,3,2,0,242.53333333333336,1070.2,120,34,7,24,16,3,3,58,7,1,38,65,0.200274783,Sergej Milinković-Savić,Left Attacking Midfield,Attacking Midfield/Wing,0.5555555555555556,13.73007146783947,5.937328202308961,1.11324903793293,2.59758108851017,1.11324903793293,0.7421660252886201,8.90599230346344,0.0,0.37108301264431004,1.11324903793293,14.10115448048378,0.07431856983232545,0.375,0.75,8.918333333333333,61.98830409356725,66.37426900584795,93.56725146198829,0.09175947142660801,64.555,36.12,0.24166666666666667,0.18333333333333332,0.6818181818181818,68.04358974358975,36.305128205128206,0,Ball-Winner
Serbia,5591,340,1,1,146.18991408656183,21.09390500891555,6,6,81,427.1,1,73,11,15,1,1,3,1,6,4,0,1,1,1,191.18333333333334,916.4,112,30,13,18,11,1,0,31,3,1,44,38,0.012009094,Filip Kostić,Left Wing Back,Fullback/Wingback,1.0,14.593322290994681,5.178275651643275,0.4707523319675704,6.119780315578415,0.4707523319675704,0.4707523319675704,8.473541975416268,0.4707523319675704,7.061284979513556,0.4707523319675704,20.7131026065731,0.005653309005317757,0.3333333333333333,0.6517857142857143,8.182142857142857,98.9766081871345,72.22222222222221,86.8421052631579,0.02448340228402058,75.05892857142858,8.74017857142857,0.23214285714285715,0.125,0.5714285714285714,76.86236559139785,10.83978494623656,6,Wide Creator
Serbia,5603,461,14,12,137.71463614485933,184.93006008791386,8,0,109,254.5,12,136,10,0,1,0,12,5,9,9,0,6,3,0,293.65000000000003,1362.5,157,28,7,44,6,3,0,26,5,0,22,31,0.123164077,Nikola Milenković,Right Center Back,Center Back,0.8571428571428571,10.42056870423974,1.8389238889834836,0.9194619444917418,2.145411203814064,0.0,3.677847777966967,13.485441852545545,0.0,0.0,1.8389238889834836,6.7427209262727725,0.03774822724331687,0.4166666666666667,0.8662420382165605,8.678343949044587,96.05263157894737,41.228070175438596,13.450292397660817,0.08831863419036266,46.91783439490446,62.66433121019108,0.267515923566879,0.1337579617834395,0.7619047619047619,48.1925,61.27916666666667,2,Sweeper CB
Serbia,6318,322,5,2,195.52829096412108,207.34637163276525,7,6,78,355.8,3,73,9,8,1,1,7,3,7,2,0,4,2,4,212.08333333333334,847.0999999999999,99,24,13,17,9,1,0,28,1,1,30,36,0.030001678,Andrija Živković,Right Wing Back,Fullback/Wingback,0.4,12.30648330058939,3.819253438113949,0.4243614931237721,5.5166994106090375,0.4243614931237721,1.2730844793713163,7.214145383104126,1.6974459724950883,3.3948919449901767,1.6974459724950883,12.730844793713162,0.012731556872298624,0.42857142857142855,0.7373737373737373,8.556565656565656,39.03508771929825,53.50877192982456,61.98830409356725,0.061533128581532426,65.9858585858586,69.44242424242424,0.23232323232323232,0.10101010101010101,0.4,70.25909090909092,70.05340909090908,5,Holding Anchor
Serbia,6321,332,7,5,102.63652774530433,127.58531583664562,3,0,82,282.1,9,99,12,0,3,0,6,2,1,1,0,0,0,0,228.9,1076.1000000000001,112,24,8,30,4,0,0,14,6,0,13,16,0.0,Milos Veljkovic,Center Back,Center Back,0.7142857142857143,9.436435124508519,1.5727391874180865,0.0,3.145478374836173,0.0,3.5386631716906947,11.795543905635649,0.0,0.0,0.0,5.111402359108781,0.0,0.3333333333333333,0.8839285714285714,9.608035714285716,83.47953216374269,35.67251461988304,7.309941520467836,0.04639580602883355,36.31875,43.50803571428571,0.23214285714285715,0.08035714285714286,0.7777777777777778,32.65217391304348,45.45217391304348,2,Sweeper CB
Serbia,6687,519,9,4,168.0316188848807,142.5465334868046,2,1,134,439.09999999999997,6,143,11,0,1,1,11,3,16,10,0,2,1,0,261.65000000000003,1019.5,162,43,13,29,14,1,0,47,7,0,23,50,0.039666813,Saša Lukić,Right Defensive Midfield,Defensive Midfield,0.4444444444444444,15.478692910376456,4.815593349894897,0.3439709535639212,4.471622396330976,0.3439709535639212,2.063825721383527,9.975157653353715,0.0,0.0,0.6879419071278424,7.911331931970188,0.013644231492451748,0.2727272727272727,0.8827160493827161,6.29320987654321,44.29824561403509,76.90058479532163,80.7017543859649,0.05251294924517484,57.485802469135805,46.73888888888889,0.19753086419753085,0.12962962962962962,0.9047619047619048,57.319014084507046,45.89647887323944,0,Ball-Winner
Serbia,20600,283,0,0,35.57398514851485,117.71155115511552,0,0,72,161.8,0,92,0,0,0,0,0,0,10,0,0,0,0,0,293.65000000000003,4067.9,127,0,4,53,19,0,0,20,3,0,35,25,0.0,Vanja Milinković Savić,Goalkeeper,Goalkeeper,0.0,0.0,5.823258981781031,0.0,1.2259492593223225,0.0,0.0,16.243827686020772,0.0,0.0,0.0,10.72705601907032,0.0,0.0,0.7244094488188977,32.03070866141732,7.163742690058479,3.508771929824561,92.98245614035088,0.04719904648390942,13.661417322834646,39.656692913385825,0.5039370078740157,0.09448818897637795,0.5833333333333334,13.356923076923078,40.23538461538462,7,Goalkeeper
Serbia,27719,478,15,15,147.2617239199157,45.91856195995785,5,0,121,434.5,14,121,19,1,4,2,6,3,16,6,1,2,1,0,252.85,1799.7,152,33,15,51,15,2,2,39,0,0,37,47,0.177865885,Strahinja Pavlović,Left Center Back,Center Back,1.0,12.457979038955903,5.339133873838244,0.7118845165117659,5.339133873838244,0.7118845165117659,4.983191615582361,18.15305517105003,0.0,0.35594225825588294,0.7118845165117659,13.16986355546767,0.06330998477358118,0.5,0.7960526315789473,11.84013157894737,98.9766081871345,54.385964912280706,89.76608187134502,0.12702364900138424,50.420394736842105,14.637500000000001,0.3355263157894737,0.125,0.5789473684210527,50.748387096774195,15.699193548387097,1,Deep Playmaker
South Korea,3083,483,6,1,315.43429192851846,128.1070266818372,3,8,120,596.0,1,84,7,2,3,9,10,2,1,1,0,1,1,6,389.65,753.9,122,36,17,9,14,9,4,93,3,1,59,108,0.453828075,Heung-Min Son,Left Wing,Attacking Midfield/Wing,0.16666666666666666,8.77710766072116,3.2336712434235855,2.0787886564865907,3.9266007955857822,2.0787886564865907,0.23097651738739897,2.0787886564865907,1.3858591043243937,0.46195303477479793,0.23097651738739897,13.627614525856538,0.1048236282561273,0.2,0.6885245901639344,6.1795081967213115,17.83625730994152,30.701754385964914,45.614035087719294,0.11891319581675866,84.49262295081968,33.31393442622951,0.13114754098360656,0.21311475409836064,0.6538461538461539,81.74556962025316,32.67658227848101,4,Target Forward
South Korea,5604,605,9,7,155.9792955896728,89.92451341498476,4,3,165,602.8,13,180,9,1,0,0,6,2,17,1,1,5,2,2,373.18333333333334,3201.1000000000004,210,16,20,76,8,2,0,11,16,0,30,14,0.689242366,Young-Gwon Kim,Left Center Back,Center Back,0.7777777777777778,5.064534857755348,1.929346612478228,0.482336653119557,4.823366531195569,0.0,3.1351882452771203,18.328792818543164,0.482336653119557,0.2411683265597785,1.2058416327988923,7.235049796793354,0.16622342800232237,0.3333333333333333,0.8571428571428571,15.243333333333336,90.05847953216374,14.619883040935672,16.08187134502924,0.24918533233888612,41.838095238095235,22.11190476190476,0.32857142857142857,0.0380952380952381,0.625,38.246590909090905,22.54715909090909,1,Deep Playmaker
South Korea,5618,633,11,9,226.88796421630013,154.16760867059838,4,2,158,290.19999999999993,9,179,13,1,2,0,8,4,27,12,0,6,1,2,317.91666666666663,2111.5,208,47,5,56,15,1,0,42,17,0,29,48,0.010946972,Woo-Young Jung,Left Defensive Midfield,Defensive Midfield,0.8181818181818182,15.003931847968547,4.2463958060288345,0.2830930537352556,1.415465268676278,0.0,2.5478374836173003,15.853211009174315,0.5661861074705112,0.2830930537352556,1.6985583224115337,8.209698558322412,0.0030990117326343382,0.5,0.8605769230769231,10.151442307692308,93.71345029239765,74.85380116959064,71.9298245614035,0.06622876271559634,58.1264423076923,37.76538461538461,0.2932692307692308,0.09615384615384616,0.7,56.988571428571426,36.93142857142857,0,Ball-Winner
South Korea,5623,363,8,3,210.05740935114505,129.05167098327883,4,0,75,295.19999999999993,2,84,23,0,7,2,13,6,2,2,0,3,3,2,212.48333333333335,309.6,96,63,9,9,7,1,2,38,3,0,14,40,0.021393217,Jae-Sung Lee,Center Attacking Midfield,Attacking Midfield/Wing,0.375,29.22582163306926,2.964938426543258,0.4235626323633226,3.8120636912699033,0.8471252647266452,0.8471252647266452,3.8120636912699033,0.8471252647266452,0.0,1.2706878970899678,5.929876853086516,0.009061367307239783,0.46153846153846156,0.875,3.225,36.84210526315789,100.0,38.59649122807017,0.039134314205035686,70.05833333333334,39.571875,0.08333333333333333,0.13541666666666666,0.8461538461538461,72.61874999999999,40.49270833333333,0,Ball-Winner
South Korea,23763,786,9,4,256.9244876325337,185.79838434474001,5,3,206,434.00000000000006,7,199,17,5,5,4,9,3,27,7,0,3,2,3,360.1166666666667,2444.4,247,51,10,57,26,6,1,78,13,1,52,91,0.1977482769999999,In-Beom Hwang,Left Defensive Midfield,Defensive Midfield,0.4444444444444444,13.495626417364743,6.497894200953395,1.4995140463738603,2.499190077289767,0.9996760309159068,1.7494330541028371,14.245383440551672,0.7497570231869302,1.2495950386448835,0.7497570231869302,12.99578840190679,0.0494210531679548,0.3333333333333333,0.805668016194332,9.896356275303644,44.29824561403509,64.03508771929825,97.6608187134503,0.10065444975239501,65.43198380566803,46.678137651821864,0.2793522267206478,0.12550607287449392,0.6774193548387096,64.72217194570136,47.42036199095023,0,Ball-Winner
South Korea,37641,274,0,0,39.640844461445724,160.35290606018455,0,0,67,216.70000000000002,1,94,0,0,0,0,0,0,5,0,0,0,0,0,389.65,3511.5,128,0,4,46,15,0,0,18,4,0,34,19,0.0,Seung-Gyu Kim,Goalkeeper,Goalkeeper,0.0,0.0,3.4646477608109842,0.0,0.9239060695495959,0.0,0.23097651738739897,10.624919799820352,0.0,0.0,0.0,7.8532015911715645,0.0,0.0,0.734375,27.43359375,7.163742690058479,3.508771929824561,52.63157894736842,0.029564994225587064,12.6265625,40.30625,0.484375,0.0546875,0.8571428571428571,11.226984126984126,40.98412698412698,7,Goalkeeper
South Korea,40538,416,18,10,255.1671571275256,43.15534587701559,6,7,89,229.5,8,102,18,14,2,2,17,3,9,1,0,7,3,5,340.68333333333334,1379.2,141,22,7,23,12,3,1,30,5,0,42,39,0.285274066,Jin-Su Kim,Left Back,Fullback/Wingback,0.5555555555555556,7.661073333007192,3.1700993102098725,0.7925248275524681,1.8492245976224255,0.5283498850349787,2.113399540139915,6.076023677902255,1.3208747125874467,3.698449195244851,1.8492245976224255,11.095347585734553,0.07536225998728047,0.17647058823529413,0.723404255319149,9.781560283687943,61.98830409356725,24.853801169590643,42.98245614035088,0.1065349032043442,67.97446808510638,8.327659574468086,0.28368794326241137,0.09219858156028368,0.38461538461538464,76.14403669724771,10.099082568807338,6,Wide Creator
South Korea,40542,330,36,20,318.88370046926286,172.7539893793561,4,2,43,115.80000000000003,3,39,8,1,3,3,16,0,3,8,2,1,0,1,297.4166666666667,407.0,60,58,4,7,6,8,1,50,0,0,36,62,0.71258904,Gue-Sung Cho,Center Forward,Forward,0.5555555555555556,17.853740543569625,1.8156346315494536,2.420846175399271,1.2104230876996356,0.9078173157747268,0.9078173157747268,2.1182404034743625,0.3026057719249089,0.3026057719249089,0.3026057719249089,10.893807789296721,0.21563355651442978,0.0,0.65,6.783333333333333,61.98830409356725,85.96491228070175,12.865497076023392,0.21109446993555617,77.58500000000001,42.318333333333335,0.2,0.45,0.6296296296296297,82.77698412698412,43.775396825396825,4,Target Forward
South Korea,40672,692,11,8,260.7625620576401,280.6634828551804,9,7,165,341.40000000000003,15,205,17,12,5,3,11,7,14,1,0,9,6,2,389.65,1520.6999999999998,242,40,8,36,16,0,2,63,5,0,47,68,0.0,Moon-Hwan Kim,Right Back,Fullback/Wingback,0.7272727272727273,11.317849351982549,3.6956242781983835,0.0,1.8478121390991917,0.6929295521621969,3.4646477608109842,8.315154625946363,0.46195303477479793,2.7717182086487875,2.0787886564865907,10.855896317207751,0.0,0.6363636363636364,0.8471074380165289,6.28388429752066,84.50292397660819,46.783625730994146,58.47953216374269,0.02817913512126267,68.31280991735538,72.01942148760331,0.19008264462809918,0.09504132231404959,0.8695652173913043,74.14413407821229,71.80111731843576,5,Holding Anchor
South Korea,43565,539,14,11,136.74517105556708,177.49324124720164,5,1,142,512.5,10,165,7,0,2,1,5,1,16,0,0,4,3,0,283.45,1985.3,187,17,17,64,12,2,1,20,11,1,24,26,0.105906885,Min Jae Kim,Right Center Back,Center Back,0.7857142857142857,6.667842653025225,3.8101958017287,0.63503263362145,5.397777385782325,0.317516316810725,3.1751631681072503,20.3210442758864,0.0,0.0,1.2700652672429,7.6203916034574,0.03362716405009702,0.2,0.8823529411764706,10.616577540106952,90.78947368421053,19.883040935672515,61.40350877192983,0.11840402063856059,48.12352941176471,60.14331550802139,0.28342245989304815,0.06951871657754011,0.5384615384615384,45.114285714285714,59.721428571428575,2,Sweeper CB
Spain,3477,204,3,2,332.3481242614828,149.4837015437393,4,1,35,214.1,2,27,8,2,1,2,2,1,3,1,3,0,0,1,200.83333333333331,267.6,40,26,8,5,2,8,0,36,3,1,19,41,1.1094806779999997,Álvaro Borja Morata Martín,Center Forward,Forward,0.6666666666666666,11.651452282157678,0.8962655601659751,3.5850622406639006,3.5850622406639006,0.8962655601659751,0.8962655601659751,2.240663900414938,0.44813278008298757,0.8962655601659751,0.0,8.514522821576763,0.49719466068049784,0.5,0.675,6.69,78.65497076023392,48.53801169590643,2.923976608187134,0.5066054490622406,76.19,34.457499999999996,0.225,0.275,0.7272727272727273,85.69638554216867,38.90843373493976,4,Target Forward
Spain,4353,1203,9,6,130.42207558156048,75.82041673936595,2,3,348,1425.7000000000003,8,404,9,0,3,1,4,1,26,3,0,4,1,1,316.93333333333334,3439.8,429,11,44,111,4,1,1,30,4,2,26,37,0.04145577,Aymeric Laporte,Left Center Back,Center Back,0.6666666666666666,4.259570887673538,1.1358855700462769,0.2839713925115692,12.494741270509046,0.2839713925115692,2.2717711400925538,31.52082456878418,0.2839713925115692,0.0,1.1358855700462769,7.383256205300799,0.011772252734539336,0.25,0.9417249417249417,8.01818181818182,78.65497076023392,10.818713450292398,4.093567251461988,0.1671046044383677,47.12610722610722,24.93310023310023,0.19813519813519814,0.039627039627039624,0.5882352941176471,44.37,26.07384615384615,2,Sweeper CB
Spain,5203,794,15,10,239.95286785503072,165.22044188212442,7,2,174,369.70000000000005,3,265,30,0,3,2,12,6,24,3,0,4,3,3,379.2833333333333,1646.9,290,40,11,61,12,3,2,84,4,0,30,88,0.88711582,Sergio Busquets i Burgos,Center Defensive Midfield,Defensive Midfield,0.6666666666666666,10.4407435074922,2.8474755020433276,0.7118688755108319,2.61018587687305,0.4745792503405546,0.7118688755108319,14.474667135386914,0.7118688755108319,0.0,0.9491585006811092,7.118688755108319,0.21050338041042319,0.5,0.9137931034482759,5.678965517241379,78.65497076023392,41.52046783625731,36.54970760233918,0.274571579206398,62.613448275862076,40.94655172413793,0.16896551724137931,0.11724137931034483,0.8823529411764706,62.41012145748988,41.831174089068824,0,Ball-Winner
Spain,5211,1039,4,1,267.0423539300903,42.00083111364051,4,6,277,550.1000000000001,3,329,12,7,4,4,8,4,25,4,0,5,2,5,270.76666666666665,1998.1999999999998,371,33,13,59,15,2,4,61,2,2,47,65,0.045861136,Jordi Alba Ramos,Left Back,Fullback/Wingback,0.25,13.62796996183676,4.985842668964668,0.6647790225286224,4.321063646436046,1.3295580450572448,0.9971685337929337,19.610981164594364,1.6619475563215562,2.3267265788501788,1.6619475563215562,15.622307029422627,0.01524376058106611,0.5,0.8867924528301887,5.385983827493261,26.169590643274855,65.2046783625731,84.7953216374269,0.10365937057737291,66.4633423180593,10.387870619946092,0.15902964959568733,0.05660377358490566,0.8095238095238095,67.30914826498423,10.840378548895899,6,Wide Creator
Spain,5719,432,3,1,333.02362970444966,168.97730232433483,2,6,107,332.9,0,92,13,10,0,3,3,1,5,3,1,0,0,2,236.96666666666667,434.29999999999995,117,28,11,12,5,10,2,69,2,0,42,73,0.608190739,Marco Asensio Willemsen,Center Forward,Forward,0.3333333333333333,10.634407089604727,1.899001266000844,3.798002532001688,4.177802785201857,1.1394007596005065,0.0,4.557603038402026,0.7596005064003376,3.798002532001688,0.0,15.95161063440709,0.2309909966661978,0.3333333333333333,0.7863247863247863,3.7119658119658117,33.47953216374269,43.567251461988306,14.912280701754385,0.24124560350260238,82.4982905982906,40.47350427350427,0.1111111111111111,0.1282051282051282,0.8,81.57770700636944,42.250955414012736,3,Progressive Winger
Spain,6748,382,4,1,335.18440807765234,255.09195806766417,1,3,102,246.10000000000002,0,62,15,8,2,10,6,3,0,1,2,0,0,1,225.79999999999998,240.49999999999994,86,30,8,5,8,4,3,73,3,1,41,85,1.005212115,Ferrán Torres García,Right Wing,Attacking Midfield/Wing,0.25,12.75465013286094,3.188662533215235,1.5943312666076175,3.188662533215235,3.9858281665190436,0.0,1.9929140832595218,0.39858281665190437,3.188662533215235,0.0,16.34189548272808,0.40066027612931804,0.5,0.7209302325581395,2.796511627906976,26.169590643274855,56.72514619883041,44.15204678362573,0.39149287134632427,83.3093023255814,65.2453488372093,0.08139534883720931,0.23255813953488372,0.75,87.56814814814815,62.412592592592596,3,Progressive Winger
Spain,6765,1894,20,15,196.32126885153622,202.41358104911546,6,3,549,2192.3,12,644,10,3,1,0,9,3,47,6,0,4,3,4,413.95,4913.9,679,19,73,175,20,1,0,78,10,2,38,86,0.0056476467,Rodrigo Hernández Cascante,Right Center Back,Center Back,0.75,5.000603937673632,4.3483512501509844,0.21741756250754923,15.871482063051094,0.0,2.6090107500905906,38.04807343882111,0.8696702500301969,0.6522526875226476,0.8696702500301969,8.26186737528687,0.001227897579417804,0.3333333333333333,0.9484536082474226,7.2369661266568475,88.01169590643275,14.327485380116958,72.51461988304094,0.19929529702379511,53.17422680412371,51.44359351988218,0.19440353460972018,0.06480117820324006,0.8181818181818182,50.88489932885906,49.83003355704698,2,Sweeper CB
Spain,11748,395,0,0,49.3900446479621,161.75259134811728,0,0,109,125.10000000000001,0,148,0,0,0,0,0,0,0,0,0,0,0,0,413.95,2006.3,158,0,1,72,12,0,0,68,2,0,10,70,0.0,Unai Simón Mendibil,Goalkeeper,Goalkeeper,0.0,0.0,2.6090107500905906,0.0,0.21741756250754923,0.0,0.0,15.654064500543544,0.0,0.0,0.0,2.1741756250754922,0.0,0.0,0.9367088607594937,12.698101265822784,7.163742690058479,3.508771929824561,30.116959064327485,0.058920159439545844,12.978481012658227,40.4126582278481,0.3037974683544304,0.15822784810126583,0.92,12.657758620689656,40.657758620689656,7,Goalkeeper
Spain,16532,761,6,1,321.49696402194274,77.95869900990098,7,7,200,631.0,2,160,24,6,2,18,10,4,4,6,1,3,3,4,388.25,765.4,196,46,22,13,17,12,4,149,2,1,56,169,1.0841161046999999,Daniel Olmo Carvajal,Left Wing,Attacking Midfield/Wing,0.16666666666666666,12.054088860270443,3.940759819703799,2.7817128139085643,5.0998068254990345,4.172569220862846,0.463618802318094,3.013522215067611,0.927237604636188,1.3908564069542821,0.6954282034771411,12.981326464906632,0.25130830501738566,0.4,0.8163265306122449,3.9051020408163266,17.83625730994152,52.33918128654971,65.49707602339181,0.2679985819008371,82.93469387755103,21.607653061224493,0.11224489795918367,0.1683673469387755,0.8181818181818182,81.6246963562753,19.40080971659919,3,Progressive Winger
Spain,30486,1347,5,3,268.91378124490393,100.58097385565989,6,8,389,770.3999999999999,1,395,31,0,8,10,7,4,63,2,0,6,4,5,372.4,2626.6,426,54,17,99,26,0,5,158,10,2,42,173,0.0,Pedro González López,Left Center Midfield,Central/Wide Midfield,0.6,14.742212674543502,6.283566058002148,0.0,4.108485499462943,2.4167561761546725,0.24167561761546724,23.92588614393126,1.2083780880773363,0.0,1.4500537056928036,10.150375939849624,0.0,0.5714285714285714,0.9272300469483568,6.165727699530517,69.88304093567251,73.39181286549707,96.49122807017544,0.10875402792696025,70.15140845070422,25.92417840375587,0.2347417840375587,0.1267605633802817,0.8703703703703703,69.6329355608592,25.08400954653938,0,Ball-Winner
Spain,133353,576,10,3,285.4187657366235,206.49601049444945,4,5,145,423.6,2,135,34,4,6,7,16,4,5,9,1,0,0,2,293.45,602.1,153,57,14,17,13,1,2,76,4,1,31,86,0.056229107,Pablo Martín Páez Gavira,Right Center Midfield,Central/Wide Midfield,0.3,17.788379621741353,3.987050604873062,0.3066962003748509,4.293746805247913,2.1468734026239567,0.6133924007497018,5.213835406372466,0.6133924007497018,1.2267848014994036,0.0,9.50758221162038,0.017245253467370932,0.25,0.8823529411764706,3.935294117647059,30.116959064327485,85.08771929824562,66.37426900584795,0.04116755709660931,71.9450980392157,52.947712418300654,0.08496732026143791,0.09803921568627451,0.7333333333333333,72.53841807909605,51.909604519774014,0,Ball-Winner
Switzerland,3500,724,12,7,228.57851533896317,129.51130437983744,5,5,188,540.3,7,211,19,0,2,1,14,6,25,5,0,4,3,2,386.58333333333337,2055.7,240,30,20,61,9,6,1,86,3,2,36,95,0.295522079,Granit Xhaka,Left Defensive Midfield,Defensive Midfield,0.5833333333333334,7.915499029963353,2.0952791549902994,1.396852769993533,4.656175899978443,0.23280879499892215,1.629661564992455,14.201336494934251,0.4656175899978443,0.0,0.9312351799956886,8.381116619961198,0.06880013910756629,0.42857142857142855,0.8791666666666667,8.565416666666666,67.39766081871345,26.608187134502927,18.567251461988306,0.13165851375727528,56.843333333333334,32.75541666666667,0.24583333333333332,0.15,0.75,56.77285067873303,33.51990950226244,2,Sweeper CB
Switzerland,3533,374,7,1,228.73563346197557,169.34450717915882,0,8,97,254.9,1,68,11,5,1,2,7,1,6,2,1,1,1,4,233.58333333333334,762.1000000000001,104,21,6,16,7,4,0,59,7,4,41,66,0.494927794,Xherdan Shaqiri,Right Midfield,Central/Wide Midfield,0.14285714285714285,8.476632179807348,2.697110239029611,1.5412058508740634,2.311808776311095,0.7706029254370317,0.38530146271851584,6.1648234034962535,1.5412058508740634,1.9265073135925792,0.38530146271851584,15.79735997145915,0.19069640296824827,0.14285714285714285,0.6538461538461539,7.327884615384617,16.08187134502924,28.654970760233915,32.748538011695906,0.21458509365679626,82.0576923076923,57.03076923076923,0.22115384615384615,0.15384615384615385,0.75,78.20153846153846,54.614615384615384,3,Progressive Winger
Switzerland,5544,620,18,15,226.36766427368585,46.26757578145348,6,3,158,489.79999999999995,12,172,7,7,2,1,8,2,18,6,0,1,0,2,380.23333333333335,2279.4,227,26,15,46,11,0,0,65,6,1,60,81,0.0,Ricardo Iván Rodríguez Araya,Left Back,Fullback/Wingback,0.8333333333333334,6.390812658893662,2.6036644165863065,0.0,3.5504514771631452,0.23669676514420968,2.840361181730516,10.888051196633645,0.47339353028841935,1.6568773560094678,0.23669676514420968,14.201805908652581,0.0,0.25,0.7577092511013216,10.041409691629957,94.73684210526315,18.71345029239766,29.82456140350877,0.03337424388533357,57.04361233480176,10.319383259911895,0.2775330396475771,0.16299559471365638,0.5945945945945946,61.1378698224852,11.358579881656803,6,Wide Creator
Switzerland,5545,350,18,4,303.54305444057917,167.31729231706953,3,1,75,309.7,1,50,10,0,1,4,15,1,1,3,2,1,0,2,330.15,249.0,66,47,11,4,4,6,2,94,0,1,32,99,2.391196598,Breel-Donald Embolo,Center Forward,Forward,0.2222222222222222,13.08496138119037,1.0904134484325307,1.6356201726487962,2.9986369831894595,1.0904134484325307,0.2726033621081327,1.0904134484325307,0.5452067242162654,0.0,0.2726033621081327,8.723307587460246,0.651848232076329,0.06666666666666667,0.7575757575757576,3.772727272727273,22.953216374269005,59.356725146198826,3.8011695906432745,0.6564824892321673,71.74848484848485,40.736363636363635,0.06060606060606061,0.24242424242424243,0.875,78.45555555555555,43.081746031746036,4,Target Forward
Switzerland,5549,739,15,11,160.80024664708998,197.22484890789792,6,1,194,870.9999999999999,15,229,11,2,2,1,8,1,12,6,1,4,3,1,386.58333333333337,2892.2,255,26,35,86,9,4,1,45,11,1,27,47,0.8826694319999999,Manuel Obafemi Akanji,Left Center Back,Center Back,0.7333333333333333,6.984263849967665,2.0952791549902994,0.9312351799956886,8.148307824962275,0.23280879499892215,3.4921319249838323,20.021556369907305,0.23280879499892215,0.4656175899978443,0.9312351799956886,6.285837464970898,0.20549320684630307,0.125,0.8980392156862745,11.341960784313725,85.67251461988305,21.929824561403507,18.567251461988306,0.3028072831558525,41.93058823529412,51.129411764705885,0.3254901960784314,0.0784313725490196,0.9,39.55601851851852,50.9337962962963,2,Sweeper CB
Switzerland,5550,282,0,0,33.80020920091145,122.57002795893246,0,0,79,137.5,0,107,0,0,0,0,0,0,0,0,0,0,0,0,286.28333333333336,1704.6999999999998,117,1,5,44,11,0,0,32,3,0,10,34,0.0,Yann Sommer,Goalkeeper,Goalkeeper,0.0,0.31437387203819056,3.4581125924200964,0.0,1.5718693601909528,0.0,0.0,13.832450369680386,0.0,0.0,0.0,3.1437387203819056,0.0,0.0,0.9145299145299145,14.570085470085468,7.163742690058479,9.064327485380117,52.046783625730995,0.05375793211853059,12.637606837606837,41.180341880341885,0.3504273504273504,0.10256410256410256,0.8333333333333334,13.832432432432432,40.214864864864865,7,Goalkeeper
Switzerland,6983,510,8,5,242.61622806934602,185.17425571698053,4,1,113,282.1,8,126,29,1,2,4,10,3,12,7,1,6,5,0,346.05,984.9999999999999,149,60,7,24,12,3,1,58,2,0,33,69,0.54479492,Remo Freuler,Right Defensive Midfield,Defensive Midfield,0.625,17.165149544863457,3.120936280884265,0.7802340702210663,1.8205461638491547,1.0403120936280883,2.0806241872561766,6.24187256176853,0.0,0.2600780234070221,1.5604681404421326,8.582574772431729,0.14168918595578672,0.3,0.8456375838926175,6.6107382550335565,73.68421052631578,81.57894736842105,41.812865497076025,0.15807410143042913,60.62751677852349,46.67986577181208,0.20134228187919462,0.1610738255033557,0.6666666666666666,62.100735294117655,45.31102941176471,0,Ball-Winner
Switzerland,7796,486,4,3,168.67118376787215,213.46795025832031,5,4,106,395.1,15,127,12,6,2,0,13,8,12,4,0,4,2,2,281.84999999999997,1705.4,164,37,9,38,5,1,0,34,1,0,48,38,0.05117428,Silvan Widmer,Right Back,Fullback/Wingback,0.75,14.688664183076106,1.596593932943055,0.319318786588611,2.873869079297499,0.0,4.789781798829165,12.134113890367217,0.638637573177222,1.915912719531666,1.277275146354444,15.327301756253329,0.016340908994145822,0.6153846153846154,0.774390243902439,10.398780487804878,88.01169590643275,73.09941520467837,8.47953216374269,0.054978482171367755,60.51341463414634,72.6030487804878,0.3353658536585366,0.07926829268292683,0.6923076923076923,61.84776119402985,70.77761194029851,5,Holding Anchor
Switzerland,8814,417,9,5,77.40981125356126,52.553917378917376,4,0,110,470.4,15,132,13,0,2,0,6,0,2,3,0,3,3,0,192.15,906.2,141,15,19,31,4,1,0,13,1,0,9,16,0.19001445,Nico Elvedi,Left Center Back,Center Back,0.5555555555555556,8.430913348946136,1.8735362997658078,0.46838407494145196,8.899297423887587,0.0,7.02576112412178,14.519906323185012,0.0,0.0,1.405152224824356,4.215456674473068,0.08899974238875878,0.0,0.9361702127659575,6.42695035460993,61.98830409356725,28.362573099415204,14.327485380116958,0.16815665105386415,40.227659574468085,24.640425531914897,0.1276595744680851,0.07092198581560284,0.7,38.07672413793103,25.989655172413794,2,Sweeper CB
Switzerland,16026,347,4,1,265.2114733901433,182.52828263096495,4,4,74,291.20000000000005,0,88,18,1,1,1,6,1,9,3,0,2,0,3,267.43333333333334,555.5,97,42,14,17,10,2,0,32,1,1,16,33,0.150380136,Djibril Sow,Center Attacking Midfield,Attacking Midfield/Wing,0.25,14.807428642652374,3.365324691511903,0.6730649383023807,4.711454568116665,0.33653246915119034,0.0,5.721051975570235,1.009597407453571,0.33653246915119034,0.6730649383023807,5.384519506419045,0.05060779847937181,0.16666666666666666,0.9072164948453608,5.72680412371134,26.169590643274855,73.68421052631578,49.707602339181285,0.09334742206157298,65.3639175257732,45.11546391752577,0.23711340206185566,0.12371134020618557,1.0,69.28899082568807,44.920183486238535,0,Ball-Winner
Switzerland,30401,401,14,6,300.83322844303825,68.26062042896119,4,7,93,533.6,4,81,12,9,1,2,9,1,2,5,0,1,0,6,286.95,521.7,114,33,22,8,6,3,1,50,0,1,42,57,0.295826279,Ruben Vargas,Left Wing,Attacking Midfield/Wing,0.42857142857142855,10.663878724516467,1.8818609513852589,0.9409304756926294,6.9001568217459495,0.6272869837950863,1.2545739675901726,2.509147935180345,1.8818609513852589,2.822791427077888,0.31364349189754315,13.173026659696811,0.09278398714061685,0.1111111111111111,0.7105263157894737,4.576315789473685,42.251461988304094,43.859649122807014,14.619883040935672,0.1260301972817564,81.81403508771929,14.67280701754386,0.12280701754385964,0.15789473684210525,0.6666666666666666,79.91782945736433,17.884496124031006,3,Progressive Winger
Tunisia,3767,440,3,2,155.3007668926818,118.86821214246747,7,1,97,276.0,3,109,15,1,1,4,13,8,8,4,0,5,2,2,296.56666666666666,1312.2,128,53,7,41,21,2,2,41,2,0,24,46,0.100992087,Ellyes Joris Skhiri,Right Defensive Midfield,Defensive Midfield,0.6666666666666666,19.422277172080477,6.3729346970889065,0.6069461616275149,2.1243115656963023,1.2138923232550298,0.9104192424412724,12.442396313364055,0.6069461616275149,0.30347308081375746,1.5173654040687872,7.283353939530179,0.030648379779701022,0.6153846153846154,0.8515625,10.2515625,78.65497076023392,91.22807017543859,97.07602339181285,0.08436311508373609,52.3,36.1921875,0.296875,0.1015625,0.7692307692307693,53.892307692307696,38.792307692307695,0,Ball-Winner
Tunisia,5651,522,9,5,121.20345960965031,168.0250894551369,7,0,126,232.79999999999995,22,138,16,1,5,2,13,2,9,3,0,1,1,1,296.56666666666666,2103.3,168,29,3,45,14,1,1,25,2,1,33,30,0.046073906,Yassine Meriah,Right Center Back,Center Back,0.5555555555555556,9.104192424412723,4.248623131392605,0.30347308081375746,0.9104192424412724,0.6069461616275149,6.676407777902664,13.656288636619085,0.30347308081375746,0.30347308081375746,0.30347308081375746,10.014611666853996,0.013982190198943463,0.15384615384615385,0.8214285714285714,12.519642857142859,61.98830409356725,33.04093567251462,72.22222222222221,0.0564684215128695,43.55952380952381,55.96369047619047,0.27976190476190477,0.07142857142857142,0.6666666666666666,42.149640287769785,54.22014388489209,1,Deep Playmaker
Tunisia,16352,253,17,2,229.4796904281203,114.99798019016066,4,2,42,76.30000000000004,5,29,15,2,2,4,17,2,1,7,0,0,0,2,196.35,115.9,37,37,3,2,7,3,2,41,0,1,19,48,0.5930872340000001,Issam Jebali,Center Forward,Forward,0.11764705882352941,16.959511077158137,3.2085561497326203,1.3750954927425516,1.3750954927425516,1.8334606569900689,2.291825821237586,0.9167303284950344,0.9167303284950344,0.9167303284950344,0.0,8.708938120702827,0.2718505274255157,0.11764705882352941,0.7837837837837838,3.1324324324324326,14.912280701754385,81.28654970760235,44.73684210526316,0.2759758139037433,75.5945945945946,44.086486486486486,0.10810810810810811,0.24324324324324326,0.5555555555555556,80.61145833333333,39.91770833333333,4,Target Forward
Tunisia,30681,342,20,13,150.43405362144858,38.52847472322262,3,3,65,183.70000000000002,18,72,12,4,1,3,17,5,3,5,0,5,1,1,213.63333333333333,1348.9,109,28,8,24,13,0,1,28,1,0,47,39,0.0,Ali Abdi,Left Wing Back,Fullback/Wingback,0.65,13.902324855671711,5.476673427991886,0.0,3.3702605710719302,1.2638477141519737,7.583086284911843,10.11078171321579,0.4212825713839913,1.6851302855359651,2.1064128569199565,19.80028085504759,0.0,0.29411764705882354,0.6605504587155964,12.375229357798165,76.0233918128655,67.2514619883041,90.64327485380117,0.021485411140583555,56.82752293577982,7.51559633027523,0.3669724770642202,0.1559633027522936,0.47058823529411764,63.67625,9.684999999999999,6,Wide Creator
Tunisia,32450,418,21,12,123.04621447986163,59.42381676590385,12,2,100,245.7,21,115,5,1,0,1,11,2,8,3,0,3,1,0,296.56666666666666,1326.6,133,25,8,44,13,1,1,29,6,1,19,34,0.012159805,Montassar Omar Talbi,Left Center Back,Center Back,0.5714285714285714,8.49724626278521,3.945150050578847,0.30347308081375746,2.4277846465100597,0.30347308081375746,6.3729346970889065,13.352815555805329,0.0,0.30347308081375746,0.9104192424412724,5.765988535461392,0.0036901734854445315,0.18181818181818182,0.8646616541353384,9.974436090225563,65.78947368421053,28.947368421052634,66.08187134502924,0.054673651062155784,44.0421052631579,20.072180451127817,0.24060150375939848,0.12781954887218044,0.7058823529411765,46.241052631578945,21.062105263157896,2,Sweeper CB
Tunisia,44955,422,6,3,171.26936717473276,97.28063702205858,8,1,103,405.9,7,97,13,2,2,4,11,5,14,5,0,6,2,4,257.23333333333335,892.3000000000001,119,33,11,31,23,2,2,55,4,0,33,62,0.08097828400000001,Aïssa Bilal Laïdouni,Left Defensive Midfield,Defensive Midfield,0.5,14.344952701827134,8.047168588829855,0.699753790333031,3.84864584683167,1.399507580666062,2.4491382661656083,10.846183750161979,1.399507580666062,0.699753790333031,2.0992613709990926,11.54593754049501,0.02833243058183232,0.45454545454545453,0.8151260504201681,7.498319327731093,51.900584795321635,69.00584795321637,99.41520467836257,0.08536236449397433,58.72352941176471,32.90084033613445,0.23529411764705882,0.15126050420168066,0.7777777777777778,63.93207547169811,33.69245283018868,0,Ball-Winner
Tunisia,105943,164,0,0,29.75054573122737,123.4655830753354,0,0,42,115.39999999999999,0,48,0,0,0,0,0,0,0,0,0,0,0,0,296.56666666666666,2855.9,77,0,1,25,7,0,0,12,1,0,29,14,0.0,Aymen Dahmen,Goalkeeper,Goalkeeper,0.0,0.0,2.1243115656963023,0.0,0.30347308081375746,0.0,0.0,7.586827020343936,0.0,0.0,0.0,8.800719343598965,0.0,0.0,0.6233766233766234,37.08961038961039,7.163742690058479,3.508771929824561,19.5906432748538,0.013656288636619083,12.105194805194806,41.8,0.6753246753246753,0.06493506493506493,0.6,11.25263157894737,41.28684210526316,7,Goalkeeper
United States,3377,416,5,1,322.02237369021685,253.85842722274094,7,3,102,321.3,0,91,8,8,2,4,5,1,5,1,1,0,0,6,317.8833333333333,336.5,109,26,10,11,13,5,4,69,5,0,28,72,0.44014794599999996,Timothy Weah,Right Wing,Attacking Midfield/Wing,0.2,7.361191212709065,3.6805956063545326,1.4156136947517433,2.8312273895034865,1.1324909558013947,0.0,3.1143501284538355,1.698736433702092,2.2649819116027894,0.0,7.927436690609762,0.12461589201489015,0.2,0.8348623853211009,3.0871559633027523,20.760233918128655,23.976608187134502,58.187134502923975,0.1551931478215278,81.96513761467891,63.97064220183486,0.07339449541284404,0.1834862385321101,0.85,83.27379310344828,63.51862068965518,3,Progressive Winger
United States,4614,733,8,2,251.7371843848144,46.88277354524981,6,5,187,895.3,8,175,19,15,4,7,13,5,14,3,0,8,5,3,386.26666666666665,2043.6,240,51,28,51,31,0,4,61,7,0,84,66,0.0,Antonee Robinson,Left Back,Fullback/Wingback,0.25,14.445978598550225,7.222989299275112,0.0,6.523990334829134,1.6309975837072834,1.8639972385226096,11.882982395581637,0.6989989644459786,3.494994822229893,1.8639972385226096,19.571971004487402,0.0,0.38461538461538464,0.7291666666666666,8.514999999999999,26.169590643274855,69.88304093567251,98.53801169590643,0.04217293752157404,65.29166666666667,10.50875,0.3,0.0625,0.8666666666666667,70.72197802197802,10.520329670329671,6,Wide Creator
United States,8246,559,10,4,315.21413379460273,93.01093940851987,6,8,146,852.7,1,84,17,10,3,13,7,1,10,2,1,0,0,9,336.31666666666666,1042.0,139,44,31,23,17,9,6,116,15,2,76,130,1.138087093,Christian Pulisic,Left Wing,Attacking Midfield/Wing,0.4,11.774617176272363,4.549283909014322,2.408444422419347,8.295753010555527,3.478864165716834,0.2676049358243719,6.154913523960553,2.408444422419347,2.6760493582437186,0.0,20.337975122652264,0.30455772348481097,0.14285714285714285,0.60431654676259,7.496402877697841,39.03508771929825,49.122807017543856,77.48538011695906,0.34951535270330547,85.37985611510791,24.98201438848921,0.2158273381294964,0.19424460431654678,0.7407407407407407,77.3735632183908,21.492528735632185,3,Progressive Winger
United States,8526,502,8,5,271.49029057755297,188.16303564187243,7,6,121,686.5999999999999,6,117,20,1,5,2,5,1,17,7,0,1,1,3,273.55,1501.9,146,40,21,41,15,5,1,58,5,2,38,65,0.37566195,Weston McKennie,Right Midfield,Central/Wide Midfield,0.625,13.489307256443062,4.935112410893804,1.6450374702979345,6.909157375251325,0.6580149881191738,1.9740449643575213,13.489307256443062,0.9870224821787607,0.3290074940595869,0.3290074940595869,12.502284774264302,0.12359559678303783,0.2,0.8013698630136986,10.286986301369863,73.68421052631578,63.450292397660824,82.7485380116959,0.188739080606836,70.46027397260275,46.35205479452055,0.3082191780821918,0.136986301369863,0.7,68.09281045751635,45.27320261437909,0,Ball-Winner
United States,12352,286,0,0,42.640808864391744,161.060891310896,0,0,75,238.6,0,98,0,0,0,0,0,0,3,0,0,0,0,0,391.2,3523.9,126,0,5,53,17,0,0,24,1,0,28,25,0.0,Matthew Charles Turner,Goalkeeper,Goalkeeper,0.0,0.0,3.9110429447852764,0.0,1.1503067484662577,0.0,0.0,12.193251533742332,0.0,0.0,0.0,6.441717791411043,0.0,0.0,0.7777777777777778,27.96746031746032,7.163742690058479,3.508771929824561,64.32748538011695,0.039340490797546014,12.41904761904762,40.46031746031746,0.49206349206349204,0.06349206349206349,0.875,11.772058823529411,40.42794117647059,7,Goalkeeper
United States,12524,680,17,9,145.80909067540648,186.96974487500802,5,0,186,415.4,23,212,9,0,3,0,9,0,6,3,0,5,4,0,310.06666666666666,2261.4,233,17,9,67,6,1,0,18,3,1,22,21,0.05674074,Walker Zimmerman,Right Center Back,Center Back,0.5294117647058824,6.385723500322511,1.741560954633412,0.2902601591055687,2.612341431950118,0.0,6.67598365942808,19.447430660073103,0.0,0.0,1.4513007955278434,6.385723500322511,0.016469576220167703,0.0,0.9098712446351931,9.705579399141632,56.72514619883041,18.421052631578945,11.11111111111111,0.09222747774672113,40.93175965665236,49.38884120171674,0.2145922746781116,0.04291845493562232,0.8,39.81025641025641,49.06769230769231,2,Sweeper CB
United States,12751,822,10,6,228.12798533984198,161.51704217316444,11,2,201,440.7,6,246,40,0,8,2,16,8,26,7,0,6,3,2,391.2,1849.8000000000002,269,81,14,62,27,1,2,64,8,0,29,70,0.019808901,Tyler Adams,Center Defensive Midfield,Defensive Midfield,0.6,20.47546012269939,6.211656441717792,0.23006134969325154,3.2208588957055215,0.4601226993865031,1.3803680981595092,14.263803680981596,0.4601226993865031,0.0,1.3803680981595092,6.671779141104294,0.0045572625,0.5,0.9144981412639405,6.876579925650558,69.88304093567251,93.85964912280701,96.19883040935673,0.06759407231595094,58.43717472118959,39.29925650557621,0.21933085501858737,0.09665427509293681,0.8076923076923077,59.263999999999996,40.3765,0,Ball-Winner
United States,18242,795,18,8,168.68055921052633,100.3945138888889,4,0,215,1069.5,16,241,10,0,1,1,14,4,18,1,0,10,4,0,391.2,2754.8,270,30,43,92,15,1,1,26,7,0,29,28,0.2582279,Tim Ream,Left Center Back,Center Back,0.4444444444444444,9.202453987730062,3.4509202453987733,0.23006134969325154,9.892638036809815,0.23006134969325154,3.6809815950920246,21.165644171779142,0.0,0.0,2.3006134969325154,6.671779141104294,0.059408259202453996,0.2857142857142857,0.8925925925925926,10.202962962962964,44.29824561403509,33.33333333333333,51.75438596491229,0.16500641871165644,45.51555555555556,25.054814814814815,0.2814814814814815,0.044444444444444446,0.8333333333333334,41.47972350230415,25.432718894009216,2,Sweeper CB
United States,21881,680,7,2,248.47710555301927,267.6337107247028,8,4,184,895.4,8,174,11,8,2,8,10,1,15,4,0,3,2,3,307.56666666666666,1380.3,201,43,32,36,15,6,4,65,1,0,43,70,0.2518676686,Sergino Dest,Right Back,Fullback/Wingback,0.2857142857142857,13.46049636935082,4.3892922943535275,1.7557169177414111,9.363823561287527,2.3409558903218817,2.3409558903218817,10.534301506448466,0.8778584588707056,2.3409558903218817,0.8778584588707056,12.582637910480113,0.0737013877988512,0.1,0.8656716417910447,6.867164179104478,29.093567251461987,62.86549707602339,73.9766081871345,0.1336883824883494,61.76467661691542,67.15074626865672,0.1691542288557214,0.04975124378109453,0.9,63.90103626943005,67.24818652849741,5,Holding Anchor
United States,38792,657,12,3,263.51827327771207,148.16445331318704,8,6,161,836.5,1,154,26,6,4,7,16,4,12,10,0,4,4,3,364.8666666666667,1020.0999999999999,182,73,27,38,18,4,3,75,4,0,38,80,0.197483729,Yunus Dimoara Musah,Right Center Midfield,Central/Wide Midfield,0.25,19.239904988123516,4.43997807418235,0.9866617942627444,6.659967111273525,1.7266581399598027,0.2466654485656861,9.373287045496072,0.7399963456970583,1.4799926913941166,0.9866617942627444,9.373287045496072,0.04871241259820939,0.25,0.8461538461538461,5.604945054945055,26.169590643274855,90.05847953216374,76.31578947368422,0.10051215679700347,70.21813186813188,38.003296703296705,0.1813186813186813,0.12637362637362637,0.9565217391304348,68.35792349726776,38.60327868852459,0,Ball-Winner
Uruguay,5255,339,8,3,172.49063706563706,101.62614048114048,9,1,71,130.10000000000002,2,82,11,1,5,2,9,2,9,4,0,5,0,1,205.8,771.4,103,41,3,22,10,1,0,43,1,0,26,46,0.052239094,Matías Vecino Falero,Left Center Midfield,Central/Wide Midfield,0.375,20.11661807580175,4.373177842565598,0.43731778425655976,1.3119533527696792,0.8746355685131195,0.8746355685131195,9.620991253644315,0.43731778425655976,0.43731778425655976,2.186588921282799,11.370262390670554,0.022845084839650143,0.2222222222222222,0.7961165048543689,7.4893203883495145,36.84210526315789,92.39766081871345,73.09941520467837,0.053457329737609326,57.13592233009709,35.943689320388344,0.2815533980582524,0.13592233009708737,0.9285714285714286,60.06395348837209,35.47441860465116,0,Ball-Winner
Uruguay,5259,489,13,11,130.93377057989642,130.18338745445905,15,1,117,322.1,13,140,7,2,4,2,6,4,15,4,0,6,4,1,298.08333333333337,2197.4,167,25,7,56,6,3,1,14,8,0,28,19,0.129368291,José María Giménez de Vargas,Right Center Back,Center Back,0.8461538461538461,9.35979871400615,1.8115739446463515,0.9057869723231757,2.1135029354207435,0.6038579815487838,3.925076880067095,16.908023483365948,0.3019289907743919,0.6038579815487838,1.8115739446463515,8.454011741682974,0.03906003753983785,0.6666666666666666,0.8383233532934131,13.158083832335329,95.6140350877193,35.08771929824561,12.573099415204677,0.1042766995471065,45.549101796407186,39.31377245508982,0.32335329341317365,0.059880239520958084,0.6,46.70232558139535,36.23720930232558,1,Deep Playmaker
Uruguay,5260,507,11,8,165.0577693296209,114.77998024797125,4,1,131,520.9,3,134,25,1,0,5,10,5,10,5,0,9,7,2,231.66666666666666,1225.4,158,41,16,32,17,3,4,61,0,0,32,68,0.620971297,Rodrigo Bentancur Colmán,Left Defensive Midfield,Defensive Midfield,0.7272727272727273,19.424460431654676,6.604316546762591,1.1654676258992807,6.215827338129497,1.9424460431654678,1.1654676258992807,12.431654676258994,0.7769784172661871,0.38848920863309355,3.4964028776978417,12.431654676258994,0.2412406477553957,0.5,0.8481012658227848,7.755696202531646,84.50292397660819,91.52046783625731,97.953216374269,0.30339892113669065,56.26139240506328,43.540506329113924,0.24050632911392406,0.14556962025316456,0.7391304347826086,56.91190476190476,42.203968253968256,0,Ball-Winner
Uruguay,5264,259,4,3,195.2173824521219,205.4642819876567,4,3,59,197.49999999999994,6,62,8,6,2,2,5,3,4,3,0,1,0,1,210.7166666666667,1067.9,91,18,6,21,2,0,0,19,1,0,30,29,0.0,Guillermo Varela Olivera,Right Back,Fullback/Wingback,0.75,8.115162540536264,0.8542276358459225,0.0,2.5626829075377677,0.8542276358459225,2.5626829075377677,8.969390176382186,0.42711381792296127,2.5626829075377677,0.42711381792296127,12.813414537688837,0.0,0.6,0.6813186813186813,11.735164835164836,88.01169590643275,27.192982456140353,2.3391812865497075,0.02519971525745471,60.2032967032967,72.92197802197802,0.3516483516483517,0.10989010989010989,0.3,63.436619718309856,72.15352112676055,5,Holding Anchor
Uruguay,6300,247,9,8,83.61976446492575,56.14640296979007,4,1,57,234.1,5,78,1,0,0,0,3,1,11,2,0,0,0,0,200.3,1217.2,97,5,9,31,8,1,0,10,3,0,20,15,0.103292696,Sebastián Coates Nión,Left Center Back,Center Back,0.8888888888888888,2.2466300549176235,3.5946080878681976,0.4493260109835247,4.0439340988517225,0.0,2.2466300549176235,13.929106340489266,0.0,0.0,0.0,8.986520219670494,0.04641209505741388,0.3333333333333333,0.8041237113402062,12.548453608247423,96.78362573099415,9.649122807017543,55.55555555555556,0.09628728227658513,43.98969072164948,27.674226804123712,0.35051546391752575,0.08247422680412371,0.375,42.297014925373134,27.57910447761194,1,Deep Playmaker
Uruguay,6773,566,8,5,184.73485301966366,133.27949295533907,9,6,127,600.4,3,152,12,2,1,3,9,4,25,6,0,5,3,4,298.08333333333337,1818.4,186,40,23,48,14,7,2,46,8,1,37,55,0.1166536996,Federico Santiago Valverde Dipetta,Right Defensive Midfield,Defensive Midfield,0.625,13.586804584847636,4.227005870841487,2.1135029354207435,6.944366787811014,0.9057869723231757,0.9057869723231757,14.492591557170812,1.2077159630975676,0.6038579815487838,1.5096449538719596,11.171372658652501,0.03522113379032708,0.4444444444444444,0.8172043010752689,9.776344086021506,73.68421052631578,64.91228070175438,71.6374269005848,0.1128168844193458,64.15053763440861,44.15161290322581,0.3548387096774194,0.07526881720430108,0.5,60.84723926380369,42.941717791411044,0,Ball-Winner
Uruguay,7104,414,12,8,179.92953728768578,37.84953111730361,12,6,82,249.3,14,108,16,6,7,2,14,7,5,2,0,4,3,6,263.6333333333333,901.6,133,45,7,19,13,2,0,34,2,0,33,39,0.0809757889999999,Mathías Olivera Miramontes,Left Back,Fullback/Wingback,0.6666666666666666,16.727778480212418,4.437982045770641,0.6827664685800986,2.3896826400303453,0.6827664685800986,4.7793652800606905,6.486281451510937,2.048299405740296,2.048299405740296,1.3655329371601972,11.265646731571628,0.027643776748008563,0.5,0.8120300751879699,6.778947368421052,78.65497076023392,80.11695906432749,76.0233918128655,0.07168221397142494,63.598496240601506,10.724812030075189,0.18796992481203006,0.09774436090225563,0.7692307692307693,73.25222222222222,12.023333333333332,6,Wide Creator
Uruguay,32478,268,16,6,239.688618532217,92.26125702831862,4,1,54,313.8,2,36,14,5,1,4,14,3,0,2,0,1,0,1,249.21666666666664,218.8,54,31,12,3,5,3,3,68,3,0,36,73,0.21691335099999998,Darwin Gabriel Núñez Ribeiro,Left Wing,Attacking Midfield/Wing,0.375,11.556209456296397,1.805657727546312,1.0833946365277871,4.3335785461111485,1.4445261820370496,0.7222630910185248,1.0833946365277871,0.3611315455092624,1.805657727546312,0.3611315455092624,13.000735638333445,0.0783342536882231,0.21428571428571427,0.6666666666666666,4.051851851851852,36.84210526315789,47.66081871345029,11.988304093567251,0.07580633286965825,80.02222222222223,32.56111111111111,0.1111111111111111,0.35185185185185186,0.7894736842105263,82.03010752688172,31.929032258064517,4,Target Forward
Uruguay,36288,231,10,1,246.40354407183435,201.16995418728237,2,3,52,193.0,3,35,13,6,1,6,12,2,1,2,0,1,1,3,191.23333333333335,156.2,45,29,8,4,6,1,0,28,0,0,17,35,0.099497445,Facundo Pellistri Rebollo,Right Wing,Attacking Midfield/Wing,0.1,14.589506710824471,2.8237754924176395,0.47062924873627326,3.765033989890186,2.8237754924176395,1.4118877462088197,1.882516994945093,1.4118877462088197,2.8237754924176395,0.47062924873627326,8.000697228516646,0.04682640779152867,0.16666666666666666,0.7777777777777778,3.471111111111111,14.619883040935672,71.9298245614035,36.25730994152047,0.07176975797455115,84.70222222222222,66.46222222222222,0.06666666666666667,0.1111111111111111,0.8,84.22027027027028,66.61486486486487,3,Progressive Winger
Uruguay,36710,160,0,0,26.535802232854863,117.93974162679424,1,0,36,103.30000000000001,0,53,0,0,0,0,0,0,3,1,0,0,0,0,298.08333333333337,2443.7,76,1,4,31,11,0,0,10,0,0,24,11,0.0,Sergio Rochet Álvarez,Goalkeeper,Goalkeeper,0.0,0.3019289907743919,3.321218898518311,0.0,1.2077159630975676,0.0,0.0,9.35979871400615,0.0,0.0,0.0,7.246295778585406,0.0,0.0,0.6973684210526315,32.15394736842105,7.163742690058479,8.47953216374269,49.41520467836257,0.02656975118814649,10.578947368421053,39.61578947368421,0.6578947368421053,0.05263157894736842,0.75,10.142857142857142,40.42,7,Goalkeeper
Wales,3086,451,15,11,131.98442330062147,50.00809667032989,7,0,105,350.0,11,121,8,0,2,3,8,1,10,1,0,2,1,0,261.3333333333333,2067.2,160,25,11,43,18,3,2,35,8,2,41,47,0.384204745,Ben Davies,Left Center Back,Center Back,0.7333333333333333,9.298469387755103,6.198979591836735,1.0331632653061225,3.788265306122449,1.0331632653061225,3.788265306122449,14.808673469387756,0.0,0.0,0.6887755102040817,14.119897959183675,0.13231540963010205,0.125,0.75625,12.919999999999998,85.67251461988305,33.91812865497076,95.90643274853801,0.1760526545280612,47.881875,16.2475,0.33125,0.13125,0.47619047619047616,45.37522935779816,16.46605504587156,1,Deep Playmaker
Wales,3488,142,0,0,19.869852326553357,80.89680969629424,0,0,35,92.5,0,52,0,0,0,0,0,0,3,1,0,0,0,0,202.71666666666664,1895.5,66,1,3,32,12,0,0,7,4,0,14,8,0.0,Wayne Hennessey,Goalkeeper,Goalkeeper,0.0,0.44396941544026974,5.327632985283237,0.0,1.3319082463208092,0.0,0.0,14.207021294088632,0.0,0.0,0.0,6.215571816163776,0.0,0.0,0.7878787878787878,28.71969696969697,7.163742690058479,9.35672514619883,89.47368421052632,0.0483926662829894,11.393939393939394,40.85606060606061,0.5454545454545454,0.015151515151515152,0.0,10.435714285714285,41.896428571428565,7,Goalkeeper
Wales,3517,435,4,1,191.3899523809524,134.53290476190477,5,1,100,217.89999999999998,3,86,11,3,1,9,7,3,6,3,0,1,1,1,281.3833333333333,732.6999999999999,110,54,4,14,13,1,3,78,7,2,38,88,0.025361432,Aaron Ramsey,Right Center Midfield,Central/Wide Midfield,0.25,18.231356986317596,4.158028786353136,0.3198483681810105,1.279393472724042,2.8786353136290943,0.9595451045430314,4.477877154534147,0.3198483681810105,0.9595451045430314,0.3198483681810105,12.154237990878398,0.008111812639933661,0.42857142857142855,0.7818181818181819,6.66090909090909,26.169590643274855,87.42690058479532,70.46783625730994,0.010990447953562757,62.150909090909096,45.472727272727276,0.17272727272727273,0.20909090909090908,0.8695652173913043,68.16564885496184,42.83129770992366,0,Ball-Winner
Wales,3853,334,22,12,241.00922733343685,112.81594135735362,6,2,44,70.80000000000001,7,41,11,2,0,0,12,0,2,5,0,1,1,4,251.71666666666667,361.20000000000005,60,59,1,7,3,6,0,40,1,0,31,50,0.6403291090000001,Kieffer Roberto Francisco Moore,Left Center Forward,Forward,0.5454545454545454,21.45269151824141,1.0726345759120703,2.1452691518241407,0.3575448586373568,0.0,2.5028140104614978,2.5028140104614978,1.4301794345494272,0.7150897172747136,0.3575448586373568,11.083890617758062,0.22894638075878967,0.0,0.6833333333333333,6.0200000000000005,59.7953216374269,96.49122807017544,3.508771929824561,0.24003027137654767,80.395,34.49166666666667,0.25,0.26666666666666666,0.4375,81.4637037037037,36.63925925925926,4,Target Forward
Wales,4767,499,9,8,125.14392538173436,176.4055738980121,7,2,126,522.8,13,143,13,0,1,0,9,6,7,7,0,1,1,2,296.71666666666664,1865.1,170,32,20,49,7,0,0,28,3,0,28,32,0.0,Chris Mepham,Right Center Back,Center Back,0.8888888888888888,10.00954895242375,2.1232376565747346,0.0,6.066393304499242,0.0,3.9431556479245073,14.862663596023143,0.6066393304499242,0.0,0.3033196652249621,8.492950626298938,0.0,0.6666666666666666,0.8411764705882353,10.971176470588235,96.78362573099415,37.719298245614034,19.298245614035086,0.0703701623321912,45.014117647058825,59.83176470588235,0.2823529411764706,0.10588235294117647,0.7777777777777778,41.3562962962963,59.2962962962963,2,Sweeper CB
Wales,4774,349,4,0,182.03188185385835,172.6091835396427,8,4,82,116.29999999999997,4,92,4,5,2,1,7,1,5,0,0,2,1,1,215.5333333333333,1006.5,119,12,2,27,7,0,1,31,3,0,30,32,0.0,Connor Roberts,Right Wing Back,Fullback/Wingback,0.0,6.26353232291989,2.9229817506959486,0.0,0.8351376430559853,0.41756882152799263,1.6702752861119705,11.274358181255801,0.41756882152799263,2.087844107639963,0.8351376430559853,12.52706464583978,0.0,0.14285714285714285,0.773109243697479,8.457983193277311,7.163742690058479,17.83625730994152,37.42690058479532,0.030482523971543465,62.88151260504201,61.40756302521008,0.25210084033613445,0.08403361344537816,0.9,66.42616822429908,60.04579439252336,5,Holding Anchor
Wales,4934,434,9,3,160.7920865933251,126.23059268967525,10,1,100,408.1,9,110,13,1,2,4,12,5,14,5,0,5,2,2,265.56666666666666,1355.0,144,23,16,38,13,1,3,65,4,1,35,77,0.013776194,Ethan Ampadu,Center Defensive Midfield,Defensive Midfield,0.3333333333333333,10.166938621814987,4.405673402786494,0.33889795406049955,5.422367264967993,1.3555918162419982,3.050081586544496,12.878122254298983,0.6777959081209991,0.33889795406049955,1.694489770302498,11.861428392117485,0.00466872396134053,0.4166666666666667,0.7638888888888888,9.409722222222221,33.47953216374269,39.1812865497076,75.14619883040936,0.06228137615162546,58.32847222222222,42.422916666666666,0.3194444444444444,0.1736111111111111,0.6,52.43274336283186,40.94070796460177,0,Ball-Winner
Wales,6399,225,12,4,200.6991402116402,142.69404761904764,2,1,44,74.3,2,34,9,2,3,3,9,1,3,2,1,1,1,2,247.71666666666664,386.6,55,17,2,8,5,2,1,43,3,0,30,53,0.8052008399999999,Gareth Frank Bale,Right Center Forward,Forward,0.3333333333333333,6.539729529704636,1.8165915360290656,0.7266366144116263,0.7266366144116263,1.0899549216174393,0.7266366144116263,2.906546457646505,0.7266366144116263,0.7266366144116263,0.36331830720581315,10.899549216174394,0.2925442061494988,0.1111111111111111,0.6181818181818182,7.029090909090909,33.47953216374269,19.005847953216374,13.157894736842104,0.29617738922155695,70.65454545454546,43.85636363636363,0.21818181818181817,0.2909090909090909,0.5625,76.33176470588235,43.79764705882353,4,Target Forward
Wales,11250,483,13,7,104.8101221223499,107.29264724845451,4,0,126,279.09999999999997,14,147,7,0,2,0,9,3,0,3,0,3,1,0,296.71666666666664,1323.1,162,23,10,41,5,0,0,20,3,0,15,23,0.0,Joe Rodon,Center Back,Center Back,0.5384615384615384,7.886311295849015,1.5165983261248106,0.0,3.033196652249621,0.0,4.246475313149469,12.436106274223446,0.0,0.0,0.9099589956748864,4.549794978374432,0.0,0.3333333333333333,0.9074074074074074,8.167283950617284,58.77192982456141,26.31578947368421,6.432748538011696,0.05156434308824356,36.42407407407407,36.11172839506173,0.16666666666666666,0.07407407407407407,0.75,35.11167883211679,36.1029197080292,2,Sweeper CB
Wales,34794,330,5,3,165.1971809022116,109.86930348258707,10,0,74,397.5,5,71,12,4,2,7,7,1,7,4,0,4,3,0,216.38333333333333,1070.5,97,31,14,18,18,3,1,47,4,0,32,55,0.075571141,Neco Williams,Left Wing Back,Fullback/Wingback,0.6,14.557498266964492,7.4867133944388815,1.2477855657398136,5.822999306785797,2.9114996533928985,2.0796426095663563,7.4867133944388815,0.0,1.663714087653085,1.663714087653085,13.30971270122468,0.03143219297542941,0.14285714285714285,0.7319587628865979,11.036082474226804,69.88304093567251,71.05263157894737,99.12280701754386,0.05555604724639913,65.31340206185567,27.331958762886597,0.3402061855670103,0.13402061855670103,0.8461538461538461,65.88767123287671,25.28082191780822,6,Wide Creator
